gene,chi2_score,p_value
RBKS_3~~~yihV_1~~~rbsK_2,5.995205984186608,0.014344806057574197
aam,9.920222090630336,0.0016347265492093485
aaxC_1,7.431715477812112,0.006408422151910399
aaxC_2~~~aaxC_3,8.725871831627714,0.0031372601701857247
abaQ,4.930979849828898,0.02637935582351387
abgA_2~~~abgA_1~~~abgA,4.415191771914591,0.03562027464326045
abgB_1~~~abgB_2~~~abgB_3~~~abgB,4.415191771914591,0.03562027464326045
abgT_1~~~abgT_2~~~abgT_3~~~abgT,4.415191771914591,0.03562027464326045
acnB,4.665354330708661,0.030777072250793496
acpP_1~~~acpP_3,6.523742063176536,0.010644380659578956
acuI_2,5.085565799528222,0.02412580336793924
adhE_1~~~adhE_2,16.03925047343766,6.204285497868542e-05
adhE_2~~~astD_2~~~astD_1,16.03925047343766,6.204285497868542e-05
adiA_2,7.431715477812112,0.006408422151910399
aes_2~~~aes_1,6.400688686239523,0.011407610372961896
afaD,4.707741871179945,0.030027068455407934
afaE3,4.958400913349582,0.025964206695280538
agaC_2,40.67266185429889,1.7998771783279625e-10
agaS_2~~~kbaZ_2,7.319944184192164,0.006819353011948708
aglB_1~~~aglB_2~~~aglB_3~~~aglB~~~aglB_4,4.983600048592822,0.025588681449881603
algC_1,4.578640486394897,0.032372889609474424
algC_2~~~algC~~~algC_1~~~glmM_2,5.708171367819534,0.016886120291671563
angR_2~~~mbtB_2~~~lgrD_1~~~angR~~~lgrD_2~~~lgrD~~~tycC~~~grsB_2,11.94612942683546,0.0005476102483060357
ant1_2,4.274664121220487,0.03868460865747833
aplK~~~glpK_1,12.779889427950824,0.00035036563860085747
appY~~~gadX_1~~~gadX_3~~~rhaR_6,4.623233713361291,0.03154172086558367
aptA,12.779889427950824,0.00035036563860085747
aptB,12.779889427950824,0.00035036563860085747
apxIB_2~~~ltxB~~~apxIB,12.064650042836778,0.0005138695527281339
araB_2,6.4303797468354436,0.011218459072279488
arcA_2~~~arcA_1,4.519522209534259,0.03351018838587623
argH_2,3.98778727170036,0.045831214112950366
argR_2,4.519522209534259,0.03351018838587623
aroH_1~~~aroH_2,12.845967511193159,0.0003382072944347244
arsA,6.867960729592344,0.008775473417398842
arsB~~~arsB_2~~~arsB_1,5.354744620530029,0.020665960688768113
arsD,6.867960729592344,0.008775473417398842
aspA_1,5.5984251968503935,0.017976629265919978
assT~~~assT_1~~~assT_2,4.239624950514703,0.03949088994322949
astD_2,8.576090628420138,0.003406058772977963
bcgIA,4.930979849828898,0.02637935582351387
bcgIB,4.930979849828898,0.02637935582351387
bcs1,10.080750191036248,0.0014982632133699735
betI_3,10.770812060939637,0.0010311325957132122
bshA~~~mshA_2~~~glgM,6.396646443081915,0.01143361405348041
btuF_1,13.418253467261735,0.0002491875981453279
btuR_1,4.313213340421052,0.03781746364653328
bvgA,4.578958125056003,0.03236688901907218
cadC_2~~~cadC,4.099025299843849,0.042907943129694245
caeB~~~caeA,10.245691895316883,0.001370041873510381
caf1M,4.707741871179945,0.030027068455407934
caiT_1~~~caiT_2~~~betL~~~betT1~~~ectT,5.354744620530029,0.020665960688768113
cas1~~~ygbT,5.49888259598781,0.019028629163424453
casA,8.71883243172987,0.0031493966986815107
casC,7.911742490914731,0.004911493870240874
cbeA_1~~~cbeA_2~~~cbeA_3~~~cbeA_4~~~cbeA_5~~~cbeA_6,24.08356923576698,9.224403337079614e-07
cbeA_1~~~cbeA_2~~~cbeA_4~~~cbeA_3~~~cbeA_6,6.8872991650077235,0.008681033429757904
cbeA_1~~~cbeA_4~~~cbeA_3~~~cbeA~~~cbeA_5,4.583527988002629,0.03228068700088298
cbeA_2~~~cbeA_1~~~cbeA_5~~~cbeA_3,7.6625417603390265,0.005637902246103986
cbeA_2~~~cbeA~~~cbeA_1,5.229872926192879,0.022202154412991164
cbeA_3~~~cbeA_1~~~cbeA~~~cbeA_5~~~cbeA_2~~~cbeA_4,14.243030750461465,0.00016065462252870622
cbeA_3~~~cbeA_2~~~cbeA_1~~~cbeA_4,10.154781902648091,0.0014392742207639626
cbeA~~~cbeA_1~~~cbeA_2~~~cbeA_4,19.13984262191179,1.2148226387472334e-05
cbtA_2~~~cbtA_3,9.17363974924416,0.002455257837866058
cbtA_2~~~cbtA~~~cbtA_3~~~cbtA_1~~~cbtA_4,14.243030750461465,0.00016065462252870622
cbtA_3~~~cbtA_1~~~cbtA_2,16.013447929524876,6.289415217334926e-05
cbtA_3~~~cbtA_4~~~cbtA,12.919817085886077,0.0003251216291826614
cbtA~~~cbtA_1~~~cbtA_3~~~cbtA_2,13.16631448419762,0.0002850267745234965
ccmH_2~~~ccmH_1,3.9358462127064016,0.04726735417889191
ccmL,16.03925047343766,6.204285497868542e-05
cdiA_1,6.4647999564400465,0.011003202739615286
cdiA~~~cdiA_2~~~cdiA_5~~~cdiA_1~~~cdiA_4~~~cdiA_3~~~cdiA1_1~~~cdiA1~~~cdiA1_2,6.488608425529087,0.010856793124302423
cea,10.906570374501733,0.0009582377079118095
cfaB,4.164643475211667,0.041276099066896034
cfaE,4.164643475211667,0.041276099066896034
citF,5.5984251968503935,0.017976629265919978
citG_2,4.665354330708661,0.030777072250793496
citX~~~citX_2,4.665354330708661,0.030777072250793496
clpP_2~~~clpP_3,6.76680031165969,0.00928691896944137
clpV1~~~clpV1_2,9.829500368083568,0.0017173499185894599
cntE~~~yfcJ_2,8.752260736847315,0.0030921848536342085
cra_2,6.357822000338409,0.011686491301865142
cra_3,6.4303797468354436,0.011218459072279488
crr_2,4.930979849828898,0.02637935582351387
cse3~~~casE,8.434101674998823,0.0036824875658273337
cspB,13.203377157848234,0.00027944511096692024
cspE_1~~~cspG_2,5.6714350486531675,0.017243344457929025
cspJ,13.276477960893299,0.0002687569272798694
curA_2~~~curA~~~curA_1,5.354744620530029,0.020665960688768113
cutD_2~~~cutD_3,8.576090628420138,0.003406058772977963
cvaA~~~cvaA_1~~~cvaA_2,13.532827383918782,0.0002344266081800743
cydD_3~~~cydD,5.354744620530029,0.020665960688768113
cynS,4.983600048592822,0.025588681449881603
cynT,4.983600048592822,0.025588681449881603
dasR~~~nagR_2,5.995205984186608,0.014344806057574197
dcm_2,6.4303797468354436,0.011218459072279488
dctA_1,4.313213340421052,0.03781746364653328
dctM,4.04371060349332,0.04433623594180797
dcuA_3,4.799500537116405,0.028467988768476976
dcuB_2,3.98778727170036,0.045831214112950366
dcuB_3,3.98778727170036,0.045831214112950366
dcuD_3~~~dcuD_1~~~dcuD_2,5.302352981429935,0.02129663667893038
dcuD_3~~~dcuD_2,3.98778727170036,0.045831214112950366
ddpA_1~~~ddpA_2~~~ddpA_3~~~ddpA,4.983600048592822,0.025588681449881603
ddpB_1~~~ddpB_2~~~ddpB,4.983600048592822,0.025588681449881603
ddpD,5.354744620530029,0.020665960688768113
ddpF~~~btuD_7,5.354744620530029,0.020665960688768113
ddpX_1~~~ddpX~~~ddpX_2,4.983600048592822,0.025588681449881603
ddrA,16.03925047343766,6.204285497868542e-05
deoR_2,7.282482957754564,0.0069630225163293145
deoR_3~~~deoR_2,6.739274478727241,0.009431297357234601
der_1~~~der_2~~~der_3,8.075340132582554,0.004487168401219975
dgaR,6.474937468259506,0.010940616305647707
dgoA_2,5.865047011528622,0.01544444627617542
dgoD_1~~~dgoD,8.397637795275589,0.003757089183497932
dgoT_2~~~dgoT,4.9764739323196405,0.025694301347754283
dinG_2,12.11482686843561,0.0005002248224911399
dinI_1~~~dinI_2~~~dinI_3,7.831441712434435,0.0051345129495953155
dinI_1~~~dinI_3~~~dinI_2,5.19088674042327,0.022705628115760403
dlsT_2~~~dlsT,4.584436066861708,0.03226358633058711
dltA_2~~~dltA_1~~~tycC,9.920222090630336,0.0016347265492093485
dltC,9.920222090630336,0.0016347265492093485
dmlA_3~~~dmlA_2~~~dmlA_1~~~dmlA,5.354744620530029,0.020665960688768113
dmlR_1,5.794821110690952,0.016073450265979585
dmsA_1,6.4303797468354436,0.011218459072279488
dnaB_1~~~dnaC_3~~~dnaB_3~~~dnaB_2,10.301941094388521,0.001328903500917615
dnaT_1~~~dnaT_2,16.819701651217656,4.1104339684524254e-05
dosC~~~dosC_2~~~dosC_1~~~dosC_3,5.354744620530029,0.020665960688768113
dpnA_1~~~dpnA,7.464566929133858,0.006292516711761926
dpnM_1~~~dpnM,6.8168838910028295,0.009029999339136546
dpnM~~~dam_2,9.051032980054707,0.002625464411103038
dsbI,4.239624950514703,0.03949088994322949
dsbL_1~~~dsbL_2~~~dsbL,4.239624950514703,0.03949088994322949
dsdX~~~dsdX_1,19.016164662565913,1.2961575655065814e-05
ecdB,6.95971034858893,0.008336552792549802
ecoRIIR,6.4303797468354436,0.011218459072279488
ecoRIIR_2~~~ecoRIIR~~~ecoRIIR_1,4.893767926952169,0.026953799731521583
edcC_1~~~edcC_2~~~edcC,6.95971034858893,0.008336552792549802
elfC_2~~~lpfC,8.79514695002427,0.0030203291511791373
elfG_2~~~lpfD~~~elfG,9.555765562122357,0.0019932236688908474
emrB_1~~~emrB~~~emrB_2,11.196850393700787,0.0008193628911130033
emrB~~~emrB_2,5.5984251968503935,0.017976629265919978
era_1~~~era_2~~~era_3,5.438351060547809,0.019699258045820147
era_2~~~era_3,9.775685200080048,0.0017683480767761498
era_3~~~era_1~~~era_2~~~mnmE_2,4.415191771914591,0.03562027464326045
esiB_1~~~esiB,8.162455787792172,0.0042766423756151846
esiB_2,3.897859729559122,0.048347662796422816
espC,40.96892909648161,1.5466868975812158e-10
espC~~~espC_1~~~espC_2,10.934657500168143,0.0009438193114788342
eutN_1~~~eutN_2,9.168872133723417,0.0024616623210429946
exuT_1,7.899808264306733,0.004944003770556527
exuT_2~~~exuT_3,5.947087573968867,0.014741622152117566
fabF_2~~~fabF_1~~~fabF_3,6.523742063176536,0.010644380659578956
fabF_3~~~fabB_2~~~fabF_2,6.523742063176536,0.010644380659578956
fabG_1,12.779889427950824,0.00035036563860085747
fabG_2,25.08232850532637,5.493398468539367e-07
faeE,4.032300076414499,0.04463704547652637
fenF,9.920222090630336,0.0016347265492093485
fepA_1~~~btuB_1~~~pfeA_2~~~pfeA_1~~~pfeA,14.675978143095525,0.00012766297417476615
fepC_2,9.98629572914433,0.0015770954047647561
fes_1~~~fes_2,14.675978143095525,0.00012766297417476615
fic_2,4.955328748463405,0.026010379004131542
fimA_3~~~fimA_2,8.79514695002427,0.0030203291511791373
fimC_2,21.70397895278912,3.1813073744527186e-06
fimD_6~~~htrE_2~~~htrE_1,11.372625829268909,0.0007453443383995235
flaB2~~~fliC1,13.255702609958565,0.00027175191010741996
flgB_1~~~flgB_2,13.255702609958565,0.00027175191010741996
flgC_2~~~flgC_1,13.255702609958565,0.00027175191010741996
flgE_1~~~flgE_2~~~flgE_3,13.255702609958565,0.00027175191010741996
flgF_1~~~flgF_2,13.255702609958565,0.00027175191010741996
flgG_1~~~flgG_2,13.255702609958565,0.00027175191010741996
flgH_1~~~flgH_2,13.255702609958565,0.00027175191010741996
flgI_2,13.255702609958565,0.00027175191010741996
flgL_1~~~flgL_2,13.255702609958565,0.00027175191010741996
flhB_2~~~flhB_1~~~flhB_3,13.255702609958565,0.00027175191010741996
fliC_2~~~fliC_1~~~fliC,4.930979849828898,0.02637935582351387
fliC~~~fljB,4.252806891105508,0.03918551345667788
fliD_2~~~fliD_1,13.680377975429892,0.00021670698442071099
fliE_2,13.8469367673599,0.00019831975925944668
fliF_2~~~fliF_1,13.8469367673599,0.00019831975925944668
fliG_2,13.8469367673599,0.00019831975925944668
fliI_2~~~fliI_3,13.8469367673599,0.00019831975925944668
fliN_2,13.255702609958565,0.00027175191010741996
fliP_2,13.8469367673599,0.00019831975925944668
fliR_2,13.255702609958565,0.00027175191010741996
fliS_2,13.680377975429892,0.00021670698442071099
flp,9.920222090630336,0.0016347265492093485
flu_1~~~flu_2~~~flu~~~flu_4~~~flu_3,11.988175762408304,0.0005353917414333487
flu~~~flu_2~~~flu_1~~~flu_3,8.26527931311521,0.004041044357478378
flxA,5.113138896543369,0.02374532234881058
focB_1~~~focB_2~~~focB,5.354744620530029,0.020665960688768113
focC_1,13.815283701715373,0.00020168886898403065
fruA_2~~~fruA_4~~~manP_2~~~manP_1~~~fruA_1,9.470401154451178,0.0020881370469295188
ftsA_2~~~mreB_2~~~ftsA_3,9.168872133723417,0.0024616623210429946
fumA_1,4.313213340421052,0.03781746364653328
fusA_2,5.5984251968503935,0.017976629265919978
gadA,41.701109006943746,1.0634864681884212e-10
gadB_2~~~gadB_1~~~gadB~~~gadA,50.25068212399081,1.35307666609866e-12
galE_2,4.081227893896086,0.04336213680473649
gatA_1~~~gatA_2~~~gatA_3,25.08232850532637,5.493398468539367e-07
gatA_2,25.08232850532637,5.493398468539367e-07
gatC_1,25.08232850532637,5.493398468539367e-07
gatC_2,25.08232850532637,5.493398468539367e-07
gcvA_3~~~gcvA_2~~~gcvA_1,4.313213340421052,0.03781746364653328
gdh,12.779889427950824,0.00035036563860085747
gfcA,5.850054241293583,0.015576571100115613
gfcB_1~~~gfcB_2,4.811696578595598,0.028267202602619456
glmE,4.313213340421052,0.03781746364653328
glmS_1~~~glmS_2,4.313213340421052,0.03781746364653328
glmU_1~~~glmU_2,4.949414263890025,0.026099509596704137
glmU_3,14.995515631748564,0.00010776696259435226
glvC_1~~~glvC~~~malP_1~~~glvC_2~~~malP_2~~~malP_3,5.354744620530029,0.020665960688768113
gnsA_2,13.276477960893299,0.0002687569272798694
gntR_2,23.27529690867257,1.4039165427959377e-06
gntR_3,4.930979849828898,0.02637935582351387
golD,6.4303797468354436,0.011218459072279488
gpFI_2,5.362769700266898,0.020571077672570447
group_100,9.674868892251528,0.0018680560018701157
group_10007,5.252355140125497,0.021917087183771847
group_1001,4.578640486394897,0.032372889609474424
group_10011,12.79329288616383,0.0003478642710893072
group_10016,4.583527988002629,0.03228068700088298
group_10017,6.099895493680379,0.013518987653451341
group_10031,5.113138896543369,0.02374532234881058
group_10037,7.161493387610358,0.007448515743795776
group_10038,6.048450114621747,0.013918508908403298
group_10041,11.849005780922955,0.0005769213892526695
group_10042,4.930979849828898,0.02637935582351387
group_10051,6.531496062992126,0.010598078168568907
group_10055,10.43304203970036,0.0012378069834057274
group_10056,7.2892109140611145,0.0069369938498225975
group_10062,4.590820742001845,0.03214361866873543
group_10066,5.4147939251450605,0.019966810036326946
group_1007,5.375762068507259,0.02041841924435397
group_10077,7.504125275479804,0.006155783030385908
group_10078,4.575270837007109,0.032436618038868145
group_1009,26.397252954140225,2.779354818186534e-07
group_10096,5.1164577034674465,0.023699947673182686
group_10098,10.301941094388521,0.001328903500917615
group_10099,4.510942461306261,0.03367867866278111
group_10101,15.706734129573661,7.396038376371314e-05
group_10106,5.358649789029537,0.020619732233924645
group_10116,13.91027342011798,0.00019174753301097046
group_1012,4.7148937491784375,0.029902413467850084
group_10167,12.1994761730733,0.00047802936804052903
group_10211,5.358649789029537,0.020619732233924645
group_10215,5.358649789029537,0.020619732233924645
group_1032,4.958400913349582,0.025964206695280538
group_1045,8.009642422430222,0.004652892434825515
group_105,5.362769700266898,0.020571077672570447
group_1054,53.527370863365505,2.550149960076083e-13
group_1057,13.371981470157493,0.00025541136822341984
group_1063,6.549645519379542,0.010490505730711478
group_1071,3.930764192450627,0.04741039548289199
group_1087,4.930979849828898,0.02637935582351387
group_10874,3.930764192450627,0.04741039548289199
group_1091,6.4303797468354436,0.011218459072279488
group_1096,4.099025299843849,0.042907943129694245
group_1097,6.256022944794995,0.012377175527084833
group_1099,5.865047011528622,0.01544444627617542
group_1103,6.683021030599022,0.009733552104431815
group_1105,13.176525043115294,0.00028347793516405
group_1107,5.5984251968503935,0.017976629265919978
group_1123,8.57184112940118,0.00341401750704015
group_1136,5.362769700266898,0.020571077672570447
group_1144,5.398809138177349,0.020150496169420565
group_1145,4.958400913349582,0.025964206695280538
group_1157,6.531496062992126,0.010598078168568907
group_1159,5.358649789029537,0.020619732233924645
group_1181,17.564022782787816,2.7779459275880327e-05
group_1188,17.534425552303908,2.82152430179978e-05
group_11890,26.125984251968504,3.1985059363430526e-07
group_1190,4.510942461306261,0.03367867866278111
group_1196,6.97431974484202,0.008268764894502277
group_12033,7.464566929133858,0.006292516711761926
group_12132,5.5984251968503935,0.017976629265919978
group_12155,5.5984251968503935,0.017976629265919978
group_12156,5.5984251968503935,0.017976629265919978
group_12157,5.5984251968503935,0.017976629265919978
group_12158,4.665354330708661,0.030777072250793496
group_12159,5.5984251968503935,0.017976629265919978
group_1219,5.252355140125497,0.021917087183771847
group_1221,9.051032980054707,0.002625464411103038
group_1224,4.572952240063927,0.03248054450719535
group_1240,9.674868892251528,0.0018680560018701157
group_1249,14.675978143095525,0.00012766297417476615
group_1252,5.947087573968867,0.014741622152117566
group_1253,4.665354330708661,0.030777072250793496
group_1256,4.834213589998369,0.027900362880542144
group_1258,5.358649789029537,0.020619732233924645
group_126,8.57184112940118,0.00341401750704015
group_1271,4.403368612575791,0.03586801556446067
group_12724,4.099025299843849,0.042907943129694245
group_12725,4.665354330708661,0.030777072250793496
group_12731,5.5984251968503935,0.017976629265919978
group_1276,4.665354330708661,0.030777072250793496
group_128,7.161493387610358,0.007448515743795776
group_1280,6.048450114621747,0.013918508908403298
group_1285,11.578154636515977,0.0006673113130123527
group_1287,14.675978143095525,0.00012766297417476615
group_1288,15.706734129573661,7.396038376371314e-05
group_12913,4.665354330708661,0.030777072250793496
group_12926,4.665354330708661,0.030777072250793496
group_1294,15.74306015049934,7.255361485585627e-05
group_12945,6.531496062992126,0.010598078168568907
group_12949,7.464566929133858,0.006292516711761926
group_12952,4.800518289644176,0.028451176650940293
group_12956,4.665354330708661,0.030777072250793496
group_12959,7.6644420634129595,0.005631967345065379
group_12960,6.531496062992126,0.010598078168568907
group_12962,4.665354330708661,0.030777072250793496
group_12964,4.665354330708661,0.030777072250793496
group_12965,4.665354330708661,0.030777072250793496
group_12966,4.665354330708661,0.030777072250793496
group_12968,9.487662618122105,0.0020685818700467685
group_12984,4.930979849828898,0.02637935582351387
group_12985,6.4303797468354436,0.011218459072279488
group_12986,8.573839662447257,0.0034102721742368045
group_12992,4.665354330708661,0.030777072250793496
group_13004,5.629884202644094,0.017656797816403183
group_13050,4.9764739323196405,0.025694301347754283
group_13051,4.665354330708661,0.030777072250793496
group_13065,3.930764192450627,0.04741039548289199
group_13067,4.03908174452877,0.044458005978062334
group_13069,5.5984251968503935,0.017976629265919978
group_13073,6.76171059745265,0.009313443897394913
group_13111,3.8840191006043714,0.048747730398081696
group_13116,5.58340912488787,0.018131394755179598
group_13117,4.9764739323196405,0.025694301347754283
group_1312,8.272126058082407,0.004025833635545576
group_13122,5.629884202644094,0.017656797816403183
group_13124,7.6644420634129595,0.005631967345065379
group_13130,5.865047011528622,0.01544444627617542
group_13134,9.712406202389257,0.001830282167585271
group_13139,6.17735148253189,0.012939582224297594
group_13140,3.98778727170036,0.045831214112950366
group_13175,6.531496062992126,0.010598078168568907
group_13193,4.099025299843849,0.042907943129694245
group_13206,6.4006910528589,0.01140759516633311
group_13207,6.264038886727564,0.012321299135339473
group_1321,6.4303797468354436,0.011218459072279488
group_13217,4.099025299843849,0.042907943129694245
group_13225,3.98778727170036,0.045831214112950366
group_13249,7.161493387610358,0.007448515743795776
group_13253,8.397637795275589,0.003757089183497932
group_1326,4.974852526891146,0.025718396222631213
group_13299,10.83917895506233,0.0009937478647332443
group_1330,10.717299578059073,0.0010613846356138789
group_1331,5.358649789029537,0.020619732233924645
group_13312,5.358649789029537,0.020619732233924645
group_13327,6.4303797468354436,0.011218459072279488
group_1355,4.510942461306261,0.03367867866278111
group_1360,24.65554019384294,6.854741089975204e-07
group_1395,24.25947761276676,8.419178369787155e-07
group_1401,10.906570374501733,0.0009582377079118095
group_1405,6.4303797468354436,0.011218459072279488
group_1443,14.391819093764774,0.00014844582764874693
group_1456,5.950501124068353,0.014713102930744891
group_1472,14.771933176074507,0.00012132796696424626
group_1478,4.665354330708661,0.030777072250793496
group_1491,5.865047011528622,0.01544444627617542
group_1493,8.009642422430222,0.004652892434825515
group_1499,4.665354330708661,0.030777072250793496
group_15,5.673721718329511,0.017220882969346398
group_151,5.994087881204152,0.014353900771295012
group_1510,6.966719299994226,0.008303960445933805
group_1522,6.099953486826802,0.013518544001153395
group_1525,4.691271186038454,0.03031621142835526
group_1526,6.4303797468354436,0.011218459072279488
group_1528,4.7148937491784375,0.029902413467850084
group_1532,5.358649789029537,0.020619732233924645
group_1533,26.397252954140225,2.779354818186534e-07
group_1536,5.629884202644094,0.017656797816403183
group_154,15.74306015049934,7.255361485585627e-05
group_1544,4.032300076414499,0.04463704547652637
group_1546,6.4303797468354436,0.011218459072279488
group_1576,15.723056769802508,7.33249066552709e-05
group_1578,5.947087573968867,0.014741622152117566
group_1582,6.87781602762167,0.008727214005079288
group_1584,4.669410697783732,0.03070446140451188
group_159,33.952486096955326,5.647447837198901e-09
group_1600,4.313213340421052,0.03781746364653328
group_1609,8.07816348905754,0.004480182650448881
group_1612,4.510942461306261,0.03367867866278111
group_1614,6.4303797468354436,0.011218459072279488
group_1622,13.255702609958565,0.00027175191010741996
group_1626,6.4303797468354436,0.011218459072279488
group_1627,6.4303797468354436,0.011218459072279488
group_1636,4.313213340421052,0.03781746364653328
group_1655,5.5984251968503935,0.017976629265919978
group_167,7.726607749980619,0.005441288467362509
group_1671,4.930979849828898,0.02637935582351387
group_1672,9.164490855390888,0.002467562774003723
group_1674,8.573839662447257,0.0034102721742368045
group_1680,21.955933055326025,2.7898309538195775e-06
group_1686,16.15632697811508,5.8323422119998587e-05
group_169,4.665354330708661,0.030777072250793496
group_1690,4.313213340421052,0.03781746364653328
group_1703,11.39850681303886,0.0007350316274124461
group_1707,4.930979849828898,0.02637935582351387
group_171,9.164226743335776,0.00246791892324241
group_1717,11.789029535864977,0.0005958078660012542
group_1728,6.523742063176536,0.010644380659578956
group_1734,4.092275121727931,0.04307961734446946
group_1743,10.226277793086737,0.0013845378935477474
group_1744,7.266179318529229,0.007026511555372497
group_1747,8.285051200955547,0.003997277754873359
group_1754,15.165723529020898,9.847482980663765e-05
group_1758,5.855103095186402,0.015531948169077082
group_176,17.961137052757344,2.254613600776387e-05
group_1764,5.281890748185309,0.021548335585915554
group_1771,17.534425552303908,2.82152430179978e-05
group_1773,13.815283701715373,0.00020168886898403065
group_1777,11.423490502176152,0.0007252132139906644
group_1779,5.995205984186608,0.014344806057574197
group_1793,10.599711618326188,0.0011310530004147775
group_1804,5.077390951324046,0.0242398194647305
group_1805,14.675978143095525,0.00012766297417476615
group_1807,12.991485389880063,0.00031291063888697616
group_1812,4.315049621961812,0.03777666921154802
group_1816,5.794821110690952,0.016073450265979585
group_1818,5.362769700266898,0.020571077672570447
group_1820,5.362769700266898,0.020571077672570447
group_1823,6.4303797468354436,0.011218459072279488
group_1827,11.495520841828032,0.0006976410628048649
group_1831,4.583924290974537,0.03227322277831879
group_1833,27.917045624439353,1.2662930511399092e-07
group_1845,12.473906367607587,0.0004126761879943339
group_185,8.15909569499084,0.004284572970140024
group_1851,7.464566929133858,0.006292516711761926
group_186,9.920222090630336,0.0016347265492093485
group_1893,19.392334018911605,1.0643343904801102e-05
group_1899,13.668228180338218,0.00021811364724377727
group_190,9.829500368083568,0.0017173499185894599
group_1923,5.077390951324046,0.0242398194647305
group_1931,4.578640486394897,0.032372889609474424
group_1934,7.3948875457023595,0.006540951396980537
group_1937,5.995205984186608,0.014344806057574197
group_1951,6.9700000415296195,0.008288749480034715
group_1962,7.861528384901254,0.0050497688622012414
group_1963,8.863159905644707,0.0029098342221534883
group_1964,21.893418598965297,2.8822072344703437e-06
group_1968,15.706734129573661,7.396038376371314e-05
group_198,7.161493387610358,0.007448515743795776
group_1982,4.930979849828898,0.02637935582351387
group_1989,12.919817085886077,0.0003251216291826614
group_1995,4.707741871179945,0.030027068455407934
group_2001,4.021355974559315,0.044927578140687846
group_2005,10.862118444507274,0.0009815135284308352
group_2014,23.71138657065829,1.1191840897501713e-06
group_2020,5.638439150802353,0.017570842921814923
group_2021,6.4647999564400465,0.011003202739615286
group_2035,4.315049621961812,0.03777666921154802
group_204,5.825576338822629,0.015794792574360762
group_2047,6.4303797468354436,0.011218459072279488
group_2050,8.937467316758806,0.0027937982793776054
group_2052,28.518396731263024,9.28124220101974e-08
group_2056,5.847022550451237,0.015603429330091734
group_206,16.337176078630446,5.301367638486864e-05
group_2067,14.308514317450577,0.00015516148632003618
group_2068,27.917045624439353,1.2662930511399092e-07
group_2076,5.4147939251450605,0.019966810036326946
group_2079,4.932395782091147,0.02635775091826759
group_2080,4.955258105767305,0.02601144171310497
group_2082,6.4082687388029775,0.011359011536932553
group_2089,7.464566929133858,0.006292516711761926
group_2093,16.885604260326886,3.970154655268781e-05
group_2099,8.064600152828998,0.0045138435277821964
group_21,4.597595941057347,0.032016822116698124
group_210,4.192807340427754,0.040595819172676385
group_2105,5.033454715717202,0.024862257696273263
group_2112,4.887842600040024,0.02704646299070788
group_2125,5.606567217072551,0.017893283162850573
group_2126,4.313213340421052,0.03781746364653328
group_2134,6.4357627320479125,0.01118451213616634
group_2142,6.107794645702822,0.013458696156279227
group_2143,4.032300076414499,0.04463704547652637
group_2145,4.922114226442572,0.02651505039519274
group_2158,4.338378264009473,0.03726240010827806
group_2180,5.483314531742218,0.019198821406934106
group_2188,10.583613206852167,0.0011409445009691276
group_2193,17.961137052757344,2.254613600776387e-05
group_2194,8.285533825332921,0.0039962154798044635
group_2195,12.71811774645072,0.00036213006351712277
group_2196,9.197022375181508,0.00242409121516662
group_2197,8.15909569499084,0.004284572970140024
group_2201,26.712167893289433,2.361298611168063e-07
group_2223,12.309391633870854,0.0004506848434240188
group_2255,6.523742063176536,0.010644380659578956
group_2258,6.4910796039735565,0.010841711595782594
group_226,8.57184112940118,0.00341401750704015
group_2263,6.4303797468354436,0.011218459072279488
group_2272,16.45275656998571,4.9877603743476244e-05
group_2282,10.972239625110156,0.0009248691662312699
group_2284,9.545850270683317,0.002004019708244404
group_2289,6.9700000415296195,0.008288749480034715
group_229,14.282742989800326,0.00015730039566733538
group_2294,4.099025299843849,0.042907943129694245
group_2298,11.430284294631946,0.0007225662895366485
group_2302,5.362769700266898,0.020571077672570447
group_2305,9.003171847717343,0.002695114473136499
group_2308,21.895942586252524,2.8784188114109296e-06
group_2309,22.4678561744248,2.1368971784398544e-06
group_2310,21.895942586252524,2.8784188114109296e-06
group_2311,4.958400913349582,0.025964206695280538
group_2312,4.032300076414499,0.04463704547652637
group_2314,36.10786749405973,1.8669157906007507e-09
group_2319,4.765094542847312,0.029042464204014164
group_232,7.699402637961395,0.00552391040206523
group_2321,8.79556441406589,0.0030196380920362517
group_2322,4.099025299843849,0.042907943129694245
group_2341,9.645569620253166,0.0018980882786265496
group_2357,4.578640486394897,0.032372889609474424
group_2367,8.397637795275589,0.003757089183497932
group_2369,8.539934881557528,0.0034743806231317
group_2378,7.150354346879491,0.007494917736232509
group_2379,12.86685426188815,0.0003344533378919141
group_2383,12.18474309692105,0.00048181974378345315
group_2388,10.18191553240161,0.0014182476737800121
group_2389,8.285533825332921,0.0039962154798044635
group_2416,6.76171059745265,0.009313443897394913
group_2428,5.510371801424096,0.01890402792190927
group_2431,5.358649789029537,0.020619732233924645
group_2437,9.5799919965606,0.0019670926374166418
group_2443,4.403368612575791,0.03586801556446067
group_2453,12.408189087123601,0.000427455187658876
group_2455,10.972239625110156,0.0009248691662312699
group_2458,6.277122532679198,0.012230653531073495
group_2476,6.4303797468354436,0.011218459072279488
group_2480,4.935316962794712,0.02631323636717547
group_2481,4.084329386884194,0.04328262366405765
group_2512,8.644560556999506,0.0032803925100196676
group_2514,21.63186147548838,3.3031891401119693e-06
group_2521,8.79556441406589,0.0030196380920362517
group_2525,20.124251202914444,7.257064649259939e-06
group_2529,27.9387709314283,1.252154957580965e-07
group_2532,13.371981470157493,0.00025541136822341984
group_2537,8.465474589592056,0.0036195080181302764
group_2539,5.252355140125497,0.021917087183771847
group_2543,4.7148937491784375,0.029902413467850084
group_2545,14.8693513073524,0.00011521989579611897
group_2546,7.2004613171595455,0.007288484278525192
group_2554,4.665354330708661,0.030777072250793496
group_2562,6.277122532679198,0.012230653531073495
group_2569,5.643649726394699,0.017518701970798595
group_2583,11.39157846414524,0.0007377781301030883
group_2584,5.947087573968867,0.014741622152117566
group_259,5.995205984186608,0.014344806057574197
group_2594,5.362769700266898,0.020571077672570447
group_2596,8.064600152828998,0.0045138435277821964
group_2605,6.4303797468354436,0.011218459072279488
group_2619,8.863159905644707,0.0029098342221534883
group_2620,4.665354330708661,0.030777072250793496
group_2636,7.954786779385603,0.004796035879459224
group_2637,12.11482686843561,0.0005002248224911399
group_2638,4.958400913349582,0.025964206695280538
group_2642,6.048450114621747,0.013918508908403298
group_2657,20.124251202914444,7.257064649259939e-06
group_2679,8.86515249676069,0.002906659669640423
group_2686,13.255702609958565,0.00027175191010741996
group_2689,11.146816695381432,0.0008417599626577294
group_2690,5.4147939251450605,0.019966810036326946
group_2697,6.729859542605444,0.009481206545393656
group_2721,13.01504660787625,0.00030899807729643135
group_2734,8.573839662447257,0.0034102721742368045
group_2736,3.9750898226329285,0.04617799038627408
group_274,6.277122532679198,0.012230653531073495
group_2740,27.1257189175265,1.9064467860743866e-07
group_2745,6.4303797468354436,0.011218459072279488
group_2757,13.255702609958565,0.00027175191010741996
group_2766,20.124251202914444,7.257064649259939e-06
group_2768,6.523742063176536,0.010644380659578956
group_2777,8.767318123416768,0.003066760493794821
group_2780,6.9700000415296195,0.008288749480034715
group_2793,3.930764192450627,0.04741039548289199
group_2794,4.958400913349582,0.025964206695280538
group_2800,8.285051200955547,0.003997277754873359
group_2801,4.413213266967308,0.035661606908679915
group_2804,4.313213340421052,0.03781746364653328
group_2809,3.98778727170036,0.045831214112950366
group_2810,8.71883243172987,0.0031493966986815107
group_2824,16.398115583653308,5.1336241052615766e-05
group_2826,13.371981470157493,0.00025541136822341984
group_2829,5.291926736110455,0.021424503747849207
group_283,4.081227893896086,0.04336213680473649
group_2834,13.371981470157493,0.00025541136822341984
group_2835,13.255702609958565,0.00027175191010741996
group_2838,14.243030750461465,0.00016065462252870622
group_2840,6.97431974484202,0.008268764894502277
group_2841,6.97431974484202,0.008268764894502277
group_2842,16.68785052338037,4.4062285273641656e-05
group_285,18.032699704145053,2.171429141031511e-05
group_2854,5.947087573968867,0.014741622152117566
group_2856,5.362769700266898,0.020571077672570447
group_2877,4.55775409234632,0.03277001969648482
group_2888,4.930979849828898,0.02637935582351387
group_2895,7.5021097046413505,0.006162675994561232
group_2905,9.829500368083568,0.0017173499185894599
group_292,4.032300076414499,0.04463704547652637
group_2923,4.930979849828898,0.02637935582351387
group_2924,5.0287695626078985,0.024929603398500002
group_2926,13.371981470157493,0.00025541136822341984
group_2927,4.313213340421052,0.03781746364653328
group_293,6.4303797468354436,0.011218459072279488
group_2930,6.277122532679198,0.012230653531073495
group_2938,13.013605639025624,0.00030923594135037595
group_2949,4.012796615255676,0.04515619055343158
group_2951,6.523742063176536,0.010644380659578956
group_2956,7.9092182073666715,0.0049183520336638226
group_2962,8.478158917676932,0.003594356827318564
group_2964,6.97431974484202,0.008268764894502277
group_2967,6.057413434217805,0.013848036496214248
group_2971,6.4303797468354436,0.011218459072279488
group_2986,8.285051200955547,0.003997277754873359
group_2987,4.127473277577929,0.04219230362633408
group_2989,5.358649789029537,0.020619732233924645
group_3000,11.971148280848636,0.000540306353064528
group_3001,13.11329912874815,0.0002932068880300963
group_3002,4.665354330708661,0.030777072250793496
group_3003,4.958400913349582,0.025964206695280538
group_3009,4.032300076414499,0.04463704547652637
group_3017,8.285051200955547,0.003997277754873359
group_3018,8.285051200955547,0.003997277754873359
group_3027,9.45620286388252,0.0021043624684873433
group_3028,8.285533825332921,0.0039962154798044635
group_303,11.685933562102207,0.0006297438071347874
group_3032,10.541220034492234,0.001167413321983532
group_3033,6.4303797468354436,0.011218459072279488
group_3035,13.371981470157493,0.00025541136822341984
group_3041,5.723300607993621,0.016741230997734325
group_3048,7.699402637961395,0.00552391040206523
group_3054,11.160379721278753,0.0008356281753396978
group_3055,4.930979849828898,0.02637935582351387
group_3056,4.930979849828898,0.02637935582351387
group_3057,6.4303797468354436,0.011218459072279488
group_306,11.31329217748098,0.0007695420790112468
group_3075,8.009642422430222,0.004652892434825515
group_3076,6.4357627320479125,0.01118451213616634
group_3079,6.4082687388029775,0.011359011536932553
group_3083,16.68785052338037,4.4062285273641656e-05
group_3088,6.4303797468354436,0.011218459072279488
group_3090,8.673215132487032,0.0032292097026323987
group_3093,31.055247789820477,2.507873639361421e-08
group_3094,6.4303797468354436,0.011218459072279488
group_3095,7.2004613171595455,0.007288484278525192
group_3098,5.060461004999292,0.02447772598307004
group_310,4.066635657884535,0.04373830632262379
group_312,10.526251148986123,0.001176907075210162
group_3122,14.8693513073524,0.00011521989579611897
group_3124,5.638439150802353,0.017570842921814923
group_3126,11.894175147937734,0.0005630975879259027
group_3130,6.4303797468354436,0.011218459072279488
group_3135,5.947087573968867,0.014741622152117566
group_3136,11.386579842076705,0.000739766096700064
group_314,4.578640486394897,0.032372889609474424
group_3145,5.358649789029537,0.020619732233924645
group_3150,4.313213340421052,0.03781746364653328
group_316,12.991485389880063,0.00031291063888697616
group_3165,23.71138657065829,1.1191840897501713e-06
group_3187,5.281890748185309,0.021548335585915554
group_3189,6.523742063176536,0.010644380659578956
group_3191,5.5984251968503935,0.017976629265919978
group_3197,10.331016241789929,0.0013081316095276232
group_3201,4.05794406596759,0.04396399484615976
group_3202,19.19800214846562,1.1783665146013767e-05
group_3206,5.077390951324046,0.0242398194647305
group_3227,6.277122532679198,0.012230653531073495
group_323,6.4303797468354436,0.011218459072279488
group_325,4.3026162473361715,0.038053790066958464
group_3253,13.940023394496277,0.00018873665035389344
group_3282,4.313213340421052,0.03781746364653328
group_329,5.362769700266898,0.020571077672570447
group_3308,4.958400913349582,0.025964206695280538
group_3317,5.362769700266898,0.020571077672570447
group_3321,6.4303797468354436,0.011218459072279488
group_3328,16.03925047343766,6.204285497868542e-05
group_3332,5.638439150802353,0.017570842921814923
group_3341,4.583924290974537,0.03227322277831879
group_3365,9.17363974924416,0.002455257837866058
group_337,37.41742194261761,9.536642395757937e-10
group_3377,16.45275656998571,4.9877603743476244e-05
group_3385,6.97431974484202,0.008268764894502277
group_3398,6.180306742136912,0.012917988031593898
group_3403,5.865047011528622,0.01544444627617542
group_3413,7.161493387610358,0.007448515743795776
group_3421,10.717299578059073,0.0010613846356138789
group_3422,4.665354330708661,0.030777072250793496
group_3431,13.276477960893299,0.0002687569272798694
group_3447,10.770812060939637,0.0010311325957132122
group_3452,4.665354330708661,0.030777072250793496
group_3467,11.894175147937734,0.0005630975879259027
group_3475,6.4303797468354436,0.011218459072279488
group_3505,8.734893636310911,0.0031217752565058004
group_351,6.97431974484202,0.008268764894502277
group_3510,4.958400913349582,0.025964206695280538
group_3511,4.958400913349582,0.025964206695280538
group_3534,4.623233713361291,0.03154172086558367
group_3545,4.708931237699902,0.030006300691248045
group_3548,22.407212499564444,2.2054424585428856e-06
group_3551,9.570353635472078,0.00197744687464589
group_3553,5.876617245394721,0.015343272435211202
group_3563,8.064600152828998,0.0045138435277821964
group_3565,3.98778727170036,0.045831214112950366
group_3567,4.177536593011178,0.040963200348772516
group_3572,4.665354330708661,0.030777072250793496
group_3577,5.3202640377662815,0.021078817224984527
group_3578,8.627795289433758,0.0033107201889001005
group_358,11.495520841828032,0.0006976410628048649
group_3580,4.890531616037445,0.027004369815992357
group_3584,6.76171059745265,0.009313443897394913
group_359,20.161500382072497,7.117104924841864e-06
group_3601,5.270610017246117,0.021688411108406695
group_3602,8.064600152828998,0.0045138435277821964
group_3603,13.735921459184688,0.00021039184289292442
group_361,27.542526675858554,1.5367801897389754e-07
group_3619,7.1374692680819924,0.007548961970674128
group_362,8.673215132487032,0.0032292097026323987
group_3623,10.403547082506515,0.0012577348313341
group_3624,7.160132247344446,0.007454170072498371
group_3626,7.562106196049852,0.00596082882648915
group_3637,5.2918066034260836,0.02142598167338807
group_3641,11.817546540859606,0.000586751261042376
group_3642,3.853657228335247,0.0496376442400579
group_3645,10.576961532170312,0.001145057062107186
group_3647,4.958400913349582,0.025964206695280538
group_3659,7.547794500370996,0.0060083568712588345
group_3664,5.522356118987238,0.01877495514507062
group_3681,12.962793177251914,0.0003177427731977841
group_369,5.358649789029537,0.020619732233924645
group_3707,5.148354477842169,0.02326841326995841
group_3714,8.355073186022356,0.003846119760087544
group_3721,8.192373768713782,0.004206684518612359
group_3722,24.65554019384294,6.854741089975204e-07
group_3726,4.575270837007109,0.032436618038868145
group_3727,23.71138657065829,1.1191840897501713e-06
group_3737,7.720905387222167,0.005458501539256329
group_3738,4.665354330708661,0.030777072250793496
group_3740,4.707741871179945,0.030027068455407934
group_3741,10.080750191036248,0.0014982632133699735
group_3743,4.315618825330477,0.0377640332763318
group_3747,5.947087573968867,0.014741622152117566
group_3755,5.358649789029537,0.020619732233924645
group_3778,9.53917387247932,0.002011322535384851
group_3780,8.09865138919118,0.004429820635125498
group_3783,11.372625829268909,0.0007453443383995235
group_3793,18.724590153307094,1.5102234502369405e-05
group_3801,9.021884922612522,0.002667661573635898
group_3809,14.940617074764393,0.00011094844461084527
group_3810,4.578640486394897,0.032372889609474424
group_3816,9.43496103882828,0.002128876120432733
group_3817,6.87781602762167,0.008727214005079288
group_3822,3.930764192450627,0.04741039548289199
group_3824,13.371981470157493,0.00025541136822341984
group_3830,9.330708661417322,0.0022534519018525406
group_3838,4.958400913349582,0.025964206695280538
group_3839,4.43542598732359,0.03520043446304843
group_3843,4.958400913349582,0.025964206695280538
group_3849,4.958400913349582,0.025964206695280538
group_3853,14.311525886144352,0.00015491345793696175
group_3858,7.3948875457023595,0.006540951396980537
group_3864,7.580648169217685,0.005899822207724255
group_3873,5.638439150802353,0.017570842921814923
group_3876,13.206223872983863,0.0002790209778369134
group_3881,4.023088454564585,0.04488145372970062
group_3883,13.8469367673599,0.00019831975925944668
group_3884,17.457561677669364,2.9379332422084838e-05
group_3885,13.255702609958565,0.00027175191010741996
group_3887,4.930979849828898,0.02637935582351387
group_3895,12.625023928970904,0.0003806170088753072
group_3897,7.726607749980619,0.005441288467362509
group_3899,4.7148937491784375,0.029902413467850084
group_3901,3.98778727170036,0.045831214112950366
group_3909,4.834213589998369,0.027900362880542144
group_3912,13.360093617469282,0.00025703547550269513
group_3918,4.583924290974537,0.03227322277831879
group_3919,8.009642422430222,0.004652892434825515
group_3921,4.930979849828898,0.02637935582351387
group_3926,4.854819334292077,0.02756900085993917
group_3931,5.986288254711832,0.014417508695225146
group_3932,14.675978143095525,0.00012766297417476615
group_3943,5.270610017246117,0.021688411108406695
group_3947,5.451048697767309,0.01955658382076329
group_3951,12.30719698441471,0.0004512150732665051
group_3957,9.688854004008991,0.0018538912761147366
group_3962,4.823564480205976,0.028073233273134268
group_3963,3.98778727170036,0.045831214112950366
group_3970,10.080750191036248,0.0014982632133699735
group_3978,5.896834446327119,0.015168122270645396
group_3980,9.645569620253166,0.0018980882786265496
group_3985,10.972239625110156,0.0009248691662312699
group_3987,5.597975244910188,0.017981246886555443
group_3990,18.865316479427413,1.4028016529378996e-05
group_3992,5.8231854112198995,0.015816275993812905
group_3993,14.771933176074507,0.00012132796696424626
group_3995,4.706639860233006,0.030046324255552714
group_3997,5.148354477842169,0.02326841326995841
group_4006,11.789029535864977,0.0005958078660012542
group_4009,5.362769700266898,0.020571077672570447
group_401,7.2004613171595455,0.007288484278525192
group_4010,8.967906083535444,0.002747633103520656
group_4019,10.799196205154566,0.0010154417541895918
group_4024,4.230271682395464,0.039709083890418106
group_404,13.257745772284796,0.0002714558814419064
group_4040,8.379627563767599,0.003794501724889095
group_405,10.213753037913948,0.001393972119089631
group_4054,15.232118024125828,9.507266869466708e-05
group_4056,4.086969251470152,0.04321506613642496
group_4060,25.66489940625655,4.061475302248875e-07
group_4069,9.78420251202352,0.0017601755374512605
group_407,5.358649789029537,0.020619732233924645
group_4073,9.175886934228156,0.002452244991839981
group_4076,5.638439150802353,0.017570842921814923
group_4087,7.140171402625304,0.007537595419437522
group_4088,13.439909526632285,0.0002463275007542629
group_410,9.920222090630336,0.0016347265492093485
group_4113,7.911742490914731,0.004911493870240874
group_4118,5.4147939251450605,0.019966810036326946
group_4120,11.998751342791014,0.000532362073379548
group_4122,14.29640543693733,0.0001561627990906634
group_4125,11.107133767435965,0.0008599629144519741
group_4136,16.29423120504503,5.422879289099001e-05
group_4152,4.032300076414499,0.04463704547652637
group_4153,10.275291778676266,0.0013482355057617904
group_4159,7.161493387610358,0.007448515743795776
group_4160,6.100669074106732,0.013513070932202645
group_4162,10.080750191036248,0.0014982632133699735
group_4166,4.053123560562896,0.04408969355728568
group_4168,6.913280618403713,0.008555787085347816
group_4178,13.371981470157493,0.00025541136822341984
group_4182,3.930764192450627,0.04741039548289199
group_4185,5.362769700266898,0.020571077672570447
group_4192,28.032030815163893,1.1932395494134875e-07
group_4193,41.89435145709301,9.634054425323122e-11
group_4194,6.955786673209177,0.008354855400342703
group_4195,5.039787073868352,0.02477153460321793
group_4196,6.393321050948536,0.011455051852798381
group_4214,5.607422042347968,0.01788455588221242
group_4219,4.3026162473361715,0.038053790066958464
group_422,4.707741871179945,0.030027068455407934
group_423,4.536075850191876,0.033187589457870384
group_4241,7.282482957754564,0.0069630225163293145
group_4251,7.161493387610358,0.007448515743795776
group_4254,4.2225154402480065,0.03989098158828589
group_4259,3.930764192450627,0.04741039548289199
group_4263,20.30013853825754,6.6195790689592885e-06
group_4266,5.445984184394884,0.01961336161453554
group_4270,4.7148937491784375,0.029902413467850084
group_4271,4.099025299843849,0.042907943129694245
group_4273,13.371981470157493,0.00025541136822341984
group_4283,3.9012945647419075,0.04824891557524139
group_4284,3.9012945647419075,0.04824891557524139
group_4299,12.011097509424575,0.000528847059156257
group_4301,6.223989764594446,0.012603079532247489
group_4304,6.223989764594446,0.012603079532247489
group_4307,3.930764192450627,0.04741039548289199
group_431,8.326692172241856,0.00390667294324064
group_4313,5.4147939251450605,0.019966810036326946
group_4328,4.983600048592822,0.025588681449881603
group_4332,4.274664121220487,0.03868460865747833
group_4333,4.313213340421052,0.03781746364653328
group_4335,12.835892273201786,0.00034003327093386747
group_4336,7.861528384901254,0.0050497688622012414
group_4337,7.142450322100335,0.007528022725860478
group_4344,6.393321050948536,0.011455051852798381
group_4350,12.466495940754008,0.00041431657786714207
group_4352,4.164643475211667,0.041276099066896034
group_4359,15.692806331697986,7.450700321769707e-05
group_436,4.955328748463405,0.026010379004131542
group_4364,4.032300076414499,0.04463704547652637
group_4365,12.835892273201786,0.00034003327093386747
group_4366,6.014589948408347,0.014188074939788492
group_4377,4.958400913349582,0.025964206695280538
group_4378,4.958400913349582,0.025964206695280538
group_4384,13.680377975429892,0.00021670698442071099
group_439,9.687183386527511,0.0018555776081445208
group_4394,13.371981470157493,0.00025541136822341984
group_4395,16.831988081306996,4.083908545265122e-05
group_4397,13.8469367673599,0.00019831975925944668
group_4401,10.765188932746831,0.001034270062171739
group_4408,4.930979849828898,0.02637935582351387
group_4414,6.97431974484202,0.008268764894502277
group_442,6.867960729592344,0.008775473417398842
group_4431,13.680377975429892,0.00021670698442071099
group_4438,9.829500368083568,0.0017173499185894599
group_4441,3.930764192450627,0.04741039548289199
group_4442,13.371981470157493,0.00025541136822341984
group_4447,17.8988598884941,2.3296062570739665e-05
group_445,5.324210823237561,0.021031130511227288
group_4451,9.68363615754285,0.0018591633609877218
group_4456,7.699402637961395,0.00552391040206523
group_446,5.691857265113795,0.017043806837580396
group_4484,8.285051200955547,0.003997277754873359
group_4487,12.502950961415799,0.0004063097260580649
group_4492,4.958400913349582,0.025964206695280538
group_4493,4.113602455646367,0.04253965844276517
group_4495,8.285051200955547,0.003997277754873359
group_4496,6.523742063176536,0.010644380659578956
group_4499,7.3948875457023595,0.006540951396980537
group_4503,13.371981470157493,0.00025541136822341984
group_451,4.210110934989801,0.04018370903862766
group_4510,4.930979849828898,0.02637935582351387
group_4514,16.03925047343766,6.204285497868542e-05
group_4523,9.415683799018794,0.0021513732000069652
group_4525,4.280197244517929,0.03855887345706042
group_4527,10.59769864709616,0.0011322850882618464
group_4544,11.894175147937734,0.0005630975879259027
group_4546,3.930764192450627,0.04741039548289199
group_4549,4.313213340421052,0.03781746364653328
group_4552,4.671584210701176,0.030665628031090127
group_4554,9.272253328721105,0.0023265130569403033
group_4562,23.71138657065829,1.1191840897501713e-06
group_4569,5.077390951324046,0.0242398194647305
group_4580,5.841539586032764,0.015652125032136935
group_4582,9.59759048826189,0.0019483286229824382
group_4586,8.063643102760889,0.004516228396257245
group_4593,5.4147939251450605,0.019966810036326946
group_460,3.930764192450627,0.04741039548289199
group_4603,13.940023394496277,0.00018873665035389344
group_461,9.412580236062748,0.002155017614322763
group_4619,12.779889427950824,0.00035036563860085747
group_4622,4.313213340421052,0.03781746364653328
group_4623,4.7148937491784375,0.029902413467850084
group_4628,5.1164577034674465,0.023699947673182686
group_4634,10.906570374501733,0.0009582377079118095
group_4638,9.168872133723417,0.0024616623210429946
group_4649,5.270610017246117,0.021688411108406695
group_4652,8.57184112940118,0.00341401750704015
group_4657,4.9764739323196405,0.025694301347754283
group_466,8.285051200955547,0.003997277754873359
group_4662,13.418253467261735,0.0002491875981453279
group_4669,17.004598436271422,3.728939847444654e-05
group_4681,6.330390332059245,0.01186861927145568
group_4683,11.176040214246395,0.0008286042633123431
group_4684,6.396646443081915,0.01143361405348041
group_4688,4.893767926952169,0.026953799731521583
group_4694,9.645569620253166,0.0018980882786265496
group_4697,14.065777957615495,0.00017652662912520745
group_4698,10.301941094388521,0.001328903500917615
group_47,4.958400913349582,0.025964206695280538
group_470,17.73030499352138,2.5453908081016603e-05
group_4718,4.958400913349582,0.025964206695280538
group_472,9.920222090630336,0.0016347265492093485
group_4727,5.159797582068518,0.023115591224351337
group_4732,5.358649789029537,0.020619732233924645
group_474,8.57184112940118,0.00341401750704015
group_4746,14.381343163305775,0.0001492739948887213
group_4748,4.707741871179945,0.030027068455407934
group_4766,6.98724663157036,0.008209254182766867
group_4767,7.315609581277956,0.00683582078433137
group_4768,5.981684574238349,0.014455188959107282
group_4777,6.048450114621747,0.013918508908403298
group_4780,6.4082687388029775,0.011359011536932553
group_4793,12.707876816423159,0.0003641186009080949
group_4796,12.779889427950824,0.00035036563860085747
group_4798,8.573839662447257,0.0034102721742368045
group_4800,5.5984251968503935,0.017976629265919978
group_4810,11.153206607250794,0.0008388654648217778
group_482,4.032300076414499,0.04463704547652637
group_4821,8.79514695002427,0.0030203291511791373
group_4824,18.724590153307094,1.5102234502369405e-05
group_4828,4.387540680970188,0.036202497990765234
group_4832,7.911742490914731,0.004911493870240874
group_4833,4.745913589321904,0.029367955948602673
group_4846,14.322986775220716,0.0001539732012070899
group_4849,4.313213340421052,0.03781746364653328
group_4851,8.792961924401709,0.003023948807979061
group_4855,13.255702609958565,0.00027175191010741996
group_4860,5.638439150802353,0.017570842921814923
group_4862,4.834213589998369,0.027900362880542144
group_4864,4.7227958944921316,0.029765308391064227
group_4867,4.583924290974537,0.03227322277831879
group_4872,8.01262085119107,0.004645246065535086
group_4879,8.478158917676932,0.003594356827318564
group_4881,5.4851277301758135,0.0191789185942085
group_4887,5.947087573968867,0.014741622152117566
group_4890,10.232915406934893,0.001379564367906333
group_4891,4.942030116405338,0.026211233478821608
group_4896,6.531496062992126,0.010598078168568907
group_4904,6.6382389804466495,0.009981255160262867
group_4906,15.153547170306975,9.911193464053614e-05
group_4907,4.930979849828898,0.02637935582351387
group_4908,14.259820897915187,0.00015922776998622106
group_4912,8.285051200955547,0.003997277754873359
group_4917,5.4147939251450605,0.019966810036326946
group_492,5.723300607993621,0.016741230997734325
group_4920,24.777578071312043,6.434158549230761e-07
group_4921,27.917045624439353,1.2662930511399092e-07
group_4925,6.556649564374075,0.010449292523080961
group_4926,4.315618825330477,0.0377640332763318
group_4932,4.020067111864184,0.04496192435341652
group_4933,13.255702609958565,0.00027175191010741996
group_4937,4.930979849828898,0.02637935582351387
group_494,4.47329922367299,0.03442845182386956
group_4942,6.97431974484202,0.008268764894502277
group_4947,4.7148937491784375,0.029902413467850084
group_4949,5.753399495949083,0.01645678094665628
group_4955,5.354744620530029,0.020665960688768113
group_4956,4.032300076414499,0.04463704547652637
group_4969,5.270610017246117,0.021688411108406695
group_4972,13.364715831694802,0.0002564027597908787
group_4973,5.148354477842169,0.02326841326995841
group_4978,5.362769700266898,0.020571077672570447
group_4979,5.947087573968867,0.014741622152117566
group_498,7.9275959920497625,0.004868644061741488
group_4981,5.354744620530029,0.020665960688768113
group_4982,4.021355974559315,0.044927578140687846
group_4987,4.032300076414499,0.04463704547652637
group_4992,4.800518289644176,0.028451176650940293
group_5,4.958400913349582,0.025964206695280538
group_500,11.792292577351883,0.000594764458093567
group_5002,4.575270837007109,0.032436618038868145
group_5003,5.077390951324046,0.0242398194647305
group_5004,3.930764192450627,0.04741039548289199
group_5023,3.98778727170036,0.045831214112950366
group_5025,18.724590153307094,1.5102234502369405e-05
group_5029,5.723300607993621,0.016741230997734325
group_503,5.908773270429803,0.015065659571931771
group_5033,5.354744620530029,0.020665960688768113
group_5034,13.680377975429892,0.00021670698442071099
group_5035,12.835892273201786,0.00034003327093386747
group_5038,5.57608474409926,0.018207383177993638
group_5039,6.393321050948536,0.011455051852798381
group_5040,5.229872926192879,0.022202154412991164
group_5042,12.064650042836778,0.0005138695527281339
group_5047,10.263779527559057,0.0013566745704729347
group_5049,6.4303797468354436,0.011218459072279488
group_5059,13.371981470157493,0.00025541136822341984
group_5082,13.371981470157493,0.00025541136822341984
group_5087,31.98826607238847,1.5510665292077092e-08
group_5088,15.712685444235579,7.372804646049713e-05
group_5090,7.959207869843473,0.0047843348260888895
group_5094,6.701802513244757,0.009631549317005423
group_510,6.474937468259506,0.010940616305647707
group_5103,3.8422730499555553,0.049975726349979085
group_511,4.032300076414499,0.04463704547652637
group_5114,20.124251202914444,7.257064649259939e-06
group_5115,15.223334617384257,9.551586606178053e-05
group_5130,7.650782923848423,0.005674768786784439
group_5134,3.9012945647419075,0.04824891557524139
group_5136,21.153052933975886,4.2402523313229235e-06
group_5140,14.771933176074507,0.00012132796696424626
group_5142,6.4303797468354436,0.011218459072279488
group_5146,7.932103830821074,0.0048565296858044645
group_515,20.947175728546505,4.721233525171599e-06
group_5151,13.363405975006401,0.00025658190107407536
group_5155,8.549328242440973,0.003456497566844866
group_5157,18.116257849097973,2.0781943210080718e-05
group_5164,7.464566929133858,0.006292516711761926
group_5167,5.847022550451237,0.015603429330091734
group_5169,5.847022550451237,0.015603429330091734
group_5170,10.237594922263778,0.0013760689081624416
group_5175,4.958400913349582,0.025964206695280538
group_5182,9.829500368083568,0.0017173499185894599
group_5185,5.362769700266898,0.020571077672570447
group_5208,6.553248267204706,0.01046928566220351
group_5216,6.9700000415296195,0.008288749480034715
group_5218,4.799500537116405,0.028467988768476976
group_5222,7.690131417546206,0.005552358439717466
group_5223,7.905915025869179,0.004927341105770213
group_5224,34.357657797450244,4.585924107888033e-09
group_5225,5.358649789029537,0.020619732233924645
group_5230,31.98826607238847,1.5510665292077092e-08
group_5232,6.87781602762167,0.008727214005079288
group_5234,5.5984251968503935,0.017976629265919978
group_5236,5.096729008557475,0.02397100601658309
group_524,9.030186782086547,0.0026555734602010787
group_5249,13.940023394496277,0.00018873665035389344
group_5251,4.930979849828898,0.02637935582351387
group_5258,7.107801694883077,0.007674917263286481
group_526,7.899808264306733,0.004944003770556527
group_527,4.032300076414499,0.04463704547652637
group_5270,22.8629553844861,1.7397271068731378e-06
group_5272,7.981079202763434,0.004726875520099074
group_5273,6.368911251406943,0.011613682803240164
group_531,6.4303797468354436,0.011218459072279488
group_5311,9.696033137594297,0.0018466622737142154
group_5313,8.13327131576907,0.004346026308953563
group_5316,6.12418880238169,0.013334446073984227
group_5334,16.337176078630446,5.301367638486864e-05
group_5335,4.313213340421052,0.03781746364653328
group_5339,4.834213589998369,0.027900362880542144
group_5342,14.926382395924769,0.00011178869694216952
group_5343,4.510942461306261,0.03367867866278111
group_535,5.358649789029537,0.020619732233924645
group_5352,19.392334018911605,1.0643343904801102e-05
group_5362,6.4303797468354436,0.011218459072279488
group_5364,13.255702609958565,0.00027175191010741996
group_5365,4.930979849828898,0.02637935582351387
group_5376,10.653417136149121,0.001098677294192627
group_5392,4.958400913349582,0.025964206695280538
group_5394,4.806778975534584,0.028347984279863094
group_540,5.30907515004407,0.021214615373042433
group_5402,5.847022550451237,0.015603429330091734
group_5409,13.371981470157493,0.00025541136822341984
group_5410,8.847183604450144,0.0029354149652185842
group_5435,5.847022550451237,0.015603429330091734
group_5437,4.164643475211667,0.041276099066896034
group_5439,4.61184109106615,0.031751926315356824
group_5449,9.829500368083568,0.0017173499185894599
group_5465,9.861959699657795,0.0016873127877351536
group_5466,36.60561787128118,1.4461434355340247e-09
group_5468,7.97557454340072,0.004741270567934402
group_5478,9.168872133723417,0.0024616623210429946
group_5481,10.906570374501733,0.0009582377079118095
group_5482,8.397637795275589,0.003757089183497932
group_549,5.947087573968867,0.014741622152117566
group_5493,4.7148937491784375,0.029902413467850084
group_5506,10.12475728829041,0.00146290921335237
group_5507,5.123113106593206,0.023609225889603905
group_5512,8.576090628420138,0.003406058772977963
group_552,5.865047011528622,0.01544444627617542
group_5521,11.487455013478993,0.0007006751381610178
group_5528,13.255702609958565,0.00027175191010741996
group_5530,4.930979849828898,0.02637935582351387
group_5541,4.338316379078293,0.037263754588500515
group_5573,14.064059518621232,0.00017668799707766959
group_5575,8.064600152828998,0.0045138435277821964
group_5588,6.4910796039735565,0.010841711595782594
group_5589,9.861959699657795,0.0016873127877351536
group_5590,5.148354477842169,0.02326841326995841
group_5592,8.198050599687697,0.004193542308656291
group_5600,21.139352565911018,4.270674309890247e-06
group_5608,5.951161642769342,0.014707591050818522
group_5613,5.375762068507259,0.02041841924435397
group_5614,25.08232850532637,5.493398468539367e-07
group_5624,7.5021097046413505,0.006162675994561232
group_563,8.783017855137,0.003040477642839781
group_5630,8.57184112940118,0.00341401750704015
group_5633,6.756915175515514,0.009338506121780976
group_5636,6.123139732632314,0.013342361457288308
group_5644,9.861959699657795,0.0016873127877351536
group_5650,9.168872133723417,0.0024616623210429946
group_5655,14.016418042681373,0.00018122136325071642
group_5659,4.806107332142726,0.028359036029561566
group_5676,4.930979849828898,0.02637935582351387
group_5684,9.168872133723417,0.0024616623210429946
group_5688,8.01262085119107,0.004645246065535086
group_5700,4.930979849828898,0.02637935582351387
group_5712,6.4303797468354436,0.011218459072279488
group_5713,26.397252954140225,2.779354818186534e-07
group_5724,5.362769700266898,0.020571077672570447
group_5725,5.354744620530029,0.020665960688768113
group_573,4.449538149451163,0.034910687094353986
group_5744,9.072227336065492,0.002595207701848175
group_5750,12.889954475766036,0.00033035046659203593
group_576,4.806778975534584,0.028347984279863094
group_5760,9.774295213392705,0.0017696854431466992
group_5761,4.968102388554551,0.02581895910263406
group_5765,10.692833648958437,0.0010755134167291609
group_5766,17.67720229383385,2.6174496121111573e-05
group_577,9.920222090630336,0.0016347265492093485
group_5770,5.7083360645605215,0.016884536084801623
group_5779,5.270610017246117,0.021688411108406695
group_5794,13.397991475071041,0.0002518938835149114
group_5797,8.434101674998823,0.0036824875658273337
group_58,21.70397895278912,3.1813073744527186e-06
group_5801,3.8740884038900605,0.04903693275694453
group_5802,5.270610017246117,0.021688411108406695
group_5805,6.9700000415296195,0.008288749480034715
group_5807,5.35393233775083,0.02067558976394614
group_5812,6.295428087311872,0.012104977912055382
group_5815,4.113602455646367,0.04253965844276517
group_5825,10.567461468064481,0.0011509567307338797
group_5832,14.91833303735574,0.00011226667080235945
group_5836,8.1352614577024,0.004341258691059954
group_5837,7.171153235559763,0.007408513404681427
group_5840,8.343925261690185,0.0038697900656870653
group_5842,8.198050599687697,0.004193542308656291
group_5846,5.947087573968867,0.014741622152117566
group_5848,3.938166623242714,0.04720219407119806
group_5857,10.653790895840825,0.001098455293905593
group_5872,6.4303797468354436,0.011218459072279488
group_5876,15.54430408387952,8.059410068015541e-05
group_5888,3.9533893706324696,0.04677706210691739
group_5892,14.524470042510513,0.00013835074923252704
group_5899,7.5021097046413505,0.006162675994561232
group_5905,25.49989436058611,4.424071404098412e-07
group_5915,12.860759493670887,0.0003355443825563647
group_5917,14.016418042681373,0.00018122136325071642
group_5919,14.016418042681373,0.00018122136325071642
group_5922,10.301941094388521,0.001328903500917615
group_5936,5.681262797679938,0.017147022188675653
group_5940,16.396101199375394,5.1390827135360754e-05
group_5954,3.930764192450627,0.04741039548289199
group_5957,6.8602872656157015,0.008813237917279079
group_5960,4.528063471624723,0.03334332842008867
group_5968,6.523742063176536,0.010644380659578956
group_5970,7.6625417603390265,0.005637902246103986
group_5971,3.9862790344605448,0.04587226112706571
group_598,4.012796615255676,0.04515619055343158
group_5980,17.534425552303908,2.82152430179978e-05
group_5983,7.234659650929709,0.0071509365215818065
group_5984,15.957016458091395,6.479715431424421e-05
group_5985,4.935820237660168,0.026305575082348296
group_5986,3.930764192450627,0.04741039548289199
group_5987,16.03925047343766,6.204285497868542e-05
group_5989,9.157280972789794,0.0024773038900159777
group_5991,8.421251294675791,0.0037086047516336896
group_5994,7.331726413945093,0.006774795093995902
group_5999,4.930979849828898,0.02637935582351387
group_6,14.771933176074507,0.00012132796696424626
group_600,4.177536593011178,0.040963200348772516
group_6001,7.199250805674605,0.007293402274883919
group_6005,11.578154636515977,0.0006673113130123527
group_6015,4.974852526891146,0.025718396222631213
group_6021,9.063740719455584,0.002607280334124144
group_6032,7.161493387610358,0.007448515743795776
group_6036,11.130135866954364,0.0008493636965838076
group_6044,6.277122532679198,0.012230653531073495
group_6061,5.947087573968867,0.014741622152117566
group_6067,9.06882356950586,0.0026000428980300105
group_6070,6.277122532679198,0.012230653531073495
group_6072,6.099895493680379,0.013518987653451341
group_6074,7.139715100505887,0.007539513629634961
group_6084,5.358649789029537,0.020619732233924645
group_6086,14.435675492476314,0.00014502871608424838
group_6090,4.799500537116405,0.028467988768476976
group_6091,9.59922426447269,0.001946595875085587
group_6095,9.668811518480247,0.0018742251709371609
group_6097,4.484283531014318,0.03420788204596108
group_6106,16.03925047343766,6.204285497868542e-05
group_6107,6.383968199060746,0.011515568345812086
group_6108,6.8629062555106595,0.008800330048862529
group_6111,11.348605887122204,0.0007550462614660069
group_6114,5.302310505413438,0.02129715599730583
group_6116,8.397637795275589,0.003757089183497932
group_6120,13.239639800901926,0.00027409057450534103
group_613,18.81516723977541,1.440172877108699e-05
group_6130,7.514061225075896,0.006121918316966721
group_6134,14.371001079579154,0.00015009614464027576
group_6138,3.938166623242714,0.04720219407119806
group_6145,7.172730439998453,0.007402002935166047
group_6148,4.578640486394897,0.032372889609474424
group_615,10.001720330236228,0.0015639406058336734
group_6154,5.638439150802353,0.017570842921814923
group_6159,4.735669349968636,0.02954335018072439
group_6166,5.077390951324046,0.0242398194647305
group_6186,18.279511544040396,1.9074771981110975e-05
group_6191,11.608295998731608,0.0006565828175257803
group_620,5.358649789029537,0.020619732233924645
group_6200,6.876654100292562,0.008732889575110534
group_6201,5.252355140125497,0.021917087183771847
group_6202,4.136063029041203,0.04197869381755167
group_6203,4.583924290974537,0.03227322277831879
group_6205,4.315049621961812,0.03777666921154802
group_6209,13.01012907405562,0.00030981058626794325
group_6214,4.032300076414499,0.04463704547652637
group_6216,5.839747582976182,0.015668074229801505
group_6230,9.150541674014217,0.002486444498255749
group_6232,6.356017152529075,0.011698385625946906
group_6235,8.847183604450144,0.0029354149652185842
group_6237,11.747162568651653,0.0006093606440487143
group_6240,9.470401154451178,0.0020881370469295188
group_6241,4.987638374010928,0.025529027599327164
group_6251,5.4147939251450605,0.019966810036326946
group_6253,5.624956014980244,0.017706510137726176
group_6264,4.210110934989801,0.04018370903862766
group_6267,7.772129749604085,0.0053058455023614415
group_6272,8.783017855137,0.003040477642839781
group_6276,8.870957301578947,0.0028974316175043456
group_6279,11.275445197514864,0.0007853901751446118
group_6287,4.53776730338271,0.033154809421504235
group_6288,6.531496062992126,0.010598078168568907
group_6290,4.806778975534584,0.028347984279863094
group_6292,9.150541674014217,0.002486444498255749
group_6294,8.285533825332921,0.0039962154798044635
group_6296,9.98704290210123,0.0015764556063043267
group_630,47.07193863656262,6.842840902191679e-12
group_6300,15.799616528613466,7.041677854997992e-05
group_6301,18.04629028005052,2.155983351639388e-05
group_6306,7.464566929133858,0.006292516711761926
group_6307,18.760269329035967,1.4822303210562582e-05
group_631,7.504125275479804,0.006155783030385908
group_6312,4.224015461020519,0.03985573535384606
group_6315,4.020125304920262,0.04496037300192431
group_6322,11.608295998731608,0.0006565828175257803
group_6324,4.671474186862939,0.03066759255648398
group_6325,4.806778975534584,0.028347984279863094
group_6332,6.531496062992126,0.010598078168568907
group_6336,9.330708661417322,0.0022534519018525406
group_6339,5.947087573968867,0.014741622152117566
group_6342,7.161493387610358,0.007448515743795776
group_6344,16.885604260326886,3.970154655268781e-05
group_635,4.955328748463405,0.026010379004131542
group_6351,8.026932176449296,0.0046086834174146555
group_6354,6.97431974484202,0.008268764894502277
group_6355,6.935339682901297,0.008450901204375055
group_6356,13.371981470157493,0.00025541136822341984
group_6357,9.911630613885125,0.0016423753896446845
group_6358,12.391165994323998,0.0004313698032202501
group_6359,7.547794500370996,0.0060083568712588345
group_6365,6.4303797468354436,0.011218459072279488
group_6367,6.867960729592344,0.008775473417398842
group_6370,11.778665156755753,0.0005991343117283738
group_6375,6.4303797468354436,0.011218459072279488
group_6386,5.908773270429803,0.015065659571931771
group_6406,33.90891482608816,5.775346206960099e-09
group_6415,19.34009723220634,1.0938503947978323e-05
group_642,7.161493387610358,0.007448515743795776
group_6425,18.032699704145053,2.171429141031511e-05
group_6426,8.549328242440973,0.003456497566844866
group_6427,6.474937468259506,0.010940616305647707
group_6439,4.510942461306261,0.03367867866278111
group_6443,6.393321050948536,0.011455051852798381
group_6448,6.170548816811496,0.012989430677866547
group_6456,11.039794752585284,0.0008917673416905619
group_6459,4.665354330708661,0.030777072250793496
group_6460,5.987111690300512,0.014410779694501047
group_6461,4.715356361045584,0.029894368879376555
group_6467,4.413213266967308,0.035661606908679915
group_6468,4.136063029041203,0.04197869381755167
group_6469,17.622665359352894,2.6935890951510253e-05
group_6473,13.371981470157493,0.00025541136822341984
group_6474,7.035229114293207,0.007992164845487091
group_6476,5.433329288709574,0.019755980651722505
group_6481,6.523742063176536,0.010644380659578956
group_6488,5.339549486693912,0.02084685997223282
group_6493,5.924502890461477,0.014931750267502788
group_6505,6.164102904858414,0.013036847064559586
group_6508,11.196850393700787,0.0008193628911130033
group_6512,5.865047011528622,0.01544444627617542
group_6513,4.099025299843849,0.042907943129694245
group_6519,5.204051629622247,0.022534304831234458
group_6527,5.557234681107898,0.018404463415689066
group_6532,5.483314531742218,0.019198821406934106
group_6537,5.354744620530029,0.020665960688768113
group_6538,3.930764192450627,0.04741039548289199
group_6539,7.9092182073666715,0.0049183520336638226
group_6556,5.518213425108907,0.01881946925287842
group_6558,5.4147939251450605,0.019966810036326946
group_6566,12.235475990455985,0.00046889380470750783
group_6570,5.210521350970371,0.022450601586315577
group_6571,4.03908174452877,0.044458005978062334
group_6572,6.95971034858893,0.008336552792549802
group_6576,13.735921459184688,0.00021039184289292442
group_6577,12.462265340702213,0.000415256021903519
group_6582,4.593825714647837,0.032087316631370606
group_6588,5.723300607993621,0.016741230997734325
group_6589,11.778665156755753,0.0005991343117283738
group_6592,5.908773270429803,0.015065659571931771
group_6595,26.433131776249482,2.728205305314387e-07
group_6602,24.458938681541674,7.591050433197258e-07
group_6604,4.707741871179945,0.030027068455407934
group_6611,12.591261337585962,0.0003875545084215666
group_6614,11.495520841828032,0.0006976410628048649
group_6615,6.4082687388029775,0.011359011536932553
group_6618,6.3984641532615605,0.01142191323559687
group_6624,8.462142853113033,0.0036261439992570535
group_664,19.392334018911605,1.0643343904801102e-05
group_6644,5.354744620530029,0.020665960688768113
group_6645,9.175886934228156,0.002452244991839981
group_6647,6.523742063176536,0.010644380659578956
group_6648,6.523742063176536,0.010644380659578956
group_6654,6.97431974484202,0.008268764894502277
group_6661,14.940617074764393,0.00011094844461084527
group_667,6.9700000415296195,0.008288749480034715
group_6673,5.908773270429803,0.015065659571931771
group_6674,9.45620286388252,0.0021043624684873433
group_6675,4.334803025473811,0.0373407362674652
group_6680,5.753399495949083,0.01645678094665628
group_6682,7.406473681100154,0.0064989584588067495
group_6687,7.325312711438498,0.006799013368407752
group_6698,17.59029390004854,2.7398317681436605e-05
group_6700,4.71623022333179,0.029879179004888148
group_6708,9.43496103882828,0.002128876120432733
group_6710,4.799500537116405,0.028467988768476976
group_6720,11.83729012884931,0.0005805625243305311
group_6747,7.699402637961395,0.00552391040206523
group_6753,3.98778727170036,0.045831214112950366
group_6757,17.059712556407,3.622263518605134e-05
group_6765,4.280197244517929,0.03855887345706042
group_6772,5.515155542266076,0.01885239677741026
group_6773,10.471683444632717,0.0012121820798569262
group_6774,16.885604260326886,3.970154655268781e-05
group_6776,15.957016458091395,6.479715431424421e-05
group_678,6.474937468259506,0.010940616305647707
group_6785,6.474937468259506,0.010940616305647707
group_6793,4.930979849828898,0.02637935582351387
group_6794,4.930979849828898,0.02637935582351387
group_6795,4.930979849828898,0.02637935582351387
group_6796,5.5658452891621195,0.01831416632034705
group_6823,16.127286205521777,5.922457345151403e-05
group_6837,18.792116660182685,1.4576840259605067e-05
group_6841,4.315618825330477,0.0377640332763318
group_6867,4.519522209534259,0.03351018838587623
group_6868,4.519522209534259,0.03351018838587623
group_6870,4.958400913349582,0.025964206695280538
group_6884,7.954786779385603,0.004796035879459224
group_6885,7.899808264306733,0.004944003770556527
group_6888,8.075340132582554,0.004487168401219975
group_6889,6.690231724360711,0.009694260348209995
group_6890,8.318424303963587,0.0039244948854560285
group_6891,5.148354477842169,0.02326841326995841
group_6896,12.858435955672523,0.00033596127115359195
group_6899,8.867699862060139,0.002902606385511453
group_6907,4.81563967323134,0.028202602300355536
group_6914,5.031399556068148,0.024891775853632368
group_6918,6.480600701103443,0.010905812056525578
group_6924,5.061667344324579,0.02446069410586066
group_6926,13.58440330987343,0.00022807260363607153
group_6928,6.103615859870223,0.01349055685701541
group_6931,10.372977274682022,0.001278731674881315
group_6940,5.5984251968503935,0.017976629265919978
group_6944,4.2120386237959515,0.040138070968395535
group_695,6.277122532679198,0.012230653531073495
group_6954,22.196199426627334,2.4616059050874646e-06
group_6958,8.573839662447257,0.0034102721742368045
group_6959,6.38202097072531,0.011528208869567281
group_6966,10.52553240971461,0.001177364883481648
group_6969,10.43304203970036,0.0012378069834057274
group_6970,5.947087573968867,0.014741622152117566
group_6972,10.966629063484437,0.0009276735797727864
group_6975,5.947087573968867,0.014741622152117566
group_6978,4.665354330708661,0.030777072250793496
group_6979,13.238684009435534,0.0002742303707459225
group_6982,6.531496062992126,0.010598078168568907
group_6995,3.897859729559122,0.048347662796422816
group_70,3.930764192450627,0.04741039548289199
group_7000,6.955786673209177,0.008354855400342703
group_7007,13.257745772284796,0.0002714558814419064
group_7017,9.710047751510924,0.0018326325240570684
group_7023,5.573139888368388,0.018238027860594367
group_7030,3.9037968728353687,0.04817711137332026
group_7032,4.939579603136985,0.02624842005307072
group_7033,3.8943597240218386,0.04844850302576273
group_7034,9.041737983773679,0.002638846520777286
group_7038,8.86515249676069,0.002906659669640423
group_7041,18.11670832406903,2.077702735050574e-05
group_7043,5.116552645950106,0.023698650944972588
group_7046,5.629884202644094,0.017656797816403183
group_7053,6.793185325305922,0.009150648948777316
group_7057,6.331396146813877,0.01186189013121133
group_7063,6.014589948408347,0.014188074939788492
group_7064,15.960414313321595,6.468094926029562e-05
group_7065,8.421251294675791,0.0037086047516336896
group_7066,4.066635657884535,0.04373830632262379
group_7071,4.373339904803377,0.03650537353888093
group_7073,4.7148937491784375,0.029902413467850084
group_7074,10.06824712491332,0.0015084647631489147
group_7078,3.8724490550006276,0.04908484792819011
group_709,20.161500382072497,7.117104924841864e-06
group_7104,4.230561646566333,0.03970230061383264
group_7106,4.930979849828898,0.02637935582351387
group_7107,5.358649789029537,0.020619732233924645
group_7108,12.942109204419422,0.00032127282656880293
group_7111,5.281890748185309,0.021548335585915554
group_7122,18.23781550644777,1.9496916104655918e-05
group_7123,12.781665776569168,0.00035003309464963397
group_7126,12.9659312673973,0.00031721063495949856
group_7131,13.940023394496277,0.00018873665035389344
group_7133,12.782481810026912,0.0003498804346290319
group_7135,10.031651799063095,0.0015387298825877264
group_7138,6.770670580188826,0.009266800948324053
group_7139,13.206223872983863,0.0002790209778369134
group_715,10.097091137707107,0.0014850354894616771
group_7151,7.021393457814115,0.008054152771056538
group_7154,12.432457550117771,0.0004219363185772004
group_7157,3.8724490550006276,0.04908484792819011
group_7161,16.221521063822724,5.635031387897309e-05
group_7166,24.819970368968846,6.294198096451824e-07
group_7172,4.47329922367299,0.03442845182386956
group_7183,6.913280618403713,0.008555787085347816
group_7196,4.583527988002629,0.03228068700088298
group_7199,11.804007456145891,0.000591033624115298
group_7200,4.143518247290306,0.04179421880850273
group_7211,3.924251796556743,0.04759436468416908
group_7217,12.76371959874188,0.0003534074245194807
group_7221,4.065149635831384,0.043776806259108
group_7225,3.9157208562172174,0.04783649604377495
group_7226,12.893455292857851,0.00032973312401978524
group_7241,5.270610017246117,0.021688411108406695
group_7242,6.295428087311872,0.012104977912055382
group_7243,14.771933176074507,0.00012132796696424626
group_7245,5.6961011654736655,0.01700264113358864
group_7246,6.494719560436785,0.0108195361803562
group_725,6.875167569510571,0.008740156217720119
group_7250,5.905536628723608,0.01509336680632468
group_7253,7.5485899735999435,0.006005705045142456
group_7256,11.39850681303886,0.0007350316274124461
group_726,17.956299766326683,2.2603506445617313e-05
group_7263,6.264038886727564,0.012321299135339473
group_7269,17.040954202982007,3.65822249219049e-05
group_727,5.092844065035834,0.024024760295739665
group_7270,10.166589144711342,0.0014300859671679698
group_7273,16.697313234143415,4.3843047071220965e-05
group_7274,7.688325663358059,0.005557916619225517
group_7275,6.8629062555106595,0.008800330048862529
group_7287,4.930979849828898,0.02637935582351387
group_7290,4.2296847233398065,0.03972281863903152
group_7301,12.860759493670887,0.0003355443825563647
group_7305,4.273896271503006,0.038702091282918
group_7309,5.148354477842169,0.02326841326995841
group_7315,7.6625417603390265,0.005637902246103986
group_7316,7.1811980780883395,0.007367149594733986
group_7317,4.958400913349582,0.025964206695280538
group_7318,4.110907528363157,0.042607493208235266
group_7321,6.911514953868608,0.00856423979224829
group_7324,9.801306862098105,0.0017438789685036004
group_7329,5.908773270429803,0.015065659571931771
group_7331,5.614027963041117,0.017817261197576546
group_7332,4.066635657884535,0.04373830632262379
group_7335,5.148354477842169,0.02326841326995841
group_7341,4.099025299843849,0.042907943129694245
group_7343,27.526291074505682,1.549734697982276e-07
group_7353,13.030407674723545,0.0003064738267656076
group_7358,14.016418042681373,0.00018122136325071642
group_7361,17.074959728605176,3.593297238101343e-05
group_7367,9.00056492319308,0.0026989616428878954
group_7382,4.458511910694708,0.03472773828549694
group_7386,4.834213589998369,0.027900362880542144
group_7387,4.834213589998369,0.027900362880542144
group_7390,6.474937468259506,0.010940616305647707
group_7395,16.111285078082908,5.972706720388173e-05
group_7399,13.525590837592265,0.00023533228875477946
group_74,4.958400913349582,0.025964206695280538
group_740,8.57184112940118,0.00341401750704015
group_7400,3.930764192450627,0.04741039548289199
group_7402,7.161493387610358,0.007448515743795776
group_7409,4.823564480205976,0.028073233273134268
group_7412,15.706734129573661,7.396038376371314e-05
group_7423,5.518213425108907,0.01881946925287842
group_7432,4.578640486394897,0.032372889609474424
group_7447,5.204051629622247,0.022534304831234458
group_7449,9.601036579288351,0.0019446756005422274
group_745,14.771933176074507,0.00012132796696424626
group_7450,11.789029535864977,0.0005958078660012542
group_748,6.9700000415296195,0.008288749480034715
group_7490,5.270610017246117,0.021688411108406695
group_7491,11.83729012884931,0.0005805625243305311
group_7493,7.130458059831127,0.0075785364602191825
group_7499,19.060370704212325,1.2664764292740075e-05
group_7500,6.97431974484202,0.008268764894502277
group_7506,7.141371494900163,0.007532552833250835
group_7511,5.03412356245666,0.024852658922628734
group_7513,12.3792334945031,0.0004341353359482617
group_7518,5.947087573968867,0.014741622152117566
group_7520,4.22056496836889,0.03993686107120448
group_7523,3.98778727170036,0.045831214112950366
group_7525,8.026932176449296,0.0046086834174146555
group_7529,6.672860557046484,0.009789194645253562
group_7534,12.986170987852761,0.0003138000272242331
group_7542,3.98778727170036,0.045831214112950366
group_7552,9.347642239299768,0.0022327252111790535
group_7562,4.166862100167485,0.041222077705427795
group_7563,5.148354477842169,0.02326841326995841
group_7565,5.148354477842169,0.02326841326995841
group_7568,5.148354477842169,0.02326841326995841
group_7573,5.148354477842169,0.02326841326995841
group_7576,5.148354477842169,0.02326841326995841
group_7579,11.299785099415832,0.0007751606252689732
group_7585,11.83729012884931,0.0005805625243305311
group_7588,6.4303797468354436,0.011218459072279488
group_7591,4.7422022949267415,0.029431372333787283
group_7596,4.315618825330477,0.0377640332763318
group_7598,4.665354330708661,0.030777072250793496
group_760,5.362769700266898,0.020571077672570447
group_7611,6.87781602762167,0.008727214005079288
group_7613,5.252355140125497,0.021917087183771847
group_7618,12.845967511193159,0.0003382072944347244
group_7628,9.051032980054707,0.002625464411103038
group_763,4.3026162473361715,0.038053790066958464
group_7634,7.464566929133858,0.006292516711761926
group_7635,6.48296563369865,0.01089131164635418
group_7637,13.111799789217923,0.0002934416417931056
group_7645,6.4930854939263805,0.01082948551210756
group_7650,5.084955212104517,0.024134300082563523
group_7653,6.834269100108703,0.00894252773975953
group_7656,8.539934881557528,0.0034743806231317
group_7657,5.950501124068353,0.014713102930744891
group_7664,7.139715100505887,0.007539513629634961
group_7667,5.270610017246117,0.021688411108406695
group_7676,6.8168838910028295,0.009029999339136546
group_7686,4.958400913349582,0.025964206695280538
group_7689,11.792292577351883,0.000594764458093567
group_7690,11.792292577351883,0.000594764458093567
group_7696,6.97431974484202,0.008268764894502277
group_7700,12.779722821123043,0.00035039684481532175
group_7703,4.510942461306261,0.03367867866278111
group_7704,5.19088674042327,0.022705628115760403
group_7705,11.792292577351883,0.000594764458093567
group_7707,11.792292577351883,0.000594764458093567
group_7714,5.947087573968867,0.014741622152117566
group_7715,5.947087573968867,0.014741622152117566
group_7717,24.65554019384294,6.854741089975204e-07
group_7729,6.4303797468354436,0.011218459072279488
group_7730,4.958400913349582,0.025964206695280538
group_7731,4.958400913349582,0.025964206695280538
group_7732,4.930979849828898,0.02637935582351387
group_7755,3.8585627523070585,0.04949270789552649
group_7762,11.18076096009605,0.0008264986814693943
group_777,16.885604260326886,3.970154655268781e-05
group_7773,4.7148937491784375,0.029902413467850084
group_7777,5.113138896543369,0.02374532234881058
group_7782,5.947087573968867,0.014741622152117566
group_7790,11.272486758608874,0.0007866428078651571
group_7796,7.504125275479804,0.006155783030385908
group_7799,7.504125275479804,0.006155783030385908
group_781,4.958400913349582,0.025964206695280538
group_7811,9.330708661417322,0.0022534519018525406
group_7824,4.958400913349582,0.025964206695280538
group_7829,10.717299578059073,0.0010613846356138789
group_7849,4.583924290974537,0.03227322277831879
group_7868,4.665354330708661,0.030777072250793496
group_7878,6.474937468259506,0.010940616305647707
group_7879,4.665354330708661,0.030777072250793496
group_7885,19.075857564773088,1.2562403788675686e-05
group_7887,8.767318123416768,0.003066760493794821
group_7888,6.4303797468354436,0.011218459072279488
group_790,4.955258105767305,0.02601144171310497
group_7907,4.7148937491784375,0.029902413467850084
group_7908,5.252355140125497,0.021917087183771847
group_7909,9.645569620253166,0.0018980882786265496
group_7910,10.717299578059073,0.0010613846356138789
group_7912,17.685363587517514,2.606243093510465e-05
group_7913,8.767318123416768,0.003066760493794821
group_7919,6.913280618403713,0.008555787085347816
group_793,6.4303797468354436,0.011218459072279488
group_7930,22.40241868500614,2.210954047647062e-06
group_7936,5.587850037405298,0.01808548105485436
group_7940,5.664495750978295,0.017311692999990216
group_7942,4.032300076414499,0.04463704547652637
group_7951,15.221769868834553,9.559503880260991e-05
group_7957,5.483314531742218,0.019198821406934106
group_7961,9.335984646891667,0.0022469732500205227
group_7997,26.397252954140225,2.779354818186534e-07
group_8005,6.4082687388029775,0.011359011536932553
group_8006,5.664495750978295,0.017311692999990216
group_8007,11.372625829268909,0.0007453443383995235
group_8010,7.9534215659751375,0.004799655001346863
group_8019,9.482907595411334,0.0020739501369885743
group_8020,7.5021097046413505,0.006162675994561232
group_8022,6.523742063176536,0.010644380659578956
group_8034,15.723056769802508,7.33249066552709e-05
group_8037,7.161493387610358,0.007448515743795776
group_8055,4.958400913349582,0.025964206695280538
group_8058,4.7148937491784375,0.029902413467850084
group_8081,7.464566929133858,0.006292516711761926
group_8084,4.665354330708661,0.030777072250793496
group_8085,6.277122532679198,0.012230653531073495
group_8086,6.277122532679198,0.012230653531073495
group_8087,4.032300076414499,0.04463704547652637
group_8110,4.274664121220487,0.03868460865747833
group_8111,11.789029535864977,0.0005958078660012542
group_8117,4.930979849828898,0.02637935582351387
group_8118,4.7148937491784375,0.029902413467850084
group_8123,6.4303797468354436,0.011218459072279488
group_8160,8.478158917676932,0.003594356827318564
group_8171,12.284523616867203,0.0004567299682208703
group_8174,8.01262085119107,0.004645246065535086
group_818,5.587850037405298,0.01808548105485436
group_8183,5.362769700266898,0.020571077672570447
group_8190,6.97431974484202,0.008268764894502277
group_8191,4.958400913349582,0.025964206695280538
group_8193,4.274664121220487,0.03868460865747833
group_8207,4.665354330708661,0.030777072250793496
group_8210,8.576090628420138,0.003406058772977963
group_8216,26.397252954140225,2.779354818186534e-07
group_8222,4.575270837007109,0.032436618038868145
group_823,6.474937468259506,0.010940616305647707
group_8231,9.164490855390888,0.002467562774003723
group_8238,8.397637795275589,0.003757089183497932
group_8273,7.408135976995033,0.00649295623065323
group_8279,13.59406685211529,0.00022690152921136126
group_8305,14.771933176074507,0.00012132796696424626
group_8308,6.474937468259506,0.010940616305647707
group_8315,6.9700000415296195,0.008288749480034715
group_8324,6.4303797468354436,0.011218459072279488
group_8327,4.958400913349582,0.025964206695280538
group_8331,6.4303797468354436,0.011218459072279488
group_8338,7.899808264306733,0.004944003770556527
group_8349,9.164490855390888,0.002467562774003723
group_8360,6.277122532679198,0.012230653531073495
group_8367,13.178756513760998,0.00028314057476570853
group_8381,25.08232850532637,5.493398468539367e-07
group_8382,26.397252954140225,2.779354818186534e-07
group_8394,5.995205984186608,0.014344806057574197
group_8396,16.337176078630446,5.301367638486864e-05
group_8400,9.023025332193235,0.002665997749854354
group_8407,10.770812060939637,0.0010311325957132122
group_8409,4.133559254460282,0.04204084003047699
group_8422,4.578640486394897,0.032372889609474424
group_8454,4.578640486394897,0.032372889609474424
group_8460,3.930764192450627,0.04741039548289199
group_8477,6.4303797468354436,0.011218459072279488
group_8479,4.930979849828898,0.02637935582351387
group_8488,4.239079458838466,0.0395035806208451
group_8517,4.955328748463405,0.026010379004131542
group_8519,13.371981470157493,0.00025541136822341984
group_852,8.501007914193236,0.0035494980524717976
group_8525,3.8422730499555553,0.049975726349979085
group_8537,4.930979849828898,0.02637935582351387
group_8538,4.136063029041203,0.04197869381755167
group_854,4.7148937491784375,0.029902413467850084
group_8542,6.474937468259506,0.010940616305647707
group_8551,5.270610017246117,0.021688411108406695
group_8563,4.081227893896086,0.04336213680473649
group_8579,4.958400913349582,0.025964206695280538
group_858,5.252355140125497,0.021917087183771847
group_8582,4.930979849828898,0.02637935582351387
group_8586,4.081227893896086,0.04336213680473649
group_8587,4.081227893896086,0.04336213680473649
group_8589,10.080750191036248,0.0014982632133699735
group_8601,13.371981470157493,0.00025541136822341984
group_8602,5.908773270429803,0.015065659571931771
group_8608,18.724590153307094,1.5102234502369405e-05
group_8610,6.770670580188826,0.009266800948324053
group_8618,4.099025299843849,0.042907943129694245
group_8630,5.252355140125497,0.021917087183771847
group_8636,6.4303797468354436,0.011218459072279488
group_8645,5.483314531742218,0.019198821406934106
group_8655,10.526251148986123,0.001176907075210162
group_8666,6.554423091968545,0.010462375502938638
group_8674,6.9700000415296195,0.008288749480034715
group_8685,5.908773270429803,0.015065659571931771
group_8692,7.749746330935075,0.005372008634535366
group_8695,7.464566929133858,0.006292516711761926
group_8704,5.362769700266898,0.020571077672570447
group_8709,6.4303797468354436,0.011218459072279488
group_8718,7.464566929133858,0.006292516711761926
group_8738,37.41742194261761,9.536642395757937e-10
group_876,5.453072638072138,0.01953394115683554
group_8762,15.723056769802508,7.33249066552709e-05
group_8768,3.930764192450627,0.04741039548289199
group_8783,6.97431974484202,0.008268764894502277
group_8794,14.561712608554371,0.00013564282588284676
group_88,6.4303797468354436,0.011218459072279488
group_880,9.645569620253166,0.0018980882786265496
group_8800,9.43496103882828,0.002128876120432733
group_8802,9.43496103882828,0.002128876120432733
group_8805,4.930979849828898,0.02637935582351387
group_8808,6.474937468259506,0.010940616305647707
group_881,15.723056769802508,7.33249066552709e-05
group_8816,7.141371494900163,0.007532552833250835
group_8818,4.561186605174232,0.03270440687482887
group_8824,4.930979849828898,0.02637935582351387
group_8826,6.4303797468354436,0.011218459072279488
group_883,6.4303797468354436,0.011218459072279488
group_8830,12.355277930053047,0.0004397415208140897
group_8835,12.409985184484423,0.00042704425467050464
group_8857,11.160379721278753,0.0008356281753396978
group_8861,5.876693349853976,0.015342609218321139
group_8871,13.541341160377652,0.00023336557339023953
group_8878,22.40241868500614,2.210954047647062e-06
group_888,6.283748093443032,0.01218501213601594
group_8890,9.920222090630336,0.0016347265492093485
group_8894,11.894175147937734,0.0005630975879259027
group_8929,5.995205984186608,0.014344806057574197
group_8930,4.43542598732359,0.03520043446304843
group_8936,6.277122532679198,0.012230653531073495
group_8938,8.15909569499084,0.004284572970140024
group_8942,10.906570374501733,0.0009582377079118095
group_898,15.723056769802508,7.33249066552709e-05
group_8980,11.31329217748098,0.0007695420790112468
group_9,5.786982956244394,0.01614527479274857
group_9013,4.578640486394897,0.032372889609474424
group_9021,6.4303797468354436,0.011218459072279488
group_9027,6.97431974484202,0.008268764894502277
group_9044,5.281890748185309,0.021548335585915554
group_9054,7.3948875457023595,0.006540951396980537
group_9056,8.285051200955547,0.003997277754873359
group_9060,17.478085952719667,2.9063853109252884e-05
group_9065,4.413213266967308,0.035661606908679915
group_9067,10.563781496370618,0.001153250298311599
group_9071,8.064600152828998,0.0045138435277821964
group_9074,13.371981470157493,0.00025541136822341984
group_9082,17.564022782787816,2.7779459275880327e-05
group_9087,6.97431974484202,0.008268764894502277
group_9088,3.930764192450627,0.04741039548289199
group_9091,8.009642422430222,0.004652892434825515
group_9092,5.358649789029537,0.020619732233924645
group_9100,6.87781602762167,0.008727214005079288
group_9112,23.753731778980494,1.0948289208044318e-06
group_9113,15.706734129573661,7.396038376371314e-05
group_9117,5.691857265113795,0.017043806837580396
group_9134,8.15909569499084,0.004284572970140024
group_9136,9.829500368083568,0.0017173499185894599
group_9137,5.619396899323145,0.017762760281433188
group_9141,6.97431974484202,0.008268764894502277
group_9167,4.958400913349582,0.025964206695280538
group_9191,5.252355140125497,0.021917087183771847
group_9196,7.021393457814115,0.008054152771056538
group_9199,9.491465988325487,0.0020642981320133664
group_9226,5.5984251968503935,0.017976629265919978
group_923,4.099025299843849,0.042907943129694245
group_9231,3.930764192450627,0.04741039548289199
group_9235,12.575825342712093,0.00039076863346585307
group_9258,17.685363587517514,2.606243093510465e-05
group_9259,12.779889427950824,0.00035036563860085747
group_9265,9.645569620253166,0.0018980882786265496
group_9266,15.723056769802508,7.33249066552709e-05
group_9276,4.9764739323196405,0.025694301347754283
group_9287,4.7148937491784375,0.029902413467850084
group_9290,8.285051200955547,0.003997277754873359
group_9292,4.930979849828898,0.02637935582351387
group_9294,7.141371494900163,0.007532552833250835
group_9296,4.665354330708661,0.030777072250793496
group_93,6.474937468259506,0.010940616305647707
group_9349,8.285051200955547,0.003997277754873359
group_9352,6.87781602762167,0.008727214005079288
group_9356,7.040478941538776,0.007968771920181583
group_9357,6.4303797468354436,0.011218459072279488
group_9370,4.510942461306261,0.03367867866278111
group_9378,4.092275121727931,0.04307961734446946
group_9384,4.315049621961812,0.03777666921154802
group_9392,4.274664121220487,0.03868460865747833
group_9397,32.79220239875079,1.0255540431262143e-08
group_9439,10.001720330236228,0.0015639406058336734
group_9440,10.154781902648091,0.0014392742207639626
group_9442,13.371981470157493,0.00025541136822341984
group_9446,8.285533825332921,0.0039962154798044635
group_9462,5.947087573968867,0.014741622152117566
group_9464,4.7148937491784375,0.029902413467850084
group_9469,6.4303797468354436,0.011218459072279488
group_9478,6.709167599485796,0.009591848855200232
group_9484,13.178756513760998,0.00028314057476570853
group_9488,5.723300607993621,0.016741230997734325
group_9489,5.629884202644094,0.017656797816403183
group_949,8.85610825117951,0.0029210970743584106
group_9495,5.358649789029537,0.020619732233924645
group_950,13.815283701715373,0.00020168886898403065
group_9508,8.285533825332921,0.0039962154798044635
group_9509,5.362769700266898,0.020571077672570447
group_9510,5.362769700266898,0.020571077672570447
group_9521,4.7148937491784375,0.029902413467850084
group_9524,13.178756513760998,0.00028314057476570853
group_9532,4.834213589998369,0.027900362880542144
group_9535,6.4303797468354436,0.011218459072279488
group_9538,5.638439150802353,0.017570842921814923
group_9539,3.897859729559122,0.048347662796422816
group_9540,15.223334617384257,9.551586606178053e-05
group_9541,8.478158917676932,0.003594356827318564
group_9543,9.487662618122105,0.0020685818700467685
group_9546,5.947087573968867,0.014741622152117566
group_9549,22.573222866704384,2.022844371884453e-06
group_9552,13.524611207258474,0.00023545516379297016
group_9565,16.03925047343766,6.204285497868542e-05
group_9567,5.613372537293602,0.017823926340033425
group_957,15.706734129573661,7.396038376371314e-05
group_9570,15.692806331697986,7.450700321769707e-05
group_9573,6.100669074106732,0.013513070932202645
group_9575,9.487662618122105,0.0020685818700467685
group_9576,6.867960729592344,0.008775473417398842
group_9577,16.03925047343766,6.204285497868542e-05
group_9581,7.905915025869179,0.004927341105770213
group_9584,5.252355140125497,0.021917087183771847
group_9592,19.10727521257771,1.23572937318726e-05
group_9600,13.815283701715373,0.00020168886898403065
group_9604,16.16180680331482,5.815493294871571e-05
group_9608,5.113138896543369,0.02374532234881058
group_9611,4.413213266967308,0.035661606908679915
group_9616,4.583924290974537,0.03227322277831879
group_9619,8.767318123416768,0.003066760493794821
group_9620,5.252355140125497,0.021917087183771847
group_9621,37.41742194261761,9.536642395757937e-10
group_9624,5.252355140125497,0.021917087183771847
group_9625,10.717299578059073,0.0010613846356138789
group_9635,4.930979849828898,0.02637935582351387
group_9655,6.4303797468354436,0.011218459072279488
group_9657,9.41548374235989,0.002151607931528542
group_9663,5.947087573968867,0.014741622152117566
group_9682,7.749746330935075,0.005372008634535366
group_9684,6.396646443081915,0.01143361405348041
group_9685,8.064600152828998,0.0045138435277821964
group_9694,5.358649789029537,0.020619732233924645
group_97,6.867960729592344,0.008775473417398842
group_970,14.730673200548743,0.00012401224749325222
group_9704,5.947087573968867,0.014741622152117566
group_971,16.398115583653308,5.1336241052615766e-05
group_9710,5.30907515004407,0.021214615373042433
group_9711,5.370099185508334,0.020484812687350137
group_9713,14.675978143095525,0.00012766297417476615
group_9749,13.371981470157493,0.00025541136822341984
group_9758,4.930979849828898,0.02637935582351387
group_9787,9.850272716388117,0.0016980658435921047
group_98,5.947087573968867,0.014741622152117566
group_9840,4.665354330708661,0.030777072250793496
group_9848,4.958400913349582,0.025964206695280538
group_9851,9.164226743335776,0.00246791892324241
group_9859,10.692833648958437,0.0010755134167291609
group_9877,12.204482650618655,0.00047674821454650023
group_9882,13.85625822320219,0.00019733844489085725
group_9884,6.76171059745265,0.009313443897394913
group_9903,23.119711154739743,1.5222220121766661e-06
group_9908,7.194059821886025,0.007314530387571133
group_9918,4.423591802225072,0.035445349818984444
group_9919,20.124251202914444,7.257064649259939e-06
group_9932,4.099025299843849,0.042907943129694245
group_9935,5.518741306840576,0.018813790997338917
group_9941,10.83917895506233,0.0009937478647332443
group_9953,3.930764192450627,0.04741039548289199
group_9957,17.685363587517514,2.606243093510465e-05
group_9958,6.76680031165969,0.00928691896944137
group_9959,8.230498818918141,0.0041192206545001605
group_9962,8.397637795275589,0.003757089183497932
group_9963,3.930764192450627,0.04741039548289199
group_9969,6.97431974484202,0.008268764894502277
group_9980,21.799174508633293,3.0273035451644373e-06
group_9983,4.519522209534259,0.03351018838587623
group_9987,16.6296053213076,4.5436231875053544e-05
group_9989,4.578640486394897,0.032372889609474424
group_9996,5.483314531742218,0.019198821406934106
grsB,9.920222090630336,0.0016347265492093485
hcaB_3~~~hcaB_2~~~hcaB_1~~~hcaB,5.354744620530029,0.020665960688768113
hcaC,5.354744620530029,0.020665960688768113
hcaD_1~~~hcaD_2~~~hcaD,5.354744620530029,0.020665960688768113
hcaE_3~~~hcaE_2~~~hcaE_1~~~hcaE,5.354744620530029,0.020665960688768113
hcaF,5.354744620530029,0.020665960688768113
hcaR_1~~~hcaR_2~~~hcaR_3,5.354744620530029,0.020665960688768113
hchA_2,5.889332578377877,0.01523287256109356
hcp1,11.894175147937734,0.0005630975879259027
hcpA_2~~~hcpA_3~~~hcpA_1~~~hcpA_5,3.966479215756598,0.04641472476599118
hcpA_2~~~hcpA~~~hcpA_4,9.28856648061397,0.0023058853731226254
hdfR_7~~~cynR_1~~~cynR_3~~~cynR_2,4.983600048592822,0.025588681449881603
hemR_2~~~hemR_1,5.126575855233288,0.023562166647330015
hemW_1~~~hemW_2,18.724590153307094,1.5102234502369405e-05
hicA,6.223989764594446,0.012603079532247489
hicB,5.46466465351839,0.019404777503143747
higB2,5.148354477842169,0.02326841326995841
higB_1~~~higB,22.074940880747548,2.6221047873667093e-06
higB~~~higB_2,6.456156630023582,0.011056854512167036
hin_2~~~hin,4.930979849828898,0.02637935582351387
hlyA_2~~~hlyA_1~~~hlyA,7.911742490914731,0.004911493870240874
hlyB_1~~~hlyB_2~~~hlyB,7.786330110634905,0.005264301912333974
hlyC,7.911742490914731,0.004911493870240874
hlyD_2~~~hlyD,8.17276740963574,0.004252397732162344
hlyD_2~~~prsE,10.480869947355547,0.0012061694747850392
hokC,7.908821602995827,0.0049194304448337564
hokC_1,7.514061225075896,0.006121918316966721
hokE_1,6.4647999564400465,0.011003202739615286
hosA,7.440166567972751,0.006378398661299068
hsdR_1~~~hsdR_2~~~hsdR_3~~~hsdR,5.826028650906553,0.015790731757151243
htpG_2,5.638439150802353,0.017570842921814923
htrC,3.8748172329248556,0.04901564627908032
hxlA,4.578640486394897,0.032372889609474424
hxlB~~~hxlB_1,25.08232850532637,5.493398468539367e-07
hycG_2~~~ndhK~~~hycG_1,5.794821110690952,0.016073450265979585
hyfA_5~~~hyfA_1~~~hyfA_2~~~hyfA_3,5.354744620530029,0.020665960688768113
hyfB_7~~~hyfB_3~~~hyfB_4~~~hyfB_5~~~hyfB_6~~~hyfB_1~~~hyfB_2~~~ndhB_4~~~hyfB,5.354744620530029,0.020665960688768113
hyfC_1~~~hyfC_2~~~hyfC,5.354744620530029,0.020665960688768113
hyfE_1~~~hyfE~~~hyfE_2,4.983600048592822,0.025588681449881603
hyfR_1~~~hyfR_3~~~hyfR_2~~~hyfR,5.354744620530029,0.020665960688768113
iclR_1~~~iclR_2,26.294537596887373,2.9311654033488365e-07
icsA,17.685363587517514,2.606243093510465e-05
icsA~~~bmaC~~~icsA_2,5.354744620530029,0.020665960688768113
imm_1~~~imm_2,5.741380247903007,0.01656976655324969
imm_1~~~imm_3~~~imm_2,6.810956395039572,0.009060022683648446
insK,4.955025175331191,0.026014946107150234
intA_1~~~intA_6~~~intA_4~~~intA_2,9.45620286388252,0.0021043624684873433
intA_2~~~intA_1~~~intA_5~~~intA_3~~~intA_4~~~intA_7,15.959405851238184,6.471541630002862e-05
intA_4,6.277122532679198,0.012230653531073495
intA_4~~~intA_1~~~intA_2,4.930979849828898,0.02637935582351387
intA_4~~~intA_5~~~intA_3~~~intA_2~~~intA_1,4.088546863450968,0.04317474597103423
intA_6~~~intA_3~~~intA_2~~~intA_5,9.916801826699164,0.0016377672170770276
intA_6~~~intA_5~~~intS_2,4.8480024150755145,0.027678168525163364
intQ_1~~~intQ_2~~~intQ,12.088882012356638,0.000507233800186844
intQ_2,4.930979849828898,0.02637935582351387
intQ_2~~~intQ,12.11482686843561,0.0005002248224911399
intS_1~~~intA_4~~~intA_2~~~intA_1,7.139715100505887,0.007539513629634961
intS_1~~~intS_3,4.032300076414499,0.04463704547652637
intS_2~~~intS_3~~~intA_1,14.016418042681373,0.00018122136325071642
intS_3~~~intA_1~~~intS_1~~~intS_2~~~intS~~~intA~~~intA_2,6.174849334644229,0.012957894517898898
intS~~~intS_1~~~intS_5~~~intS_2~~~intS_4~~~intS_3,5.30907515004407,0.021214615373042433
iolG,4.578640486394897,0.032372889609474424
iolS_2~~~iolS_1,4.280197244517929,0.03855887345706042
ipaB,4.313213340421052,0.03781746364653328
kbaY_4~~~kbaY_1,5.920514462766696,0.01496558810652597
kdgK_3,4.930979849828898,0.02637935582351387
kduD_3~~~kduD_4,11.83729012884931,0.0005805625243305311
kefF_1~~~kefF_2,4.280197244517929,0.03855887345706042
klcA_2~~~klcA_1~~~klcA,11.741393349038123,0.0006112524500559301
klcA_2~~~klcA_3~~~klcA_1,34.99421011192166,3.3068716420753466e-09
klcA_3~~~klcA_2~~~klcA~~~klcA_4~~~klcA_5~~~klcA_1,4.2613668544596495,0.03898853823947522
klcA~~~klcA_3,8.644560556999506,0.0032803925100196676
lacA_2,4.608846171618333,0.03180742788019198
lacB,25.08232850532637,5.493398468539367e-07
lafS,13.680377975429892,0.00021670698442071099
lafT,14.109849524869823,0.00017243847705419489
ldrD_1~~~ldrD_2~~~ldrD_3~~~ldrD,9.471421831430456,0.002086975544286724
ldrD_2,21.95523996164769,2.7908386612260612e-06
legI,11.94982682148909,0.0005465246022619082
lexA_1~~~lexA_5~~~lexA_2~~~lexA_4,5.086922918678125,0.024106929299863553
lexA_2~~~lexA_1,5.708105814913348,0.016886750883321092
ligA_2,6.277122532679198,0.012230653531073495
lldD_2~~~hmo,10.583613206852167,0.0011409445009691276
lldR_3,5.947087573968867,0.014741622152117566
lolA_1,6.523742063176536,0.010644380659578956
lpfA_1~~~lpfA_3~~~lpfA_2,14.870041194680859,0.00011517776267098942
lpfB~~~lpfB_2,18.96320543108643,1.332637098887941e-05
lpfC~~~lpfC,14.870041194680859,0.00011517776267098942
lpfD_2~~~lpfD_1~~~lpfD,20.30013853825754,6.6195790689592885e-06
lpxG,15.22738296953387,9.531133465228103e-05
lsrA~~~lsrA_3~~~lsrA_2~~~lsrA_1,4.273896271503006,0.038702091282918
lsrB_2~~~lsrB_4~~~lsrB_1,5.354744620530029,0.020665960688768113
lsrC_2~~~lsrC_1~~~lsrC,4.983600048592822,0.025588681449881603
lsrD_2~~~lsrD_1,4.983600048592822,0.025588681449881603
lsrF_4~~~lsrF_3~~~lsrF_2~~~lsrF_1~~~lsrF,4.935316962794712,0.02631323636717547
lsrG~~~lsrG_1~~~lsrG_2,4.280197244517929,0.03855887345706042
lsrG~~~lsrG_2~~~lsrG_1,4.935316962794712,0.02631323636717547
lsrK_5~~~lsrK_4~~~lsrK_3~~~lsrK_2~~~lsrK_1,4.983600048592822,0.025588681449881603
lsrR_1~~~lsrR,4.273896271503006,0.038702091282918
ltxB~~~apxIB~~~lagD~~~ltxB_2,9.952279555389296,0.0016065034799896771
lutP,5.886016933592824,0.0152615812857167
lutR_2,3.98778727170036,0.045831214112950366
manC1_2~~~manC1_3~~~manC1_1,5.5984251968503935,0.017976629265919978
manP_2~~~fruA_4~~~manP_1,8.963497796452991,0.0027542706940618844
mazE,5.494849263149291,0.019072571929701843
mazF,5.494849263149291,0.019072571929701843
mcbR~~~mcbR_1~~~mcbR_2,4.983600048592822,0.025588681449881603
mchB,14.745133165815965,0.0001230647773361305
mchI,14.675978143095525,0.00012766297417476615
mcrC,18.865316479427413,1.4028016529378996e-05
mdtJ_2~~~emrE,4.081227893896086,0.04336213680473649
mdtL_1,7.6644420634129595,0.005631967345065379
melB_1~~~melB_2~~~melB_3~~~melB_4~~~melB,3.973672594723129,0.04621686706031381
mepA_2,9.920222090630336,0.0016347265492093485
metK_2,8.15909569499084,0.004284572970140024
mexB_2~~~mexB_1~~~ttgE,8.15909569499084,0.004284572970140024
mltF_2~~~mltF_1,8.009642422430222,0.004652892434825515
mltF_2~~~mltF_1~~~mltF_3,4.352308018459718,0.03695882676384858
mmgB~~~fadB_2~~~hbd,9.920222090630336,0.0016347265492093485
mobA_1,3.9012945647419075,0.04824891557524139
mprA_3~~~mprA_2,4.720526447427674,0.02980461694377528
mqsA,6.971293951145022,0.008282758184973675
mqsR,6.971293951145022,0.008282758184973675
mrpA~~~ybgD_1,5.834998640738609,0.015710421839984296
msbA_2,14.675978143095525,0.00012766297417476615
mshA_2,6.9700000415296195,0.008288749480034715
mshA_3~~~mshA_1,4.081227893896086,0.04336213680473649
mshA_4~~~mshA_1,6.068249524045398,0.013763329645481222
mtlA_3~~~mtlA_1,5.5984251968503935,0.017976629265919978
murR_3~~~murR_2~~~murR_1,5.354744620530029,0.020665960688768113
nagR_2,7.464566929133858,0.006292516711761926
nanE_2,16.82611497703836,4.0965665725000013e-05
ndhB_1~~~ndhB_2~~~ndhD~~~mrpA~~~nuoL_2~~~ndhB_3,5.40882216889393,0.020035229867484985
ndhB_2~~~hyfG_1~~~nuoC_2~~~ndhB_1,5.354744620530029,0.020665960688768113
ndhI_2~~~ndhI_1,5.354744620530029,0.020665960688768113
neuA~~~neuA_1~~~neuA_2,9.967917510147544,0.0015929156017454426
neuC_1~~~neuC_2~~~neuC,9.967917510147544,0.0015929156017454426
nohA_1~~~nohA_2,4.482284823718095,0.034247906772099435
nohA_2,9.043195293369717,0.0026367438476564437
nupX_1~~~nupX~~~nupX_2,6.6531389809853865,0.009898129579568052
ogl_3~~~ogl,11.83729012884931,0.0005805625243305311
ompD_1~~~ompD_2~~~ompD,4.084329386884194,0.04328262366405765
ompX_3~~~ompX_2~~~ompX_1~~~ompX_4,8.641993427339493,0.003285017970141049
ompX_4~~~ompX_2,4.1574013303269,0.041452956413871984
opgE_4~~~opgE_1~~~opgE_2~~~opgE_3,6.417109436296121,0.01130259852972083
pagN_1~~~pagN_2~~~pagN,4.164643475211667,0.041276099066896034
pagN_2~~~pagN,6.146553775641161,0.013166842892834416
pal_1~~~pal_2~~~pal_3,11.894175147937734,0.0005630975879259027
papA_1~~~papA,4.081227893896086,0.04336213680473649
papA~~~papA_1~~~papA_2,8.796542613080543,0.0030180194358583844
papB~~~papB_1,13.91027342011798,0.00019174753301097046
papC_1~~~papC_3~~~papC_7~~~papC_6~~~papC_2~~~papC_4,4.71623022333179,0.029879179004888148
papC_2~~~papC_1~~~papC_3~~~papC_4,5.834998640738609,0.015710421839984296
papD~~~papD_2~~~papD_1,4.71623022333179,0.029879179004888148
papE~~~papE_1~~~papE_2,4.542025897870361,0.03307242834140037
papE~~~papE_2~~~papE_1,4.9764739323196405,0.025694301347754283
papF_2~~~prsF~~~papF,5.794821110690952,0.016073450265979585
pduA,9.168872133723417,0.0024616623210429946
pduA_1,16.03925047343766,6.204285497868542e-05
pduB,8.576090628420138,0.003406058772977963
pduC,16.03925047343766,6.204285497868542e-05
pduD,16.03925047343766,6.204285497868542e-05
pduE,16.03925047343766,6.204285497868542e-05
pduF~~~pduF_2~~~pduF_1,16.03925047343766,6.204285497868542e-05
pduL,16.03925047343766,6.204285497868542e-05
pduU,16.03925047343766,6.204285497868542e-05
pduV_2~~~pduV_1,13.553500621860906,0.0002318585784110241
pelX~~~pelX_2~~~pelX_1,11.83729012884931,0.0005805625243305311
pemI,9.952947864639281,0.001605920388961646
pemK,10.83917895506233,0.0009937478647332443
pepT_2,3.98778727170036,0.045831214112950366
pet~~~sat~~~sat_2~~~sat_3~~~sat_1,4.630841523941866,0.0314021578963318
pflD_2,8.576090628420138,0.003406058772977963
pgiA,4.578640486394897,0.032372889609474424
pgrR_3~~~pgrR_5~~~pgrR_1~~~pgrR_2,4.280197244517929,0.03855887345706042
pgrR_6,4.03908174452877,0.044458005978062334
phnR,12.432457550117771,0.0004219363185772004
phoP_2,11.176040214246395,0.0008286042633123431
php_1~~~php_2,5.484048409870262,0.01919076332642408
pic~~~pic_2~~~pic_3~~~pic_4~~~pic_5~~~pic_6~~~pic_1,10.480869947355547,0.0012061694747850392
pikAV~~~lgrE~~~pikAV_1,9.920222090630336,0.0016347265492093485
pphA_2~~~pphA_1,5.281890748185309,0.021548335585915554
ppsB~~~dltA_2~~~dltA_1~~~srfAB~~~tdh_1~~~dltA_3,9.920222090630336,0.0016347265492093485
ppsE_2~~~pksJ~~~ppsE,9.920222090630336,0.0016347265492093485
ppsE_2~~~ppsE_1~~~ppsE~~~COQ5~~~COQ5_2,14.995515631748564,0.00010776696259435226
pptA,7.283703427811034,0.006958293447036834
proA_2,4.930979849828898,0.02637935582351387
ptsG_1,4.578640486394897,0.032372889609474424
ptsG_2,16.82611497703836,4.0965665725000013e-05
ptxA,9.645569620253166,0.0018980882786265496
puuA_2~~~puuA_1~~~puuA,5.354744620530029,0.020665960688768113
puuB_1~~~puuB_2~~~puuB_3~~~puuB,5.354744620530029,0.020665960688768113
puuC_1~~~puuC_2~~~puuC_3~~~puuC,5.354744620530029,0.020665960688768113
puuD,5.354744620530029,0.020665960688768113
puuE_1~~~argD_3~~~puuE_2~~~puuE,5.354744620530029,0.020665960688768113
puuP~~~puuP_2~~~puuP_1,5.354744620530029,0.020665960688768113
puuR_2~~~puuR_1~~~puuR,5.354744620530029,0.020665960688768113
queC_2,11.39157846414524,0.0007377781301030883
rafB_2~~~rafB,4.032300076414499,0.04463704547652637
rapA_1,14.771933176074507,0.00012132796696424626
rayT,13.690564165464849,0.00021553470747005278
rbsA_1~~~btuD_3~~~xylG_2~~~rbsA_4,12.779889427950824,0.00035036563860085747
rbsC_1,12.779889427950824,0.00035036563860085747
rbsK_1~~~rbsK_3,6.280743128096862,0.012205690674174126
rbsK_2~~~rbsK_1~~~rbsK_3,7.992530133017182,0.004697073035261331
rcsA_1,9.920222090630336,0.0016347265492093485
rcsB_2,11.153206607250794,0.0008388654648217778
recB_2,7.6644420634129595,0.005631967345065379
repB,4.665354330708661,0.030777072250793496
rfbC,6.556649564374075,0.010449292523080961
rfbC~~~rfbC_2,4.2943069770798035,0.03824017802607354
rhaR_3,16.03925047343766,6.204285497868542e-05
rhaR_4~~~rhaR_2,8.15909569499084,0.004284572970140024
rhlE_2,21.955933055326025,2.7898309538195775e-06
rhmR_2,5.404480009974574,0.02008513122574864
rhmT_2~~~rhmT_1~~~rhmT_3,25.571223130336552,4.263506392844199e-07
rhsA~~~rhsB~~~rhsA_2,6.3232747139119265,0.011916336545201375
rhsB,10.717299578059073,0.0010613846356138789
rhsC_12~~~rhsD_2~~~rhsD_1~~~rhsD~~~rhsC_4~~~rhsC_1~~~rhsC_2~~~rhsC_5,11.362525595359877,0.0007494084948785728
rhsD_2~~~rhsD~~~rhsD_1~~~rhsD_3~~~rhsD_4~~~rhsD_6~~~rhsD_5,11.678295306045605,0.0006323344344952575
rnfC~~~rsxC_2~~~rsxC_1,16.03925047343766,6.204285497868542e-05
rpe_1,25.08232850532637,5.493398468539367e-07
rrrD_2~~~rrrD_3~~~rrrD_1,10.751524137014519,0.0010419347386525725
rrrD_2~~~rrrD_3~~~rrrD_1~~~rrrD_4,12.409985184484423,0.00042704425467050464
rrrD_3~~~rrrD_1~~~rrrD~~~rrrD_2,9.144578709225078,0.002494560692221358
rusA_1~~~rusA_3~~~rusA_4~~~rusA~~~rusA_2,4.799218812929324,0.0284726443596909
rusA_1~~~rusA~~~rusA_3~~~rusA_2,8.005645774304927,0.004663172973455757
rusA_3~~~rusA_2~~~rusA_1,4.623617495166381,0.03153466503088974
rusA~~~rusA_2~~~rusA_1~~~rusA_4~~~rusA_5,4.267775719343438,0.03884174234588822
sacA_2,5.947087573968867,0.014741622152117566
sacX,6.357822000338409,0.011686491301865142
sasA~~~resE~~~kdpD_2~~~sasA_1,10.987832958255304,0.0009171198411994681
sauU~~~sauU_2~~~sauU_1,4.212629330959769,0.0401240968568214
scpC,6.463471083060308,0.011011434055317395
scrK_2,5.947087573968867,0.014741622152117566
scrK_2~~~scrK_1~~~scrK_3~~~scrK,6.729859542605444,0.009481206545393656
scrY,6.357822000338409,0.011686491301865142
scrY_1,4.930979849828898,0.02637935582351387
setC~~~setC_2~~~setC_1,5.46466465351839,0.019404777503143747
sfaH_1~~~sfaH,15.723056769802508,7.33249066552709e-05
sfmA,5.354744620530029,0.020665960688768113
sfmD_1~~~sfmD~~~sfmD_2,5.794821110690952,0.016073450265979585
sfmD~~~sfmD_2~~~sfmC,6.256022944794995,0.012377175527084833
sfmF,4.623233713361291,0.03154172086558367
sfmH_2~~~sfmH_1~~~sfmH,4.623233713361291,0.03154172086558367
sfmM2,6.523742063176536,0.010644380659578956
sfp,9.920222090630336,0.0016347265492093485
sgrR_2~~~sgrR_1~~~sgrR_3,4.578640486394897,0.032372889609474424
shlB_1~~~shlB~~~shlB_3,4.9602711053523345,0.0259361408331723
siaQ,4.04371060349332,0.04433623594180797
sicA_2~~~ipgC,4.313213340421052,0.03781746364653328
smf1,14.311525886144352,0.00015491345793696175
sopA,5.354744620530029,0.020665960688768113
sorC_1,25.08232850532637,5.493398468539367e-07
spaO,4.47329922367299,0.03442845182386956
speA_2~~~speA,4.665354330708661,0.030777072250793496
srfAA_1~~~srfAA,9.920222090630336,0.0016347265492093485
srlA_2,4.578640486394897,0.032372889609474424
srlB_2,4.578640486394897,0.032372889609474424
srlE_1~~~srlE_2,4.578640486394897,0.032372889609474424
srmB_3~~~srmB_1~~~srmB_2,4.536075850191876,0.033187589457870384
ssb_3,6.3504608403379965,0.011735080971651577
symE_2~~~symE_1,6.556649564374075,0.010449292523080961
tagD~~~tagD_2,13.8469367673599,0.00019831975925944668
tagG_1,7.9092182073666715,0.0049183520336638226
tam~~~tam_1~~~tam_2,3.928804216917511,0.04746568395602378
tdcD_2,9.168872133723417,0.0024616623210429946
tfaE_1~~~tfaE~~~tfaE_3~~~tfaE_2,7.014226683784304,0.008086455200775888
thiH_2~~~thiH_1~~~thiH,5.354744620530029,0.020665960688768113
tisB,6.530452592863304,0.010604297132663141
tnpA,12.875831325254111,0.0003328528356713094
tnsA,6.9700000415296195,0.008288749480034715
tnsE,6.048450114621747,0.013918508908403298
toxA,10.770812060939637,0.0010311325957132122
tqsA_2~~~tqsA_1,16.75477184550244,4.25351562701315e-05
tsaR_2~~~tsaR_1,4.415191771914591,0.03562027464326045
ttgR,8.15909569499084,0.004284572970140024
tufB~~~tuf1,110.44430522134098,7.83150560706028e-26
ugd_2~~~ugd_1~~~ugd,4.99501946606502,0.0254203676085769
ulaA_1,6.556649564374075,0.010449292523080961
ulaA_1~~~ulaA_2,6.882392291484617,0.00870489740096524
ulaB_1,6.556649564374075,0.010449292523080961
ulaB_1~~~ulaB_2,13.532827383918782,0.0002344266081800743
ulaB_2,12.929599912880093,0.00032342690206949894
ulaC_2~~~ulaC_3,23.571825697843423,1.2033665756041422e-06
uxaA_2~~~uxaA_1,25.571223130336552,4.263506392844199e-07
vdcD,7.440166567972751,0.006378398661299068
vgrG1_1,8.610703136948345,0.003341932620344998
vgrG1_2~~~vgrG1_1~~~vgrG1,12.453031722043978,0.0004173139036318831
vgrG1_2~~~vgrG1_4~~~vgrG1~~~vgrG1_3~~~vgrG1_1,7.309648632762917,0.0068585336348306195
vgrG1~~~vgrG1_4~~~vgrG1_2~~~vgrG1_1,16.60693580914782,4.598255596967972e-05
vnfA~~~atoC_1~~~atoC_2,13.8469367673599,0.00019831975925944668
wbbD,4.665354330708661,0.030777072250793496
wbbI,8.064600152828998,0.0045138435277821964
wbbL_2~~~wbbL,8.064600152828998,0.0045138435277821964
wecB_1,4.032300076414499,0.04463704547652637
wecC_2~~~wecC_1,4.032300076414499,0.04463704547652637
wecD_1,6.9700000415296195,0.008288749480034715
xerC_2,6.9700000415296195,0.008288749480034715
xerC_2~~~xerD_3~~~xerD_2,4.161418833002605,0.04135474859449475
xerC_3~~~xerC_1~~~xerC_2,4.806778975534584,0.028347984279863094
xerC_3~~~xerC_4~~~xerC_2~~~xerC_1,20.312011740566476,6.5786287344833825e-06
xerD_3,17.685363587517514,2.606243093510465e-05
xerD_3~~~xerD_2,11.037482613681153,0.0008928802421537834
xerD_4,6.9700000415296195,0.008288749480034715
yadA,8.009642422430222,0.004652892434825515
yadC_2~~~yadC,10.301941094388521,0.001328903500917615
yafN,4.3209984601834375,0.03764482746445499
yafO,4.3209984601834375,0.03764482746445499
yagE,25.571223130336552,4.263506392844199e-07
yajO_3~~~yajO_4~~~yajO_2~~~yajO_1,4.280197244517929,0.03855887345706042
ybbH_2~~~ybbH_1,16.82611497703836,4.0965665725000013e-05
ybcO_2,5.252355140125497,0.021917087183771847
ybcO~~~ybcO_1,4.2613668544596495,0.03898853823947522
ybgD~~~ybgD_2,4.71623022333179,0.029879179004888148
ybhA_2,19.422292178781912,1.047768968214553e-05
ybiA~~~ybiA_2~~~ybiA_1,6.67599073425728,0.009772017974616994
ybiU_1~~~ybiU_2~~~ybiU~~~ybiU_3,4.623233713361291,0.03154172086558367
ycaM_2~~~ycaM_1~~~ycaM,5.354744620530029,0.020665960688768113
ycfH_2,9.164226743335776,0.00246791892324241
yciC,9.353262013134433,0.0022258894340340617
yciE,6.455572400551864,0.011060490673616237
yciF~~~yciF_1~~~yciF_3~~~yciF_2,6.455572400551864,0.011060490673616237
ydaW_1,10.347689389719804,0.0012963685419881208
yddA_1~~~yddA_2~~~yddA_3~~~yddA_4~~~yddA,5.403962890204259,0.020091082676767204
ydfB,16.991226250670092,3.755295016976381e-05
ydfJ_1,4.49187696626773,0.03405626632829359
ydfO_3~~~ydfO_2~~~ydfO_1,4.691271186038454,0.03031621142835526
ydfR,11.107133767435965,0.0008599629144519741
ydfR~~~ydfR_2,7.221954444918661,0.007201725271441636
ydjF_2,25.08232850532637,5.493398468539367e-07
yeaR_2~~~yeaR_1,4.532163425911882,0.033263541256674786
yeaW_3~~~yeaW~~~yeaW_2~~~yeaW_1,5.354744620530029,0.020665960688768113
yeaX_2~~~yeaX~~~yeaX_1,4.983600048592822,0.025588681449881603
yedY1_2~~~yedY1~~~yedY1_1,10.987832958255304,0.0009171198411994681
yedZ1,11.176040214246395,0.0008286042633123431
yeeW~~~yeeW_1,6.3182547490400935,0.011950118864907669
yehB_5~~~yehB_2~~~yehB_1~~~yehB_3,4.403368612575791,0.03586801556446067
yfcP,9.150541674014217,0.002486444498255749
yfcS_1~~~papD_1,7.235813804110517,0.007146340993111099
yfeW_1~~~yfeW_2~~~yfeW,6.584437868794449,0.010287409681568268
yfkM,8.576090628420138,0.003406058772977963
ygbF,6.584437868794449,0.010287409681568268
ygcB,7.666134579018491,0.005626686756791448
ygdG,4.930979849828898,0.02637935582351387
ygfF~~~ygfF_1~~~ygfF_2,3.9862790344605448,0.04587226112706571
ygiW_2~~~ygiW_1,5.354744620530029,0.020665960688768113
yicI_1~~~yicI,6.9700000415296195,0.008288749480034715
yicJ_2~~~yicJ_1~~~yagG,5.995205984186608,0.014344806057574197
yihN_3~~~yihN_2~~~yihN_1~~~yihN,12.432457550117771,0.0004219363185772004
yjaB_1,4.47329922367299,0.03442845182386956
yjeO~~~yjeO_1,4.871182749986264,0.02730877739703187
yjgN_2~~~yjgN_1~~~yjgN,6.880963773459699,0.008711857432866623
yjmD_2,5.947087573968867,0.014741622152117566
ykfI_1~~~ykfI,9.021884922612522,0.002667661573635898
ynfP~~~ydfJ_1,6.6145670143228195,0.01011479283789433
yraH_2~~~yraH_1~~~yraH,7.9534215659751375,0.004799655001346863
yraJ_1~~~yraJ,21.70397895278912,3.1813073744527186e-06
yraJ~~~yraJ_3~~~yraJ_2,7.383138137584293,0.006583819071093749
yraK,7.383138137584293,0.006583819071093749
ysdC_1~~~ysdC,8.963497796452991,0.0027542706940618844
yycB~~~nimT_2,4.578958125056003,0.03236688901907218
