gene,chi2_score,p_value
RBKS_3~~~yihV_1~~~rbsK_2,5.995205984186608,0.014344806057574197
aam,9.920222090630336,0.0016347265492093485
aaxC_1,7.431715477812112,0.006408422151910399
aaxC_2~~~aaxC_3,8.725871831627714,0.0031372601701857247
abaQ,4.930979849828898,0.02637935582351387
abgA_1~~~abgA_2~~~abgA,4.415191771914591,0.03562027464326045
abgB_1~~~abgB_2~~~abgB_3~~~abgB,4.415191771914591,0.03562027464326045
abgT_1~~~abgT_2~~~abgT_3~~~abgT,4.415191771914591,0.03562027464326045
acnB,5.5984251968503935,0.017976629265919978
acpP_1~~~acpP_3,6.523742063176536,0.010644380659578956
acuI_2,5.085565799528222,0.02412580336793924
adhE_2~~~adhE_1,16.03925047343766,6.204285497868542e-05
adhE_2~~~astD_2~~~astD_1,16.03925047343766,6.204285497868542e-05
adiA_2,7.431715477812112,0.006408422151910399
aes_2~~~aes_1,6.400688686239523,0.011407610372961896
afaD,4.707741871179945,0.030027068455407934
afaE3,4.958400913349582,0.025964206695280538
agaC_2,40.67266185429889,1.7998771783279625e-10
agaS_2~~~kbaZ_2,6.505465599884019,0.010754339981509528
aglB_1~~~aglB_2~~~aglB_3~~~aglB~~~aglB_4,4.983600048592822,0.025588681449881603
algC_2~~~algC~~~algC_1~~~glmM_1,5.573810671069969,0.01823104289769046
ampC_2~~~ampC_3,4.665354330708661,0.030777072250793496
ampR,4.665354330708661,0.030777072250793496
ant1,6.432107378982687,0.01120755253000926
ant1_2~~~ant1_1,5.5984251968503935,0.017976629265919978
aplK~~~glpK_1,12.779889427950824,0.00035036563860085747
appY~~~gadX_1~~~rhaR_6,4.623233713361291,0.03154172086558367
aptA,12.779889427950824,0.00035036563860085747
aptB,12.779889427950824,0.00035036563860085747
apxIB_1~~~ltxB~~~apxIB~~~lagD~~~ltxB_2,10.358726411176452,0.0012886407641636097
apxIB_2~~~apxIB,7.172730439998453,0.007402002935166047
apxIB~~~apxIB_2~~~ltxB,10.884895304432568,0.000969516604061884
araB_2,6.4303797468354436,0.011218459072279488
arcA_2~~~arcA_1,4.519522209534259,0.03351018838587623
argH_2,3.98778727170036,0.045831214112950366
argI_2~~~argF,4.91504438860532,0.02662377907105961
argR_2,4.519522209534259,0.03351018838587623
arsA,6.867960729592344,0.008775473417398842
arsB_2~~~arsB~~~arsB_1,5.354744620530029,0.020665960688768113
arsD,6.867960729592344,0.008775473417398842
aspA_1~~~aspA_2,5.865047011528622,0.01544444627617542
assT~~~assT_1~~~assT_2,4.239624950514703,0.03949088994322949
astD_2,8.576090628420138,0.003406058772977963
atm1_2,6.4303797468354436,0.011218459072279488
bcgIA,4.930979849828898,0.02637935582351387
bcgIB,4.930979849828898,0.02637935582351387
bcs1,10.080750191036248,0.0014982632133699735
betI_3,10.770812060939637,0.0010311325957132122
bshA~~~mshA_2~~~glgM,6.396646443081915,0.01143361405348041
btuB_3~~~cirA_1,20.686009542493508,5.410991658091321e-06
btuD_2,6.9700000415296195,0.008288749480034715
btuR_1,4.313213340421052,0.03781746364653328
bvgA,4.194432183318861,0.04055693310978969
cadC_2~~~cadC,4.9764739323196405,0.025694301347754283
caeB~~~caeA,11.153206607250794,0.0008388654648217778
caf1A,4.707741871179945,0.030027068455407934
caf1M,4.707741871179945,0.030027068455407934
cai,6.97431974484202,0.008268764894502277
caiT_1~~~caiT_2~~~betL~~~betT1~~~ectT,5.354744620530029,0.020665960688768113
casA,8.71883243172987,0.0031493966986815107
casC,7.911742490914731,0.004911493870240874
catM_2,5.358649789029537,0.020619732233924645
cbeA_1,5.270610017246117,0.021688411108406695
cbeA_1~~~cbeA_2~~~cbeA_3~~~cbeA_4~~~cbeA~~~cbeA_5,21.42411448470049,3.681121884851245e-06
cbeA_1~~~cbeA_2~~~cbeA_4~~~cbeA,5.839747582976182,0.015668074229801505
cbeA_2~~~cbeA_1~~~cbeA_3~~~cbeA_6,5.1164577034674465,0.023699947673182686
cbeA_3~~~cbeA~~~cbeA_1~~~cbeA_5,5.889332578377877,0.01523287256109356
cbeA~~~cbeA_1,8.285051200955547,0.003997277754873359
cbeA~~~cbeA_1~~~cbeA_2~~~cbeA_3~~~cbeA_5,5.833577692343001,0.015723115734019643
cbtA_1~~~cbtA_4,6.4082687388029775,0.011359011536932553
cbtA_2~~~cbtA_3~~~cbtA_1~~~cbtA_4,16.71014637204471,4.354747172927804e-05
cbtA_2~~~cbtA_4~~~cbtA,6.6382389804466495,0.009981255160262867
cbtA_2~~~cbtA_4~~~cbtA_1~~~cbtA_3~~~cbtA,4.886308066264215,0.0270705147634867
cbtA_3,8.644560556999506,0.0032803925100196676
cbtA_3~~~cbtA_1~~~cbtA_2,6.783045362069876,0.009202774655226712
cbtA~~~cbtA_1~~~cbtA_2~~~cbtA_3,13.106496534409413,0.0002942735015571493
cbtA~~~cbtA_3~~~cbtA_2~~~cbtA_1~~~cbtA_5,5.298230126297506,0.021347104515495933
ccdB,7.856024158737702,0.005065165201292213
ccmL,16.03925047343766,6.204285497868542e-05
cdiA_6~~~cdiA_5~~~cdiA_2,8.767318123416768,0.003066760493794821
cdiA~~~cdiA_1,4.081227893896086,0.04336213680473649
cea,10.906570374501733,0.0009582377079118095
cea_4~~~cea_3~~~cea_2~~~cea~~~cea_1,10.998449347921092,0.0009118814689299148
cfaB,4.164643475211667,0.041276099066896034
citF,5.5984251968503935,0.017976629265919978
citG_2,4.665354330708661,0.030777072250793496
citX~~~citX_2,4.665354330708661,0.030777072250793496
clpP_3~~~clpP_1~~~clpP_2,4.021355974559315,0.044927578140687846
clpP_3~~~clpP_2,5.581986032115523,0.018146133274827954
clpV1~~~clpV1_2,5.638439150802353,0.017570842921814923
cma,6.97431974484202,0.008268764894502277
cmi,4.958400913349582,0.025964206695280538
cntE~~~yfcJ_2,8.752260736847315,0.0030921848536342085
cra_2,6.357822000338409,0.011686491301865142
cra_3,6.4303797468354436,0.011218459072279488
crcB_2,4.879962789461446,0.027170204890160702
crr_2,4.930979849828898,0.02637935582351387
cse3~~~casE,8.434101674998823,0.0036824875658273337
cspE_1~~~cspG_2,5.6714350486531675,0.017243344457929025
cspJ,13.276477960893299,0.0002687569272798694
ctxB,6.4303797468354436,0.011218459072279488
curA~~~curA_2~~~curA_1,5.354744620530029,0.020665960688768113
cutD_2~~~cutD_3,8.576090628420138,0.003406058772977963
cvaA_1,4.081227893896086,0.04336213680473649
cvaA~~~cvaA_1~~~cvaA_2,13.532827383918782,0.0002344266081800743
cvaC,7.172730439998453,0.007402002935166047
cynR_3~~~hdfR_7~~~cynR_2,4.983600048592822,0.025588681449881603
cynS,4.983600048592822,0.025588681449881603
cynT,4.983600048592822,0.025588681449881603
dapH_1,8.064600152828998,0.0045138435277821964
dasR~~~nagR_2,5.995205984186608,0.014344806057574197
dctA_1,4.313213340421052,0.03781746364653328
dctM,4.04371060349332,0.04433623594180797
dcuA_3,4.799500537116405,0.028467988768476976
dcuB_2,3.98778727170036,0.045831214112950366
dcuB_3,3.98778727170036,0.045831214112950366
dcuD_1~~~dcuD_2,3.98778727170036,0.045831214112950366
dcuD_3~~~dcuD_1~~~dcuD_2,5.302352981429935,0.02129663667893038
ddpA_1~~~ddpA_2~~~ddpA_3~~~ddpA,4.983600048592822,0.025588681449881603
ddpB_1~~~ddpB_2~~~ddpB,4.983600048592822,0.025588681449881603
ddpD,5.354744620530029,0.020665960688768113
ddpF~~~btuD_7,5.354744620530029,0.020665960688768113
ddpX~~~ddpX_1~~~ddpX_2,4.983600048592822,0.025588681449881603
ddrA,16.03925047343766,6.204285497868542e-05
deoR_2~~~deoR_1,14.453659261243452,0.00014365049457898543
dgaR,6.474937468259506,0.010940616305647707
dgoA_2,5.865047011528622,0.01544444627617542
dgoD_2~~~dgoD,8.397637795275589,0.003757089183497932
dgoT_2~~~dgoT,4.9764739323196405,0.025694301347754283
dhfrI,6.888357494342746,0.00867589516081804
dinG_2,12.11482686843561,0.0005002248224911399
dinI_1~~~dinI_3~~~dinI_2,5.210521350970371,0.022450601586315577
dlsT_2~~~dlsT,4.584436066861708,0.03226358633058711
dltA_1~~~dltA_2,11.94612942683546,0.0005476102483060357
dltA_2~~~tycC~~~dltA_3~~~angR~~~lgrD~~~grsB_1,9.920222090630336,0.0016347265492093485
dltC,9.920222090630336,0.0016347265492093485
dmlA_3~~~dmlA_2~~~dmlA_1~~~dmlA,5.354744620530029,0.020665960688768113
dmlR_1,5.794821110690952,0.016073450265979585
dmsA_1,6.4303797468354436,0.011218459072279488
dnaB_1~~~dnaC_3~~~dnaB_3~~~dnaB_2,10.301941094388521,0.001328903500917615
dnaT_1~~~dnaT_2,16.819701651217656,4.1104339684524254e-05
dnaT_2~~~dnaT_1,12.355277930053047,0.0004397415208140897
dosC~~~dosC_2~~~dosC_1~~~dosC_3,5.354744620530029,0.020665960688768113
dpnA~~~dpnA_1,7.464566929133858,0.006292516711761926
dpnM_1~~~dpnM,6.8168838910028295,0.009029999339136546
dpnM~~~dam_2,9.051032980054707,0.002625464411103038
dsbI,4.239624950514703,0.03949088994322949
dsbL_1~~~dsbL_2~~~dsbL,4.239624950514703,0.03949088994322949
dsdX_1~~~dsdX~~~dsdX_2,24.453139415569638,7.613934267521492e-07
eatA~~~espP~~~sepA_2~~~pic_2~~~pic_3~~~pic_4~~~pic_5~~~pic_6~~~pic_1~~~pic,11.153206607250794,0.0008388654648217778
ecdB,6.95971034858893,0.008336552792549802
ecoRIIR,5.270610017246117,0.021688411108406695
edcC_1~~~edcC_2~~~edcC,6.95971034858893,0.008336552792549802
elfC_2~~~elfC_1~~~lpfC,8.79514695002427,0.0030203291511791373
elfG_2~~~elfG~~~lpfD,9.555765562122357,0.0019932236688908474
elmGT_1~~~elmGT_2~~~elmGT,7.221954444918661,0.007201725271441636
emrB~~~emrB_1,11.196850393700787,0.0008193628911130033
emrB~~~emrB_4~~~emrB_1,4.665354330708661,0.030777072250793496
eno_2,5.518741306840576,0.018813790997338917
era_1~~~era_3,7.331079322294403,0.006777234524313046
era_2~~~era_3~~~era_1,8.565370856260923,0.003426171771591105
esiB_1~~~esiB,8.162455787792172,0.0042766423756151846
espC,40.96892909648161,1.5466868975812158e-10
espC_1~~~espC~~~espC_2,11.369866209186448,0.0007464525448578717
eutN_1~~~eutN_2,9.168872133723417,0.0024616623210429946
exuT_1,7.899808264306733,0.004944003770556527
exuT_2~~~exuT_3,5.947087573968867,0.014741622152117566
fabF_2~~~fabF_1~~~fabF_3,6.523742063176536,0.010644380659578956
fabF_3~~~fabB_2~~~fabF_2,6.523742063176536,0.010644380659578956
fabG_1,12.779889427950824,0.00035036563860085747
faeE,4.032300076414499,0.04463704547652637
fenF,9.920222090630336,0.0016347265492093485
fepA_1~~~pfeA_2~~~pfeA_1~~~fepA_2~~~pfeA~~~btuB_3,7.679881813743462,0.005583982502307193
fepC_2,9.98629572914433,0.0015770954047647561
fepE_2,5.358649789029537,0.020619732233924645
fes_1~~~fes_2,7.776372596867121,0.0052933980322078565
fic_2,4.955328748463405,0.026010379004131542
fimD_6~~~htrE_1~~~htrE_2,11.372625829268909,0.0007453443383995235
flaB2~~~fliC1,13.255702609958565,0.00027175191010741996
flgB_1~~~flgB_2,13.255702609958565,0.00027175191010741996
flgC_2~~~flgC_1,13.255702609958565,0.00027175191010741996
flgE_2~~~flgE_3,13.255702609958565,0.00027175191010741996
flgF_1~~~flgF_2,13.255702609958565,0.00027175191010741996
flgG_1~~~flgG_2,13.255702609958565,0.00027175191010741996
flgH_1~~~flgH_2,13.255702609958565,0.00027175191010741996
flgI_2,13.255702609958565,0.00027175191010741996
flgL_1~~~flgL_2,13.255702609958565,0.00027175191010741996
flhB_3~~~flhB_1~~~flhB_2,13.255702609958565,0.00027175191010741996
fliC_2~~~fliC_1~~~fliC,4.930979849828898,0.02637935582351387
fliC~~~fljB,4.252806891105508,0.03918551345667788
fliD_2~~~fliD_1,13.680377975429892,0.00021670698442071099
fliE_2,13.8469367673599,0.00019831975925944668
fliF_2~~~fliF_1,13.8469367673599,0.00019831975925944668
fliG_2,13.8469367673599,0.00019831975925944668
fliI_2~~~fliI_1,13.8469367673599,0.00019831975925944668
fliN_1~~~fliN_2,13.255702609958565,0.00027175191010741996
fliP_2,14.454160964330523,0.00014361223523987965
fliR_2,13.255702609958565,0.00027175191010741996
fliS_2,13.680377975429892,0.00021670698442071099
flp,9.920222090630336,0.0016347265492093485
flu_1~~~flu_2~~~flu~~~flu_3~~~flu_4,19.744894991183195,8.849776783883582e-06
flu_1~~~flu~~~flu_2~~~flu_3~~~flu_4,10.43869861491709,0.0012340218688909217
flu_4~~~flu_1~~~flu_2~~~flu_3~~~flu,9.759925578922893,0.0017835713043066826
flxA,5.777658014267206,0.016231154538426135
focB_1~~~focB_2~~~focB,5.354744620530029,0.020665960688768113
focC_1,16.70680971543905,4.362412898754049e-05
focC_1~~~focC_2,8.79514695002427,0.0030203291511791373
folP_2~~~folP_3,4.506773800305147,0.03376086268301393
fruA_1~~~manP_2~~~manP_1,8.963497796452991,0.0027542706940618844
fruA_2~~~fruA_4~~~manP_2~~~manP_1~~~fruA_1,9.470401154451178,0.0020881370469295188
ftsA_2~~~mreB_1~~~ftsA_3,9.168872133723417,0.0024616623210429946
fucP_2,11.622973373388184,0.0006514218026168705
fumA_1,4.313213340421052,0.03781746364653328
gadA~~~gadB_3~~~gadB_2~~~gadB,24.46327902236345,7.573968633539668e-07
gadB_1~~~gadB~~~gadA,50.26838654661837,1.3409241874279792e-12
galE_2,4.081227893896086,0.04336213680473649
gatA_1~~~gatA_2~~~gatA_3,25.08232850532637,5.493398468539367e-07
gatA_2,25.08232850532637,5.493398468539367e-07
gatC_1,25.08232850532637,5.493398468539367e-07
gatC_2,25.08232850532637,5.493398468539367e-07
gcvA_3~~~gcvA_2~~~gcvA_1,4.313213340421052,0.03781746364653328
gdh,12.779889427950824,0.00035036563860085747
gfcA,5.850054241293583,0.015576571100115613
gfcB_1~~~gfcB_2,4.811696578595598,0.028267202602619456
glf,5.270610017246117,0.021688411108406695
glmE,4.313213340421052,0.03781746364653328
glmS_1~~~glmS_2,4.313213340421052,0.03781746364653328
glmU_1~~~glmU_3,4.578958125056003,0.03236688901907218
glmU_2~~~glmU_1~~~glmU_3,20.527559055118115,5.87788488708884e-06
glmU_3~~~fdtC,4.313213340421052,0.03781746364653328
glmU_3~~~glmU_1,17.768609963930622,2.494652686562341e-05
glvC~~~glvC_1~~~malP_1~~~glvC_2~~~malP_2~~~malP_3,5.354744620530029,0.020665960688768113
gnsA_2~~~gnsA_1,11.932145823544214,0.0005517359035907427
gntK,19.422292178781912,1.047768968214553e-05
gntR_2,14.468040613368181,0.00014255784654430067
gntR_3,4.930979849828898,0.02637935582351387
gntU,4.59818309722842,0.03200585820803432
golD,6.4303797468354436,0.011218459072279488
gpFI_2,5.362769700266898,0.020571077672570447
gpFI~~~gpFI_2,3.8821236074799295,0.04880279168917443
group_0,4.032300076414499,0.04463704547652637
group_10006,4.930979849828898,0.02637935582351387
group_10013,14.91833303735574,0.00011226667080235945
group_10014,15.572592163547366,7.939719358637966e-05
group_10016,5.826028650906553,0.015790731757151243
group_10018,8.3148026606538,0.003932327610586485
group_10024,11.681567836449002,0.0006312231922346721
group_10025,6.170548816811496,0.012989430677866547
group_10027,11.555316028534412,0.0006755582457611412
group_10029,19.075857564773088,1.2562403788675686e-05
group_10039,4.565759995220896,0.032617199128262664
group_10040,10.806379780059139,0.0010115090847857078
group_10043,7.161493387610358,0.007448515743795776
group_10048,5.908773270429803,0.015065659571931771
group_10052,4.312571240273968,0.037831739295844664
group_10066,7.140171402625304,0.007537595419437522
group_1007,3.930764192450627,0.04741039548289199
group_10074,5.947087573968867,0.014741622152117566
group_10078,4.0056400833770285,0.045348275136336026
group_10082,8.343925261690185,0.0038697900656870653
group_10084,18.032699704145053,2.171429141031511e-05
group_10085,15.208362706100171,9.627612375872031e-05
group_10093,11.272486758608874,0.0007866428078651571
group_10096,13.403175809138016,0.0002511986326074436
group_101,5.905536628723608,0.01509336680632468
group_10102,5.092844065035834,0.024024760295739665
group_10104,4.032300076414499,0.04463704547652637
group_10106,7.504125275479804,0.006155783030385908
group_10108,7.504125275479804,0.006155783030385908
group_1011,6.328334551535487,0.01188238512883228
group_10119,5.252355140125497,0.021917087183771847
group_10121,11.130135866954364,0.0008493636965838076
group_10126,6.4303797468354436,0.011218459072279488
group_10129,4.374813265034909,0.03647382660384073
group_1013,17.73030499352138,2.5453908081016603e-05
group_10140,6.613492370155655,0.01012089836817416
group_1015,9.920222090630336,0.0016347265492093485
group_10152,16.18734367064876,5.737617909926584e-05
group_10160,17.53151844284232,2.8258415521046014e-05
group_10162,6.87781602762167,0.008727214005079288
group_10165,5.252355140125497,0.021917087183771847
group_10169,4.099025299843849,0.042907943129694245
group_10180,5.270610017246117,0.021688411108406695
group_10186,11.83729012884931,0.0005805625243305311
group_1019,8.57184112940118,0.00341401750704015
group_10197,9.774295213392705,0.0017696854431466992
group_102,13.054340447764204,0.0003025823696070724
group_10201,7.464566929133858,0.006292516711761926
group_10205,22.30514135887456,2.325830613107794e-06
group_10207,5.927846642664573,0.014903442573271952
group_10209,11.963361815101075,0.0005425688973070905
group_1021,8.397637795275589,0.003757089183497932
group_10211,16.228363167420525,5.6147168494847425e-05
group_10213,5.995205984186608,0.014344806057574197
group_1022,7.331726413945093,0.006774795093995902
group_10220,7.406473681100154,0.0064989584588067495
group_10227,4.467456842967659,0.034546374624425336
group_10229,4.467456842967659,0.034546374624425336
group_10239,13.661854656851819,0.00021885522783052886
group_10245,4.799500537116405,0.028467988768476976
group_10247,7.886311255331636,0.004981035144886321
group_10249,22.725051190719753,1.869151574470876e-06
group_10262,6.526021272657372,0.010630749023940726
group_10263,15.536076402417486,8.094562087800667e-05
group_10269,5.025868980191456,0.02497139207250774
group_10271,4.04371060349332,0.04433623594180797
group_10274,6.277122532679198,0.012230653531073495
group_10275,4.243750726271568,0.03939504357785173
group_10279,4.578640486394897,0.032372889609474424
group_10282,8.847183604450144,0.0029354149652185842
group_10284,15.165723529020898,9.847482980663765e-05
group_10292,4.315049621961812,0.03777666921154802
group_10293,12.129921259842519,0.0004961921498150159
group_10299,12.779722821123043,0.00035039684481532175
group_103,5.148354477842169,0.02326841326995841
group_10300,4.032300076414499,0.04463704547652637
group_10301,4.510942461306261,0.03367867866278111
group_10302,9.668811518480247,0.0018742251709371609
group_10305,14.423845099051913,0.00014594261421527422
group_10309,4.166862100167485,0.041222077705427795
group_10317,6.4303797468354436,0.011218459072279488
group_10323,7.464566929133858,0.006292516711761926
group_10324,25.49989436058611,4.424071404098412e-07
group_10332,8.688528346652127,0.003202190734899295
group_10338,6.523742063176536,0.010644380659578956
group_10354,4.958400913349582,0.025964206695280538
group_10355,4.930979849828898,0.02637935582351387
group_10364,9.197022375181508,0.00242409121516662
group_10368,6.97431974484202,0.008268764894502277
group_1038,4.099025299843849,0.042907943129694245
group_10381,14.435675492476314,0.00014502871608424838
group_10384,6.393321050948536,0.011455051852798381
group_10385,9.668811518480247,0.0018742251709371609
group_10387,10.511697042330585,0.00118621266470315
group_10388,5.548236483137514,0.018499316495268748
group_10391,6.8602872656157015,0.008813237917279079
group_10393,7.172730439998453,0.007402002935166047
group_1040,4.03908174452877,0.044458005978062334
group_10402,4.665354330708661,0.030777072250793496
group_10409,10.350331610603039,0.0012945142815405214
group_1041,15.836833567073779,6.90452772940405e-05
group_10414,7.191749369936356,0.007323954392435244
group_10415,4.271354628345784,0.03876001927167201
group_10424,9.606716448857464,0.0019386698119787074
group_10426,3.98778727170036,0.045831214112950366
group_10427,4.887842600040024,0.02704646299070788
group_10433,7.199250805674605,0.007293402274883919
group_10434,5.201597229143825,0.022566143652292415
group_10438,14.016418042681373,0.00018122136325071642
group_10442,5.346416824479219,0.02076490169179498
group_10445,5.7083360645605215,0.016884536084801623
group_10462,25.932944944235455,3.5348463411934037e-07
group_10470,4.161418833002605,0.04135474859449475
group_10473,21.70397895278912,3.1813073744527186e-06
group_10474,7.315700421618369,0.00683547525261985
group_10483,4.423591802225072,0.035445349818984444
group_10486,7.194059821886025,0.007314530387571133
group_10489,17.752748171471307,2.5155384986271824e-05
group_10498,6.4303797468354436,0.011218459072279488
group_10500,17.685363587517514,2.606243093510465e-05
group_10502,11.608295998731608,0.0006565828175257803
group_10509,13.371981470157493,0.00025541136822341984
group_10512,12.409985184484423,0.00042704425467050464
group_10513,4.278684062830753,0.038593216512003675
group_10518,4.930979849828898,0.02637935582351387
group_1052,20.124251202914444,7.257064649259939e-06
group_10523,6.913280618403713,0.008555787085347816
group_10525,4.974852526891146,0.025718396222631213
group_10526,14.561712608554371,0.00013564282588284676
group_10543,10.372977274682022,0.001278731674881315
group_10549,9.06882356950586,0.0026000428980300105
group_10556,4.930979849828898,0.02637935582351387
group_10558,5.947087573968867,0.014741622152117566
group_10563,4.707741871179945,0.030027068455407934
group_10567,6.726425296521477,0.009499478979279437
group_10569,7.422705706760906,0.006440589343810866
group_10572,9.549737079758009,0.0019997805972086255
group_10576,5.664495750978295,0.017311692999990216
group_10577,7.6625417603390265,0.005637902246103986
group_10579,4.032300076414499,0.04463704547652637
group_10596,5.214482754174907,0.022399509261820365
group_10599,5.947087573968867,0.014741622152117566
group_106,16.697313234143415,4.3843047071220965e-05
group_10601,6.531496062992126,0.010598078168568907
group_10607,8.011280166754057,0.004648686351690646
group_10608,4.136063029041203,0.04197869381755167
group_10609,20.838467238902584,4.996919952261443e-06
group_10611,13.239639800901926,0.00027409057450534103
group_10612,7.6644420634129595,0.005631967345065379
group_10616,7.5021097046413505,0.006162675994561232
group_10617,15.221769868834553,9.559503880260991e-05
group_10628,4.2659243543924115,0.0388840884758516
group_10630,4.136063029041203,0.04197869381755167
group_10631,5.483314531742218,0.019198821406934106
group_10634,6.277122532679198,0.012230653531073495
group_10638,9.051032980054707,0.002625464411103038
group_10644,3.98778727170036,0.045831214112950366
group_10659,64.60030155389177,9.174131908916592e-16
group_10660,9.335984646891667,0.0022469732500205227
group_10672,5.753399495949083,0.01645678094665628
group_10675,5.865047011528622,0.01544444627617542
group_10687,6.396646443081915,0.01143361405348041
group_10703,13.087436927622417,0.000297282835425322
group_10713,4.336709691351873,0.03729893834255538
group_10716,7.005070581306743,0.008127916913302072
group_10717,18.965815190822667,1.3308155169135133e-05
group_10719,4.210110934989801,0.04018370903862766
group_10722,6.568123641595135,0.010382135165163503
group_10727,7.920359855487642,0.00488815488326546
group_10731,4.274664121220487,0.03868460865747833
group_10734,4.668967926675305,0.03071237852079796
group_10738,8.783017855137,0.003040477642839781
group_10744,5.995205984186608,0.014344806057574197
group_10746,11.160379721278753,0.0008356281753396978
group_10750,4.583924290974537,0.03227322277831879
group_10751,13.013605639025624,0.00030923594135037595
group_10753,6.356017152529075,0.011698385625946906
group_10783,6.4082687388029775,0.011359011536932553
group_10786,5.664495750978295,0.017311692999990216
group_10787,11.372625829268909,0.0007453443383995235
group_10794,7.9534215659751375,0.004799655001346863
group_10795,12.236206345830412,0.0004687102995679665
group_10811,4.020125304920262,0.04496037300192431
group_10814,18.760269329035967,1.4822303210562582e-05
group_10817,8.57184112940118,0.00341401750704015
group_10818,4.806778975534584,0.028347984279863094
group_10822,9.043195293369717,0.0026367438476564437
group_10825,7.5021097046413505,0.006162675994561232
group_10827,11.608295998731608,0.0006565828175257803
group_1083,15.723056769802508,7.33249066552709e-05
group_10830,4.987638374010928,0.025529027599327164
group_10831,11.196850393700787,0.0008193628911130033
group_10837,9.330708661417322,0.0022534519018525406
group_10846,8.825382362701083,0.0029706914041704702
group_10851,4.224015461020519,0.03985573535384606
group_10852,14.8693513073524,0.00011521989579611897
group_10867,18.594447397661796,1.6169081934983467e-05
group_10869,4.578640486394897,0.032372889609474424
group_10874,6.3504608403379965,0.011735080971651577
group_10887,14.119618114830988,0.00017154531432197722
group_10892,8.272126058082407,0.004025833635545576
group_10913,5.148354477842169,0.02326841326995841
group_10915,8.767318123416768,0.003066760493794821
group_10923,3.8604526936110837,0.04943698790941931
group_10924,3.98778727170036,0.045831214112950366
group_10929,5.031399556068148,0.024891775853632368
group_10934,6.523742063176536,0.010644380659578956
group_10942,4.958400913349582,0.025964206695280538
group_10943,5.433329288709574,0.019755980651722505
group_10950,5.4147939251450605,0.019966810036326946
group_10960,6.277122532679198,0.012230653531073495
group_10976,17.402723393752996,3.023923923721069e-05
group_10983,6.277122532679198,0.012230653531073495
group_10984,6.277122532679198,0.012230653531073495
group_10985,4.7148937491784375,0.029902413467850084
group_10986,7.5485899735999435,0.006005705045142456
group_10987,5.252355140125497,0.021917087183771847
group_10988,4.032300076414499,0.04463704547652637
group_10996,6.164102904858414,0.013036847064559586
group_10997,10.717299578059073,0.0010613846356138789
group_10999,9.645569620253166,0.0018980882786265496
group_11012,5.908773270429803,0.015065659571931771
group_11025,5.629884202644094,0.017656797816403183
group_11029,5.518213425108907,0.01881946925287842
group_1103,5.995205984186608,0.014344806057574197
group_11032,13.013605639025624,0.00030923594135037595
group_11036,12.391165994323998,0.0004313698032202501
group_11037,11.778665156755753,0.0005991343117283738
group_1104,17.685363587517514,2.606243093510465e-05
group_11044,9.45620286388252,0.0021043624684873433
group_1105,4.43542598732359,0.03520043446304843
group_11057,5.587850037405298,0.01808548105485436
group_11066,10.396907981439032,0.001262265032159777
group_11075,4.9764739323196405,0.025694301347754283
group_11076,3.98778727170036,0.045831214112950366
group_11078,24.677066002703903,6.77860332432752e-07
group_11081,5.381042626000866,0.02035670887395895
group_11082,6.825328499285693,0.008987402417325464
group_11089,7.408135976995033,0.00649295623065323
group_11091,13.371981470157493,0.00025541136822341984
group_11095,8.198962097916379,0.004191436031597766
group_11116,12.235475990455985,0.00046889380470750783
group_11136,5.908773270429803,0.015065659571931771
group_1114,7.899808264306733,0.004944003770556527
group_11141,6.523742063176536,0.010644380659578956
group_11142,6.523742063176536,0.010644380659578956
group_11145,3.9350151642437092,0.0472907141537854
group_1115,10.906570374501733,0.0009582377079118095
group_11150,3.9380400071919546,0.04720574716773346
group_11152,5.354744620530029,0.020665960688768113
group_11158,4.930979849828898,0.02637935582351387
group_11163,4.738436883773744,0.02949585922469623
group_11171,14.940617074764393,0.00011094844461084527
group_11178,16.860848832997448,4.0222753221960724e-05
group_11186,5.557234681107898,0.018404463415689066
group_11187,8.547016033530031,0.0034608908433990636
group_11189,11.778665156755753,0.0005991343117283738
group_1120,4.032300076414499,0.04463704547652637
group_11204,4.71623022333179,0.029879179004888148
group_11216,17.059712556407,3.622263518605134e-05
group_11219,5.281890748185309,0.021548335585915554
group_1122,6.97431974484202,0.008268764894502277
group_11226,6.4303797468354436,0.011218459072279488
group_11247,4.665354330708661,0.030777072250793496
group_1125,7.2892109140611145,0.0069369938498225975
group_11251,4.930979849828898,0.02637935582351387
group_11280,15.313759495625224,9.105089563437139e-05
group_11292,5.832050661388845,0.015736769087863995
group_11299,17.564022782787816,2.7779459275880327e-05
group_11309,8.576090628420138,0.003406058772977963
group_11317,7.161493387610358,0.007448515743795776
group_11322,26.397252954140225,2.779354818186534e-07
group_11336,4.575270837007109,0.032436618038868145
group_11343,9.164490855390888,0.002467562774003723
group_11350,15.706734129573661,7.396038376371314e-05
group_11354,4.958400913349582,0.025964206695280538
group_11356,4.7148937491784375,0.029902413467850084
group_11371,3.98778727170036,0.045831214112950366
group_11381,4.315618825330477,0.0377640332763318
group_11385,12.779889427950824,0.00035036563860085747
group_11405,13.735921459184688,0.00021039184289292442
group_11406,4.209670283187432,0.04019414912476876
group_11407,6.97431974484202,0.008268764894502277
group_11409,5.159797582068518,0.023115591224351337
group_11411,7.324908770325071,0.006800541615016072
group_11421,5.362769700266898,0.020571077672570447
group_11422,4.032300076414499,0.04463704547652637
group_11428,6.736379007247098,0.009446617718351086
group_11435,4.099025299843849,0.042907943129694245
group_11437,8.285533825332921,0.0039962154798044635
group_11441,7.408135976995033,0.00649295623065323
group_11453,4.2120386237959515,0.040138070968395535
group_11463,13.59406685211529,0.00022690152921136126
group_11466,4.032300076414499,0.04463704547652637
group_11469,8.863811437759267,0.0029087958281697355
group_11475,4.665354330708661,0.030777072250793496
group_11478,9.491465988325487,0.0020642981320133664
group_11479,5.281890748185309,0.021548335585915554
group_11480,10.972239625110156,0.0009248691662312699
group_11481,4.074745430474911,0.043528824677966475
group_11493,4.930979849828898,0.02637935582351387
group_11494,12.779722821123043,0.00035039684481532175
group_11496,5.5984251968503935,0.017976629265919978
group_11498,11.789029535864977,0.0005958078660012542
group_1150,3.98778727170036,0.045831214112950366
group_11500,30.896226311439968,2.7220055183732113e-08
group_11503,13.151622792931471,0.0002872703378969508
group_11505,10.631835365827978,0.0011115733932026246
group_11506,5.358649789029537,0.020619732233924645
group_11510,4.930979849828898,0.02637935582351387
group_11511,4.7148937491784375,0.029902413467850084
group_11514,5.4147939251450605,0.019966810036326946
group_1152,7.141371494900163,0.007532552833250835
group_1153,5.947087573968867,0.014741622152117566
group_11531,6.4303797468354436,0.011218459072279488
group_11546,4.458511910694708,0.03472773828549694
group_11547,13.206223872983863,0.0002790209778369134
group_1155,5.865047011528622,0.01544444627617542
group_11554,6.97431974484202,0.008268764894502277
group_11559,6.531496062992126,0.010598078168568907
group_11562,15.91761411939531,6.6160131003352e-05
group_11563,6.770670580188826,0.009266800948324053
group_11564,9.043195293369717,0.0026367438476564437
group_11565,5.638439150802353,0.017570842921814923
group_11581,11.175700074810596,0.0008287561840333426
group_11591,17.685363587517514,2.606243093510465e-05
group_11592,17.040954202982007,3.65822249219049e-05
group_11595,6.4930854939263805,0.01082948551210756
group_11598,3.98778727170036,0.045831214112950366
group_11603,4.834213589998369,0.027900362880542144
group_11610,4.065149635831384,0.043776806259108
group_11618,5.995205984186608,0.014344806057574197
group_1162,4.930979849828898,0.02637935582351387
group_11627,4.47329922367299,0.03442845182386956
group_11632,10.884895304432568,0.000969516604061884
group_11638,5.270610017246117,0.021688411108406695
group_11643,9.774295213392705,0.0017696854431466992
group_11644,8.3148026606538,0.003932327610586485
group_11646,4.336709691351873,0.03729893834255538
group_11647,8.826426533934615,0.0029689920598437855
group_11650,6.506617052615258,0.010747378064273437
group_11653,16.54012235812296,4.763145176919718e-05
group_11655,6.48296563369865,0.01089131164635418
group_11658,7.899808264306733,0.004944003770556527
group_11659,4.295087574640054,0.038222627533200555
group_11661,7.199250805674605,0.007293402274883919
group_11662,6.48296563369865,0.01089131164635418
group_11665,8.788814304100818,0.0030308317748630725
group_11670,12.284523616867203,0.0004567299682208703
group_11671,9.164490855390888,0.002467562774003723
group_11672,8.495613125335046,0.003560037884893225
group_11675,8.01262085119107,0.004645246065535086
group_11677,6.383968199060746,0.011515568345812086
group_11683,4.47329922367299,0.03442845182386956
group_11685,3.8724490550006276,0.04908484792819011
group_11689,4.413213266967308,0.035661606908679915
group_1169,6.4303797468354436,0.011218459072279488
group_117,7.331079322294403,0.006777234524313046
group_11702,6.014589948408347,0.014188074939788492
group_11707,9.041737983773679,0.002638846520777286
group_11708,13.257745772284796,0.0002714558814419064
group_11717,6.277122532679198,0.012230653531073495
group_11718,9.150541674014217,0.002486444498255749
group_11720,4.035643796790385,0.04454867487929316
group_11724,14.888638760746247,0.0001140477885030544
group_11725,9.487662618122105,0.0020685818700467685
group_11736,10.06824712491332,0.0015084647631489147
group_11738,7.937709905139126,0.004841506741716869
group_11744,8.605232494672343,0.0033519857614140985
group_11748,5.672209129228389,0.01723573744032059
group_11753,9.150541674014217,0.002486444498255749
group_11755,4.274664121220487,0.03868460865747833
group_11759,9.45620286388252,0.0021043624684873433
group_11762,25.08232850532637,5.493398468539367e-07
group_11765,26.397252954140225,2.779354818186534e-07
group_11771,11.651301961389049,0.0006415761636636271
group_11773,13.537196879925878,0.00023388145111120941
group_11776,6.099953486826802,0.013518544001153395
group_11783,8.285051200955547,0.003997277754873359
group_11784,6.39307092151456,0.011456666029178952
group_11786,5.0287695626078985,0.024929603398500002
group_11787,7.357617900145209,0.006677920572356126
group_11788,6.87781602762167,0.008727214005079288
group_11793,5.629884202644094,0.017656797816403183
group_11794,14.038046897030434,0.00017914890778968523
group_118,4.668967926675305,0.03071237852079796
group_11800,10.06824712491332,0.0015084647631489147
group_11801,4.277979574620245,0.03860921646167497
group_11803,4.143518247290306,0.04179421880850273
group_11807,16.337176078630446,5.301367638486864e-05
group_11811,9.023025332193235,0.002665997749854354
group_11813,10.147889139751861,0.0014446656955348172
group_11818,13.940023394496277,0.00018873665035389344
group_1188,5.252355140125497,0.021917087183771847
group_1193,4.7148937491784375,0.029902413467850084
group_11948,5.358649789029537,0.020619732233924645
group_1195,4.578640486394897,0.032372889609474424
group_11952,5.358649789029537,0.020619732233924645
group_12,7.905915025869179,0.004927341105770213
group_12027,6.4303797468354436,0.011218459072279488
group_12039,7.861528384901254,0.0050497688622012414
group_12041,6.4303797468354436,0.011218459072279488
group_12043,11.741393349038123,0.0006112524500559301
group_12045,6.277122532679198,0.012230653531073495
group_12052,5.358649789029537,0.020619732233924645
group_12055,9.645569620253166,0.0018980882786265496
group_12056,6.4303797468354436,0.011218459072279488
group_12061,11.789029535864977,0.0005958078660012542
group_12062,7.172730439998453,0.007402002935166047
group_12064,9.688854004008991,0.0018538912761147366
group_12082,6.4303797468354436,0.011218459072279488
group_12142,28.014488579126187,1.2041053983141755e-07
group_12143,16.29423120504503,5.422879289099001e-05
group_12144,27.154232461448647,1.8785348693335722e-07
group_12145,20.279453388612897,6.691533711611623e-06
group_12146,20.72939424897838,5.289772896966686e-06
group_12148,18.622616755782037,1.593192077424419e-05
group_12175,8.397637795275589,0.003757089183497932
group_12179,3.98778727170036,0.045831214112950366
group_12181,3.930764192450627,0.04741039548289199
group_12189,3.930764192450627,0.04741039548289199
group_12191,3.930764192450627,0.04741039548289199
group_12207,4.799500537116405,0.028467988768476976
group_12212,4.799500537116405,0.028467988768476976
group_1239,7.3948875457023595,0.006540951396980537
group_1245,8.285051200955547,0.003997277754873359
group_12529,4.665354330708661,0.030777072250793496
group_12531,4.665354330708661,0.030777072250793496
group_12536,4.665354330708661,0.030777072250793496
group_12537,4.665354330708661,0.030777072250793496
group_12538,4.665354330708661,0.030777072250793496
group_12544,4.665354330708661,0.030777072250793496
group_12558,4.665354330708661,0.030777072250793496
group_12559,4.665354330708661,0.030777072250793496
group_1256,17.478085952719667,2.9063853109252884e-05
group_12563,4.665354330708661,0.030777072250793496
group_12565,4.665354330708661,0.030777072250793496
group_12577,4.665354330708661,0.030777072250793496
group_1263,11.894175147937734,0.0005630975879259027
group_127,5.148354477842169,0.02326841326995841
group_1274,10.563781496370618,0.001153250298311599
group_1288,8.064600152828998,0.0045138435277821964
group_12981,5.358649789029537,0.020619732233924645
group_12982,5.358649789029537,0.020619732233924645
group_130,5.749675081240914,0.016491706698653134
group_13031,5.358649789029537,0.020619732233924645
group_1304,13.371981470157493,0.00025541136822341984
group_1311,4.575270837007109,0.032436618038868145
group_13143,5.358649789029537,0.020619732233924645
group_1315,8.009642422430222,0.004652892434825515
group_13263,3.98778727170036,0.045831214112950366
group_1337,24.453139415569638,7.613934267521492e-07
group_1340,3.98778727170036,0.045831214112950366
group_1344,4.630841523941866,0.0314021578963318
group_1353,8.15909569499084,0.004284572970140024
group_1376,8.15909569499084,0.004284572970140024
group_1382,5.638439150802353,0.017570842921814923
group_1403,4.665354330708661,0.030777072250793496
group_141,4.823564480205976,0.028073233273134268
group_1416,4.597595941057347,0.032016822116698124
group_1432,7.021393457814115,0.008054152771056538
group_14336,4.665354330708661,0.030777072250793496
group_14339,5.5984251968503935,0.017976629265919978
group_144,4.177536593011178,0.040963200348772516
group_145,7.5021097046413505,0.006162675994561232
group_14539,5.5984251968503935,0.017976629265919978
group_14540,5.5984251968503935,0.017976629265919978
group_14541,5.5984251968503935,0.017976629265919978
group_14542,4.665354330708661,0.030777072250793496
group_1465,3.930764192450627,0.04741039548289199
group_1468,6.4303797468354436,0.011218459072279488
group_1469,12.575825342712093,0.00039076863346585307
group_147,4.958400913349582,0.025964206695280538
group_1481,6.277122532679198,0.012230653531073495
group_1485,21.70397895278912,3.1813073744527186e-06
group_1490,3.98778727170036,0.045831214112950366
group_15104,4.665354330708661,0.030777072250793496
group_15113,5.5984251968503935,0.017976629265919978
group_1528,4.7148937491784375,0.029902413467850084
group_153,9.00056492319308,0.0026989616428878954
group_1530,8.285051200955547,0.003997277754873359
group_1533,7.141371494900163,0.007532552833250835
group_1536,3.98778727170036,0.045831214112950366
group_1543,14.311525886144352,0.00015491345793696175
group_15438,3.930764192450627,0.04741039548289199
group_15445,4.665354330708661,0.030777072250793496
group_15446,4.665354330708661,0.030777072250793496
group_1546,4.166862100167485,0.041222077705427795
group_15471,4.665354330708661,0.030777072250793496
group_15484,4.665354330708661,0.030777072250793496
group_15488,5.5984251968503935,0.017976629265919978
group_15489,9.330708661417322,0.0022534519018525406
group_15490,4.665354330708661,0.030777072250793496
group_15519,4.78094169582259,0.028776380167200095
group_15521,4.584436066861708,0.03226358633058711
group_15522,22.3615219201921,2.258539593098513e-06
group_15523,23.17756178621847,1.4771082076093411e-06
group_15526,4.958400913349582,0.025964206695280538
group_1554,4.032300076414499,0.04463704547652637
group_15542,4.136063029041203,0.04197869381755167
group_15558,5.148354477842169,0.02326841326995841
group_15560,4.665354330708661,0.030777072250793496
group_15567,4.665354330708661,0.030777072250793496
group_15568,4.665354330708661,0.030777072250793496
group_15571,3.930764192450627,0.04741039548289199
group_1558,9.674868892251528,0.0018680560018701157
group_1560,6.97431974484202,0.008268764894502277
group_1561,3.930764192450627,0.04741039548289199
group_15618,4.099025299843849,0.042907943129694245
group_15621,4.9764739323196405,0.025694301347754283
group_15623,4.665354330708661,0.030777072250793496
group_15661,4.099025299843849,0.042907943129694245
group_1567,8.57184112940118,0.00341401750704015
group_15672,4.665354330708661,0.030777072250793496
group_1569,5.358649789029537,0.020619732233924645
group_15692,3.930764192450627,0.04741039548289199
group_15703,4.958400913349582,0.025964206695280538
group_15707,4.958400913349582,0.025964206695280538
group_15741,4.099025299843849,0.042907943129694245
group_1575,14.771933176074507,0.00012132796696424626
group_15752,5.5984251968503935,0.017976629265919978
group_15753,4.099025299843849,0.042907943129694245
group_1576,6.87781602762167,0.008727214005079288
group_15793,6.4006910528589,0.01140759516633311
group_15796,4.099025299843849,0.042907943129694245
group_15800,8.397637795275589,0.003757089183497932
group_15813,4.099025299843849,0.042907943129694245
group_15826,4.665354330708661,0.030777072250793496
group_15851,4.2659243543924115,0.0388840884758516
group_15882,8.397637795275589,0.003757089183497932
group_159,6.9700000415296195,0.008288749480034715
group_1590,4.2225154402480065,0.03989098158828589
group_15917,5.896834446327119,0.015168122270645396
group_15918,3.98778727170036,0.045831214112950366
group_15934,4.166862100167485,0.041222077705427795
group_15944,6.4303797468354436,0.011218459072279488
group_15954,6.531496062992126,0.010598078168568907
group_1596,6.4303797468354436,0.011218459072279488
group_15960,4.665354330708661,0.030777072250793496
group_15995,4.665354330708661,0.030777072250793496
group_1601,4.510942461306261,0.03367867866278111
group_16011,8.026932176449296,0.0046086834174146555
group_1627,4.315049621961812,0.03777666921154802
group_1632,5.994087881204152,0.014353900771295012
group_1636,16.885604260326886,3.970154655268781e-05
group_1645,3.98778727170036,0.045831214112950366
group_1651,4.665354330708661,0.030777072250793496
group_1652,4.958400913349582,0.025964206695280538
group_1660,32.79220239875079,1.0255540431262143e-08
group_1664,6.4303797468354436,0.011218459072279488
group_1671,5.252355140125497,0.021917087183771847
group_1675,4.665354330708661,0.030777072250793496
group_1698,8.15909569499084,0.004284572970140024
group_1705,18.556324466812256,1.649570056994591e-05
group_1707,5.638439150802353,0.017570842921814923
group_1721,25.230447535951868,5.087269338800058e-07
group_1730,10.001720330236228,0.0015639406058336734
group_1731,9.555765562122357,0.0019932236688908474
group_175,4.227874175558208,0.039765216580709924
group_1752,5.381042626000866,0.02035670887395895
group_1754,5.947087573968867,0.014741622152117566
group_176,3.8604526936110837,0.04943698790941931
group_1762,4.315049621961812,0.03777666921154802
group_177,27.526291074505682,1.549734697982276e-07
group_1771,7.699402637961395,0.00552391040206523
group_1787,5.607422042347968,0.01788455588221242
group_1794,5.723300607993621,0.016741230997734325
group_18,10.770812060939637,0.0010311325957132122
group_1804,5.358649789029537,0.020619732233924645
group_1812,3.9157208562172174,0.04783649604377495
group_182,17.074959728605176,3.593297238101343e-05
group_1820,5.362769700266898,0.020571077672570447
group_1822,5.362769700266898,0.020571077672570447
group_1827,5.252355140125497,0.021917087183771847
group_1831,12.845967511193159,0.0003382072944347244
group_1834,3.98778727170036,0.045831214112950366
group_1836,4.7148937491784375,0.029902413467850084
group_1837,5.607422042347968,0.01788455588221242
group_184,3.930764192450627,0.04741039548289199
group_1852,6.277122532679198,0.012230653531073495
group_1854,4.834213589998369,0.027900362880542144
group_1867,3.98778727170036,0.045831214112950366
group_187,6.068249524045398,0.013763329645481222
group_1871,3.897859729559122,0.048347662796422816
group_1874,5.638439150802353,0.017570842921814923
group_1878,18.032699704145053,2.171429141031511e-05
group_1880,8.478158917676932,0.003594356827318564
group_1884,5.947087573968867,0.014741622152117566
group_1887,4.032300076414499,0.04463704547652637
group_1889,6.4303797468354436,0.011218459072279488
group_1902,12.847165580436421,0.00033799082231192546
group_1924,4.565759995220896,0.032617199128262664
group_193,14.016418042681373,0.00018122136325071642
group_1937,6.100669074106732,0.013513070932202645
group_194,10.837971496093346,0.000994396095517097
group_1941,4.578640486394897,0.032372889609474424
group_1945,15.723056769802508,7.33249066552709e-05
group_1948,16.03925047343766,6.204285497868542e-05
group_1960,5.252355140125497,0.021917087183771847
group_1966,6.4303797468354436,0.011218459072279488
group_1977,4.930979849828898,0.02637935582351387
group_1979,19.10727521257771,1.23572937318726e-05
group_199,4.799500537116405,0.028467988768476976
group_1995,13.815283701715373,0.00020168886898403065
group_1999,4.665354330708661,0.030777072250793496
group_2002,3.98778727170036,0.045831214112950366
group_201,6.4303797468354436,0.011218459072279488
group_2028,4.583924290974537,0.03227322277831879
group_2033,6.709167599485796,0.009591848855200232
group_2034,8.767318123416768,0.003066760493794821
group_204,13.371981470157493,0.00025541136822341984
group_2046,5.629884202644094,0.017656797816403183
group_2049,10.717299578059073,0.0010613846356138789
group_205,7.5021097046413505,0.006162675994561232
group_2052,10.717299578059073,0.0010613846356138789
group_2054,5.252355140125497,0.021917087183771847
group_2059,13.815283701715373,0.00020168886898403065
group_2070,4.930979849828898,0.02637935582351387
group_2106,9.41548374235989,0.002151607931528542
group_2107,5.638439150802353,0.017570842921814923
group_212,8.285533825332921,0.0039962154798044635
group_2123,7.2004613171595455,0.007288484278525192
group_2135,6.4303797468354436,0.011218459072279488
group_2149,8.746393789383923,0.0031021490632799193
group_2156,7.749746330935075,0.005372008634535366
group_2159,6.396646443081915,0.01143361405348041
group_2177,5.358649789029537,0.020619732233924645
group_2192,5.947087573968867,0.014741622152117566
group_2197,4.893767926952169,0.026953799731521583
group_22,4.133559254460282,0.04204084003047699
group_2202,5.30907515004407,0.021214615373042433
group_2203,5.370099185508334,0.020484812687350137
group_2206,14.675978143095525,0.00012766297417476615
group_2218,4.210110934989801,0.04018370903862766
group_2228,4.958400913349582,0.025964206695280538
group_2259,4.665354330708661,0.030777072250793496
group_2268,37.41742194261761,9.536642395757937e-10
group_2272,13.371981470157493,0.00025541136822341984
group_2273,6.549645519379542,0.010490505730711478
group_2285,3.930764192450627,0.04741039548289199
group_2288,4.032300076414499,0.04463704547652637
group_2310,5.947087573968867,0.014741622152117566
group_2311,4.930979849828898,0.02637935582351387
group_2314,9.850272716388117,0.0016980658435921047
group_2318,6.4303797468354436,0.011218459072279488
group_2323,5.865047011528622,0.01544444627617542
group_2324,3.98778727170036,0.045831214112950366
group_2331,4.166862100167485,0.041222077705427795
group_2332,4.032300076414499,0.04463704547652637
group_2333,5.5984251968503935,0.017976629265919978
group_2338,20.947175728546505,4.721233525171599e-06
group_235,6.97431974484202,0.008268764894502277
group_2377,10.692833648958437,0.0010755134167291609
group_2379,5.4147939251450605,0.019966810036326946
group_2380,4.958400913349582,0.025964206695280538
group_2381,6.4303797468354436,0.011218459072279488
group_239,17.289121113999013,3.2101947970019767e-05
group_2391,14.494569939401991,0.0001405641428596192
group_2398,13.85625822320219,0.00019733844489085725
group_2401,6.531496062992126,0.010598078168568907
group_2402,7.6644420634129595,0.005631967345065379
group_2406,5.358649789029537,0.020619732233924645
group_2414,4.572952240063927,0.03248054450719535
group_243,5.607422042347968,0.01788455588221242
group_2451,7.9275959920497625,0.004868644061741488
group_2454,4.9764739323196405,0.025694301347754283
group_2467,4.274664121220487,0.03868460865747833
group_2474,4.210110934989801,0.04018370903862766
group_2476,8.230498818918141,0.0041192206545001605
group_2481,9.920222090630336,0.0016347265492093485
group_2484,3.98778727170036,0.045831214112950366
group_2485,5.252355140125497,0.021917087183771847
group_25,3.930764192450627,0.04741039548289199
group_250,3.8724490550006276,0.04908484792819011
group_2516,4.519522209534259,0.03351018838587623
group_2521,9.674868892251528,0.0018680560018701157
group_2548,14.675978143095525,0.00012766297417476615
group_2549,6.053580591455601,0.013878126469130241
group_2556,4.930979849828898,0.02637935582351387
group_2559,16.16180680331482,5.815493294871571e-05
group_256,6.4303797468354436,0.011218459072279488
group_2566,4.223024685205488,0.03987901211003903
group_2568,6.099895493680379,0.013518987653451341
group_257,16.111285078082908,5.972706720388173e-05
group_2573,7.5021097046413505,0.006162675994561232
group_2583,4.092275121727931,0.04307961734446946
group_2591,4.958400913349582,0.025964206695280538
group_2597,7.161493387610358,0.007448515743795776
group_26,6.4647999564400465,0.011003202739615286
group_2604,10.979916276288243,0.000921045908637173
group_2609,4.166862100167485,0.041222077705427795
group_2618,6.9700000415296195,0.008288749480034715
group_2619,4.315049621961812,0.03777666921154802
group_2646,7.504125275479804,0.006155783030385908
group_2647,7.504125275479804,0.006155783030385908
group_2652,13.170074753314061,0.0002844553895428887
group_2662,4.166862100167485,0.041222077705427795
group_267,4.280197244517929,0.03855887345706042
group_2675,5.252355140125497,0.021917087183771847
group_2685,6.4303797468354436,0.011218459072279488
group_2699,9.952947864639281,0.001605920388961646
group_2700,5.995205984186608,0.014344806057574197
group_2710,13.206223872983863,0.0002790209778369134
group_273,3.8724490550006276,0.04908484792819011
group_2760,9.920222090630336,0.0016347265492093485
group_2780,3.930764192450627,0.04741039548289199
group_2781,9.412580236062748,0.002155017614322763
group_279,5.947087573968867,0.014741622152117566
group_2796,8.285051200955547,0.003997277754873359
group_2804,10.213753037913948,0.001393972119089631
group_2808,3.98778727170036,0.045831214112950366
group_2813,3.98778727170036,0.045831214112950366
group_2822,16.337176078630446,5.301367638486864e-05
group_2825,7.161493387610358,0.007448515743795776
group_2826,6.9700000415296195,0.008288749480034715
group_283,13.656309698827204,0.00021950246838699805
group_2834,4.930979849828898,0.02637935582351387
group_2839,6.4303797468354436,0.011218459072279488
group_2848,17.961137052757344,2.254613600776387e-05
group_2852,6.531496062992126,0.010598078168568907
group_2856,5.362769700266898,0.020571077672570447
group_287,5.855477198469098,0.0155286470037483
group_2872,7.726607749980619,0.005441288467362509
group_2873,5.358649789029537,0.020619732233924645
group_2879,5.723300607993621,0.016741230997734325
group_2884,5.113138896543369,0.02374532234881058
group_2885,14.016418042681373,0.00018122136325071642
group_2907,4.510942461306261,0.03367867866278111
group_2911,15.706734129573661,7.396038376371314e-05
group_2916,5.358649789029537,0.020619732233924645
group_2917,19.392334018911605,1.0643343904801102e-05
group_2927,4.304713607735374,0.038006894156543077
group_2931,13.418253467261735,0.0002491875981453279
group_2932,5.362769700266898,0.020571077672570447
group_2938,4.665354330708661,0.030777072250793496
group_2949,4.7148937491784375,0.029902413467850084
group_2950,6.4303797468354436,0.011218459072279488
group_2952,8.009642422430222,0.004652892434825515
group_2954,4.665354330708661,0.030777072250793496
group_298,14.78349430562129,0.00012058637052296524
group_2986,5.358649789029537,0.020619732233924645
group_2991,4.958400913349582,0.025964206695280538
group_2993,3.98778727170036,0.045831214112950366
group_2994,5.30907515004407,0.021214615373042433
group_2995,4.7148937491784375,0.029902413467850084
group_3006,6.4303797468354436,0.011218459072279488
group_302,8.573839662447257,0.0034102721742368045
group_3026,7.9275959920497625,0.004868644061741488
group_3042,3.930764192450627,0.04741039548289199
group_3047,4.958400913349582,0.025964206695280538
group_305,7.130458059831127,0.0075785364602191825
group_3057,8.783017855137,0.003040477642839781
group_3065,3.930764192450627,0.04741039548289199
group_3067,5.270610017246117,0.021688411108406695
group_3069,15.723056769802508,7.33249066552709e-05
group_3071,3.9350151642437092,0.0472907141537854
group_3074,6.867960729592344,0.008775473417398842
group_3075,6.87781602762167,0.008727214005079288
group_3083,4.099025299843849,0.042907943129694245
group_3090,7.334225127255498,0.006765383765074987
group_3092,4.841818078771425,0.02777759491489568
group_3095,4.936037027177406,0.026302275639390502
group_31,5.354744620530029,0.020665960688768113
group_3113,4.313213340421052,0.03781746364653328
group_3117,8.355073186022356,0.003846119760087544
group_3123,7.161493387610358,0.007448515743795776
group_313,4.955328748463405,0.026010379004131542
group_3130,4.177536593011178,0.040963200348772516
group_3131,8.07816348905754,0.004480182650448881
group_3139,6.048179760178945,0.013920640242229273
group_3141,15.706734129573661,7.396038376371314e-05
group_3153,16.398115583653308,5.1336241052615766e-05
group_3159,15.74306015049934,7.255361485585627e-05
group_316,8.285533825332921,0.0039962154798044635
group_3161,13.255702609958565,0.00027175191010741996
group_3164,8.983766269722615,0.0027238863490796285
group_3169,33.952486096955326,5.647447837198901e-09
group_317,6.97431974484202,0.008268764894502277
group_3181,3.98778727170036,0.045831214112950366
group_3186,4.313213340421052,0.03781746364653328
group_3191,5.573139888368388,0.018238027860594367
group_3195,7.504125275479804,0.006155783030385908
group_32,5.848886367295615,0.015586911836241881
group_3206,4.578640486394897,0.032372889609474424
group_321,5.204051629622247,0.022534304831234458
group_3214,26.397252954140225,2.779354818186534e-07
group_3217,5.825576338822629,0.015794792574360762
group_3223,4.7148937491784375,0.029902413467850084
group_3224,13.013605639025624,0.00030923594135037595
group_3241,6.4006910528589,0.01140759516633311
group_3243,5.673721718329511,0.017220882969346398
group_3257,8.57184112940118,0.00341401750704015
group_3267,4.930979849828898,0.02637935582351387
group_3280,8.009642422430222,0.004652892434825515
group_3318,13.815283701715373,0.00020168886898403065
group_3333,13.176525043115294,0.00028347793516405
group_3335,3.98778727170036,0.045831214112950366
group_3343,10.140336431061897,0.0014505968601618696
group_3352,8.57184112940118,0.00341401750704015
group_3357,10.874795527699769,0.0009748179069795802
group_3361,4.192807340427754,0.040595819172676385
group_338,11.441711498879101,0.0007181361404758828
group_3386,7.464566929133858,0.006292516711761926
group_3404,4.081227893896086,0.04336213680473649
group_3410,17.534425552303908,2.82152430179978e-05
group_3412,4.510942461306261,0.03367867866278111
group_3420,6.97431974484202,0.008268764894502277
group_3423,6.277122532679198,0.012230653531073495
group_3426,5.358649789029537,0.020619732233924645
group_3430,4.066635657884535,0.04373830632262379
group_3432,10.526251148986123,0.001176907075210162
group_3434,12.991485389880063,0.00031291063888697616
group_3441,4.707741871179945,0.030027068455407934
group_3442,4.578640486394897,0.032372889609474424
group_3444,19.151904597182238,1.2071698802515265e-05
group_3449,37.41742194261761,9.536642395757937e-10
group_3458,6.9700000415296195,0.008288749480034715
group_346,6.099953486826802,0.013518544001153395
group_3460,20.161500382072497,7.117104924841864e-06
group_3466,5.358649789029537,0.020619732233924645
group_3483,3.8604526936110837,0.04943698790941931
group_3498,13.257745772284796,0.0002714558814419064
group_3506,5.5984251968503935,0.017976629265919978
group_3508,4.536075850191876,0.033187589457870384
group_3512,9.17363974924416,0.002455257837866058
group_3513,4.955328748463405,0.026010379004131542
group_3517,3.98778727170036,0.045831214112950366
group_3522,4.630841523941866,0.0314021578963318
group_3523,4.665354330708661,0.030777072250793496
group_3533,11.578154636515977,0.0006673113130123527
group_3534,6.4303797468354436,0.011218459072279488
group_3535,14.675978143095525,0.00012766297417476615
group_3536,15.706734129573661,7.396038376371314e-05
group_354,9.53917387247932,0.002011322535384851
group_3546,15.74306015049934,7.255361485585627e-05
group_3556,20.161500382072497,7.117104924841864e-06
group_3561,6.867960729592344,0.008775473417398842
group_3563,27.917045624439353,1.2662930511399092e-07
group_3573,7.464566929133858,0.006292516711761926
group_3576,8.064600152828998,0.0045138435277821964
group_3578,7.3948875457023595,0.006540951396980537
group_3581,4.974852526891146,0.025718396222631213
group_3584,10.717299578059073,0.0010613846356138789
group_3585,5.358649789029537,0.020619732233924645
group_3589,5.362769700266898,0.020571077672570447
group_3605,4.313213340421052,0.03781746364653328
group_3613,11.066383430653078,0.0008790697595371975
group_3626,4.03908174452877,0.044458005978062334
group_3627,4.510942461306261,0.03367867866278111
group_363,4.879962789461446,0.027170204890160702
group_3633,5.0920850083612965,0.024035277629175456
group_3639,4.955328748463405,0.026010379004131542
group_364,6.4303797468354436,0.011218459072279488
group_3643,24.65554019384294,6.854741089975204e-07
group_3653,12.71811774645072,0.00036213006351712277
group_3654,8.15909569499084,0.004284572970140024
group_3689,10.097091137707107,0.0014850354894616771
group_370,4.336709691351873,0.03729893834255538
group_3700,6.4303797468354436,0.011218459072279488
group_3703,5.5984251968503935,0.017976629265919978
group_371,4.7422022949267415,0.029431372333787283
group_3720,4.099025299843849,0.042907943129694245
group_374,15.110551952749468,0.00010139494616918053
group_375,12.064067923677946,0.0005140300351863006
group_3756,6.4303797468354436,0.011218459072279488
group_3757,9.645569620253166,0.0018980882786265496
group_3773,4.578640486394897,0.032372889609474424
group_3776,7.194059821886025,0.007314530387571133
group_3777,8.501007914193236,0.0035494980524717976
group_3781,14.771933176074507,0.00012132796696424626
group_3805,4.099025299843849,0.042907943129694245
group_3819,3.9350151642437092,0.0472907141537854
group_382,4.958400913349582,0.025964206695280538
group_3833,6.283748093443032,0.01218501213601594
group_3837,6.099953486826802,0.013518544001153395
group_3838,6.4303797468354436,0.011218459072279488
group_384,3.98778727170036,0.045831214112950366
group_3845,26.397252954140225,2.779354818186534e-07
group_3846,5.358649789029537,0.020619732233924645
group_3857,4.032300076414499,0.04463704547652637
group_3859,6.4303797468354436,0.011218459072279488
group_386,8.026932176449296,0.0046086834174146555
group_3861,5.362769700266898,0.020571077672570447
group_3876,10.001720330236228,0.0015639406058336734
group_3890,14.546795657249822,0.000136720978374805
group_3896,4.7148937491784375,0.029902413467850084
group_3901,13.933438599988452,0.00018939894215228725
group_3905,4.665354330708661,0.030777072250793496
group_3906,5.286626355249897,0.021489811898513848
group_3911,6.277122532679198,0.012230653531073495
group_3912,4.935820237660168,0.026305575082348296
group_393,8.57184112940118,0.00341401750704015
group_3933,8.064600152828998,0.0045138435277821964
group_3937,6.4303797468354436,0.011218459072279488
group_3941,4.510942461306261,0.03367867866278111
group_3944,6.4303797468354436,0.011218459072279488
group_3950,5.375762068507259,0.02041841924435397
group_3958,9.540761320974124,0.0020095836993522013
group_3959,6.4303797468354436,0.011218459072279488
group_3960,6.4303797468354436,0.011218459072279488
group_397,9.511021037982074,0.002042414867923967
group_3974,58.74137061312691,1.7982048089985023e-14
group_3979,20.124251202914444,7.257064649259939e-06
group_3981,11.676474817011908,0.0006329534669267717
group_3986,9.91051621153461,0.0016433701752657745
group_3988,5.358649789029537,0.020619732233924645
group_4010,4.930979849828898,0.02637935582351387
group_4016,8.573839662447257,0.0034102721742368045
group_402,6.4303797468354436,0.011218459072279488
group_4049,5.362769700266898,0.020571077672570447
group_405,5.270610017246117,0.021688411108406695
group_4055,6.4303797468354436,0.011218459072279488
group_4067,6.523742063176536,0.010644380659578956
group_4079,8.495613125335046,0.003560037884893225
group_4080,8.767318123416768,0.003066760493794821
group_4081,7.768038201208743,0.005317877360529023
group_4084,3.930764192450627,0.04741039548289199
group_4085,10.263779527559057,0.0013566745704729347
group_4097,16.398115583653308,5.1336241052615766e-05
group_4099,5.358649789029537,0.020619732233924645
group_4102,8.272126058082407,0.004025833635545576
group_4111,5.113138896543369,0.02374532234881058
group_412,19.099474159516017,1.2407906891665522e-05
group_4121,7.31256780161698,0.006847401184913853
group_4129,4.315049621961812,0.03777666921154802
group_4136,5.362769700266898,0.020571077672570447
group_4137,5.362769700266898,0.020571077672570447
group_4140,6.4303797468354436,0.011218459072279488
group_4141,3.98778727170036,0.045831214112950366
group_4148,11.18076096009605,0.0008264986814693943
group_4188,6.4303797468354436,0.011218459072279488
group_4201,5.358649789029537,0.020619732233924645
group_4210,4.665354330708661,0.030777072250793496
group_4215,4.665354330708661,0.030777072250793496
group_4217,4.834213589998369,0.027900362880542144
group_4229,6.4303797468354436,0.011218459072279488
group_4236,11.160379721278753,0.0008356281753396978
group_4239,6.4303797468354436,0.011218459072279488
group_425,4.081227893896086,0.04336213680473649
group_4252,16.68785052338037,4.4062285273641656e-05
group_4254,6.4303797468354436,0.011218459072279488
group_4260,4.523572673141594,0.03343095105815301
group_4261,6.4303797468354436,0.011218459072279488
group_4280,4.930979849828898,0.02637935582351387
group_4285,6.4303797468354436,0.011218459072279488
group_43,4.578640486394897,0.032372889609474424
group_4310,5.638439150802353,0.017570842921814923
group_4311,8.688528346652127,0.003202190734899295
group_4325,4.665354330708661,0.030777072250793496
group_434,8.064600152828998,0.0045138435277821964
group_4341,3.98778727170036,0.045831214112950366
group_4359,4.665354330708661,0.030777072250793496
group_4362,6.556649564374075,0.010449292523080961
group_4367,4.91504438860532,0.02662377907105961
group_4372,4.91504438860532,0.02662377907105961
group_4373,3.98778727170036,0.045831214112950366
group_4389,6.4357627320479125,0.01118451213616634
group_44,11.789029535864977,0.0005958078660012542
group_4405,9.405661732947939,0.002163164343674589
group_4406,19.19800214846562,1.1783665146013767e-05
group_4409,5.5984251968503935,0.017976629265919978
group_441,9.051032980054707,0.002625464411103038
group_4412,20.850554503471873,4.9654848451894e-06
group_4431,3.897859729559122,0.048347662796422816
group_4443,10.583613206852167,0.0011409445009691276
group_4446,17.961137052757344,2.254613600776387e-05
group_4451,5.113138896543369,0.02374532234881058
group_4458,9.537402329887136,0.0020132648229026487
group_4464,11.036426850217815,0.0008933888789804457
group_4466,4.665354330708661,0.030777072250793496
group_447,6.867960729592344,0.008775473417398842
group_4472,9.673610695814919,0.0018693357238286242
group_4483,13.198673214371407,0.00028014737795002123
group_4490,7.021393457814115,0.008054152771056538
group_4498,4.665354330708661,0.030777072250793496
group_4514,6.4303797468354436,0.011218459072279488
group_4519,9.59900107423281,0.001946832493690091
group_4521,5.987182382525853,0.014410202158186855
group_4522,3.98778727170036,0.045831214112950366
group_4547,14.391819093764774,0.00014844582764874693
group_4553,9.570353635472078,0.00197744687464589
group_4554,4.669410697783732,0.03070446140451188
group_4559,4.177536593011178,0.040963200348772516
group_4563,3.98778727170036,0.045831214112950366
group_4575,3.98778727170036,0.045831214112950366
group_4582,8.064600152828998,0.0045138435277821964
group_4583,5.270610017246117,0.021688411108406695
group_4596,4.403368612575791,0.03586801556446067
group_460,4.930979849828898,0.02637935582351387
group_4605,10.576961532170312,0.001145057062107186
group_4636,5.715952538808172,0.01681144095154644
group_466,4.081227893896086,0.04336213680473649
group_4661,4.665354330708661,0.030777072250793496
group_467,4.081227893896086,0.04336213680473649
group_4682,10.972239625110156,0.0009248691662312699
group_4686,6.277122532679198,0.012230653531073495
group_470,10.080750191036248,0.0014982632133699735
group_4706,6.4303797468354436,0.011218459072279488
group_4709,4.578640486394897,0.032372889609474424
group_4712,6.87781602762167,0.008727214005079288
group_4714,3.930764192450627,0.04741039548289199
group_4735,14.311525886144352,0.00015491345793696175
group_4751,5.5984251968503935,0.017976629265919978
group_4753,4.930979849828898,0.02637935582351387
group_4761,4.7148937491784375,0.029902413467850084
group_4764,5.252355140125497,0.021917087183771847
group_4771,21.955933055326025,2.7898309538195775e-06
group_478,4.546858756417212,0.03297919722040012
group_4787,4.930979849828898,0.02637935582351387
group_4790,11.789029535864977,0.0005958078660012542
group_4798,8.285051200955547,0.003997277754873359
group_4799,5.270610017246117,0.021688411108406695
group_4806,15.165723529020898,9.847482980663765e-05
group_4813,3.98778727170036,0.045831214112950366
group_482,14.243030750461465,0.00016065462252870622
group_4821,10.080750191036248,0.0014982632133699735
group_4829,9.645569620253166,0.0018980882786265496
group_4836,5.362769700266898,0.020571077672570447
group_4845,3.98778727170036,0.045831214112950366
group_4851,11.495520841828032,0.0006976410628048649
group_4853,4.583924290974537,0.03227322277831879
group_4854,27.917045624439353,1.2662930511399092e-07
group_4856,6.223989764594446,0.012603079532247489
group_487,8.179608957108206,0.00423638916218157
group_4877,6.223989764594446,0.012603079532247489
group_488,5.270610017246117,0.021688411108406695
group_4886,3.98778727170036,0.045831214112950366
group_4889,6.9700000415296195,0.008288749480034715
group_489,4.01120057703659,0.04519895457698197
group_4896,5.638439150802353,0.017570842921814923
group_4897,3.98778727170036,0.045831214112950366
group_490,12.076304704890529,0.0005106671393020559
group_4902,4.707741871179945,0.030027068455407934
group_4907,6.97431974484202,0.008268764894502277
group_4909,6.4647999564400465,0.011003202739615286
group_4918,4.834213589998369,0.027900362880542144
group_4930,3.98778727170036,0.045831214112950366
group_4932,5.4147939251450605,0.019966810036326946
group_4937,16.885604260326886,3.970154655268781e-05
group_4940,4.887842600040024,0.02704646299070788
group_495,19.13984262191179,1.2148226387472334e-05
group_4954,12.189036057553288,0.0004807121737805869
group_496,4.523572673141594,0.03343095105815301
group_4962,4.958400913349582,0.025964206695280538
group_4968,6.523742063176536,0.010644380659578956
group_497,6.16647252276106,0.013019395413018223
group_4973,5.354744620530029,0.020665960688768113
group_4978,4.958400913349582,0.025964206695280538
group_4979,4.032300076414499,0.04463704547652637
group_4980,7.992530133017182,0.004697073035261331
group_4989,3.98778727170036,0.045831214112950366
group_500,6.6145670143228195,0.01011479283789433
group_5004,5.317673451802598,0.021110178593961245
group_5010,4.032300076414499,0.04463704547652637
group_5015,8.79556441406589,0.0030196380920362517
group_5017,16.35271429142587,5.258080300001769e-05
group_5019,20.124251202914444,7.257064649259939e-06
group_5022,27.9387709314283,1.252154957580965e-07
group_5025,13.371981470157493,0.00025541136822341984
group_5026,7.2004613171595455,0.007288484278525192
group_5034,13.371981470157493,0.00025541136822341984
group_5036,8.573839662447257,0.0034102721742368045
group_5039,3.930764192450627,0.04741039548289199
group_5044,11.792292577351883,0.000594764458093567
group_5059,13.255702609958565,0.00027175191010741996
group_506,6.4357627320479125,0.01118451213616634
group_5061,8.856976422251016,0.00291970805100868
group_5062,5.4147939251450605,0.019966810036326946
group_5064,6.729859542605444,0.009481206545393656
group_507,12.136499048090796,0.0004944450841942234
group_508,3.8422730499555553,0.049975726349979085
group_5087,13.418253467261735,0.0002491875981453279
group_5101,8.285051200955547,0.003997277754873359
group_5104,4.930979849828898,0.02637935582351387
group_5108,27.1257189175265,1.9064467860743866e-07
group_5109,3.98778727170036,0.045831214112950366
group_511,3.897859729559122,0.048347662796422816
group_5110,14.065777957615495,0.00017652662912520745
group_5129,5.673721718329511,0.017220882969346398
group_5132,6.898459593146536,0.008627005092139537
group_5133,13.255702609958565,0.00027175191010741996
group_5142,20.124251202914444,7.257064649259939e-06
group_5143,12.845967511193159,0.0003382072944347244
group_5144,9.916801826699164,0.0016377672170770276
group_5145,6.523742063176536,0.010644380659578956
group_5147,3.930764192450627,0.04741039548289199
group_5159,17.534425552303908,2.82152430179978e-05
group_5169,9.829500368083568,0.0017173499185894599
group_5180,4.958400913349582,0.025964206695280538
group_5187,4.413213266967308,0.035661606908679915
group_5191,4.313213340421052,0.03781746364653328
group_5192,10.008225348561586,0.0015584262013228327
group_5197,4.930979849828898,0.02637935582351387
group_520,11.792292577351883,0.000594764458093567
group_5204,8.71883243172987,0.0031493966986815107
group_5208,4.032300076414499,0.04463704547652637
group_5215,3.98778727170036,0.045831214112950366
group_5216,22.407212499564444,2.2054424585428856e-06
group_5227,4.834213589998369,0.027900362880542144
group_5228,13.371981470157493,0.00025541136822341984
group_5239,4.930979849828898,0.02637935582351387
group_5242,6.97431974484202,0.008268764894502277
group_5243,5.291926736110455,0.021424503747849207
group_5245,4.373339904803377,0.03650537353888093
group_5254,13.371981470157493,0.00025541136822341984
group_5255,13.255702609958565,0.00027175191010741996
group_5259,4.932395782091147,0.02635775091826759
group_526,4.510942461306261,0.03367867866278111
group_5264,14.243030750461465,0.00016065462252870622
group_5267,6.97431974484202,0.008268764894502277
group_5268,6.97431974484202,0.008268764894502277
group_5275,7.9092182073666715,0.0049183520336638226
group_5276,15.45139795289302,8.465430308906047e-05
group_5281,4.665354330708661,0.030777072250793496
group_5295,13.913485749551734,0.00019142010862350538
group_5304,5.947087573968867,0.014741622152117566
group_5310,5.362769700266898,0.020571077672570447
group_533,5.19088674042327,0.022705628115760403
group_5337,4.930979849828898,0.02637935582351387
group_5338,4.55775409234632,0.03277001969648482
group_534,11.792292577351883,0.000594764458093567
group_5341,9.512801740510607,0.0020404338780902996
group_5358,8.424077247591903,0.0037028451561722554
group_5368,4.707741871179945,0.030027068455407934
group_5369,5.723300607993621,0.016741230997734325
group_537,10.640528075532563,0.001106360782777998
group_538,11.792292577351883,0.000594764458093567
group_5381,4.930979849828898,0.02637935582351387
group_5383,4.930979849828898,0.02637935582351387
group_539,11.792292577351883,0.000594764458093567
group_5391,5.638439150802353,0.017570842921814923
group_5398,5.723300607993621,0.016741230997734325
group_54,7.2004613171595455,0.007288484278525192
group_5413,4.930979849828898,0.02637935582351387
group_5414,12.779889427950824,0.00035036563860085747
group_5419,4.7148937491784375,0.029902413467850084
group_5421,13.371981470157493,0.00025541136822341984
group_5426,6.277122532679198,0.012230653531073495
group_543,11.792292577351883,0.000594764458093567
group_5445,4.623233713361291,0.03154172086558367
group_5446,5.947087573968867,0.014741622152117566
group_5454,5.358649789029537,0.020619732233924645
group_5463,25.66489940625655,4.061475302248875e-07
group_5473,12.929599912880093,0.00032342690206949894
group_5477,5.038229802721584,0.024793813567496277
group_5482,3.98778727170036,0.045831214112950366
group_5487,5.876617245394721,0.015343272435211202
group_5489,5.358649789029537,0.020619732233924645
group_5505,4.575270837007109,0.032436618038868145
group_5506,5.077390951324046,0.0242398194647305
group_5507,8.064600152828998,0.0045138435277821964
group_5512,20.737850964831928,5.266463790654805e-06
group_5525,4.890531616037445,0.027004369815992357
group_5528,9.542610790015441,0.002007559777271725
group_5537,4.113602455646367,0.04253965844276517
group_5539,12.779889427950824,0.00035036563860085747
group_5540,8.573839662447257,0.0034102721742368045
group_5560,6.523742063176536,0.010644380659578956
group_5569,5.46466465351839,0.019404777503143747
group_5582,7.160132247344446,0.007454170072498371
group_5583,7.911742490914731,0.004911493870240874
group_5601,6.685990735078747,0.009717350176728179
group_5603,10.86189776635653,0.0009816304943261562
group_5611,5.947087573968867,0.014741622152117566
group_5615,8.478158917676932,0.003594356827318564
group_5620,6.531496062992126,0.010598078168568907
group_5621,18.116257849097973,2.0781943210080718e-05
group_5630,6.97431974484202,0.008268764894502277
group_5649,4.239079458838466,0.0395035806208451
group_5652,5.4147939251450605,0.019966810036326946
group_5657,6.057413434217805,0.013848036496214248
group_5666,3.8604526936110837,0.04943698790941931
group_5669,11.612094924148684,0.0006552430506563327
group_5686,10.862118444507274,0.0009815135284308352
group_5687,6.867960729592344,0.008775473417398842
group_569,5.252355140125497,0.021917087183771847
group_5692,6.97431974484202,0.008268764894502277
group_5699,4.7148937491784375,0.029902413467850084
group_5714,23.59825154509498,1.18695319387976e-06
group_5715,7.464566929133858,0.006292516711761926
group_5728,5.362769700266898,0.020571077672570447
group_5736,8.285051200955547,0.003997277754873359
group_5747,5.148354477842169,0.02326841326995841
group_5751,4.392607608643348,0.036095067751659986
group_5755,3.930764192450627,0.04741039548289199
group_5756,12.432457550117771,0.0004219363185772004
group_5767,24.65554019384294,6.854741089975204e-07
group_5771,5.865047011528622,0.01544444627617542
group_5772,8.285051200955547,0.003997277754873359
group_5777,8.628464844889754,0.003309503544556414
group_5782,4.665354330708661,0.030777072250793496
group_5784,57.59701850015169,3.2171287693117784e-14
group_5789,16.03925047343766,6.204285497868542e-05
group_5798,6.4303797468354436,0.011218459072279488
group_5799,5.483314531742218,0.019198821406934106
group_58,12.204482650618655,0.00047674821454650023
group_5801,11.971148280848636,0.000540306353064528
group_5802,4.958400913349582,0.025964206695280538
group_5804,6.4930854939263805,0.01082948551210756
group_5808,4.707741871179945,0.030027068455407934
group_5809,10.080750191036248,0.0014982632133699735
group_5812,8.698820650263917,0.003184159970263784
group_5815,4.099025299843849,0.042907943129694245
group_5817,6.4082687388029775,0.011359011536932553
group_5818,4.032300076414499,0.04463704547652637
group_5822,5.281890748185309,0.021548335585915554
group_5824,4.510942461306261,0.03367867866278111
group_5826,4.358753314063591,0.036819240975019644
group_5838,5.060461004999292,0.02447772598307004
group_5839,4.278684062830753,0.038593216512003675
group_5864,4.313213340421052,0.03781746364653328
group_5866,5.017029446391264,0.025099192287197897
group_587,5.483314531742218,0.019198821406934106
group_5870,8.937467316758806,0.0027937982793776054
group_5871,10.068449117910895,0.0015082993944714707
group_5873,7.564962291106016,0.0059513899611478675
group_5875,14.771933176074507,0.00012132796696424626
group_5877,6.4303797468354436,0.011218459072279488
group_5891,3.98778727170036,0.045831214112950366
group_5896,19.392334018911605,1.0643343904801102e-05
group_5897,7.464566929133858,0.006292516711761926
group_5898,5.148354477842169,0.02326841326995841
group_5904,5.362769700266898,0.020571077672570447
group_5905,4.099025299843849,0.042907943129694245
group_5907,3.98778727170036,0.045831214112950366
group_5918,8.79514695002427,0.0030203291511791373
group_5919,9.164490855390888,0.002467562774003723
group_5922,5.362769700266898,0.020571077672570447
group_5925,9.53917387247932,0.002011322535384851
group_5931,4.665354330708661,0.030777072250793496
group_5934,8.285051200955547,0.003997277754873359
group_5936,8.285051200955547,0.003997277754873359
group_5942,8.09865138919118,0.004429820635125498
group_5947,4.230271682395464,0.039709083890418106
group_5950,6.9700000415296195,0.008288749480034715
group_5951,4.799500537116405,0.028467988768476976
group_5957,7.905915025869179,0.004927341105770213
group_5958,5.358649789029537,0.020619732233924645
group_596,10.526251148986123,0.001176907075210162
group_5976,11.372625829268909,0.0007453443383995235
group_5977,9.45620286388252,0.0021043624684873433
group_5978,8.285533825332921,0.0039962154798044635
group_5981,15.994133036194235,6.353908416658381e-05
group_5988,4.930979849828898,0.02637935582351387
group_5989,16.03925047343766,6.204285497868542e-05
group_5990,11.817546540859606,0.000586751261042376
group_5993,18.724590153307094,1.5102234502369405e-05
group_5995,4.958400913349582,0.025964206695280538
group_6007,9.021884922612522,0.002667661573635898
group_6010,10.541220034492234,0.001167413321983532
group_6023,4.91504438860532,0.02662377907105961
group_6024,6.4303797468354436,0.011218459072279488
group_6025,4.893767926952169,0.026953799731521583
group_6027,13.371981470157493,0.00025541136822341984
group_6032,4.315618825330477,0.0377640332763318
group_6044,8.009642422430222,0.004652892434825515
group_6063,9.330708661417322,0.0022534519018525406
group_6064,5.947087573968867,0.014741622152117566
group_6082,5.358649789029537,0.020619732233924645
group_6107,5.995205984186608,0.014344806057574197
group_6124,4.958400913349582,0.025964206695280538
group_6130,7.3948875457023595,0.006540951396980537
group_6137,21.895942586252524,2.8784188114109296e-06
group_6138,23.71138657065829,1.1191840897501713e-06
group_6141,5.5984251968503935,0.017976629265919978
group_6143,9.545850270683317,0.002004019708244404
group_6151,16.03925047343766,6.204285497868542e-05
group_6156,8.296522083186092,0.003972107458025045
group_6161,13.371981470157493,0.00025541136822341984
group_6169,15.310989439976279,9.118450517186692e-05
group_617,6.4303797468354436,0.011218459072279488
group_6172,4.930979849828898,0.02637935582351387
group_6177,4.958400913349582,0.025964206695280538
group_6182,6.6382389804466495,0.009981255160262867
group_6185,4.958400913349582,0.025964206695280538
group_6190,5.638439150802353,0.017570842921814923
group_6194,6.955786673209177,0.008354855400342703
group_6195,13.206223872983863,0.0002790209778369134
group_6198,14.308514317450577,0.00015516148632003618
group_6201,4.023088454564585,0.04488145372970062
group_6202,13.680377975429892,0.00021670698442071099
group_6209,13.8469367673599,0.00019831975925944668
group_6210,17.457561677669364,2.9379332422084838e-05
group_6218,4.7148937491784375,0.029902413467850084
group_6220,8.009642422430222,0.004652892434825515
group_6225,6.4357627320479125,0.01118451213616634
group_6227,7.726607749980619,0.005441288467362509
group_6234,16.193679376575822,5.718459913358374e-05
group_6236,3.98778727170036,0.045831214112950366
group_6238,3.930764192450627,0.04741039548289199
group_6246,5.744357798369852,0.016541702096790484
group_6248,5.753399495949083,0.01645678094665628
group_6249,6.4082687388029775,0.011359011536932553
group_6250,9.051032980054707,0.002625464411103038
group_6252,3.98778727170036,0.045831214112950366
group_6254,5.077390951324046,0.0242398194647305
group_6257,5.847022550451237,0.015603429330091734
group_6261,8.285533825332921,0.0039962154798044635
group_6264,3.98778727170036,0.045831214112950366
group_6266,3.98778727170036,0.045831214112950366
group_6271,13.680377975429892,0.00021670698442071099
group_6277,3.98778727170036,0.045831214112950366
group_6280,13.360093617469282,0.00025703547550269513
group_6295,8.673215132487032,0.0032292097026323987
group_6297,3.98778727170036,0.045831214112950366
group_6303,29.326905655780372,6.114084523642931e-08
group_6316,7.2004613171595455,0.007288484278525192
group_6318,5.375762068507259,0.02041841924435397
group_6321,6.770670580188826,0.009266800948324053
group_6324,5.358649789029537,0.020619732233924645
group_6328,10.972239625110156,0.0009248691662312699
group_6329,5.986288254711832,0.014417508695225146
group_633,4.578640486394897,0.032372889609474424
group_6330,14.675978143095525,0.00012766297417476615
group_6333,9.59759048826189,0.0019483286229824382
group_6341,14.771933176074507,0.00012132796696424626
group_6346,5.148354477842169,0.02326841326995841
group_6355,7.9092182073666715,0.0049183520336638226
group_6356,5.362769700266898,0.020571077672570447
group_6359,4.166862100167485,0.041222077705427795
group_6367,8.79556441406589,0.0030196380920362517
group_6374,12.875831325254111,0.0003328528356713094
group_6382,4.930979849828898,0.02637935582351387
group_640,3.930764192450627,0.04741039548289199
group_6400,4.338378264009473,0.03726240010827806
group_6408,8.937467316758806,0.0027937982793776054
group_6409,4.930979849828898,0.02637935582351387
group_6423,9.78106323207489,0.0017631832792544516
group_6425,8.01262085119107,0.004645246065535086
group_6427,23.71138657065829,1.1191840897501713e-06
group_6428,23.71138657065829,1.1191840897501713e-06
group_6431,9.175886934228156,0.002452244991839981
group_6433,14.940617074764393,0.00011094844461084527
group_6434,9.491465988325487,0.0020642981320133664
group_6438,4.930979849828898,0.02637935582351387
group_6439,4.930979849828898,0.02637935582351387
group_6442,4.164643475211667,0.041276099066896034
group_6445,5.995205984186608,0.014344806057574197
group_6466,5.794821110690952,0.016073450265979585
group_6467,4.665354330708661,0.030777072250793496
group_6472,13.013605639025624,0.00030923594135037595
group_6475,14.8693513073524,0.00011521989579611897
group_6478,4.669410697783732,0.03070446140451188
group_649,7.749746330935075,0.005372008634535366
group_6493,7.3948875457023595,0.006540951396980537
group_6498,28.14942101322048,1.1230125995320934e-07
group_6501,5.638439150802353,0.017570842921814923
group_6502,4.315049621961812,0.03777666921154802
group_6503,10.275291778676266,0.0013482355057617904
group_6505,6.867960729592344,0.008775473417398842
group_6507,12.845967511193159,0.0003382072944347244
group_6509,10.080750191036248,0.0014982632133699735
group_6511,10.692833648958437,0.0010755134167291609
group_6513,7.9092182073666715,0.0049183520336638226
group_6514,21.893418598965297,2.8822072344703437e-06
group_6515,3.9350151642437092,0.0472907141537854
group_6528,5.148354477842169,0.02326841326995841
group_6530,7.776372596867121,0.0052933980322078565
group_6531,14.255886372073604,0.00015956098295346856
group_6533,6.4303797468354436,0.011218459072279488
group_6538,15.723056769802508,7.33249066552709e-05
group_654,7.464566929133858,0.006292516711761926
group_6540,13.59406685211529,0.00022690152921136126
group_6546,11.386579842076705,0.000739766096700064
group_6554,14.362396156176679,0.0001507836720294889
group_6569,8.343925261690185,0.0038697900656870653
group_6571,8.198050599687697,0.004193542308656291
group_6574,5.947087573968867,0.014741622152117566
group_6584,12.096900229243493,0.0005050571672491627
group_6591,7.161493387610358,0.007448515743795776
group_6597,3.98778727170036,0.045831214112950366
group_660,5.362769700266898,0.020571077672570447
group_6603,3.930764192450627,0.04741039548289199
group_6608,12.991485389880063,0.00031291063888697616
group_6618,4.7148937491784375,0.029902413467850084
group_6619,4.099025299843849,0.042907943129694245
group_6620,7.5021097046413505,0.006162675994561232
group_6625,14.05109953819064,0.00017790978381765018
group_6637,15.706734129573661,7.396038376371314e-05
group_6647,28.518396731263024,9.28124220101974e-08
group_6649,10.829587850290121,0.0009989087076597955
group_665,4.930979849828898,0.02637935582351387
group_6656,13.371981470157493,0.00025541136822341984
group_6657,3.930764192450627,0.04741039548289199
group_6667,10.972239625110156,0.0009248691662312699
group_6673,24.575221943026612,7.146477504348307e-07
group_6678,18.724590153307094,1.5102234502369405e-05
group_6679,4.313213340421052,0.03781746364653328
group_6684,11.693579188677367,0.0006271614138157848
group_6687,3.930764192450627,0.04741039548289199
group_6689,5.339124784923367,0.020851939556145248
group_6691,7.331726413945093,0.006774795093995902
group_6693,4.930979849828898,0.02637935582351387
group_670,3.98778727170036,0.045831214112950366
group_6711,6.770670580188826,0.009266800948324053
group_6712,5.207107047606459,0.022494734559412994
group_6715,5.033454715717202,0.024862257696273263
group_6735,4.922114226442572,0.02651505039519274
group_6739,4.313213340421052,0.03781746364653328
group_6749,5.358649789029537,0.020619732233924645
group_6754,4.032300076414499,0.04463704547652637
group_6759,4.578640486394897,0.032372889609474424
group_6776,5.494849263149291,0.019072571929701843
group_6781,7.514061225075896,0.006121918316966721
group_6803,20.887682965055888,4.870161277557366e-06
group_6805,6.330390332059245,0.01186861927145568
group_6809,6.523742063176536,0.010644380659578956
group_6810,6.330390332059245,0.01186861927145568
group_6811,11.581358080833247,0.000666162721915342
group_6817,5.681262797679938,0.017147022188675653
group_6841,9.415683799018794,0.0021513732000069652
group_6846,4.510942461306261,0.03367867866278111
group_6848,7.547794500370996,0.0060083568712588345
group_6853,12.11482686843561,0.0005002248224911399
group_6861,3.930764192450627,0.04741039548289199
group_6865,4.583924290974537,0.03227322277831879
group_6879,7.464566929133858,0.006292516711761926
group_6886,9.353262013134433,0.0022258894340340617
group_6892,19.19800214846562,1.1783665146013767e-05
group_6901,16.885604260326886,3.970154655268781e-05
group_6902,7.161493387610358,0.007448515743795776
group_6909,6.97431974484202,0.008268764894502277
group_6913,6.4303797468354436,0.011218459072279488
group_6926,5.1164577034674465,0.023699947673182686
group_6937,4.935316962794712,0.02631323636717547
group_6946,18.032699704145053,2.171429141031511e-05
group_6949,4.166862100167485,0.041222077705427795
group_6953,4.495387707338269,0.03398640604816823
group_6962,4.91504438860532,0.02662377907105961
group_6966,10.972239625110156,0.0009248691662312699
group_6971,4.665354330708661,0.030777072250793496
group_6974,4.665354330708661,0.030777072250793496
group_6983,12.246279465264628,0.0004661867623649533
group_6988,5.924502890461477,0.014931750267502788
group_6998,4.020067111864184,0.04496192435341652
group_7009,4.886308066264215,0.0270705147634867
group_7016,14.8693513073524,0.00011521989579611897
group_703,37.41742194261761,9.536642395757937e-10
group_7047,3.8604526936110837,0.04943698790941931
group_7048,10.370990611933001,0.0012801084265826913
group_7050,9.98629572914433,0.0015770954047647561
group_7051,4.032300076414499,0.04463704547652637
group_7056,4.113602455646367,0.04253965844276517
group_7060,7.142450322100335,0.007528022725860478
group_7061,4.845188055637204,0.02772336936717956
group_7065,4.974852526891146,0.025718396222631213
group_7090,5.951161642769342,0.014707591050818522
group_7094,5.5984251968503935,0.017976629265919978
group_7095,9.151003611160093,0.002485816874982917
group_7098,4.665354330708661,0.030777072250793496
group_7099,5.522356118987238,0.01877495514507062
group_7109,6.277122532679198,0.012230653531073495
group_7116,12.408189087123601,0.000427455187658876
group_7143,5.6374703539481805,0.01758055507848979
group_7149,5.638439150802353,0.017570842921814923
group_7152,9.43496103882828,0.002128876120432733
group_7155,13.940023394496277,0.00018873665035389344
group_7170,8.478158917676932,0.003594356827318564
group_7173,5.086922918678125,0.024106929299863553
group_719,4.958400913349582,0.025964206695280538
group_7194,4.313213340421052,0.03781746364653328
group_7204,3.98778727170036,0.045831214112950366
group_7222,3.98778727170036,0.045831214112950366
group_7232,5.362769700266898,0.020571077672570447
group_7234,4.166862100167485,0.041222077705427795
group_7236,9.43496103882828,0.002128876120432733
group_7237,6.913280618403713,0.008555787085347816
group_724,13.371981470157493,0.00025541136822341984
group_7240,16.03925047343766,6.204285497868542e-05
group_7243,5.638439150802353,0.017570842921814923
group_7248,4.583924290974537,0.03227322277831879
group_7262,5.270610017246117,0.021688411108406695
group_7264,5.148354477842169,0.02326841326995841
group_7287,7.161493387610358,0.007448515743795776
group_7292,4.800518289644176,0.028451176650940293
group_7299,10.717299578059073,0.0010613846356138789
group_7309,4.578640486394897,0.032372889609474424
group_7310,13.276477960893299,0.0002687569272798694
group_7316,8.79514695002427,0.0030203291511791373
group_7318,13.255702609958565,0.00027175191010741996
group_7333,10.770812060939637,0.0010311325957132122
group_7353,11.894175147937734,0.0005630975879259027
group_7385,4.665354330708661,0.030777072250793496
group_7393,3.98778727170036,0.045831214112950366
group_7397,4.958400913349582,0.025964206695280538
group_7398,4.958400913349582,0.025964206695280538
group_7404,8.403464602846643,0.003745065693914068
group_7409,4.834213589998369,0.027900362880542144
group_7411,13.371981470157493,0.00025541136822341984
group_7414,3.930764192450627,0.04741039548289199
group_7415,4.583924290974537,0.03227322277831879
group_7418,3.98778727170036,0.045831214112950366
group_7426,4.344387529090508,0.037131120180499654
group_7443,20.124251202914444,7.257064649259939e-06
group_7444,15.223334617384257,9.551586606178053e-05
group_7449,13.11329912874815,0.0002932068880300963
group_7463,4.7148937491784375,0.029902413467850084
group_7466,6.4303797468354436,0.011218459072279488
group_7475,24.080796529347886,9.237695219700246e-07
group_7485,11.39157846414524,0.0007377781301030883
group_7492,4.313213340421052,0.03781746364653328
group_7495,5.077390951324046,0.0242398194647305
group_7498,26.712167893289433,2.361298611168063e-07
group_7507,9.59759048826189,0.0019483286229824382
group_7526,4.930979849828898,0.02637935582351387
group_753,6.97431974484202,0.008268764894502277
group_7530,8.644560556999506,0.0032803925100196676
group_7531,10.599711618326188,0.0011310530004147775
group_7542,6.067514457193226,0.013769058852460395
group_7550,9.051032980054707,0.002625464411103038
group_756,4.136063029041203,0.04197869381755167
group_7565,4.930979849828898,0.02637935582351387
group_7568,18.865316479427413,1.4028016529378996e-05
group_7569,21.955933055326025,2.7898309538195775e-06
group_7575,7.039141250539885,0.007974725937182228
group_7587,13.371981470157493,0.00025541136822341984
group_7590,24.777578071312043,6.434158549230761e-07
group_7591,27.917045624439353,1.2662930511399092e-07
group_7593,9.688854004008991,0.0018538912761147366
group_7598,5.638439150802353,0.017570842921814923
group_7608,5.908773270429803,0.015065659571931771
group_761,6.474937468259506,0.010940616305647707
group_7612,8.285051200955547,0.003997277754873359
group_7617,5.4147939251450605,0.019966810036326946
group_7622,12.466495940754008,0.00041431657786714207
group_7624,4.032300076414499,0.04463704547652637
group_7626,5.004628766937064,0.025279624507228513
group_7633,13.371981470157493,0.00025541136822341984
group_7634,6.014589948408347,0.014188074939788492
group_7640,3.9012945647419075,0.04824891557524139
group_7641,3.9012945647419075,0.04824891557524139
group_7653,7.861528384901254,0.0050497688622012414
group_7654,4.166862100167485,0.041222077705427795
group_7656,12.835892273201786,0.00034003327093386747
group_7659,19.392334018911605,1.0643343904801102e-05
group_766,13.371981470157493,0.00025541136822341984
group_7667,12.136499048090796,0.0004944450841942234
group_767,3.98778727170036,0.045831214112950366
group_7670,6.4303797468354436,0.011218459072279488
group_7675,5.8231854112198995,0.015816275993812905
group_7679,4.958400913349582,0.025964206695280538
group_7680,4.958400913349582,0.025964206695280538
group_7694,13.8469367673599,0.00019831975925944668
group_7696,5.786982956244394,0.01614527479274857
group_7699,4.958400913349582,0.025964206695280538
group_7700,10.765188932746831,0.001034270062171739
group_7715,5.4673287500840715,0.019375217852968005
group_7719,17.255590578867515,3.2673474074414535e-05
group_7738,13.782234754342923,0.0002052681097993231
group_7743,4.413213266967308,0.035661606908679915
group_7763,9.5799919965606,0.0019670926374166418
group_7766,6.009031733740198,0.014232835425316646
group_7769,5.14502162244438,0.023313120069384574
group_7770,6.692747971242923,0.009680587361718812
group_7780,6.256022944794995,0.012377175527084833
group_7786,5.981684574238349,0.014455188959107282
group_7793,28.032030815163893,1.1932395494134875e-07
group_7798,8.285533825332921,0.0039962154798044635
group_7799,10.18191553240161,0.0014182476737800121
group_780,6.97431974484202,0.008268764894502277
group_7809,15.232118024125828,9.507266869466708e-05
group_7810,6.340411865430363,0.011801747481542373
group_7826,10.906570374501733,0.0009582377079118095
group_7827,20.547731588322634,5.8162673697289974e-06
group_7838,3.98778727170036,0.045831214112950366
group_7843,6.4303797468354436,0.011218459072279488
group_7845,5.906145269135057,0.015088152543574242
group_7870,8.576090628420138,0.003406058772977963
group_7881,8.285051200955547,0.003997277754873359
group_7891,6.523742063176536,0.010644380659578956
group_7896,18.724590153307094,1.5102234502369405e-05
group_79,7.331726413945093,0.006774795093995902
group_791,11.495520841828032,0.0006976410628048649
group_7911,13.371981470157493,0.00025541136822341984
group_7912,16.831988081306996,4.083908545265122e-05
group_7919,4.012796615255676,0.04515619055343158
group_7920,6.4303797468354436,0.011218459072279488
group_7946,7.911742490914731,0.004911493870240874
group_7947,4.127473277577929,0.04219230362633408
group_7949,5.4147939251450605,0.019966810036326946
group_7951,4.958400913349582,0.025964206695280538
group_796,4.930979849828898,0.02637935582351387
group_7961,15.153547170306975,9.911193464053614e-05
group_7964,5.03412356245666,0.024852658922628734
group_797,27.542526675858554,1.5367801897389754e-07
group_7970,4.313213340421052,0.03781746364653328
group_7972,13.680377975429892,0.00021670698442071099
group_7974,13.255702609958565,0.00027175191010741996
group_7977,25.08232850532637,5.493398468539367e-07
group_7980,3.930764192450627,0.04741039548289199
group_7981,6.867960729592344,0.008775473417398842
group_7982,5.077390951324046,0.0242398194647305
group_799,9.43496103882828,0.002128876120432733
group_7998,5.096729008557475,0.02397100601658309
group_8000,6.099953486826802,0.013518544001153395
group_8007,7.5021097046413505,0.006162675994561232
group_8019,5.031399556068148,0.024891775853632368
group_8020,10.226277793086737,0.0013845378935477474
group_8027,8.57184112940118,0.00341401750704015
group_8033,4.7148937491784375,0.029902413467850084
group_8041,8.434101674998823,0.0036824875658273337
group_8043,5.358649789029537,0.020619732233924645
group_8049,5.354744620530029,0.020665960688768113
group_8050,8.792961924401709,0.003023948807979061
group_8052,16.820876364407713,4.107890385877243e-05
group_8060,4.280197244517929,0.03855887345706042
group_8063,11.925269467898792,0.0005537761658667463
group_8066,25.08232850532637,5.493398468539367e-07
group_8072,4.936037027177406,0.026302275639390502
group_8073,12.875831325254111,0.0003328528356713094
group_8090,8.162455787792172,0.0042766423756151846
group_8091,12.962793177251914,0.0003177427731977841
group_8092,8.063643102760889,0.004516228396257245
group_810,4.166862100167485,0.041222077705427795
group_8108,10.770812060939637,0.0010311325957132122
group_8118,4.930979849828898,0.02637935582351387
group_8128,3.98778727170036,0.045831214112950366
group_8129,10.301941094388521,0.001328903500917615
group_8133,10.717299578059073,0.0010613846356138789
group_8137,4.084329386884194,0.04328262366405765
group_8144,4.099025299843849,0.042907943129694245
group_8145,7.2696839009947425,0.007012814421165918
group_8150,26.397252954140225,2.779354818186534e-07
group_8151,6.4303797468354436,0.011218459072279488
group_8152,4.315049621961812,0.03777666921154802
group_8159,3.8840191006043714,0.048747730398081696
group_8166,11.789029535864977,0.0005958078660012542
group_8168,5.362769700266898,0.020571077672570447
group_8169,10.080750191036248,0.0014982632133699735
group_8172,8.285051200955547,0.003997277754873359
group_8203,4.958400913349582,0.025964206695280538
group_8210,5.908773270429803,0.015065659571931771
group_8212,5.4147939251450605,0.019966810036326946
group_8213,6.87781602762167,0.008727214005079288
group_8215,12.835892273201786,0.00034003327093386747
group_8218,6.556649564374075,0.010449292523080961
group_8219,13.418253467261735,0.0002491875981453279
group_8224,6.100669074106732,0.013513070932202645
group_823,4.8957135531692755,0.02692344508302284
group_8234,12.835892273201786,0.00034003327093386747
group_8238,4.086969251470152,0.04321506613642496
group_8239,4.665354330708661,0.030777072250793496
group_8252,13.371981470157493,0.00025541136822341984
group_8275,8.478158917676932,0.003594356827318564
group_8276,6.4647999564400465,0.011003202739615286
group_8278,4.665354330708661,0.030777072250793496
group_8279,4.983600048592822,0.025588681449881603
group_8285,8.847183604450144,0.0029354149652185842
group_8293,5.346416824479219,0.02076490169179498
group_8297,4.166862100167485,0.041222077705427795
group_8299,12.096900229243493,0.0005050571672491627
group_8300,5.638439150802353,0.017570842921814923
group_8307,11.430284294631946,0.0007225662895366485
group_8309,14.8693513073524,0.00011521989579611897
group_8310,5.270610017246117,0.021688411108406695
group_8311,6.9700000415296195,0.008288749480034715
group_8315,5.35393233775083,0.02067558976394614
group_8316,3.930764192450627,0.04741039548289199
group_8317,13.371981470157493,0.00025541136822341984
group_8321,6.295428087311872,0.012104977912055382
group_8322,6.4303797468354436,0.011218459072279488
group_8324,17.8988598884941,2.3296062570739665e-05
group_8335,4.665354330708661,0.030777072250793496
group_8337,6.867960729592344,0.008775473417398842
group_8340,18.64152798253326,1.5774668156419283e-05
group_8352,8.198050599687697,0.004193542308656291
group_8353,7.949783713744641,0.004809312380640045
group_8354,6.531496062992126,0.010598078168568907
group_8357,4.020067111864184,0.04496192435341652
group_8360,9.142633630008627,0.0024972139519942867
group_8361,4.34622857431369,0.03709099725350559
group_8366,6.4303797468354436,0.011218459072279488
group_8367,7.60488796756636,0.005821028078424162
group_837,4.274664121220487,0.03868460865747833
group_8377,5.638439150802353,0.017570842921814923
group_8379,3.974099506715559,0.04620515259892279
group_8383,5.5984251968503935,0.017976629265919978
group_8387,4.01120057703659,0.04519895457698197
group_8393,7.315700421618369,0.00683547525261985
group_8394,6.8168838910028295,0.009029999339136546
group_8397,22.40241868500614,2.210954047647062e-06
group_8407,4.958400913349582,0.025964206695280538
group_8408,4.958400913349582,0.025964206695280538
group_8409,11.153206607250794,0.0008388654648217778
group_8415,4.665354330708661,0.030777072250793496
group_8422,3.8740884038900605,0.04903693275694453
group_8427,6.8629062555106595,0.008800330048862529
group_8429,4.113602455646367,0.04253965844276517
group_8432,5.847022550451237,0.015603429330091734
group_8440,3.98778727170036,0.045831214112950366
group_8450,7.3948875457023595,0.006540951396980537
group_8453,18.032699704145053,2.171429141031511e-05
group_846,12.409985184484423,0.00042704425467050464
group_8463,6.76171059745265,0.009313443897394913
group_8470,6.393321050948536,0.011455051852798381
group_8471,21.895942586252524,2.8784188114109296e-06
group_8472,6.4357627320479125,0.01118451213616634
group_8484,20.775885503763504,5.162897633916497e-06
group_8486,17.534425552303908,2.82152430179978e-05
group_8489,17.004598436271422,3.728939847444654e-05
group_8493,5.947087573968867,0.014741622152117566
group_8501,16.03925047343766,6.204285497868542e-05
group_8508,5.113138896543369,0.02374532234881058
group_8514,6.099953486826802,0.013518544001153395
group_852,20.152491863555476,7.150703034837841e-06
group_8525,4.930979849828898,0.02637935582351387
group_8526,3.897859729559122,0.048347662796422816
group_8528,5.354744620530029,0.020665960688768113
group_8532,10.034058892782529,0.0015367204013054623
group_8537,17.513018695338147,2.8534708701430252e-05
group_8539,31.98826607238847,1.5510665292077092e-08
group_8546,11.678295306045605,0.0006323344344952575
group_8551,6.393321050948536,0.011455051852798381
group_8552,4.099025299843849,0.042907943129694245
group_8553,5.865047011528622,0.01544444627617542
group_8554,7.699402637961395,0.00552391040206523
group_8557,26.397252954140225,2.779354818186534e-07
group_8563,6.867960729592344,0.008775473417398842
group_8581,12.502950961415799,0.0004063097260580649
group_8582,6.87781602762167,0.008727214005079288
group_8583,5.229872926192879,0.022202154412991164
group_8586,11.107133767435965,0.0008599629144519741
group_8587,4.671584210701176,0.030665628031090127
group_8595,5.043689554628456,0.02471579533970448
group_8596,6.531496062992126,0.010598078168568907
group_8598,8.01262085119107,0.004645246065535086
group_8601,22.94847014112686,1.6640258560110996e-06
group_8603,16.29423120504503,5.422879289099001e-05
group_8605,6.523742063176536,0.010644380659578956
group_8615,5.58340912488787,0.018131394755179598
group_862,6.97431974484202,0.008268764894502277
group_8620,13.735921459184688,0.00021039184289292442
group_8621,12.462265340702213,0.000415256021903519
group_8631,7.142722651613311,0.007526879626260218
group_8634,15.723056769802508,7.33249066552709e-05
group_8640,4.032300076414499,0.04463704547652637
group_8642,14.561712608554371,0.00013564282588284676
group_8643,6.76171059745265,0.009313443897394913
group_8655,20.30013853825754,6.6195790689592885e-06
group_867,24.91574614118237,5.989124400469246e-07
group_8676,43.331672619834464,4.620436916286804e-11
group_8679,4.053282092591713,0.04408555369299837
group_8680,5.723300607993621,0.016741230997734325
group_8682,5.4147939251450605,0.019966810036326946
group_8687,5.638439150802353,0.017570842921814923
group_8692,9.273201689632547,0.0023253087622467717
group_8693,13.940023394496277,0.00018873665035389344
group_8711,9.952279555389296,0.0016065034799896771
group_8717,7.406473681100154,0.0064989584588067495
group_8720,9.168872133723417,0.0024616623210429946
group_8721,10.774120209510166,0.0010292912884629058
group_8723,7.562106196049852,0.00596082882648915
group_8727,8.32283766600521,0.003914971320634947
group_8731,7.464566929133858,0.006292516711761926
group_8737,8.57184112940118,0.00341401750704015
group_8740,4.665354330708661,0.030777072250793496
group_8743,7.357617900145209,0.006677920572356126
group_8746,4.583924290974537,0.03227322277831879
group_8755,4.40147799001646,0.035907798328594906
group_8761,4.032300076414499,0.04463704547652637
group_8777,9.645569620253166,0.0018980882786265496
group_8781,4.227874175558208,0.039765216580709924
group_8789,5.8185157519511455,0.015858321591476054
group_8796,4.0056400833770285,0.045348275136336026
group_8812,4.834213589998369,0.027900362880542144
group_8815,4.583924290974537,0.03227322277831879
group_8821,4.9764739323196405,0.025694301347754283
group_8826,7.699402637961395,0.00552391040206523
group_8829,4.032300076414499,0.04463704547652637
group_8837,6.48296563369865,0.01089131164635418
group_8842,10.080750191036248,0.0014982632133699735
group_8847,4.387540680970188,0.036202497990765234
group_8850,5.243624223182243,0.022027339436087853
group_8852,18.724590153307094,1.5102234502369405e-05
group_8856,4.665354330708661,0.030777072250793496
group_8872,5.947087573968867,0.014741622152117566
group_8884,7.564962291106016,0.0059513899611478675
group_8888,7.795719459118244,0.005237015325457827
group_889,4.099025299843849,0.042907943129694245
group_8896,3.98778727170036,0.045831214112950366
group_8898,4.930979849828898,0.02637935582351387
group_8899,4.930979849828898,0.02637935582351387
group_8900,4.930979849828898,0.02637935582351387
group_8907,9.732912638293627,0.001809974436656559
group_8910,6.4303797468354436,0.011218459072279488
group_8916,13.371981470157493,0.00025541136822341984
group_892,9.920222090630336,0.0016347265492093485
group_8935,6.701802513244757,0.009631549317005423
group_8936,10.263779527559057,0.0013566745704729347
group_8937,6.3232747139119265,0.011916336545201375
group_8938,5.6783055753412075,0.017175947545075333
group_8942,3.9012945647419075,0.04824891557524139
group_8944,21.153052933975886,4.2402523313229235e-06
group_8960,8.478158917676932,0.003594356827318564
group_8961,16.127286205521777,5.922457345151403e-05
group_8963,4.958400913349582,0.025964206695280538
group_8971,15.047921749530893,0.00010481560578301778
group_8978,18.792116660182685,1.4576840259605067e-05
group_8986,11.877850436554542,0.0005680546462782794
group_8991,4.799500537116405,0.028467988768476976
group_8996,6.76171059745265,0.009313443897394913
group_9005,5.35269349061583,0.020690284417544717
group_9012,4.806778975534584,0.028347984279863094
group_9014,4.519522209534259,0.03351018838587623
group_9015,4.519522209534259,0.03351018838587623
group_9020,7.771111531134251,0.005308837141912935
group_9035,7.650782923848423,0.005674768786784439
group_9040,13.510084568692342,0.00023728484641840586
group_9052,7.262235021255257,0.007041959942484629
group_9056,10.906524175349555,0.0009582616065843925
group_9057,8.531848708784823,0.0034898503860002856
group_9065,4.313213340421052,0.03781746364653328
group_9066,13.255702609958565,0.00027175191010741996
group_9077,5.638439150802353,0.017570842921814923
group_9085,10.459745852385758,0.0012200406238139785
group_9091,6.396646443081915,0.01143361405348041
group_9109,4.901748648066038,0.026829514573380366
group_9113,3.9704342336954737,0.046305829652864235
group_9117,8.549328242440973,0.003456497566844866
group_9119,7.315609581277956,0.00683582078433137
group_9120,8.958786464437466,0.0027613825824278383
group_9122,14.78349430562129,0.00012058637052296524
group_9124,5.060461004999292,0.02447772598307004
group_9133,8.397637795275589,0.003757089183497932
group_9136,5.85932341832558,0.015494749048805862
group_9146,8.009642422430222,0.004652892434825515
group_9160,9.175886934228156,0.002452244991839981
group_9170,3.98778727170036,0.045831214112950366
group_9178,6.97431974484202,0.008268764894502277
group_9190,4.334803025473811,0.0373407362674652
group_9191,6.531496062992126,0.010598078168568907
group_9193,4.978801120685299,0.025659759167122896
group_9200,5.638439150802353,0.017570842921814923
group_9202,12.731157436868592,0.0003596139189241139
group_9208,13.255702609958565,0.00027175191010741996
group_9215,6.014589948408347,0.014188074939788492
group_9216,15.960414313321595,6.468094926029562e-05
group_9220,12.816537477605955,0.0003435689612342183
group_9225,11.84336082654734,0.0005786729105769856
group_9232,8.343925261690185,0.0038697900656870653
group_9250,5.908773270429803,0.015065659571931771
group_9251,11.146816695381432,0.0008417599626577294
group_9253,5.4147939251450605,0.019966810036326946
group_9254,5.908773270429803,0.015065659571931771
group_9255,5.847022550451237,0.015603429330091734
group_9256,5.908773270429803,0.015065659571931771
group_9257,3.98778727170036,0.045831214112950366
group_9259,5.4147939251450605,0.019966810036326946
group_9262,5.4147939251450605,0.019966810036326946
group_9263,5.4147939251450605,0.019966810036326946
group_9265,5.4147939251450605,0.019966810036326946
group_9268,4.78524576380936,0.028704551258850918
group_9269,6.469982880025326,0.010971158921065871
group_9270,6.469982880025326,0.010971158921065871
group_9273,7.130458059831127,0.0075785364602191825
group_9276,5.19088674042327,0.022705628115760403
group_9278,6.053580591455601,0.013878126469130241
group_9279,6.053580591455601,0.013878126469130241
group_9281,6.685990735078747,0.009717350176728179
group_9282,20.686009542493508,5.410991658091321e-06
group_9285,5.0920850083612965,0.024035277629175456
group_9287,4.930979849828898,0.02637935582351387
group_9290,11.866088084185577,0.000571653616429705
group_9292,4.315049621961812,0.03777666921154802
group_9295,13.963279317786192,0.00018641620641211907
group_9296,5.031399556068148,0.024891775853632368
group_9298,4.930979849828898,0.02637935582351387
group_9302,14.398714645709568,0.0001479032311281466
group_9306,31.98826607238847,1.5510665292077092e-08
group_9308,5.847022550451237,0.015603429330091734
group_9312,7.690131417546206,0.005552358439717466
group_9314,8.746393789383923,0.0031021490632799193
group_9317,5.987846381451013,0.014404778629620214
group_9321,16.885604260326886,3.970154655268781e-05
group_9324,8.285051200955547,0.003997277754873359
group_9326,12.782481810026912,0.0003498804346290319
group_9338,6.5835430072630245,0.010292582484767741
group_9339,8.767318123416768,0.003066760493794821
group_9345,13.940023394496277,0.00018873665035389344
group_9357,7.161493387610358,0.007448515743795776
group_9359,14.771933176074507,0.00012132796696424626
group_936,5.876693349853976,0.015342609218321139
group_9381,4.166862100167485,0.041222077705427795
group_9383,6.12418880238169,0.013334446073984227
group_9387,4.223024685205488,0.03987901211003903
group_9420,3.8460905100126124,0.0498620868652556
group_9422,8.397637795275589,0.003757089183497932
group_9426,9.168872133723417,0.0024616623210429946
group_9439,6.295428087311872,0.012104977912055382
group_9440,5.6961011654736655,0.01700264113358864
group_9441,3.9157208562172174,0.04783649604377495
group_9466,13.29374290893691,0.00026629333261550097
group_9472,6.4303797468354436,0.011218459072279488
group_948,4.665354330708661,0.030777072250793496
group_9506,4.6280277168676704,0.031453701111644396
group_9509,5.358649789029537,0.020619732233924645
group_9527,7.1811980780883395,0.007367149594733986
group_953,12.30719698441471,0.0004512150732665051
group_9532,6.955786673209177,0.008354855400342703
group_9533,13.255702609958565,0.00027175191010741996
group_9547,4.635951360510319,0.031308781248844474
group_9548,5.148354477842169,0.02326841326995841
group_9555,10.998449347921092,0.0009118814689299148
group_9571,5.5984251968503935,0.017976629265919978
group_9581,4.59818309722842,0.03200585820803432
group_9584,5.638439150802353,0.017570842921814923
group_9588,5.995205984186608,0.014344806057574197
group_9590,4.970607077943603,0.025781596913416836
group_960,4.166862100167485,0.041222077705427795
group_9611,5.077390951324046,0.0242398194647305
group_9614,4.164643475211667,0.041276099066896034
group_9619,5.270610017246117,0.021688411108406695
group_9621,36.60561787128118,1.4461434355340247e-09
group_9622,7.6644420634129595,0.005631967345065379
group_963,13.541341160377652,0.00023336557339023953
group_9637,6.73771926972541,0.009439523027986741
group_964,5.4147939251450605,0.019966810036326946
group_9641,7.580648169217685,0.005899822207724255
group_966,4.274664121220487,0.03868460865747833
group_9664,5.895544819466651,0.015179233116290613
group_9668,22.8629553844861,1.7397271068731378e-06
group_9674,13.29374290893691,0.00026629333261550097
group_968,9.164226743335776,0.00246791892324241
group_9681,9.150541674014217,0.002486444498255749
group_9686,10.829587850290121,0.0009989087076597955
group_9687,7.2004613171595455,0.007288484278525192
group_9692,4.338316379078293,0.037263754588500515
group_9693,5.358649789029537,0.020619732233924645
group_9699,4.575270837007109,0.032436618038868145
group_97,6.393321050948536,0.011455051852798381
group_9704,8.426898540751594,0.0036971041323568964
group_9707,4.930979849828898,0.02637935582351387
group_971,22.40241868500614,2.210954047647062e-06
group_9721,8.285533825332921,0.0039962154798044635
group_9722,4.575270837007109,0.032436618038868145
group_9730,4.930979849828898,0.02637935582351387
group_9732,5.358649789029537,0.020619732233924645
group_9739,5.270610017246117,0.021688411108406695
group_9741,6.95971034858893,0.008336552792549802
group_9742,25.528570132975602,4.3588045275207294e-07
group_9743,34.357657797450244,4.585924107888033e-09
group_9747,4.081227893896086,0.04336213680473649
group_9760,4.166862100167485,0.041222077705427795
group_9762,7.580648169217685,0.005899822207724255
group_9766,8.57184112940118,0.00341401750704015
group_9767,4.166862100167485,0.041222077705427795
group_977,6.355526959446523,0.011701618246448716
group_9771,4.166862100167485,0.041222077705427795
group_9785,20.81620651848899,5.055336534336119e-06
group_9794,8.576090628420138,0.003406058772977963
group_9811,4.930979849828898,0.02637935582351387
group_9829,7.97557454340072,0.004741270567934402
group_983,5.908773270429803,0.015065659571931771
group_9836,13.111799789217923,0.0002934416417931056
group_9837,14.016418042681373,0.00018122136325071642
group_9838,14.771933176074507,0.00012132796696424626
group_9842,9.168872133723417,0.0024616623210429946
group_9860,5.148354477842169,0.02326841326995841
group_9863,8.198050599687697,0.004193542308656291
group_9868,6.8168838910028295,0.009029999339136546
group_9873,9.168872133723417,0.0024616623210429946
group_9879,22.33371295489911,2.291482327591206e-06
group_9880,5.753399495949083,0.01645678094665628
group_9881,4.099025299843849,0.042907943129694245
group_9888,4.032300076414499,0.04463704547652637
group_9897,5.947087573968867,0.014741622152117566
group_9899,5.947087573968867,0.014741622152117566
group_9905,24.65554019384294,6.854741089975204e-07
group_991,6.277122532679198,0.012230653531073495
group_9912,5.354744620530029,0.020665960688768113
group_993,7.504125275479804,0.006155783030385908
group_994,9.920222090630336,0.0016347265492093485
group_9954,15.706734129573661,7.396038376371314e-05
group_9959,17.268493265154284,3.245234787998164e-05
group_9960,15.101166273845326,0.00010190031432309718
group_9964,8.33372420033497,0.0038915797442411683
group_9972,3.98778727170036,0.045831214112950366
group_9976,4.958400913349582,0.025964206695280538
group_9978,6.287912671356047,0.012156413250239483
group_9985,9.470401154451178,0.0020881370469295188
group_9998,4.3026162473361715,0.038053790066958464
grsB,9.920222090630336,0.0016347265492093485
hbp,4.274664121220487,0.03868460865747833
hcaB_3~~~hcaB_2~~~hcaB_1~~~hcaB,5.354744620530029,0.020665960688768113
hcaC,5.354744620530029,0.020665960688768113
hcaD,5.354744620530029,0.020665960688768113
hcaE_3~~~hcaE_2~~~hcaE_1~~~hcaE,5.354744620530029,0.020665960688768113
hcaF,5.354744620530029,0.020665960688768113
hcaR_1~~~hcaR_2~~~hcaR_3,5.354744620530029,0.020665960688768113
hchA_2,5.889332578377877,0.01523287256109356
hcp1,6.867960729592344,0.008775473417398842
hcpA_2~~~hcpA_3~~~hcpA_1~~~hcpA_5,3.966479215756598,0.04641472476599118
hcpA_2~~~hcpA~~~hcpA_3~~~hcpA_4,9.28856648061397,0.0023058853731226254
hemR_1~~~hemR_2,5.607422042347968,0.01788455588221242
hemR_2~~~hemR_3~~~hemR_1,8.86515249676069,0.002906659669640423
hemR_3~~~hemR_2~~~hemR_4,4.896869699908999,0.02690542431990445
hemW_1~~~hemW_2,18.724590153307094,1.5102234502369405e-05
hicA,6.223989764594446,0.012603079532247489
hicB,5.46466465351839,0.019404777503143747
higB2,3.98778727170036,0.045831214112950366
higB2_1,26.24144030838583,3.0128728146985394e-07
higB_1~~~higB,22.074940880747548,2.6221047873667093e-06
higB~~~higB_2,6.456156630023582,0.011056854512167036
hin_2,3.930764192450627,0.04741039548289199
hin_2~~~hin_1,4.930979849828898,0.02637935582351387
hin_5~~~hin,5.5984251968503935,0.017976629265919978
hlyA_2~~~hlyA_1~~~hlyA,7.171153235559763,0.007408513404681427
hlyB_1~~~hlyB_3~~~hlyB_2~~~hlyB,7.171153235559763,0.007408513404681427
hlyC,7.171153235559763,0.007408513404681427
hlyD_2~~~hlyD,7.550842885145688,0.005998201114274213
hmuU_1,15.692806331697986,7.450700321769707e-05
hokC_1,10.33390909654498,0.0013060829534432981
hokE_1,4.671584210701176,0.030665628031090127
hosA,7.440166567972751,0.006378398661299068
hsdM,13.735921459184688,0.00021039184289292442
hsdR~~~hsdR_2,19.970604002675948,7.864192339730651e-06
htrC,3.8748172329248556,0.04901564627908032
hxlA,4.578640486394897,0.032372889609474424
hxlB,4.578640486394897,0.032372889609474424
hxlB~~~hxlB_1,25.08232850532637,5.493398468539367e-07
hybF_2,4.665354330708661,0.030777072250793496
hycG_2~~~ndhK~~~hycG_1,5.794821110690952,0.016073450265979585
hyfA_5~~~hyfA_1~~~hyfA_2~~~hyfA_3,5.354744620530029,0.020665960688768113
hyfB_7~~~hyfB_3~~~hyfB_4~~~hyfB_5~~~hyfB_6~~~hyfB_2~~~ndhB_4~~~hyfB~~~hyfB_1,5.354744620530029,0.020665960688768113
hyfC_1~~~hyfC_2~~~hyfC,5.354744620530029,0.020665960688768113
hyfE_1~~~hyfE~~~hyfE_2,4.983600048592822,0.025588681449881603
hyfG_1~~~ndhB_2~~~hyfG_2~~~hyfG~~~nuoC_2~~~ndhB_1~~~ndhB_3,5.354744620530029,0.020665960688768113
hyfR_1~~~hyfR_2~~~hyfR_3~~~hyfR,5.354744620530029,0.020665960688768113
iclR_1~~~iclR_2,26.294537596887373,2.9311654033488365e-07
icsA,17.685363587517514,2.606243093510465e-05
icsA_2~~~icsA_3~~~icsA_4,5.58340912488787,0.018131394755179598
icsA~~~bmaC~~~icsA_2~~~icsA_1,5.354744620530029,0.020665960688768113
ifcA,5.358649789029537,0.020619732233924645
imm_1~~~imm_2,5.741380247903007,0.01656976655324969
imm_1~~~imm_3~~~imm_2,6.810956395039572,0.009060022683648446
imm_4,3.930764192450627,0.04741039548289199
insK_2~~~insK,4.715356361045584,0.029894368879376555
insK~~~insK_6~~~insK_2,5.33571485602887,0.02089276997139805
intA_1~~~intA_2~~~intA_3~~~intS_5~~~intS_6~~~intA_5~~~intA~~~intA_4~~~intS_3~~~intS_2,6.3314396456340525,0.011861599202136164
intA_1~~~intA_3~~~intA_4~~~intA_5,9.916801826699164,0.0016377672170770276
intA_2~~~intA_4~~~intA_7~~~intA_1~~~intA_5,15.959405851238184,6.471541630002862e-05
intA_2~~~intS_1~~~intA_5~~~intA_4~~~intA_3~~~intA_1,9.555765562122357,0.0019932236688908474
intA_4,6.277122532679198,0.012230653531073495
intA_4~~~intA_1~~~intA_2,4.930979849828898,0.02637935582351387
intA_4~~~intA_5~~~intA_3~~~intA_2~~~intA_1,4.088546863450968,0.04317474597103423
intQ_1~~~intQ,12.786642101897073,0.00034910318830569013
intQ_2,4.930979849828898,0.02637935582351387
intQ_2~~~intQ,12.11482686843561,0.0005002248224911399
intS_1~~~intA_4~~~intA_2~~~intA_1,7.139715100505887,0.007539513629634961
intS_2~~~intS_3~~~intA_1,14.016418042681373,0.00018122136325071642
intS_3~~~intA_1~~~intS_2~~~intS_1~~~intA_2,5.640362243193948,0.017551580385924522
intS~~~intS_1~~~intS_5~~~intS_4~~~intS_3~~~intS_2,5.30907515004407,0.021214615373042433
iolG,4.578640486394897,0.032372889609474424
iolS_2~~~iolS_1,4.280197244517929,0.03855887345706042
ipaB,4.313213340421052,0.03781746364653328
iucA_1~~~iucA_2~~~iucA,3.9350151642437092,0.0472907141537854
iucA~~~iucA_2~~~iucA_1,6.8629062555106595,0.008800330048862529
iucB_1~~~iucB_2~~~iucB,6.8629062555106595,0.008800330048862529
iucC_1~~~iucC,3.9350151642437092,0.0472907141537854
iucC~~~iucC_2~~~iucC_1,5.1164577034674465,0.023699947673182686
iucD~~~iucD_2~~~iucD_1,3.992026632625154,0.04571604608628366
iutA,8.752260736847315,0.0030921848536342085
kbaY_3~~~kbaY_4~~~kbaY_1,5.920514462766696,0.01496558810652597
kdgK_3,4.930979849828898,0.02637935582351387
kduD_3~~~kduD_4,12.845967511193159,0.0003382072944347244
kefF_1~~~kefF_2,4.280197244517929,0.03855887345706042
klcA_1~~~klcA_2~~~klcA~~~klcA_3,11.661849517282622,0.0006379488614045619
klcA_1~~~klcA_3~~~klcA_6~~~klcA_2~~~klcA_5,10.068449117910895,0.0015082993944714707
klcA_1~~~klcA~~~klcA_3~~~klcA_2~~~klcA_5~~~klcA_6,4.046490817063816,0.04426326647793243
klcA_2~~~klcA_3~~~klcA_1~~~klcA~~~klcA_4,5.55418457119674,0.018436559261896357
klcA_2~~~klcA_4~~~klcA_1~~~klcA_6,10.077095848251037,0.0015012376315926054
klcA_3,5.483314531742218,0.019198821406934106
klcA_3~~~klcA_2~~~klcA_4,8.752260736847315,0.0030921848536342085
klcA_5~~~klcA,7.7598574937448195,0.005342017521727938
lacA_2,4.608846171618333,0.03180742788019198
lacB,25.08232850532637,5.493398468539367e-07
lafS,13.680377975429892,0.00021670698442071099
lafT,14.109849524869823,0.00017243847705419489
ldrA_1~~~ldrA~~~ldrA_2,4.127473277577929,0.04219230362633408
ldrD_1~~~ldrD_2~~~ldrD_3~~~ldrD,9.129228140775012,0.0025155782852892307
ldrD_2,22.80056392608098,1.797129652166067e-06
legI,11.94982682148909,0.0005465246022619082
lexA_1~~~lexA_4~~~lexA_2,6.942350170906599,0.008417844161997192
lexA_3,6.97431974484202,0.008268764894502277
ligA_2,6.277122532679198,0.012230653531073495
lldD_2~~~hmo,11.372625829268909,0.0007453443383995235
lolA_1,6.523742063176536,0.010644380659578956
lpfA_2~~~lpfA_1~~~lpfA_3,14.870041194680859,0.00011517776267098942
lpfA_3~~~lpfA_2,15.73600719775279,7.282462718871452e-05
lpfB_2~~~focC~~~focC_3~~~lpfB,4.930979849828898,0.02637935582351387
lpfB~~~lpfB_2,18.96320543108643,1.332637098887941e-05
lpfC~~~lpfC,14.870041194680859,0.00011517776267098942
lpfD_2~~~lpfD_1~~~lpfD,20.30013853825754,6.6195790689592885e-06
lpxG,15.22738296953387,9.531133465228103e-05
lsoA,5.947087573968867,0.014741622152117566
lsoB,8.573839662447257,0.0034102721742368045
lsrA~~~lsrA_3~~~lsrA_2~~~lsrA_1,4.273896271503006,0.038702091282918
lsrB_4~~~lsrB_2~~~lsrB_1,5.354744620530029,0.020665960688768113
lsrC_2~~~lsrC_1~~~lsrC,4.983600048592822,0.025588681449881603
lsrD_2~~~lsrD_1,4.983600048592822,0.025588681449881603
lsrF_4~~~lsrF_3~~~lsrF_2~~~lsrF_1~~~lsrF,4.935316962794712,0.02631323636717547
lsrG~~~lsrG_1~~~lsrG_2,4.280197244517929,0.03855887345706042
lsrG~~~lsrG_2~~~lsrG_1,4.935316962794712,0.02631323636717547
lsrK_5~~~lsrK_4~~~lsrK_3~~~lsrK_2~~~lsrK_1,4.983600048592822,0.025588681449881603
lsrR_1~~~lsrR,4.273896271503006,0.038702091282918
lutP,7.173698701501546,0.007398008990231289
lutR_2,3.98778727170036,0.045831214112950366
macA_2,6.98724663157036,0.008209254182766867
macB_2,6.98724663157036,0.008209254182766867
manC1_1~~~manC1_2,5.5984251968503935,0.017976629265919978
mazF~~~mazF_1,5.494849263149291,0.019072571929701843
mbeC,6.867960729592344,0.008775473417398842
mcbR~~~mcbR_1~~~mcbR_2,4.983600048592822,0.025588681449881603
mchB,14.745133165815965,0.0001230647773361305
mchI,14.675978143095525,0.00012766297417476615
mcjA,7.5021097046413505,0.006162675994561232
mcjD,4.930979849828898,0.02637935582351387
mcr11,5.5984251968503935,0.017976629265919978
mcrC,18.865316479427413,1.4028016529378996e-05
mdtL_1,6.76171059745265,0.009313443897394913
melB~~~melB_1~~~melB_2~~~melB_3~~~melB_4,3.973672594723129,0.04621686706031381
mepA_2,9.920222090630336,0.0016347265492093485
metG_1~~~metG_2~~~metG,9.601036579288351,0.0019446756005422274
metK_2,8.15909569499084,0.004284572970140024
mexB_2~~~mexB_1~~~ttgE,8.15909569499084,0.004284572970140024
mmgB~~~fadB_2~~~hbd,9.920222090630336,0.0016347265492093485
mmuM,22.33371295489911,2.291482327591206e-06
mntB_6~~~mntB_1~~~mntB_4~~~mntB_2,5.920514462766696,0.01496558810652597
mprA_2~~~mprA_3~~~mprA_1~~~mprA_4,7.035229114293207,0.007992164845487091
mqsA,6.971293951145022,0.008282758184973675
mqsR,6.971293951145022,0.008282758184973675
mrpA~~~ybgD_1,5.834998640738609,0.015710421839984296
msbA_2,7.776372596867121,0.0052933980322078565
mshA_2,6.9700000415296195,0.008288749480034715
mshA_3~~~mshA_1,4.081227893896086,0.04336213680473649
mshA_4~~~mshA_1,6.068249524045398,0.013763329645481222
mtlA_3~~~mtlA_2~~~mtlA_1,5.5984251968503935,0.017976629265919978
murR_3~~~murR_2~~~murR_1,5.354744620530029,0.020665960688768113
nagR_2,7.464566929133858,0.006292516711761926
nanE_2,6.153598492207355,0.013114499533032446
ndhB_1~~~ndhB_2~~~ndhD~~~nuoL_2~~~mrpA~~~ndhB_3,5.40882216889393,0.020035229867484985
ndhI_2~~~ndhI_1,5.354744620530029,0.020665960688768113
neuA~~~neuA_1~~~neuA_2,9.967917510147544,0.0015929156017454426
neuC_1~~~neuC_2~~~neuC,9.967917510147544,0.0015929156017454426
nohA_1,5.58340912488787,0.018131394755179598
nohA_1~~~nohA_2,4.458511910694708,0.03472773828549694
nohA_2,11.676474817011908,0.0006329534669267717
ntdB,4.958400913349582,0.025964206695280538
ntdC,8.285051200955547,0.003997277754873359
nupX_1~~~nupX~~~nupX_2,6.6531389809853865,0.009898129579568052
ogl,12.845967511193159,0.0003382072944347244
ompC_2~~~ompD_1~~~ompD_3~~~ompD_2,5.693289921038352,0.01702989863516146
ompD_1~~~ompD_2~~~ompD,4.084329386884194,0.04328262366405765
ompP~~~ompT_2~~~ompT,6.913280618403713,0.008555787085347816
ompX_2~~~ail~~~ompX_1~~~ompX_3~~~ompX_4,4.403368612575791,0.03586801556446067
pagN_2~~~pagN~~~pagN_1,4.550635842894919,0.032906524190869486
pagN~~~pagN_2,6.146553775641161,0.013166842892834416
pal_1~~~pal_2~~~pal_3,6.867960729592344,0.008775473417398842
papA~~~papA_2~~~papA_1,28.9522388861854,7.418501965941475e-08
papB~~~papB_1,14.282742989800326,0.00015730039566733538
papC_1~~~papC_2~~~papC_4~~~papC_3,5.834998640738609,0.015710421839984296
papC_1~~~papC_2~~~papC_4~~~papC_3~~~papC_6,4.71623022333179,0.029879179004888148
papD,4.9764739323196405,0.025694301347754283
papD_2~~~papD~~~papD_1,4.71623022333179,0.029879179004888148
papE_2~~~papE~~~papE_1,7.954786779385603,0.004796035879459224
papF_1~~~papF~~~prsF,5.794821110690952,0.016073450265979585
pduA,9.168872133723417,0.0024616623210429946
pduA_1,16.03925047343766,6.204285497868542e-05
pduB,16.03925047343766,6.204285497868542e-05
pduC,16.03925047343766,6.204285497868542e-05
pduD,16.03925047343766,6.204285497868542e-05
pduE,16.03925047343766,6.204285497868542e-05
pduF~~~pduF_2~~~pduF_1,16.03925047343766,6.204285497868542e-05
pduL,16.03925047343766,6.204285497868542e-05
pduU,16.03925047343766,6.204285497868542e-05
pduV_2~~~pduV_1,12.3792334945031,0.0004341353359482617
pelX~~~pelX_2~~~pelX_1,12.845967511193159,0.0003382072944347244
pemK_1~~~pemK,5.42931540203044,0.019801440274626752
pepT_2,3.98778727170036,0.045831214112950366
pet~~~sat~~~sat_1~~~sat_2~~~sat_3,5.107053469582125,0.02382875644159198
pflD_2,8.576090628420138,0.003406058772977963
pgiA,4.578640486394897,0.032372889609474424
phnR,12.432457550117771,0.0004219363185772004
phoP_2,9.512801740510607,0.0020404338780902996
php_1~~~php_2,5.484048409870262,0.01919076332642408
pikAV~~~lgrE~~~pikAV_1,9.920222090630336,0.0016347265492093485
pinR,4.3026162473361715,0.038053790066958464
pphA_1~~~pphA_2,4.3026162473361715,0.038053790066958464
ppsB~~~dltA_2~~~dltA_1~~~srfAB~~~tdh_1,9.920222090630336,0.0016347265492093485
ppsE_2~~~pksJ~~~ppsE,9.920222090630336,0.0016347265492093485
ppsE_2~~~ppsE_1~~~COQ5_2~~~COQ5,14.995515631748564,0.00010776696259435226
pptA,7.283703427811034,0.006958293447036834
prn,4.315618825330477,0.0377640332763318
proA_2,4.930979849828898,0.02637935582351387
proP_2,5.358649789029537,0.020619732233924645
proQ_2~~~proQ_3,5.4147939251450605,0.019966810036326946
prsE~~~hlyD_2,9.545850270683317,0.002004019708244404
pspA_3~~~pspA_2,4.665354330708661,0.030777072250793496
pspB_3,4.665354330708661,0.030777072250793496
pspC_2,4.665354330708661,0.030777072250793496
pspD_2,4.665354330708661,0.030777072250793496
pspF_2,5.5984251968503935,0.017976629265919978
ptsG_1,4.578640486394897,0.032372889609474424
ptsG_2,6.153598492207355,0.013114499533032446
ptxA,9.645569620253166,0.0018980882786265496
puuA_2~~~puuA_1~~~puuA,5.354744620530029,0.020665960688768113
puuB_1~~~puuB_2~~~puuB_3~~~puuB,5.354744620530029,0.020665960688768113
puuC_1~~~puuC_2~~~puuC_3~~~puuC,5.354744620530029,0.020665960688768113
puuD,5.354744620530029,0.020665960688768113
puuE_1~~~argD_3~~~puuE_2~~~puuE,5.354744620530029,0.020665960688768113
puuP~~~puuP_2~~~puuP_1,5.354744620530029,0.020665960688768113
puuR_2~~~puuR_1~~~puuR,5.354744620530029,0.020665960688768113
queC_2,11.39157846414524,0.0007377781301030883
rafA,4.930979849828898,0.02637935582351387
rafB,4.930979849828898,0.02637935582351387
rafR,4.930979849828898,0.02637935582351387
rapA_1,14.771933176074507,0.00012132796696424626
rarA,4.665354330708661,0.030777072250793496
rayT~~~rayT_2,4.798000348848804,0.028492789034818677
rbsA_3~~~btuD_3~~~xylG_1~~~rbsA_4~~~xylG_2~~~rbsA_1,12.779889427950824,0.00035036563860085747
rbsC_1,12.779889427950824,0.00035036563860085747
rbsK_2~~~rbsK_1~~~rbsK_3,10.592635709565844,0.0011353899877699285
rcsA_1,9.920222090630336,0.0016347265492093485
rcsB_2,11.153206607250794,0.0008388654648217778
rdmC~~~rutD_2,4.665354330708661,0.030777072250793496
recB_2,7.6644420634129595,0.005631967345065379
recD2,4.930979849828898,0.02637935582351387
recE,14.940617074764393,0.00011094844461084527
relE,4.081227893896086,0.04336213680473649
repE,11.866088084185577,0.000571653616429705
rfbC,6.556649564374075,0.010449292523080961
rfbC~~~rfbC_2,4.2943069770798035,0.03824017802607354
rhaR_1~~~rhaR_2,8.15909569499084,0.004284572970140024
rhmR_2,4.99501946606502,0.0254203676085769
rhmT_2~~~rhmT_1~~~rhmT_3,25.571223130336552,4.263506392844199e-07
rhsA~~~rhsB~~~rhsA_2,6.3232747139119265,0.011916336545201375
rhsB,10.717299578059073,0.0010613846356138789
rhsB~~~rhsC,9.051032980054707,0.002625464411103038
rhsD_7~~~rhsD_1~~~rhsD_5~~~rhsD_3~~~rhsD_10~~~rhsD_9~~~rhsD_8~~~rhsD_2~~~rhsD_4,4.611938044927928,0.031750131265013914
rhsD~~~rhsD_1~~~rhsD_3~~~rhsD_6~~~rhsD_2~~~rhsD_4,4.280197244517929,0.03855887345706042
rng~~~rng_2,4.665354330708661,0.030777072250793496
rocC,22.33371295489911,2.291482327591206e-06
rop_1,8.549328242440973,0.003456497566844866
rop_2~~~rop~~~rop_3,6.277122532679198,0.012230653531073495
rpe_1,25.08232850532637,5.493398468539367e-07
rrrD_1~~~rrrD_3~~~rrrD~~~rrrD_2,7.927604861404175,0.004868620196016114
rrrD_2~~~rrrD_1~~~rrrD_4,4.542025897870361,0.03307242834140037
rrrD_4~~~rrrD_3~~~rrrD_1~~~rrrD_2~~~rrrD,15.750928511874537,7.225246720842051e-05
rrrD_5~~~rrrD_3,15.431211302219586,8.556337397035827e-05
rrrD_6~~~rrrD~~~rrrD_2~~~rrrD_3~~~rrrD_4~~~rrrD_1,6.0346326818468725,0.014027869467829475
rrrD~~~rrrD_3~~~rrrD_1~~~rrrD_2,13.23805643504096,0.00027432220029549077
rsxC_2~~~rnfC~~~rsxC_1,16.03925047343766,6.204285497868542e-05
rusA_1~~~rusA_2~~~rusA~~~rusA_3,8.005645774304927,0.004663172973455757
rusA_1~~~rusA~~~rusA_2~~~rusA_4~~~rusA_5,5.124114878894229,0.023595601650771344
rusA~~~rusA_4~~~rusA_2~~~rusA_1,5.077390951324046,0.0242398194647305
sacA_2,4.930979849828898,0.02637935582351387
sacX,6.357822000338409,0.011686491301865142
sasA~~~resE~~~kdpD_2~~~sasA_1,7.53319006627722,0.006057255775365592
sauU~~~sauU_2~~~sauU_1,4.597595941057347,0.032016822116698124
scpC,6.463471083060308,0.011011434055317395
scrK_2,4.930979849828898,0.02637935582351387
scrK_2~~~scrK_1~~~scrK_3~~~scrK,6.729859542605444,0.009481206545393656
scrY,6.357822000338409,0.011686491301865142
scrY_1,4.930979849828898,0.02637935582351387
setC~~~setC_2~~~setC_1,5.46466465351839,0.019404777503143747
sfaA_2~~~sfaA_1~~~sfaA,16.70680971543905,4.362412898754049e-05
sfmA,5.354744620530029,0.020665960688768113
sfmC,4.930979849828898,0.02637935582351387
sfmD_1~~~sfmD~~~sfmD_2,5.40882216889393,0.020035229867484985
sfmD~~~sfmD_2~~~sfmC,6.256022944794995,0.012377175527084833
sfmD~~~yraJ,4.930979849828898,0.02637935582351387
sfmF,4.623233713361291,0.03154172086558367
sfmH_2~~~sfmH_1~~~sfmH,4.623233713361291,0.03154172086558367
sfmM2,6.523742063176536,0.010644380659578956
sfp,9.920222090630336,0.0016347265492093485
sgrR_2~~~sgrR_1~~~sgrR_3,4.578640486394897,0.032372889609474424
shlB_3~~~shlB_1~~~shlB_2~~~shlB,9.952947864639281,0.001605920388961646
shlB~~~shlB_1~~~shlB_2,7.0175007659907465,0.008071681690875573
siaQ,4.04371060349332,0.04433623594180797
sicA_2~~~ipgC,4.313213340421052,0.03781746364653328
sopA,5.354744620530029,0.020665960688768113
sopB,17.728346456692915,2.5480127408809746e-05
sorC_1,25.08232850532637,5.493398468539367e-07
spaO,3.8604526936110837,0.04943698790941931
speA_2~~~speA,4.665354330708661,0.030777072250793496
srfAA_1~~~srfAA,9.920222090630336,0.0016347265492093485
srlA_2,4.578640486394897,0.032372889609474424
srlB_2,4.578640486394897,0.032372889609474424
srlE_1~~~srlE_2,4.578640486394897,0.032372889609474424
srmB_3~~~srmB_1~~~srmB_2,4.536075850191876,0.033187589457870384
tagD~~~tagD_2,13.8469367673599,0.00019831975925944668
tagG_1,6.277122532679198,0.012230653531073495
tam~~~tam_2~~~tam_1,3.928804216917511,0.04746568395602378
tdcD_2,9.168872133723417,0.0024616623210429946
tdeA,6.98724663157036,0.008209254182766867
tfaE_1~~~tfaE_2~~~tfaE,4.935316962794712,0.02631323636717547
thiH_2~~~thiH_1~~~thiH,4.983600048592822,0.025588681449881603
tisB,6.530452592863304,0.010604297132663141
tnpR_1~~~tnpR,8.57335381056135,0.003411182296121455
tnpR_2~~~tnpR_1,4.495387707338269,0.03398640604816823
tnsE,6.9700000415296195,0.008288749480034715
toxA,10.770812060939637,0.0010311325957132122
tqsA_2~~~tqsA_1,16.75477184550244,4.25351562701315e-05
traA~~~traA_2~~~traA_1,7.308975036467702,0.006861105064290037
traC_2~~~traC_3~~~traC_5~~~traC_1~~~traC_4~~~traC,4.9764739323196405,0.025694301347754283
traC_2~~~traC~~~traC_1,4.806778975534584,0.028347984279863094
traC~~~traC_2~~~traC_6~~~traC_3~~~traC_1,5.642309233285097,0.017532100681287993
traI_2~~~traI_8~~~traI_7~~~traI_6~~~traI_5~~~traI_4~~~traI_1~~~traI_3~~~traI,7.899808264306733,0.004944003770556527
traJ_2,5.5003795168252445,0.019012346988113025
traM_1~~~traM_2~~~traM,5.302310505413438,0.02129715599730583
traN~~~traN_2~~~traN_1,10.259668243605624,0.0013597012918282123
traV,8.070363720468379,0.004499508411844127
traY,6.048450114621747,0.013918508908403298
tsaR_1,4.415191771914591,0.03562027464326045
ttgR,8.15909569499084,0.004284572970140024
tufB~~~tuf1,32.11387440226595,1.4539525380992955e-08
ugd_2,8.478158917676932,0.003594356827318564
ugd_2~~~ugd_1,4.032300076414499,0.04463704547652637
uhpC_1,5.5984251968503935,0.017976629265919978
ulaA_1,6.556649564374075,0.010449292523080961
ulaB_1,6.556649564374075,0.010449292523080961
ulaB_1~~~ulaB_2,5.0287695626078985,0.024929603398500002
ulaB_2,11.95779976306499,0.0005441909390509338
ulaC_2~~~ulaC_3,13.920468959283678,0.0001907102698598331
uxaA_2~~~uxaA_1,25.571223130336552,4.263506392844199e-07
vapB~~~vapB_2,8.272126058082407,0.004025833635545576
vapC_2,5.438351060547809,0.019699258045820147
vapC~~~vapC_2,7.172730439998453,0.007402002935166047
vdcD,7.440166567972751,0.006378398661299068
vgrG1_1,8.064600152828998,0.0045138435277821964
vgrG1_1~~~vgrG1_4~~~vgrG1_2~~~vgrG1~~~vgrG1_3,7.678383216775238,0.005588621630880746
vgrG1_4,5.262635245437622,0.021788004399678058
vgrG1~~~vgrG1_1~~~vgrG1_2~~~vgrG1_4~~~vgrG1_3,6.220925042188362,0.01262491340854886
vgrG1~~~vgrG1_3~~~vgrG1_2~~~vgrG1_1,16.60693580914782,4.598255596967972e-05
virF,10.031651799063095,0.0015387298825877264
vnfA~~~atoC_1~~~atoC_2,13.8469367673599,0.00019831975925944668
wbbD,4.665354330708661,0.030777072250793496
wbbI,8.064600152828998,0.0045138435277821964
wbbL,9.43496103882828,0.002128876120432733
wbbL_2~~~wbbL,8.064600152828998,0.0045138435277821964
wecB_1,4.032300076414499,0.04463704547652637
wecC_2~~~wecC_1,4.032300076414499,0.04463704547652637
xerC_10~~~xerC_3~~~xerC_8~~~xerC_6,20.778024970427783,5.157133074027712e-06
xerC_1~~~xerC_5~~~xerC_2,4.806778975534584,0.028347984279863094
xerC_2~~~xerD_3~~~xerD_2,4.161418833002605,0.04135474859449475
xerC_5~~~xerC_1~~~xerC_4~~~xerC_3~~~xerC_2~~~xerC_6,19.16892606670713,1.1964528417389985e-05
xerD_3,17.685363587517514,2.606243093510465e-05
xerD_3~~~xerD_2,11.037482613681153,0.0008928802421537834
yadA,4.930979849828898,0.02637935582351387
yadC_2~~~yadC,10.301941094388521,0.001328903500917615
yadK,9.487662618122105,0.0020685818700467685
yadM,10.301941094388521,0.001328903500917615
yafN,4.3209984601834375,0.03764482746445499
yafO,4.3209984601834375,0.03764482746445499
yagE,25.571223130336552,4.263506392844199e-07
yajO_3~~~yajO_2~~~yajO_4,4.280197244517929,0.03855887345706042
ybbH_2~~~ybbH_1,6.153598492207355,0.013114499533032446
ybcO_2,5.252355140125497,0.021917087183771847
ybcO_3~~~ybcO_1~~~ybcO,6.57175321439251,0.010360983673208434
ybcO~~~ybcO_2~~~ybcO_1,3.948764997494084,0.04690578027012679
ybgD~~~ybgD_2,4.71623022333179,0.029879179004888148
ybhA_2,19.422292178781912,1.047768968214553e-05
ybiA~~~ybiA_2~~~ybiA_1,5.806452041596065,0.015967477233402104
ybiU_1~~~ybiU_2~~~ybiU~~~ybiU_3,4.623233713361291,0.03154172086558367
ycaM_2~~~ycaM_1~~~ycaM,5.354744620530029,0.020665960688768113
ycfH_2,9.164226743335776,0.00246791892324241
yciC,6.226387144644896,0.012586027025098638
yciE,6.455572400551864,0.011060490673616237
yciF~~~yciF_1~~~yciF_3~~~yciF_2,6.455572400551864,0.011060490673616237
ydaW_1,10.865642409175933,0.0009796476320165224
yddA_1~~~yddA_2~~~yddA_3~~~yddA_4~~~yddA,5.403962890204259,0.020091082676767204
ydfJ_1,4.49187696626773,0.03405626632829359
ydfJ_1~~~ynfP,6.368911251406943,0.011613682803240164
ydfO_3~~~ydfO_1~~~ydfO_2,5.317673451802598,0.021110178593961245
ydfR~~~ydfR_2,11.048551221646534,0.0008875652917596615
ydiO,4.413213266967308,0.035661606908679915
ydjF_2,25.08232850532637,5.493398468539367e-07
yeaR_2~~~yeaR_1,4.532163425911882,0.033263541256674786
yeaW_3~~~yeaW~~~yeaW_2~~~yeaW_1,5.354744620530029,0.020665960688768113
yeaX_2~~~yeaX~~~yeaX_1,4.983600048592822,0.025588681449881603
yedY1~~~yedY1_1,8.690702182796773,0.003198373836105364
yeeR~~~yeeR_1~~~yeeR_3,3.9182715557179795,0.04776396433338247
yeeW_2~~~yeeW,5.469949632413503,0.019346183103251785
yeeW~~~yeeW_1,6.298739925118271,0.012082382772242252
yehB_2~~~yehB_1~~~yehB_3,4.81563967323134,0.028202602300355536
yfcP,9.150541674014217,0.002486444498255749
yfcQ,9.150541674014217,0.002486444498255749
yfcS_1~~~papD_1,7.235813804110517,0.007146340993111099
yfeW_1~~~yfeW_2~~~yfeW,6.584437868794449,0.010287409681568268
yfkM,8.576090628420138,0.003406058772977963
ygbF,6.584437868794449,0.010287409681568268
ygbT,5.49888259598781,0.019028629163424453
ygcB,7.666134579018491,0.005626686756791448
ygdG,4.930979849828898,0.02637935582351387
ygfF~~~ygfF_1~~~ygfF_2,3.9862790344605448,0.04587226112706571
ygiW_2~~~ygiW_1,5.354744620530029,0.020665960688768113
yhcR~~~nucH,6.099953486826802,0.013518544001153395
yhdJ_2~~~yhdJ_1,11.682678074036593,0.0006308466407673181
yhdJ_2~~~yhdJ_3~~~yhdJ,7.564962291106016,0.0059513899611478675
yicI_1~~~yicI,6.9700000415296195,0.008288749480034715
yicJ_2~~~yicJ_1~~~yagG,5.995205984186608,0.014344806057574197
yihN_1~~~yihN_2~~~yihN_3~~~yihN,12.432457550117771,0.0004219363185772004
yjaB_1,4.47329922367299,0.03442845182386956
yjeO_1~~~yjeO,4.871182749986264,0.02730877739703187
yjgN_2~~~yjgN_1~~~yjgN,6.880963773459699,0.008711857432866623
yjmD_2,5.947087573968867,0.014741622152117566
ykfI_1~~~ykfI,9.021884922612522,0.002667661573635898
ylpA_3~~~ylpA,13.532827383918782,0.0002344266081800743
yokD,6.3649837257480435,0.011639416280774615
yraH_2~~~yraH_1~~~yraH,7.9534215659751375,0.004799655001346863
yraJ_1~~~yraJ,21.70397895278912,3.1813073744527186e-06
yraJ~~~yraJ_3~~~yraJ_2,7.383138137584293,0.006583819071093749
yraK,7.383138137584293,0.006583819071093749
ysdC~~~ysdC_1,8.963497796452991,0.0027542706940618844
yycB~~~nimT_2,4.578958125056003,0.03236688901907218
