"Gene","Non-unique Gene name","Annotation","Number_pos_present_in","Number_neg_present_in","Number_pos_not_present_in","Number_neg_not_present_in","Sensitivity","Specificity","Odds_ratio","Naive_p","Bonferroni_p","Benjamini_H_p","Max_Pairwise_comparisons","Max_supporting_pairs","Max_opposing_pairs","Best_pairwise_comp_p","Worst_pairwise_comp_p"
"tufB~~~tuf1","tufB;tuf1","Elongation factor Tu 2;Elongation factor Tu 1","118","237","119","17","49.789029535864984","6.692913385826772","0.07112718505123568","9.902121400319726e-29","5.708572987284321e-25","5.708572987284321e-25","76","12","68","5.632907524806411e-13","1.0023457813247949e-09"
"group_10659","","hypothetical protein;putative protein","4","81","233","173","1.6877637130801686","68.11023622047244","0.03666613680919833","1.7139250756471865e-21","9.88077806110603e-18","4.940389030553015e-18","33","3","31","1.3085082173347476e-07","1.4011748135089879e-06"
"group_3974","","hypothetical protein","2","69","235","185","0.8438818565400843","72.83464566929135","0.022818378045020044","9.127586318063132e-20","5.262053512363396e-16","1.5711709002212733e-16","20","2","19","4.005432128906249e-05","0.0004024505615234376"
"group_5784","","IS200/IS605 family transposase IS200C;IS200/IS605 family transposase IS200F","17","105","220","149","7.172995780590717","58.661417322834644","0.10965367965367966","1.0901445968577786e-19","6.284683600885093e-16","1.5711709002212733e-16","51","9","46","2.328015114017035e-09","3.3888279489246968e-06"
"gadB_1~~~gadB~~~gadA","gadB_1;gadB;gadA","Glutamate decarboxylase beta;Glutamate decarboxylase alpha","28","119","209","135","11.814345991561181","53.14960629921261","0.15198423867154517","4.578445281981389e-18","2.6394737050622707e-14","5.2789474101245414e-15","67","12","59","1.0167485039666577e-10","1.0273195443541004e-07"
"group_8676","","hypothetical protein","29","112","208","142","12.236286919831224","55.90551181102362","0.17676854395604397","2.0299725656109827e-15","1.1702791840747316e-11","1.9504653067912195e-12","22","11","12","0.831811904907225","1.0"
"espC","espC","Serine protease EspC","15","81","222","173","6.329113924050633","68.11023622047244","0.14431097764431097","1.6192951587485719e-13","9.335236590185517e-10","1.3336052271693597e-10","19","1","19","3.814697265625e-06","7.62939453125e-05"
"agaC_2","agaC_2","N-acetylgalactosamine permease IIC component 1","4","55","233","199","1.6877637130801686","78.34645669291339","0.06211470932500975","4.0080328152920314e-13","2.3106309180158562e-09","2.8882886475198203e-10","6","1","6","0.03125","0.21875000000000003"
"group_3449--group_2268--group_703","----","hypothetical protein--hypothetical protein--hypothetical protein","5","54","232","200","2.109704641350211","78.74015748031496","0.07982120051085569","5.17338403133235e-12","2.9824558940630997e-08","2.68597137088338e-09","4","1","4","0.125","0.625"
"group_9306--group_8539","--","hypothetical protein--hypothetical protein","40","116","197","138","16.877637130801688","54.330708661417326","0.24155434972868894","6.056830498089149e-12","3.4917627821483944e-08","2.68597137088338e-09","14","8","10","0.17956542968750003","0.7905273437500004"
"group_9621","","hypothetical protein","7","58","230","196","2.9535864978902953","77.16535433070865","0.10284857571214392","9.083300149892188e-12","5.236522536412847e-08","3.740373240294891e-09","4","2","4","0.125","1.0"
"papA~~~papA_2~~~papA_1","papA;papA_2;papA_1","Pap fimbrial major pilin protein","47","123","190","131","19.831223628691983","51.574803149606296","0.2634574240479247","2.0704889294643907e-11","1.1936368678362214e-07","7.957579118908142e-09","37","16","26","0.020073851919732995","0.5113757815852297"
"group_9743","","hypothetical protein","15","73","222","181","6.329113924050633","71.25984251968504","0.167530544242873","2.914916666711111e-11","1.6804494583589556e-07","1.0502809114743472e-08","11","4","8","0.22656250000000003","0.548828125"
"group_3169","","hypothetical protein","7","55","230","199","2.9535864978902953","78.34645669291339","0.11011857707509881","6.737572898198549e-11","3.8842107758114636e-07","2.2848298681243903e-08","5","2","4","0.375","1.0"
"group_11500","","hypothetical protein","30","97","207","157","12.658227848101266","61.811023622047244","0.23457343493201852","8.141806487560213e-11","4.693751440078463e-07","2.6076396889324795e-08","33","16","20","0.29620636859908717","0.9999999999999999"
"group_7498","","hypothetical protein","48","121","189","133","20.253164556962027","52.362204724409445","0.27915518824609736","1.380490219708388e-10","7.958526116618856e-07","4.1886979561151876e-08","16","9","10","0.45449829101562506","0.8036193847656252"
"group_1660","","hypothetical protein","8","56","229","198","3.375527426160337","77.95275590551181","0.12351840299438553","1.5044503288902046e-10","8.67315614605203e-07","4.336578073026015e-08","6","3","5","0.21875000000000003","1.0"
"group_10324","","hypothetical protein","48","119","189","135","20.253164556962027","53.14960629921261","0.28811524609843936","4.261759027370846e-10","2.456904079279293e-06","1.1674328972525966e-07","16","9","10","0.45449829101562506","0.8036193847656252"
"group_10205","","hypothetical protein","135","74","102","180","56.9620253164557","70.86614173228347","3.21939586645469","4.455077838604879e-10","2.5683523739557125e-06","1.1674328972525966e-07","69","50","24","0.00024439701657757507","0.015432297453701251"
"group_9905--group_5767--group_3643","----","hypothetical protein--hypothetical protein--hypothetical protein","47","116","190","138","19.831223628691983","54.330708661417326","0.2942831215970962","1.1168934961863412e-09","6.438891005514257e-06","2.575556402205703e-07","15","9","9","0.6072387695312501","0.6072387695312501"
"group_12142","","hypothetical protein","25","84","212","170","10.548523206751055","66.92913385826772","0.23865678346810423","1.2510289397032525e-09","7.212181837389251e-06","2.773916091303558e-07","30","16","15","0.8555355519056318","1.0"
"group_8601","","hypothetical protein","119","61","118","193","50.210970464135016","75.98425196850394","3.1907474298416227","1.6841824443765934e-09","9.70931179183106e-06","3.596041404381874e-07","61","40","30","0.020414713799634915","0.9999999999999996"
"group_6303","","hypothetical protein","8","52","229","202","3.375527426160337","79.52755905511812","0.13570708767215317","1.9393631219378725e-09","1.1180428397971834e-05","3.993010142132798e-07","14","7","8","0.7905273437500004","1.0"
"group_6138","","hypothetical protein","48","116","189","138","20.253164556962027","54.330708661417326","0.3021346469622332","2.2039675263515435e-09","1.2705872789416648e-05","4.0986686417473057e-07","16","10","9","0.45449829101562506","0.8036193847656252"
"group_6428--group_6427","--","hypothetical protein--hypothetical protein","48","116","189","138","20.253164556962027","54.330708661417326","0.3021346469622332","2.2039675263515435e-09","1.2705872789416648e-05","4.0986686417473057e-07","14","9","8","0.4239501953124999","0.7905273437500004"
"group_7793","","hypothetical protein","18","71","219","183","7.59493670886076","72.04724409448819","0.21184642099170364","2.344258715538261e-09","1.3514651495078075e-05","4.2233285922118983e-07","17","5","13","0.049041748046874986","0.14346313476562497"
"group_12144","","hypothetical protein","24","81","213","173","10.126582278481013","68.11023622047244","0.24065379933924536","2.8941123045623365e-09","1.6684557435801872e-05","5.055926495697537e-07","27","14","13","1.0","1.0"
"group_5022","","hypothetical protein","16","67","221","187","6.751054852320674","73.62204724409449","0.2020665901262916","3.2965978052933013e-09","1.9004886347515883e-05","5.58967245515173e-07","6","3","4","0.6875000000000002","1.0"
"group_177","","hypothetical protein","21","76","216","178","8.860759493670885","70.07874015748031","0.2277046783625731","3.6009835036415324e-09","2.0759669898493433e-05","5.744875998790731e-07","16","9","12","0.076812744140625","0.8036193847656252"
"group_7591--group_4854--group_3563","----","hypothetical protein--hypothetical protein--hypothetical protein","15","65","222","189","6.329113924050633","74.40944881889764","0.19646569646569648","3.849332959389907e-09","2.2191404510882813e-05","5.744875998790731e-07","10","4","8","0.10937500000000003","0.7539062500000002"
"group_6498","","hypothetical protein","10","55","227","199","4.219409282700422","78.34645669291339","0.1593912695234281","3.8863861917231306e-09","2.240501639528385e-05","5.744875998790731e-07","20","7","16","0.011817932128906248","0.2631759643554687"
"flu_1~~~flu_2~~~flu~~~flu_3~~~flu_4",";flu_1;flu_2;flu;flu_3;flu_4","hypothetical protein;Antigen 43","70","142","167","112","29.535864978902953","44.09448818897638","0.3306063928481066","4.386061371167003e-09","2.5285643804777772e-05","6.321410951194443e-07","63","22","49","1.1123023000449012e-05","0.02257497267325719"
"iclR_1~~~iclR_2","iclR_1;;iclR_2","Transcriptional repressor IclR;hypothetical protein","23","78","214","176","9.70464135021097","69.29133858267717","0.24251138269829858","6.644384262914678e-09","3.830487527570312e-05","9.342652506269053e-07","11","5","9","0.06542968749999997","0.9999999999999997"
"group_6647","","hypothetical protein","47","9","190","245","19.831223628691983","96.45669291338582","6.733918128654971","7.93531435524666e-09","4.5747087257997e-05","1.0737516229812257e-06","12","10","5","0.038574218750000014","0.7744140625000003"
"group_8471","","hypothetical protein","50","116","187","138","21.09704641350211","54.330708661417326","0.3180896182924581","8.195155491964255e-09","4.724507141117393e-05","1.0737516229812257e-06","17","11","9","0.33230590820312506","0.9999999999999998"
"group_6137","","hypothetical protein","50","116","187","138","21.09704641350211","54.330708661417326","0.3180896182924581","8.195155491964255e-09","4.724507141117393e-05","1.0737516229812257e-06","15","10","8","0.30175781250000017","0.9999999999999997"
"group_797","","hypothetical protein","5","43","232","211","2.109704641350211","83.07086614173228","0.10575380914194066","8.70358263253196e-09","5.0176153876546754e-05","1.115025641701039e-06","2","2","1","0.5","1.0"
"cbtA~~~cbtA_1~~~cbtA_2~~~cbtA_3","cbtA;cbtA_1;cbtA_2;cbtA_3","Cytoskeleton-binding toxin CbtA","174","122","63","132","73.41772151898735","51.96850393700787","2.988290398126464","9.03057905912682e-09","5.206128827586612e-05","1.130544020970501e-06","52","35","24","0.0175332352990849","0.6778086391424606"
"group_5108","","hypothetical protein","13","60","224","194","5.485232067510549","76.37795275590551","0.18764880952380952","9.216924368710068e-09","5.313556898561355e-05","1.130544020970501e-06","8","4","6","0.2890624999999999","1.0"
"group_10249","","hypothetical protein","44","108","193","146","18.565400843881857","57.48031496062992","0.30819420456726154","1.0796322277913242e-08","6.224079793216984e-05","1.2966832902535383e-06","43","22","25","0.36037765293576723","0.9999999999999998"
"yagE--rhmT_2~~~rhmT_1~~~rhmT_3--uxaA_2~~~uxaA_1",";yagE--rhmT_2;rhmT_1;rhmT_3--uxaA_2;uxaA_1","hypothetical protein;Putative 2-dehydro-3-deoxy-D-gluconate aldolase YagE--Inner membrane transport protein RhmT--Altronate dehydratase","23","77","214","177","9.70464135021097","69.68503937007874","0.24705668163612088","1.1606165426973067e-08","6.690954368649973e-05","1.3119518369901907e-06","10","5","8","0.10937500000000003","1.0"
"group_5463","","hypothetical protein","17","66","220","188","7.172995780590717","74.01574803149606","0.22011019283746555","1.5627874130592233e-08","9.009469436286423e-05","1.680750108072126e-06","11","4","8","0.22656250000000003","0.548828125"
"group_11762--lacB--rpe_1--group_8066--ydjF_2--group_7977--hxlB~~~hxlB_1--gatA_1~~~gatA_2~~~gatA_3--sorC_1--gatC_1--gatA_2--gatC_2","--lacB--rpe_1--fabG_2--ydjF_2----hxlB;hxlB_1--gatA_1;gatA_2;gatA_3--sorC_1--gatC_1--gatA_2--gatC_2","hypothetical protein--Galactose-6-phosphate isomerase subunit LacB--Ribulose-phosphate 3-epimerase--3-oxoacyl-[acyl-carrier-protein] reductase FabG--putative HTH-type transcriptional regulator YdjF--hypothetical protein--3-hexulose-6-phosphate isomerase--PTS system galactitol-specific EIIA component--Sorbitol operon regulator--PTS system galactitol-specific EIIC component--PTS system galactitol-specific EIIA component--PTS system galactitol-specific EIIC component","19","69","218","185","8.016877637130802","72.83464566929135","0.23367903204361123","1.8661614414488738e-08","0.00010758420709952758","1.680750108072126e-06","11","7","6","0.548828125","0.9999999999999997"
"higB2_1",";higB-2_1","hypothetical protein;Toxin HigB-2","59","17","178","237","24.894514767932492","93.30708661417323","4.6209517514871115","1.9126319344585657e-08","0.0001102632310215363","1.680750108072126e-06","18","12","10","0.23788452148437486","0.8145294189453123"
"dsdX_1~~~dsdX~~~dsdX_2","dsdX_1;dsdX;dsdX_2","D-serine transporter DsdX","25","79","212","175","10.548523206751055","68.89763779527559","0.26122522092190115","2.014308519136196e-08","0.0001161248861282017","1.680750108072126e-06","13","4","12","0.0034179687499999996","0.26684570312499983"
"group_1337","","hypothetical protein","25","79","212","175","10.548523206751055","68.89763779527559","0.26122522092190115","2.014308519136196e-08","0.0001161248861282017","1.680750108072126e-06","18","7","15","0.007537841796875001","0.48068237304687483"
"group_11322","","hypothetical protein;putative protein","11","55","226","199","4.641350210970464","78.34645669291339","0.17610619469026548","2.1340175232999518e-08","0.00012302611021824223","1.680750108072126e-06","6","2","5","0.21875000000000003","0.6875000000000002"
"group_11765--group_8557--group_8150--group_3845--group_3214","--------","hypothetical protein--hypothetical protein--hypothetical protein--hypothetical protein--hypothetical protein","11","55","226","199","4.641350210970464","78.34645669291339","0.17610619469026548","2.1340175232999518e-08","0.00012302611021824223","1.680750108072126e-06","7","3","5","0.4531249999999996","0.9999999999999998"
"group_852","","hypothetical protein","54","119","183","135","22.78481012658228","53.14960629921261","0.3347568535610966","2.1629337099914974e-08","0.00012469312838100984","1.680750108072126e-06","10","5","9","0.021484374999999997","1.0"
"group_10462","","hypothetical protein","62","19","175","235","26.160337552742618","92.51968503937007","4.381954887218045","2.18657863149019e-08","0.00012605625810540946","1.680750108072126e-06","17","12","8","0.14346313476562497","0.9999999999999998"
"group_9742","","hypothetical protein","14","60","223","194","5.9071729957805905","76.37795275590551","0.20298953662182362","2.5854562978286613e-08","0.00014905155556982233","1.961204678550294e-06","9","5","6","0.5078125","1.0"
"group_6673","","putative protein;hypothetical protein","70","25","167","229","29.535864978902953","90.15748031496062","3.8395209580838325","2.7469527300982896e-08","0.00015836182489016638","2.056647076495667e-06","41","32","12","0.0004308570423745555","0.011507789735333064"
"group_7590","","hypothetical protein","15","61","222","193","6.329113924050633","75.98425196850394","0.21377935312361543","3.907191091852606e-08","0.00022524956644530273","2.887814954426958e-06","9","5","6","0.5078125","1.0"
"group_1721","","hypothetical protein","7","45","230","209","2.9535864978902953","82.28346456692913","0.1413526570048309","4.0664470154176894e-08","0.0002344306704388298","2.9674768409978457e-06","14","4","10","0.17956542968750003","0.17956542968750003"
"group_867","","hypothetical protein","9","49","228","205","3.79746835443038","80.70866141732283","0.16514500537056928","4.331171092881127e-08","0.00024969201350459694","3.1211501688074616e-06","16","6","11","0.21011352539062492","0.45449829101562506"
"gadA~~~gadB_3~~~gadB_2~~~gadB",";gadA;gadB_3;gadB_2;gadB","hypothetical protein;Glutamate decarboxylase alpha;Glutamate decarboxylase beta","2","32","235","222","0.8438818565400843","87.4015748031496","0.059042553191489364","4.422220093742831e-08","0.0002549409884042742","3.147419609929311e-06","29","2","27","1.6242265701293937e-06","1.6242265701293937e-06"
"group_5714","","hypothetical protein","19","67","218","187","8.016877637130802","73.62204724409449","0.24325619608380117","5.589429908192559e-08","0.00032223063420730105","3.929641880576842e-06","13","7","7","0.9999999999999999","0.9999999999999999"
"group_10029","","hypothetical protein","54","117","183","137","22.78481012658228","53.937007874015755","0.3455233291298865","5.8364668986125e-08","0.0003364723167050106","4.053883333795309e-06","18","10","10","0.8145294189453123","0.8145294189453123"
"group_7475","","hypothetical protein","9","48","228","206","3.79746835443038","81.10236220472441","0.16940789473684212","7.847611869671119e-08","0.00045241482428654","5.3858907653159524e-06","10","6","5","0.7539062500000002","1.0"
"group_7659--group_5896--group_2917","----","hypothetical protein--hypothetical protein--hypothetical protein","49","110","188","144","20.675105485232066","56.69291338582677","0.3411992263056093","9.109047124488788e-08","0.0005251365667267786","6.036052491112398e-06","8","5","6","0.2890624999999999","0.7265625000000002"
"group_9668","","hypothetical protein","19","66","218","188","8.016877637130802","74.01574803149606","0.24826244092299138","9.592612167708731e-08","0.0005530140914684084","6.284251039413732e-06","14","8","9","0.4239501953124999","0.7905273437500004"
"group_11078","","hypothetical protein","43","9","194","245","18.143459915611814","96.45669291338582","6.033791523482245","1.0057656160086663e-07","0.0005798238776289961","6.514875029539282e-06","31","23","8","0.010673840530216692","0.010673840530216692"
"group_12146","","hypothetical protein","33","87","204","167","13.924050632911392","65.74803149606299","0.31051386071670045","1.2528284368849107e-07","0.0007222555938641511","8.025062154046123e-06","35","19","17","0.7358788008568806","1.0"
"group_15523","","hypothetical protein","10","49","227","205","4.219409282700422","80.70866141732283","0.18430279600827115","1.366232651902306e-07","0.0007876331238216794","8.655309052985488e-06","17","9","9","0.9999999999999998","0.9999999999999998"
"group_8537","","hypothetical protein","56","117","181","137","23.628691983122362","53.937007874015755","0.36227983189309154","1.8588864077300602e-07","0.0010716480140563797","1.1648347978873692e-05","27","18","12","0.12207812070846553","0.7011080384254457"
"ldrD_2","ldrD_2","Small toxic polypeptide LdrD","55","17","182","237","23.20675105485232","93.30708661417323","4.212992889463478","1.9397389585202555e-07","0.0011182595095869273","1.202429580200997e-05","34","26","11","0.0029350556433200867","0.05761267291381961"
"group_5216","","hypothetical protein","61","21","176","233","25.738396624472575","91.73228346456693","3.845508658008658","2.2242251983062918e-07","0.0012822658268235772","1.3097862814476866e-05","15","9","10","0.30175781250000017","0.6072387695312501"
"cbeA_1~~~cbeA_2~~~cbeA_3~~~cbeA_4~~~cbeA~~~cbeA_5",";cbeA_1;cbeA_2;cbeA_3;cbeA_4;cbeA;cbeA_5","hypothetical protein;Cytoskeleton bundling-enhancing antitoxin CbeA","69","27","168","227","29.11392405063291","89.37007874015748","3.453042328042328","2.2377687819968432e-07","0.00129007370282118","1.3097862814476866e-05","44","30","17","0.022628841205914782","0.17417114727072655"
"group_6803","","hypothetical protein","80","35","157","219","33.755274261603375","86.22047244094489","3.1883530482256597","2.2493822025256797e-07","0.0012967688397560544","1.3097862814476866e-05","43","32","18","0.0019139610012643966","0.36037765293576723"
"group_12145","","hypothetical protein","31","83","206","171","13.080168776371309","67.32283464566929","0.3100362615510586","2.2666133770481177e-07","0.00130670261186824","1.3097862814476866e-05","36","18","19","0.8679394004284399","1.0"
"group_9879--mmuM--rocC","--mmuM--rocC","hypothetical protein--Homocysteine S-methyltransferase--Amino-acid permease RocC","11","50","226","204","4.641350210970464","80.31496062992126","0.19858407079646018","2.2719623268823705e-07","0.0013097862814476866","1.3097862814476866e-05","17","7","10","0.629058837890625","0.629058837890625"
"group_15522","","hypothetical protein","10","48","227","206","4.219409282700422","81.10236220472441","0.18906020558002937","2.4286491695030377e-07","0.0014001162462185012","1.3862537091272289e-05","18","9","9","1.0","1.0"
"group_6514","","hypothetical protein","17","61","220","193","7.172995780590717","75.98425196850394","0.24448584202682563","2.468212927230135e-07","0.001422924752548173","1.387188119489419e-05","7","4","4","0.9999999999999998","0.9999999999999998"
"group_8397--group_971","--","hypothetical protein--hypothetical protein","14","56","223","198","5.9071729957805905","77.95275590551181","0.2219730941704036","2.5024729302150837e-07","0.0014426756442689958","1.387188119489419e-05","3","2","3","0.25","1.0"
"higB_1~~~higB","higB_1;higB","mRNA interferase HigB","59","20","178","234","24.894514767932492","92.1259842519685","3.8780898876404493","2.8625141171349746e-07","0.0016502393885283128","1.571656560503155e-05","17","12","11","0.14346313476562497","0.33230590820312506"
"group_5512","","hypothetical protein","74","31","163","223","31.223628691983123","87.79527559055119","3.2657827033445477","2.985233709812882e-07","0.0017209872337071266","1.6176093014836277e-05","46","28","22","0.18392482137699037","0.8829959121223956"
"tam~~~tam_2~~~tam_1","tam;tam_2;tam_1","Trans-aconitate 2-methyltransferase","221","195","16","59","93.24894514767934","23.228346456692915","4.179166666666666","3.002327758174296e-07","0.0017308419525874817","1.6176093014836277e-05","5","4","2","0.375","1.0"
"group_10473--group_1485--yraJ_1~~~yraJ","fimC_2----;yraJ_1;yraJ","Chaperone protein FimC--hypothetical protein--hypothetical protein;Outer membrane usher protein YraJ","15","57","222","197","6.329113924050633","77.55905511811024","0.2335229966808914","3.627222821054779e-07","0.0020910939563380804","1.9009945057618914e-05","2","1","2","0.5","1.0"
"group_10014","","hypothetical protein","67","129","170","125","28.270042194092827","49.21259842519685","0.3818969448244414","3.6701259780877686e-07","0.0021158276263675987","1.9045691466953758e-05","17","8","13","0.049041748046874986","0.9999999999999998"
"group_9785","","hypothetical protein","24","72","213","182","10.126582278481013","71.65354330708661","0.28482003129890454","3.700116989243401e-07","0.0021331174442988207","1.9045691466953758e-05","26","16","16","0.32693958282470703","0.32693958282470703"
"glmU_2~~~glmU_1~~~glmU_3","glmU_2;glmU_1;glmU_3","Bifunctional protein GlmU","0","22","237","232","0.0","91.33858267716536","0.0","3.8341075427671333e-07","0.002210362998405252","1.9560734499161524e-05","17","0","17","1.52587890625e-05","1.52587890625e-05"
"group_8944","","hypothetical protein","17","60","220","194","7.172995780590717","76.37795275590551","0.24984848484848485","4.21318459434556e-07","0.0024289009186402154","2.1306148409124697e-05","9","5","7","0.17968750000000003","1.0"
"group_11562","","hypothetical protein","63","124","174","130","26.582278481012654","51.181102362204726","0.3795884315906563","4.554162565787894e-07","0.002625474719176721","2.273280302178876e-05","28","16","16","0.571588188409805","0.571588188409805"
"group_4605","","hypothetical protein","111","176","126","78","46.835443037974684","30.708661417322837","0.39042207792207795","4.5741633140112675e-07","0.002637005150527496","2.273280302178876e-05","24","12","16","0.15158963203430173","1.0"
"group_9282","","hypothetical protein","19","63","218","191","8.016877637130802","75.19685039370079","0.26423474588612206","4.684990234572532e-07","0.0027008968702310647","2.2888956527381904e-05","10","7","4","0.3437499999999999","0.7539062500000002"
"btuB_3~~~cirA_1",";btuB_3;cirA_1","IS6 family transposase IS15DII;hypothetical protein;Vitamin B12 transporter BtuB;Colicin I receptor;IS6 family transposase IS26;IS6 family transposase IS15","19","63","218","191","8.016877637130802","75.19685039370079","0.26423474588612206","4.684990234572532e-07","0.0027008968702310647","2.2888956527381904e-05","50","15","38","0.0003058640016035954","0.006600447966810915"
"group_12148","","hypothetical protein","37","90","200","164","15.611814345991561","64.56692913385827","0.3371111111111111","5.913078971027436e-07","0.003408890026797317","2.864613467896905e-05","39","21","19","0.7492586247608415","0.9999999999999992"
"group_10013","","IS110 family transposase IS621","68","129","169","125","28.691983122362867","49.21259842519685","0.38989037200128435","6.154644726424384e-07","0.0035481526847836575","2.9353015007870382e-05","18","11","12","0.23788452148437486","0.48068237304687483"
"group_7827","","IS21 family transposase IS100kyp;IS21 family transposase IS100","1","25","236","229","0.42194092827004215","90.15748031496062","0.0388135593220339","6.160823618304104e-07","0.003551714815952316","2.9353015007870382e-05","17","1","16","0.000274658203125","0.000274658203125"
"group_2338","","hypothetical protein","15","56","222","198","6.329113924050633","77.95275590551181","0.2388996138996139","6.239147176838932e-07","0.0035968683474476445","2.9482527438095447e-05","3","2","2","1.0","1.0"
"group_10211","","hypothetical protein;ISAs1 family transposase ISEc1","55","113","182","141","23.20675105485232","55.51181102362205","0.37707867353885055","6.81565067172038e-07","0.003929222612246799","3.194489928655934e-05","25","14","16","0.22952294349670388","0.690037965774536"
"group_3890","","IS110 family transposase IS621;hypothetical protein","70","131","167","123","29.535864978902953","48.4251968503937","0.3935640170041596","6.877492912317592e-07","0.003964874663951091","3.197479567702493e-05","23","14","16","0.09313964843749999","0.4048728942871095"
"fliP_2","fliP_2","Flagellar biosynthetic protein FliP","73","135","164","119","30.801687763713083","46.8503937007874","0.39236675700090334","7.187140942247713e-07","0.0041433867532058065","3.3147094025646453e-05","21","11","17","0.0071973800659179705","1.0"
"group_7569--group_4771","rhlE_2--","ATP-dependent RNA helicase RhlE--hypothetical protein","28","3","209","251","11.814345991561181","98.81889763779527","11.208931419457736","7.526111660539104e-07","0.004338803372300794","3.416380608110861e-05","12","11","2","0.006347656250000001","0.038574218750000014"
"lafT","lafT","Chemotaxis protein LafT","75","137","162","117","31.645569620253166","46.06299212598425","0.3953771289537713","7.716405249340535e-07","0.004448507626244818","3.475396583003764e-05","23","13","18","0.0106220245361328","0.6776394844055175"
"hsdR~~~hsdR_2","hsdR;hsdR_2","Type I restriction enzyme EcoR124II R protein","19","62","218","192","8.016877637130802","75.59055118110236","0.26990233796981355","7.856035091508464e-07","0.004529004230254629","3.510855992445449e-05","32","11","24","0.0070003666914999485","0.11018416518345472"
"xerC_10~~~xerC_3~~~xerC_8~~~xerC_6","xerC_10;xerC_3;xerC_8;xerC_6","Tyrosine recombinase XerC","9","44","228","210","3.79746835443038","82.67716535433071","0.18839712918660287","8.026568056384192e-07","0.004627316484505486","3.559474218850374e-05","22","6","18","0.004343509674072266","0.052478790283203125"
"group_4412","","IS4 family transposase IS4;hypothetical protein","8","42","229","212","3.375527426160337","83.46456692913385","0.17633603659804534","8.322886522635668e-07","0.004798144080299462","3.66270540480875e-05","36","4","34","1.9412254914641374e-08","1.941574737429618e-06"
"group_412","","hypothetical protein","76","34","161","220","32.06751054852321","86.61417322834646","3.0544391669711364","8.41047022375823e-07","0.0048486360839966195","3.673209154542894e-05","37","25","17","0.047031027439515996","0.7428293587290689"
"lpfD_2~~~lpfD_1~~~lpfD--group_8655","lpfD_2;lpfD_1;lpfD--lpfE","putative minor fimbrial subunit LpfD--putative fimbrial subunit LpfE","16","57","221","197","6.751054852320674","77.55905511811024","0.25021830594586014","8.758696741109173e-07","0.005049388671249438","3.768200500932416e-05","3","2","2","1.0","1.0"
"ybhA_2","ybhA_2","Pyridoxal phosphate phosphatase YbhA","20","63","217","191","8.438818565400844","75.19685039370079","0.27942359739594763","1.046899598468229e-06","0.006035376185169339","4.4377766067421614e-05","6","4","5","0.21875000000000003","0.6875000000000002"
"gntK","gntK","Thermoresistant gluconokinase","20","63","217","191","8.438818565400844","75.19685039370079","0.27942359739594763","1.046899598468229e-06","0.006035376185169339","4.4377766067421614e-05","10","4","8","0.10937500000000003","0.7539062500000002"
"fliF_2~~~fliF_1--tagD~~~tagD_2--vnfA~~~atoC_1~~~atoC_2--fliI_2~~~fliI_1--group_7694--fliG_2--group_6209--fliE_2","fliF_2;fliF_1--tagD;tagD_2--vnfA;atoC_1;atoC_2--fliI_2;fliI_1----fliG_2----fliE_2","Flagellar M-ring protein--Glycerol-3-phosphate cytidylyltransferase--Nitrogen fixation protein VnfA;Regulatory protein AtoC--Flagellum-specific ATP synthase--hypothetical protein--Flagellar motor switch protein FliG--hypothetical protein--Flagellar hook-basal body complex protein FliE","74","135","163","119","31.223628691983123","46.8503937007874","0.40018177686889345","1.172969287169028e-06","0.006762167940529447","4.634160135877065e-05","21","14","16","0.026603698730468753","0.18924713134765628"
"group_10814","","hypothetical protein","27","74","210","180","11.39240506329114","70.86614173228347","0.3127413127413127","1.1734460632231923e-06","0.006764916554481704","4.634160135877065e-05","30","16","18","0.361594608053565","0.8555355519056318"
"group_7972--fliD_2~~~fliD_1--group_6271--group_6202--lafS--fliS_2","--fliD_2;fliD_1;------lafS--fliS_2","hypothetical protein--Flagellar hook-associated protein 2;hypothetical protein--hypothetical protein--hypothetical protein--RNA polymerase sigma factor for flagellar operon--Flagellar secretion chaperone FliS","75","136","162","118","31.645569620253166","46.45669291338583","0.4016884531590414","1.2138043027188843e-06","0.006997581805174368","4.634160135877065e-05","22","13","17","0.016900539398193356","0.5234670639038081"
"group_8484","","hypothetical protein","37","8","200","246","15.611814345991561","96.8503937007874","5.68875","1.2476343851218044e-06","0.007192612230227203","4.716014694985432e-05","16","12","7","0.076812744140625","0.8036193847656252"
"group_10609","","hypothetical protein","46","13","191","241","19.40928270042194","94.88188976377953","4.4647603705195325","1.251604940733341e-06","0.007215502483327711","4.716014694985432e-05","18","14","6","0.0308837890625","0.23788452148437486"
"deoR_2~~~deoR_1","deoR_2;deoR_1","Deoxyribose operon repressor","119","73","118","181","50.210970464135016","71.25984251968504","2.5004643603436265","1.3601046804054297e-06","0.007841003482537303","5.091560702946301e-05","39","27","18","0.023702702470473024","0.7492586247608415"
"group_10867","","putative type I restriction enzymeP M protein;hypothetical protein","23","67","214","187","9.70464135021097","73.62204724409449","0.299972102106291","1.4026581826676005e-06","0.008086324423078717","5.216983498760463e-05","34","15","23","0.05761267291381961","0.60759136127308"
"group_5019","","hypothetical protein","7","39","230","215","2.9535864978902953","84.64566929133859","0.1677814938684504","1.509567989993373e-06","0.008702659462311796","5.4391621639448726e-05","8","4","6","0.2890624999999999","1.0"
"group_7443--group_5142--group_3979--group_1052","------","hypothetical protein--hypothetical protein--hypothetical protein--hypothetical protein","7","39","230","215","2.9535864978902953","84.64566929133859","0.1677814938684504","1.509567989993373e-06","0.008702659462311796","5.4391621639448726e-05","9","6","4","0.5078125","1.0"
"group_1979","","hypothetical protein","18","59","219","195","7.59493670886076","76.77165354330708","0.2716508010215928","1.6306012668179791e-06","0.00940041630320565","5.624510635172026e-05","6","3","4","0.6875000000000002","1.0"
"group_8978","","hypothetical protein","24","69","213","185","10.126582278481013","72.83464566929135","0.30210246989181466","1.6697858420834812e-06","0.00962631537961127","5.624510635172026e-05","23","14","12","0.4048728942871095","0.9999999999999998"
"group_10239","","P fimbrial regulatory protein KS71A","70","129","167","125","29.535864978902953","49.21259842519685","0.4061644153553358","1.6739428285245704e-06","0.009650280406444148","5.624510635172026e-05","24","12","18","0.02265584468841553","1.0"
"gntK~~~gntK_1","gntK;;gntK_1","Thermoresistant gluconokinase;hypothetical protein","217","192","20","62","91.56118143459916","24.409448818897637","3.503645833333333","1.7304437424085575e-06","0.009976008174985333","5.624510635172026e-05","9","7","4","0.17968750000000003","1.0"
"hemW_1~~~hemW_2--group_8852--group_7896--group_6678--group_5993","hemW_1;;hemW_2--------","Heme chaperone HemW;hypothetical protein--hypothetical protein--hypothetical protein--hypothetical protein--hypothetical protein","20","62","217","192","8.438818565400844","75.59055118110236","0.28541697636390667","1.7304437424085575e-06","0.009976008174985333","5.624510635172026e-05","5","4","4","0.375","0.375"
"xerC_5~~~xerC_1~~~xerC_4~~~xerC_3~~~xerC_2~~~xerC_6","xerC_5;xerC_1;xerC_4;xerC_3;xerC_2;xerC_6","Tyrosine recombinase XerC","63","25","174","229","26.582278481012654","90.15748031496062","3.316551724137931","1.7630287314388506e-06","0.010163860636744973","5.624510635172026e-05","21","14","14","0.18924713134765628","0.18924713134765628"
"group_10976","","IS5 family transposase ISKpn26;IS5 family transposase ISEc68;hypothetical protein;IS5 family transposase IS5","32","80","205","174","13.502109704641349","68.50393700787401","0.33951219512195124","1.8606615737528857e-06","0.010726713972685386","5.624510635172026e-05","51","17","37","0.0017691971837869866","0.0240929076984493"
"group_3556--group_3460","--","hypothetical protein--hypothetical protein","40","10","197","244","16.877637130801688","96.06299212598425","4.9543147208121825","1.8884809713687284e-06","0.010887092799940719","5.624510635172026e-05","7","7","3","0.015625","0.9999999999999998"
"group_9533--group_9208--group_9066--flhB_3~~~flhB_1~~~flhB_2--group_7974--flgE_2~~~flgE_3--fliN_1~~~fliN_2--flgG_1~~~flgG_2--group_7318--flgC_2~~~flgC_1--flgF_1~~~flgF_2--group_5255--flgH_1~~~flgH_2--fliR_2--group_5133--flaB2~~~fliC1--group_5059--flgL_1~~~flgL_2--flgI_2--group_3161--flgB_1~~~flgB_2","------flhB_3;;flhB_1;flhB_2----flgE_2;flgE_3--;fliN_1;fliN_2--flgG_1;flgG_2----flgC_2;flgC_1--;flgF_1;flgF_2----flgH_1;flgH_2--fliR_2----flaB2;fliC1----flgL_1;flgL_2--flgI_2----flgB_1;flgB_2","hypothetical protein--hypothetical protein--hypothetical protein--Flagellar biosynthetic protein FlhB;hypothetical protein--hypothetical protein--Flagellar hook protein FlgE--hypothetical protein;Flagellar motor switch protein FliN--Flagellar basal-body rod protein FlgG--hypothetical protein--Flagellar basal-body rod protein FlgC--hypothetical protein;Flagellar basal-body rod protein FlgF--hypothetical protein--Flagellar L-ring protein--Flagellar biosynthetic protein FliR--hypothetical protein--Flagellin FlaB2;Flagellin 1--hypothetical protein--Flagellar hook-associated protein 3--Flagellar P-ring protein--hypothetical protein--Flagellar basal body rod protein FlgB","75","135","162","119","31.645569620253166","46.8503937007874","0.40809327846364885","1.8951995249010703e-06","0.010925825261054671","5.624510635172026e-05","21","13","16","0.026603698730468753","0.38331031799316395"
"group_5621","","hypothetical protein","27","73","210","181","11.39240506329114","71.25984251968504","0.3187866927592955","1.9024797465022465e-06","0.01096779573858545","5.624510635172026e-05","28","16","15","0.571588188409805","0.8505540192127226"
"group_10887","","hypothetical protein","65","123","172","131","27.42616033755274","51.574803149606296","0.4024862923047835","1.981859842110018e-06","0.011425421989764253","5.82929693355319e-05","47","32","21","0.01862383661500643","0.5600646295802097"
"lpfB~~~lpfB_2","lpfB;lpfB_2","putative fimbrial chaperone LpfB","17","57","220","197","7.172995780590717","77.55905511811024","0.2670653907496013","2.021207487377122e-06","0.011652261164729108","5.914853383111222e-05","4","3","2","0.625","1.0"
"group_3901","","IS110 family transposase IS621","66","124","171","130","27.848101265822784","51.181102362204726","0.4046406338426712","2.0949901649885363e-06","0.012077618301158912","6.0998072228075315e-05","15","9","10","0.30175781250000017","0.6072387695312501"
"group_1705","","hypothetical protein","19","60","218","194","8.016877637130802","76.37795275590551","0.28180428134556573","2.1692772929776644e-06","0.012505883594016236","6.284363615083536e-05","26","12","17","0.16863754391670224","0.8450189828872682"
"group_495","","hypothetical protein","49","16","188","238","20.675105485232066","93.7007874015748","3.876994680851064","2.2437945675952942e-06","0.012935475682186871","6.467737841093436e-05","30","20","12","0.09873714670538908","0.361594608053565"
"group_10717","","hypothetical protein;IS4 family transposase IS4","2","26","235","228","0.8438818565400843","89.76377952755905","0.07463175122749591","2.31902972364247e-06","0.013369206356798839","6.651346446168576e-05","24","2","23","2.9802322387695312e-06","3.5881996154785156e-05"
"group_10381","","hypothetical protein;Invasin","61","118","176","136","25.738396624472575","53.54330708661418","0.3994607087827427","2.437173553284321e-06","0.01405030553468411","6.95559679934857e-05","21","13","12","0.38331031799316395","0.6636238098144525"
"group_3444","","hypothetical protein","9","42","228","212","3.79746835443038","83.46456692913385","0.19924812030075187","2.4834393518673396e-06","0.014317027863515214","7.052723085475474e-05","12","4","8","0.3876953125000001","0.3876953125000001"
"group_106","","hypothetical protein","34","82","203","172","14.345991561181433","67.71653543307087","0.35131563138291483","2.598949571693266e-06","0.01498294428081168","7.344580529809646e-05","34","20","20","0.39152830513194264","0.39152830513194264"
"group_6892","","hypothetical protein","8","40","229","214","3.375527426160337","84.25196850393701","0.1868995633187773","2.627544814868201e-06","0.015147795857715179","7.353298960055912e-05","11","7","5","0.548828125","0.9999999999999997"
"group_4406","","IS30 family transposase IS30","8","40","229","214","3.375527426160337","84.25196850393701","0.1868995633187773","2.627544814868201e-06","0.015147795857715179","7.353298960055912e-05","18","7","11","0.48068237304687483","0.48068237304687483"
"group_10084","","hypothetical protein","20","61","217","193","8.438818565400844","75.98425196850394","0.29160685956032334","2.842793515578464e-06","0.016388704617309846","7.804145055861831e-05","9","8","2","0.0390625","0.17968750000000003"
"group_8453","","hypothetical protein","20","61","217","193","8.438818565400844","75.98425196850394","0.29160685956032334","2.842793515578464e-06","0.016388704617309846","7.804145055861831e-05","28","13","18","0.18493334203958517","0.8505540192127226"
"group_6946--group_1878","--","hypothetical protein--hypothetical protein","20","61","217","193","8.438818565400844","75.98425196850394","0.29160685956032334","2.842793515578464e-06","0.016388704617309846","7.804145055861831e-05","5","4","4","0.375","0.375"
"group_374","","hypothetical protein","99","56","138","198","41.77215189873418","77.95275590551181","2.5364906832298137","2.8736603820385177e-06","0.016566652102452055","7.851493887418036e-05","41","25","21","0.21102359760880082","0.9999999999999998"
"group_8234","","hypothetical protein","75","134","162","120","31.645569620253166","47.24409448818898","0.41459369817578773","2.937229621376022e-06","0.016933128767232766","7.912676994034003e-05","20","14","15","0.04138946533203125","0.11531829833984371"
"group_8215--group_7656","--","hypothetical protein--hypothetical protein","75","134","162","120","31.645569620253166","47.24409448818898","0.41459369817578773","2.937229621376022e-06","0.016933128767232766","7.912676994034003e-05","21","13","16","0.026603698730468753","0.38331031799316395"
"group_8340","","hypothetical protein","50","17","187","237","21.09704641350211","93.30708661417323","3.7275872916011323","3.0200826499466637e-06","0.017410776476942516","8.098035570670938e-05","42","27","17","0.0884295469877543","0.2799562385289392"
"group_1256","","hypothetical protein","27","72","210","182","11.39240506329114","71.65354330708661","0.325","3.0647975283811362e-06","0.01766855775111725","8.179887847739467e-05","27","16","14","0.44206833839416504","1.0"
"rrrD_4~~~rrrD_3~~~rrrD_1~~~rrrD_2~~~rrrD","rrrD_4;rrrD_3;rrrD_1;rrrD_2;rrrD;","Lysozyme RrrD;hypothetical protein","95","52","142","202","40.08438818565401","79.52755905511812","2.598862405200433","3.1062559711781927e-06","0.01790756567384228","8.252334411908885e-05","44","31","19","0.009559878856634898","0.4513808323961254"
"sopB","sopB","Protein SopB","0","19","237","235","0.0","92.51968503937007","0.0","3.260799363795195e-06","0.0187985083322793","8.623168959761147e-05","7","0","7","0.015625","0.015625"
"group_5159","","hypothetical protein","21","62","216","192","8.860759493670885","75.59055118110236","0.3010752688172043","3.6740869733070373e-06","0.02118111140111507","9.584213303671978e-05","8","4","5","0.7265625000000002","1.0"
"group_8486--group_3410","--","hypothetical protein--hypothetical protein","21","62","216","192","8.860759493670885","75.59055118110236","0.3010752688172043","3.6740869733070373e-06","0.02118111140111507","9.584213303671978e-05","11","9","3","0.06542968749999997","0.22656250000000003"
"group_182","","hypothetical protein","28","73","209","181","11.814345991561181","71.25984251968504","0.3321753949007013","3.694346960339648e-06","0.02129791022635807","9.593653255116248e-05","17","11","10","0.33230590820312506","0.629058837890625"
"group_12143","","hypothetical protein","37","86","200","168","15.611814345991561","66.14173228346458","0.3613953488372093","3.78354567251116e-06","0.021812140802026838","9.737562858047696e-05","37","21","17","0.5113757815852297","0.7428293587290689"
"group_8603","","hypothetical protein","37","86","200","168","15.611814345991561","66.14173228346458","0.3613953488372093","3.78354567251116e-06","0.021812140802026838","9.737562858047696e-05","30","18","19","0.20048842206597323","0.361594608053565"
"group_9302","","hypothetical protein","104","61","133","193","43.88185654008439","75.98425196850394","2.4740539874275855","4.029522740811469e-06","0.023230198600778115","0.0001032453271145694","43","25","26","0.22205282015602276","0.36037765293576723"
"group_7719","","hypothetical protein","26","70","211","184","10.970464135021098","72.44094488188976","0.32389979688557885","4.0639157862025125e-06","0.023428474507457483","0.00010366581640467913","40","17","26","0.08069046775199244","0.42959050784338626"
"group_257","","hypothetical protein","34","81","203","173","14.345991561181433","68.11023622047244","0.3577206105941738","4.082921139542039e-06","0.023538040369459858","0.00010369180779497735","34","20","19","0.39152830513194264","0.60759136127308"
"group_1469","","hypothetical protein","74","132","163","122","31.223628691983123","48.031496062992126","0.41959472020821714","4.377834543575098e-06","0.025238216143710444","0.00011069393045487037","13","5","12","0.0034179687499999996","0.5810546875"
"ldrD_1~~~ldrD_2~~~ldrD_3~~~ldrD",";ldrD_1;ldrD_2;ldrD_3;ldrD","hypothetical protein;Small toxic polypeptide LdrD","162","121","75","133","68.35443037974683","52.362204724409445","2.374214876033058","4.518573606551587e-06","0.026049576841769898","0.00011375361066275065","54","38","24","0.003838265880326098","0.49661743531793406"
"dnaT_1~~~dnaT_2","dnaT_1;dnaT_2","Primosomal protein 1","24","66","213","188","10.126582278481013","74.01574803149606","0.32095603926589844","4.6245507302277015e-06","0.0266605349597627","0.00011573204911971242","17","11","7","0.33230590820312506","0.629058837890625"
"group_10489","","hypothetical protein","13","48","224","206","5.485232067510549","81.10236220472441","0.24906994047619047","4.651171259166588e-06","0.02681400230909538","0.00011573204911971242","36","9","27","0.003933173022232949","0.003933173022232949"
"hipB","hipB","Antitoxin HipB","215","191","22","63","90.71729957805907","24.803149606299215","3.223465016658734","4.687971451179718e-06","0.027026155416051075","0.00011573204911971242","10","7","5","0.3437499999999999","1.0"
"group_11216","","hypothetical protein","22","63","215","191","9.282700421940929","75.19685039370079","0.3102251753414544","4.687971451179718e-06","0.027026155416051075","0.00011573204911971242","15","10","6","0.30175781250000017","0.6072387695312501"
"glmU_3~~~glmU_1","glmU_3;glmU_1","Bifunctional protein GlmU","1","22","236","232","0.42194092827004215","91.33858267716536","0.04468412942989214","4.697536772595439e-06","0.027081299494012705","0.00011573204911971242","18","1","17","0.00014495849609375","0.00014495849609375"
"group_9960","","hypothetical protein;IS200/IS605 family transposase IS200G;IS200/IS605 family transposase IS200C","43","93","194","161","18.143459915611814","63.38582677165354","0.38371577430440085","5.037529837045941e-06","0.02904135951056985","0.00011820006867876901","42","10","34","6.87711149112147e-05","0.0009406740282429388"
"group_8501--ccmL--ddrA--pduA_1--adhE_2~~~astD_2~~~astD_1--rsxC_2~~~rnfC~~~rsxC_1--group_7240--pduL--pduU--pduE--group_6151--group_5989--group_5789--pduF~~~pduF_2~~~pduF_1--adhE_2~~~adhE_1--pduD--pduC--group_1948--pduB","pduA_2--ccmL--ddrA--pduA_1--adhE_2;astD_2;astD_1--rsxC_2;rnfC;rsxC_1----pduL--pduU--pduE------rhaR_3--pduF;pduF_2;pduF_1--adhE_2;adhE_1--pduD--pduC----;pduB","Propanediol utilization protein PduA--Carbon dioxide concentrating mechanism protein CcmL--Diol dehydratase-reactivating factor alpha subunit--Propanediol utilization protein PduA--Aldehyde-alcohol dehydrogenase;N-succinylglutamate 5-semialdehyde dehydrogenase--Ion-translocating oxidoreductase complex subunit C;Na(+)-translocating ferredoxin:NAD(+) oxidoreductase complex subunit C--hypothetical protein--Phosphate propanoyltransferase--Propanediol utilization protein PduU--Propanediol dehydratase small subunit--hypothetical protein--hypothetical protein--HTH-type transcriptional activator RhaR--Propanediol diffusion facilitator--Aldehyde-alcohol dehydrogenase--Propanediol dehydratase medium subunit--Propanediol dehydratase large subunit--hypothetical protein--hypothetical protein;Propanediol utilization protein PduB","36","84","201","170","15.18987341772152","66.92913385826772","0.3624733475479744","5.207774058006475e-06","0.030022817444407327","0.00011820006867876901","28","17","17","0.34492845088243484","0.34492845088243484"
"fucP_2",";fucP_2","hypothetical protein;L-fucose-proton symporter","132","89","105","165","55.69620253164557","64.96062992125984","2.330658105939005","5.320635878656083e-06","0.03067346584045232","0.00012028810133510713","43","28","22","0.06599403445579806","0.9999999999999998"
"group_10160","ugpC_2;","sn-glycerol-3-phosphate import ATP-binding protein UgpC;hypothetical protein","17","55","220","199","7.172995780590717","78.34645669291339","0.2795867768595041","5.572651126922456e-06","0.03212633374670796","0.00012405628274649993","26","12","15","0.5571970939636235","0.8450189828872682"
"cbtA_2~~~cbtA_3~~~cbtA_1~~~cbtA_4","cbtA_2;cbtA_3;cbtA_1;cbtA_4","Cytoskeleton-binding toxin CbtA","64","28","173","226","27.004219409282697","88.9763779527559","2.985962014863749","5.579074048053356e-06","0.0321633618870276","0.00012405628274649993","48","34","18","0.005515201485501107","0.11140289106101872"
"group_7568--mcrC","mcrB--mcrC","5-methylcytosine-specific restriction enzyme B--Protein McrC","25","3","212","251","10.548523206751055","98.81889763779527","9.866352201257861","5.586158521224904e-06","0.03220420387486157","0.00012405628274649993","9","8","2","0.0390625","0.17968750000000003"
"gntR_2",";gntR_2","hypothetical protein;HTH-type transcriptional regulator GntR","94","53","143","201","39.66244725738397","79.13385826771653","2.492941021242908","5.594906073562876e-06","0.032254633514089984","0.00012405628274649993","23","18","14","0.0106220245361328","0.4048728942871095"
"vgrG1~~~vgrG1_3~~~vgrG1_2~~~vgrG1_1","vgrG1;;vgrG1_3;vgrG1_2;vgrG1_1","Actin cross-linking toxin VgrG1;hypothetical protein","23","64","214","190","9.70464135021097","74.80314960629921","0.319071261682243","5.911028282554255e-06","0.03407707804892528","0.0001305635174288325","9","5","5","1.0","1.0"
"group_11178","","hypothetical protein","21","61","216","193","8.860759493670885","75.98425196850394","0.3076047358834244","5.950258840662255e-06","0.034303242216417895","0.00013092840540617517","11","9","3","0.06542968749999997","0.22656250000000003"
"phnR--group_5756--yihN_1~~~yihN_2~~~yihN_3~~~yihN","phnR----yihN_1;yihN_2;;yihN_3;yihN","Putative transcriptional regulator of 2-aminoethylphosphonate degradation operons--hypothetical protein--Inner membrane protein YihN;hypothetical protein","122","79","115","175","51.47679324894515","68.89763779527559","2.3500275178866263","6.276830663017788e-06","0.03618592877229755","0.00013655067461244358","5","2","5","0.0625","1.0"
"group_239","","IS256 family transposase IS1414;IS256 family transposase IS285;IS256 family transposase ISEc39","56","22","181","232","23.628691983122362","91.33858267716536","3.2626820693119036","6.511931105656355e-06","0.03754128282410889","0.00014113264219589808","34","18","19","0.60759136127308","0.8641662404406815"
"group_9122","","hypothetical protein","92","51","145","203","38.81856540084388","79.92125984251969","2.5254901960784313","6.801970489293366e-06","0.03921335987077625","0.0001463185069805084","43","23","27","0.1262894743854302","0.7607916425613435"
"group_298","","hypothetical protein","92","51","145","203","38.81856540084388","79.92125984251969","2.5254901960784313","6.801970489293366e-06","0.03921335987077625","0.0001463185069805084","35","23","18","0.08953107893466948","1.0"
"group_11385--gdh--fabG_1--aptA--group_5539--aptB--group_5414--rbsC_1--rbsA_3~~~btuD_3~~~xylG_1~~~rbsA_4~~~xylG_2~~~rbsA_1--aplK~~~glpK_1","--gdh--fabG_1--aptA--rbsB_1--aptB--sorC_1--rbsC_1--rbsA_3;btuD_3;xylG_1;rbsA_4;xylG_2;rbsA_1--aplK;glpK_1","hypothetical protein--Galactitol 2-dehydrogenase--3-oxoacyl-[acyl-carrier-protein] reductase FabG--Apulose-4-phosphate transketolase subunit A--Ribose import binding protein RbsB--Apulose-4-phosphate transketolase subunit B--Sorbitol operon regulator--Ribose import permease protein RbsC--Ribose import ATP-binding protein RbsA;Vitamin B12 import ATP-binding protein BtuD;Xylose import ATP-binding protein XylG--Apulose kinase;Glycerol kinase","65","120","172","134","27.42616033755274","52.75590551181102","0.4219961240310077","7.152595877050414e-06","0.04123471523119564","0.00014832631378127928","4","2","4","0.125","1.0"
"group_11724","","hypothetical protein","87","47","150","207","36.708860759493675","81.49606299212599","2.554468085106383","7.261978498533537e-06","0.04186530604404584","0.00015005486037292416","59","36","28","0.11747735024505852","0.7948436539828605"
"group_4097--group_3153","--","hypothetical protein--hypothetical protein","22","62","215","192","9.282700421940929","75.59055118110236","0.31687921980495126","7.533971569608747e-06","0.04343334609879443","0.00015456706796723995","7","4","4","0.9999999999999998","0.9999999999999998"
"group_4446--group_2848","--","hypothetical protein--IS200/IS605 family transposase ISEc41;hypothetical protein","41","12","196","242","17.29957805907173","95.2755905511811","4.218537414965986","7.727591523254238e-06","0.044549565131560685","0.00015733448554592388","6","5","4","0.21875000000000003","0.6875000000000002"
"group_8961","","hypothetical protein","66","30","171","224","27.848101265822784","88.18897637795276","2.8818713450292397","7.760275505781871e-06","0.04473798829083249","0.00015733448554592388","36","24","15","0.06524533522315322","0.4050322461407633"
"group_8489","","hypothetical protein","13","47","224","207","5.485232067510549","81.49606299212599","0.25560410334346506","7.778027472782013e-06","0.04484032838058831","0.00015733448554592388","20","12","9","0.5034446716308595","0.8238029479980463"
"group_11299","","hypothetical protein","8","38","229","216","3.375527426160337","85.03937007874016","0.19857504022063893","8.102286249469828e-06","0.04670968022819356","0.0001631227748207366","9","4","7","0.17968750000000003","1.0"
"group_9959","","hypothetical protein","4","29","233","225","1.6877637130801686","88.58267716535433","0.133195204972621","8.120769535741787e-06","0.0468162363735514","0.0001631227748207366","11","3","9","0.06542968749999997","0.22656250000000003"
"group_8324","","hypothetical protein","5","32","232","222","2.109704641350211","87.4015748031496","0.14951508620689655","8.589104439600846e-06","0.04951618709429888","0.00017193120518853777","3","2","2","1.0","1.0"
"group_1013","","hypothetical protein","6","34","231","220","2.5316455696202533","86.61417322834646","0.16806722689075632","8.728611740120921e-06","0.05032044668179711","0.00017411919267057823","6","3","4","0.6875000000000002","1.0"
"group_11591--xerD_3--group_10500--icsA--group_1104","--xerD_3----;icsA--xerD_2","hypothetical protein--Tyrosine recombinase XerD--hypothetical protein--hypothetical protein;Outer membrane protein IcsA autotransporter--Tyrosine recombinase XerD","44","14","193","240","18.565400843881857","94.48818897637796","3.908216136195411","9.277133112972545e-06","0.05348267239628672","0.00018158094178702698","13","10","9","0.09228515625000003","0.26684570312499983"
"group_1041","","hypothetical protein","28","71","209","183","11.814345991561181","72.04724409448819","0.34530628748567965","9.291652702024798e-06","0.05356637782717296","0.00018158094178702698","27","17","13","0.24778856337070485","1.0"
"group_6234","","hypothetical protein","21","60","216","194","8.860759493670885","76.37795275590551","0.3143518518518518","9.575552220948135e-06","0.055203058553766","0.00018649681943839864","28","14","17","0.34492845088243484","1.0"
"group_7912","","hypothetical protein","11","43","226","211","4.641350210970464","83.07086614173228","0.23883515126569252","1.0302602711888723e-05","0.05939450463403849","0.0001999814970843047","17","7","11","0.33230590820312506","0.629058837890625"
"lpfC~~~lpfC--lpfA_2~~~lpfA_1~~~lpfA_3",";lpfC;lpfC'--lpfA_2;lpfA_1;lpfA_3","hypothetical protein;putative outer membrane usher protein LpfC;putative outer membrane usher protein LpfC'--putative major fimbrial subunit LpfA","38","85","199","169","16.033755274261605","66.53543307086615","0.3796630209872894","1.0376864578981936e-05","0.05982262429783086","0.00020007566654792932","17","11","10","0.33230590820312506","0.629058837890625"
"group_6210","proQ_2;","RNA chaperone ProQ;hypothetical protein","37","10","200","244","15.611814345991561","96.06299212598425","4.514","1.0501618645549143e-05","0.06054183149159081","0.00020180610497196936","15","10","8","0.30175781250000017","0.9999999999999997"
"group_11653","","hypothetical protein","55","22","182","232","23.20675105485232","91.33858267716536","3.1868131868131866","1.064513845212569e-05","0.0613692231765046","0.00020388446238041397","17","11","8","0.33230590820312506","0.9999999999999998"
"group_6280","ydfK;","Cold shock protein YdfK;hypothetical protein","97","57","140","197","40.92827004219409","77.55905511811024","2.3946115288220553","1.12804800864661e-05","0.06503196769847706","0.00021533764138568565","39","26","19","0.05325191409792753","0.9999999999999992"
"group_10263","","hypothetical protein","24","64","213","190","10.126582278481013","74.80314960629921","0.3345070422535211","1.167630527373815e-05","0.06731389990310044","0.00022215808548878033","36","12","26","0.011330984183587136","0.06524533522315322"
"group_3546--group_3159","--","hypothetical protein--hypothetical protein","22","61","215","193","9.282700421940929","75.98425196850394","0.32375142966069387","1.2030930276998384e-05","0.06935831304689569","0.00022740430507178913","9","8","2","0.0390625","0.17968750000000003"
"group_5981","","hypothetical protein","20","58","217","196","8.438818565400844","77.16535433070865","0.3114571746384872","1.21362252769841e-05","0.06996533872181333","0.0002286448977837037","26","13","16","0.32693958282470703","1.0"
"ulaC_2~~~ulaC_3","ulaC_2;ulaC_3","Ascorbate-specific PTS system EIIA component","93","53","144","201","39.24050632911392","79.13385826771653","2.4492924528301887","1.2356626249717538e-05","0.0712359503296216","0.0002320389261551192","23","18","14","0.0106220245361328","0.4048728942871095"
"rbsK_2~~~rbsK_1~~~rbsK_3","rbsK_2;rbsK_1;rbsK_3","Ribokinase","133","92","104","162","56.118143459915615","63.77952755905512","2.25188127090301","1.2820243391741216e-05","0.07390870315338811","0.00023996332192658477","45","28","25","0.13515645084567043","0.5514843298025199"
"group_6198","","hypothetical protein","40","87","197","167","16.877637130801688","65.74803149606299","0.3897543613979812","1.3064040345042512e-05","0.07531419258917008","0.0002437352510976378","14","10","9","0.17956542968750003","0.4239501953124999"
"group_2559","","hypothetical protein","53","21","184","233","22.362869198312236","91.73228346456693","3.195910973084886","1.3890477205380537e-05","0.08007860108901879","0.0002583180680290929","11","7","7","0.548828125","0.548828125"
"group_10716","","hypothetical protein","175","139","62","115","73.83966244725738","45.2755905511811","2.335228591320492","1.3993841190163071e-05","0.0806744944612901","0.00025940351916813536","53","35","27","0.02700831765372235","1.0"
"tqsA_2~~~tqsA_1","tqsA_2;tqsA_1","AI-2 transport protein TqsA","8","37","229","217","3.375527426160337","85.43307086614173","0.2048861088162398","1.4096246911572922e-05","0.0812648634452179","0.0002604643059141599","10","7","3","0.3437499999999999","0.3437499999999999"
"group_10611","","hypothetical protein","93","54","144","200","39.24050632911392","78.74015748031496","2.3919753086419755","1.4142108311907301e-05","0.08152925441814558","0.000260476851176184","43","25","26","0.22205282015602276","0.36037765293576723"
"lpxG",";lpxG","hypothetical protein;UDP-23-diacylglucosamine pyrophosphatase LpxG","28","70","209","184","11.814345991561181","72.44094488188976","0.3521531100478469","1.4590683917847203e-05","0.08411529278638913","0.00026751992658143487","6","3","5","0.21875000000000003","1.0"
"group_9321--group_6901--group_1636","----","hypothetical protein--hypothetical protein--hypothetical protein","31","7","206","247","13.080168776371309","97.24409448818898","5.3099861303744795","1.4756519801022774e-05","0.08507133665289629","0.00026751992658143487","3","2","3","0.25","1.0"
"group_4937","","hypothetical protein","31","7","206","247","13.080168776371309","97.24409448818898","5.3099861303744795","1.4756519801022774e-05","0.08507133665289629","0.00026751992658143487","4","2","3","0.625","1.0"
"group_11280","","hypothetical protein","23","62","214","192","9.70464135021097","75.59055118110236","0.3328308712692192","1.4947020189662463e-05","0.0861695713934041","0.0002701240482551853","12","9","4","0.14599609375000003","0.3876953125000001"
"group_11592","","hypothetical protein","5","31","232","223","2.109704641350211","87.79527559055119","0.15503337041156842","1.5555234326266452e-05","0.0896759258909261","0.00028023726840914405","3","3","2","0.25","1.0"
"yjgN_2~~~yjgN_1~~~yjgN","yjgN_2;yjgN_1;yjgN","Inner membrane protein YjgN","127","184","110","70","53.58649789029536","27.559055118110237","0.4392292490118577","1.5949991196279716e-05","0.09195169924655257","0.00028645389173380864","22","8","19","0.000855445861816406","0.2862787246704102"
"yeeW~~~yeeW_1","yeeW;yeeW_1","Protein YeeW","180","146","57","108","75.9493670886076","42.51968503937008","2.335976928622927","1.6112145909177838e-05","0.09288652116641023","0.0002884674570385411","35","23","20","0.08953107893466948","0.49955983320251085"
"group_3613","","IS3 family transposase IS1397","76","131","161","123","32.06751054852321","48.4251968503937","0.44322222749039875","1.618909726495195e-05","0.09333014573244798","0.0002889478196051021","31","15","23","0.010673840530216692","0.9999999999999994"
"group_11794","","hypothetical protein;ISL3 family transposase ISEc38","79","42","158","212","33.33333333333333","83.46456692913385","2.5238095238095237","1.645080229953255e-05","0.09483887525680514","0.00029271257795310225","37","20","24","0.09887174959294497","0.7428293587290689"
"group_8971","","hypothetical protein","63","29","174","225","26.582278481012654","88.58267716535433","2.809155766944114","1.678629253397492e-05","0.09677297645836541","0.0002977630044872782","40","29","17","0.00642657609569142","0.42959050784338626"
"group_10852","","hypothetical protein","29","71","208","183","12.236286919831224","72.04724409448819","0.35935807150595883","1.7166803361924068e-05","0.09896662138149225","0.0003008103993358427","20","8","16","0.011817932128906248","0.5034446716308595"
"group_8309","","hypothetical protein","29","71","208","183","12.236286919831224","72.04724409448819","0.35935807150595883","1.7166803361924068e-05","0.09896662138149225","0.0003008103993358427","24","14","11","0.5412561893463136","0.8388197422027595"
"group_7016--group_6475","--","hypothetical protein--hypothetical protein","29","71","208","183","12.236286919831224","72.04724409448819","0.35935807150595883","1.7166803361924068e-05","0.09896662138149225","0.0003008103993358427","8","6","4","0.2890624999999999","1.0"
"group_4252","","hypothetical protein","46","16","191","238","19.40928270042194","93.7007874015748","3.582460732984293","1.7479698190531028e-05","0.10077046006841138","0.0003053650305103375","9","8","5","0.0390625","1.0"
"group_10703","","hypothetical protein","47","95","190","159","19.831223628691983","62.59842519685039","0.414016620498615","1.7722196554460517e-05","0.10216846313646488","0.0003086660517717972","45","22","32","0.006608822842281368","0.9999999999999994"
"group_2398","","hypothetical protein","80","43","157","211","33.755274261603375","83.07086614173228","2.5003703155088135","1.813636684144281e-05","0.10455615484091779","0.0003149281772316801","25","18","12","0.04328525066375736","0.9999999999999997"
"intA_2~~~intA_4~~~intA_7~~~intA_1~~~intA_5","intA_2;intA_4;intA_7;intA_1;intA_5","Prophage integrase IntA","16","51","221","203","6.751054852320674","79.92125984251969","0.28817318782716705","1.8695608157556978e-05","0.10778018102831598","0.00032366420729224016","13","10","5","0.09228515625000003","0.5810546875"
"group_8052","","hypothetical protein","23","3","214","251","9.70464135021097","98.81889763779527","8.99221183800623","2.0691369826048565e-05","0.11928574704716997","0.0003571429552310478","13","11","3","0.022460937500000003","0.09228515625000003"
"group_10305","","IS66 family transposase ISEc43;IS66 family transposase ISEc23;IS66 family transposase IS682","73","37","164","217","30.801687763713083","85.43307086614173","2.6105800922874094","2.076209854770931e-05","0.11969349812754417","0.0003572940242613259","31","20","18","0.1496127843856811","0.4731296598911284"
"group_11807--group_2822","--","hypothetical protein--hypothetical protein","34","9","203","245","14.345991561181433","96.45669291338582","4.559386973180077","2.112734547270337e-05","0.12179914665013492","0.00036142180014876827","13","8","7","0.5810546875","0.9999999999999999"
"group_5017","","hypothetical protein","44","15","193","239","18.565400843881857","94.09448818897637","3.6324697754749566","2.1483117199394745e-05","0.1238501706545107","0.00036642062323819733","33","22","14","0.08014331245794892","0.4868502416647969"
"group_9040","","hypothetical protein","82","45","155","209","34.59915611814346","82.28346456692913","2.4570609318996417","2.1866700489781445e-05","0.12606152832359002","0.00037186291540882013","41","29","15","0.011507789735333064","0.11727520595741232"
"group_7310--cspJ","--cspJ","hypothetical protein--Cold shock-like protein CspJ","88","50","149","204","37.130801687763714","80.31496062992126","2.4096644295302014","2.220707565596728e-05","0.12802379115665136","0.0003747258116013092","41","28","18","0.027533155829587493","0.5327092552361133"
"group_194","","hypothetical protein","72","125","165","129","30.37974683544304","50.78740157480315","0.45032727272727274","2.2230048147033434e-05","0.12815622756764775","0.0003747258116013092","35","23","15","0.08953107893466948","0.49955983320251085"
"group_9035","","hypothetical protein","116","173","121","81","48.9451476793249","31.88976377952756","0.4488606506473033","2.2849709900769873e-05","0.13172857757793832","0.0003840483311310155","12","9","7","0.14599609375000003","0.7744140625000003"
"group_5276","","hypothetical protein","46","17","191","237","19.40928270042194","93.30708661417323","3.3575608253772713","2.385471239617634e-05","0.1375224169639566","0.00039977446791847847","11","8","4","0.22656250000000003","0.548828125"
"rrrD_5~~~rrrD_3","rrrD_5;rrrD_3","Lysozyme RrrD","17","52","220","202","7.172995780590717","79.52755905511812","0.3001748251748252","2.42850205092706e-05","0.140003143235945","0.0004058062122781015","12","9","5","0.14599609375000003","0.7744140625000003"
"rayT~~~rayT_2","rayT;;rayT_2","REP-associated tyrosine transposase;hypothetical protein","153","207","84","47","64.55696202531645","18.503937007874015","0.4135610766045549","2.6103982150421068e-05","0.15048945709717745","0.00043494062744848974","18","9","12","0.23788452148437486","1.0"
"group_9216","","hypothetical protein","37","11","200","243","15.611814345991561","95.66929133858267","4.086818181818182","2.701048918258537e-05","0.15571547013760464","0.00044855003323533265","15","9","9","0.6072387695312501","0.6072387695312501"
"sfaA_2~~~sfaA_1~~~sfaA","sfaA_2;sfaA_1;sfaA","S-fimbrial protein subunit SfaA","27","5","210","249","11.39240506329114","98.03149606299213","6.402857142857143","2.7154199757004525e-05","0.1565439615991311","0.00044855003323533265","11","6","5","0.9999999999999997","0.9999999999999997"
"focC_1","focC_1","Chaperone protein FocC","27","5","210","249","11.39240506329114","98.03149606299213","6.402857142857143","2.7154199757004525e-05","0.1565439615991311","0.00044855003323533265","12","7","5","0.7744140625000003","0.7744140625000003"
"virF","virF;","Virulence regulon transcriptional activator VirF;hypothetical protein","81","135","156","119","34.177215189873415","46.8503937007874","0.4576923076923077","2.7447077828320055e-05","0.15823240368026512","0.00045209258194361463","13","8","10","0.09228515625000003","0.5810546875"
"group_10152","","hypothetical protein","5","30","232","224","2.109704641350211","88.18897637795276","0.16091954022988506","2.799075132395449e-05","0.16136668138259763","0.00045973413499315565","3","3","1","0.25","1.0"
"group_1902","","Tn3 family transposase ISYps3","91","53","146","201","38.39662447257383","79.13385826771653","2.3637890927888345","2.8202719969543367e-05","0.1625886806244175","0.00046189966086482244","38","27","17","0.013852965261321508","0.6271025701571481"
"group_6169","","hypothetical protein","11","41","226","213","4.641350210970464","83.85826771653542","0.25285991797971075","2.8998956504598158e-05","0.16717898424900837","0.00047359485622948546","20","9","13","0.2631759643554687","0.8238029479980463"
"pduV_2~~~pduV_1","pduV_2;pduV_1;","Propanediol utilization protein PduV;hypothetical protein","48","95","189","159","20.253164556962027","62.59842519685039","0.42506265664160403","2.909378693534741e-05","0.1677256816822778","0.00047380136068440057","41","24","25","0.21102359760880082","0.3488888794490776"
"recE","recE","Exodeoxyribonuclease 8","14","46","223","208","5.9071729957805905","81.88976377952756","0.28387599922012086","2.9476070818135258e-05","0.16992954826654977","0.00047599313239929907","20","9","13","0.2631759643554687","0.8238029479980463"
"group_11171","","hypothetical protein","14","46","223","208","5.9071729957805905","81.88976377952756","0.28387599922012086","2.9476070818135258e-05","0.16992954826654977","0.00047599313239929907","20","13","8","0.2631759643554687","0.5034446716308595"
"group_6433","","IS4 family transposase ISVsa5","14","46","223","208","5.9071729957805905","81.88976377952756","0.28387599922012086","2.9476070818135258e-05","0.16992954826654977","0.00047599313239929907","32","12","24","0.0070003666914999485","0.2153271497227251"
"group_6625","","hypothetical protein","67","33","170","221","28.270042194092827","87.00787401574803","2.639393939393939","2.971082660782036e-05","0.17128291539408438","0.0004784438977488391","41","31","12","0.0014504910141113214","0.011507789735333064"
"hmuU_1",";hmuU_1","hypothetical protein;Hemin transport system permease protein HmuU","35","10","202","244","14.767932489451477","96.06299212598425","4.227722772277228","3.178513602566724e-05","0.18324130918797163","0.0005040606863594052","16","12","5","0.076812744140625","0.21011352539062492"
"group_11350--group_9954--group_6637--group_3536--group_3141--group_2911","----------","hypothetical protein--hypothetical protein--hypothetical protein--hypothetical protein--hypothetical protein--hypothetical protein","40","13","197","241","16.877637130801688","94.88188976377953","3.7641546270987893","3.1913642761696946e-05","0.18398215052118289","0.0005040606863594052","4","3","3","0.625","0.625"
"group_7809","","hypothetical protein","10","39","227","215","4.219409282700422","84.64566929133859","0.24285552919914152","3.324623706198334e-05","0.19166455666233395","0.0005236736520828797","12","7","7","0.7744140625000003","0.7744140625000003"
"ppsE_2~~~ppsE_1~~~COQ5_2~~~COQ5","ppsE_2;;ppsE_1;COQ5_2;COQ5","Phthiocerol/phenolphthiocerol synthesis polyketide synthase type I PpsE;hypothetical protein;Phthiocerol synthesis polyketide synthase type I PpsE;2-methoxy-6-polyprenyl-14-benzoquinol methylase mitochondrial","1","19","236","235","0.42194092827004215","92.51968503937007","0.0524085637823372","3.4822843439176696e-05","0.20075369242685365","0.0005470127859042333","19","1","18","7.62939453125e-05","7.62939453125e-05"
"intQ_1~~~intQ","intQ_1;intQ","Putative defective protein IntQ","82","46","155","208","34.59915611814346","81.88976377952756","2.392145862552595","3.623730682050903e-05","0.20890807382023455","0.0005676849832071591","40","28","16","0.016589003374974712","0.2681872510547691"
"fimD_2~~~fimD_1~~~fimD_3","fimD_2;fimD_1;fimD_3","Outer membrane usher protein FimD","220","253","17","1","92.82700421940928","0.39370078740157477","0.05115089514066496","3.636328786266693e-05","0.20963435452827484","0.000568114781919444","15","1","14","0.0009765624999999998","0.0009765624999999998"
"espC_1~~~espC~~~espC_2","espC_1;espC;espC_2","Serine protease EspC","58","107","179","147","24.47257383966245","57.874015748031496","0.4451521954785151","3.799813389885691e-05","0.2190592419269101","0.0005920520052078651","19","5","17","0.0007286071777343752","0.06356811523437494"
"group_8073","","hypothetical protein","77","42","160","212","32.48945147679325","83.46456692913385","2.4291666666666667","3.8470946214959585e-05","0.221785004929242","0.0005961962498097903","27","20","13","0.019157290458679185","1.0"
"group_6374","","hypothetical protein","77","42","160","212","32.48945147679325","83.46456692913385","2.4291666666666667","3.8470946214959585e-05","0.221785004929242","0.0005961962498097903","20","15","11","0.04138946533203125","0.8238029479980463"
"group_6330--group_3535--group_2548--group_2206--mchI","--------mchI","hypothetical protein--hypothetical protein--hypothetical protein--hypothetical protein--Microcin H47 immunity protein MchI","45","17","192","237","18.9873417721519","93.30708661417323","3.2674632352941178","3.923317147437754e-05","0.2261792335497865","0.000599944916577683","18","10","11","0.48068237304687483","0.8145294189453123"
"group_338","","IS3 family transposase ISEc16;IS3 family transposase IS3F;IS3 family transposase ISEc17;hypothetical protein","103","65","134","189","43.459915611814345","74.40944881889764","2.235017221584386","3.9931146910068455e-05","0.23020306193654463","0.0006090028093559382","48","30","26","0.11140289106101872","0.6654658120766195"
"group_6608--group_3434","--","hypothetical protein--hypothetical protein","35","77","202","177","14.767932489451477","69.68503937007874","0.3982898289828983","4.046488911718919e-05","0.2332800857605957","0.0006138949625278834","8","5","6","0.2890624999999999","0.7265625000000002"
"group_7961","","hypothetical protein","8","35","229","219","3.375527426160337","86.22047244094489","0.21859014348097316","4.183805702531771e-05","0.2411963987509566","0.0006330614140445056","9","5","5","1.0","1.0"
"group_10617","","hypothetical protein","31","8","206","246","13.080168776371309","96.8503937007874","4.627427184466019","4.226292326616807e-05","0.24364575262945892","0.0006378161063598401","4","2","4","0.125","1.0"
"group_10096","","hypothetical protein;IS1 family transposase IS1R;IS1 family transposase IS1S;IS1 family transposase IS1X2;IS1 family transposase IS1F","70","36","167","218","29.535864978902953","85.8267716535433","2.5382568196939452","4.335199205130245e-05","0.2499242341757586","0.000652543692364905","44","29","21","0.048766765904474624","0.8803958212806721"
"group_10085","","hypothetical protein","41","14","196","240","17.29957805907173","94.48818897637796","3.58600583090379","4.3706043462238025e-05","0.2519653405598022","0.0006561597410411515","20","14","10","0.11531829833984371","1.0"
"group_5264","","hypothetical protein","59","27","178","227","24.894514767932492","89.37007874015748","2.7867249271743653","4.4541504499406815e-05","0.25678177343908026","0.000665237755023524","40","27","20","0.03847730828420024","1.0"
"group_482","","hypothetical protein","59","27","178","227","24.894514767932492","89.37007874015748","2.7867249271743653","4.4541504499406815e-05","0.25678177343908026","0.000665237755023524","47","33","18","0.00794272650948358","0.14386508844054902"
"ybiA~~~ybiA_2~~~ybiA_1","ybiA;;ybiA_2;ybiA_1","N-glycosidase YbiA;hypothetical protein","176","144","61","110","74.26160337552743","43.30708661417323","2.204007285974499","4.557750964863389e-05","0.2627543431243744","0.0006739343271935066","18","10","14","0.0308837890625","0.8145294189453123"
"group_10284","","hypothetical protein","7","33","230","221","2.9535864978902953","87.00787401574803","0.20382081686429512","4.563494127830133e-05","0.2630854364694072","0.0006739343271935066","17","4","14","0.012725830078125003","0.049041748046874986"
"group_4806","","hypothetical protein","7","33","230","221","2.9535864978902953","87.00787401574803","0.20382081686429512","4.563494127830133e-05","0.2630854364694072","0.0006739343271935066","6","4","3","0.6875000000000002","1.0"
"group_8634--group_3069--group_1945--group_1083","--recF_1----","hypothetical protein--DNA replication and repair protein RecF--hypothetical protein--hypothetical protein","24","4","213","250","10.126582278481013","98.4251968503937","7.042253521126761","4.605899825051893e-05","0.2655301249142416","0.0006739343271935066","6","3","3","1.0","1.0"
"group_6538","sfaH_1;sfaH","S-fimbrial protein subunit SfaH","24","4","213","250","10.126582278481013","98.4251968503937","7.042253521126761","4.605899825051893e-05","0.2655301249142416","0.0006739343271935066","10","7","4","0.3437499999999999","0.7539062500000002"
"group_7738","","hypothetical protein","27","66","210","188","11.39240506329114","74.01574803149606","0.36623376623376624","4.661969382933502e-05","0.2687625349261164","0.0006804114808256111","14","12","6","0.012939453124999998","0.7905273437500004"
"group_7444","","hypothetical protein","6","31","231","223","2.5316455696202533","87.79527559055119","0.18684541265186427","4.855204187514352e-05","0.2799025214102024","0.0007021317538922592","3","3","1","0.25","1.0"
"group_10438--intS_2~~~intS_3~~~intA_1--group_2885--group_193","--intS_2;intS_3;intA_1----","hypothetical protein--Prophage integrase IntS;Prophage integrase IntA--hypothetical protein--hypothetical protein","20","55","217","199","8.438818565400844","78.34645669291339","0.33347297863426895","4.88386527859143e-05","0.28155483331079595","0.0007021317538922592","26","13","18","0.0755186975002289","1.0"
"group_9837","","hypothetical protein","20","55","217","199","8.438818565400844","78.34645669291339","0.33347297863426895","4.88386527859143e-05","0.28155483331079595","0.0007021317538922592","8","3","6","0.2890624999999999","0.7265625000000002"
"lpfA_3~~~lpfA_2","lpfA_3;lpfA_2","putative major fimbrial subunit LpfA","26","5","211","249","10.970464135021098","98.03149606299213","6.13649289099526","4.941973091640795e-05","0.2849047487330918","0.0007083569155014903","11","7","5","0.548828125","0.9999999999999997"
"papB~~~papB_1",";papB;papB_1","hypothetical protein;Major pilu subunit operon regulatory protein PapB","46","18","191","236","19.40928270042194","92.91338582677166","3.157649796393252","4.951740450079802e-05","0.2854678369471006","0.0007083569155014903","11","7","7","0.548828125","0.548828125"
"group_8532","","hypothetical protein","120","82","117","172","50.63291139240506","67.71653543307087","2.1513445903689807","5.1281403388106093e-05","0.29563729053243165","0.0007317754716149299","56","36","34","0.04404654610215076","0.14089542359848076"
"group_2391","","hypothetical protein","5","28","232","226","2.109704641350211","88.9763779527559","0.17395320197044334","5.172054666884089e-05","0.29816895154586776","0.000736219633446587","17","5","13","0.049041748046874986","0.14346313476562497"
"group_3986","","IS6 family transposase IS15DII;hypothetical protein;IS6 family transposase IS26;IS6 family transposase IS15","76","128","161","126","32.06751054852321","49.60629921259843","0.46467391304347827","5.262458466108531e-05","0.30338073057115683","0.0007472431787466917","60","29","40","0.013489293731191869","0.8974218269914307"
"group_9674","","hypothetical protein","25","62","212","192","10.548523206751055","75.59055118110236","0.36518563603164944","5.3625439409409557e-05","0.3091506581952461","0.0007570057497593943","23","16","12","0.09313964843749999","0.9999999999999998"
"group_9466","","hypothetical protein","25","62","212","192","10.548523206751055","75.59055118110236","0.36518563603164944","5.3625439409409557e-05","0.3091506581952461","0.0007570057497593943","10","9","3","0.021484374999999997","0.3437499999999999"
"group_9225","","hypothetical protein","46","91","191","163","19.40928270042194","64.1732283464567","0.4313905989298659","5.3706045386225896e-05","0.30961535165159226","0.0007570057497593943","25","15","10","0.4243562221527101","0.4243562221527101"
"group_375","","hypothetical protein","87","51","150","203","36.708860759493675","79.92125984251969","2.308627450980392","5.4080432756615865e-05","0.31177369484189044","0.0007604236459558304","34","23","17","0.05761267291381961","1.0"
"group_10795","","hypothetical protein","81","46","156","208","34.177215189873415","81.88976377952756","2.347826086956522","5.4504646527981615e-05","0.31421928723381404","0.0007617784040386063","33","20","20","0.29620636859908717","0.29620636859908717"
"rrrD~~~rrrD_3~~~rrrD_1~~~rrrD_2","rrrD;rrrD_3;rrrD_1;;rrrD_2","Lysozyme RrrD;hypothetical protein","63","31","174","223","26.582278481012654","87.79527559055119","2.604560622914349","5.453974481785876e-05","0.3144216288749557","0.0007617784040386063","38","31","14","0.00011616700794547796","0.14330665429588418"
"group_102","","hypothetical protein","31","71","206","183","13.080168776371309","72.04724409448819","0.3878709148092438","5.4573197028264425e-05","0.3146144808679444","0.0007617784040386063","24","14","11","0.5412561893463136","0.8388197422027595"
"group_6983","","IS21 family transposase IS100kyp;IS21 family transposase IS100","42","86","195","168","17.72151898734177","66.14173228346458","0.42075134168157424","5.529797313490878e-05","0.3187928151227491","0.0007700309544027756","40","16","26","0.08069046775199244","0.2681872510547691"
"group_3653","","hypothetical protein","38","81","199","173","16.033755274261605","68.11023622047244","0.40784167752341954","5.568266512477516e-05","0.3210105644443288","0.000773519432395973","18","11","11","0.48068237304687483","0.48068237304687483"
"php_1~~~php_2",";php_1;php_2","hypothetical protein;Phosphotriesterase homology protein","179","148","58","106","75.52742616033755","41.732283464566926","2.2103914259086674","5.584193374383115e-05","0.3219287480331866","0.0007738671827720832","33","21","22","0.08014331245794892","0.16275565745309006"
"group_953","","hypothetical protein","76","42","161","212","32.06751054852321","83.46456692913385","2.3827270038450163","5.8189465985291255e-05","0.33546227140520407","0.0008032650481143804","31","22","15","0.029449373483657858","0.9999999999999994"
"gnsA_2~~~gnsA_1","gnsA_2;gnsA_1","Protein GnsA","88","52","149","202","37.130801687763714","79.52755905511812","2.2942694889003614","5.824194104281197e-05","0.335764790111811","0.0008032650481143804","43","28","20","0.06599403445579806","0.7607916425613435"
"mchB","mchB;","Microcin H47;hypothetical protein","42","15","195","239","17.72151898734177","94.09448818897637","3.431794871794872","5.851627183970535e-05","0.3373463071559013","0.0008051224514460651","17","10","10","0.629058837890625","0.629058837890625"
"group_2804","","IS4 family transposase ISSfl1;hypothetical protein","68","118","169","136","28.691983122362867","53.54330708661418","0.4637448600942734","5.996273657966944e-05","0.34568517638179436","0.0008215423208654662","8","6","6","0.2890624999999999","0.2890624999999999"
"group_11463","","hypothetical protein","21","56","216","198","8.860759493670885","77.95275590551181","0.34375","6.0137182897697615e-05","0.34669085940522676","0.0008215423208654662","6","4","3","0.6875000000000002","1.0"
"group_6540","","hypothetical protein","21","56","216","198","8.860759493670885","77.95275590551181","0.34375","6.0137182897697615e-05","0.34669085940522676","0.0008215423208654662","25","11","17","0.10775214433670036","0.690037965774536"
"group_4547","","hypothetical protein","15","47","222","207","6.329113924050633","81.49606299212599","0.2975848188614146","6.152164724291169e-05","0.3546722963553859","0.0008345576971246285","19","9","13","0.16706848144531244","1.0"
"group_11773","","hypothetical protein","26","64","211","190","10.970464135021098","74.80314960629921","0.3658175355450237","6.155108669714823e-05","0.3548420148090596","0.0008345576971246285","11","9","4","0.06542968749999997","0.548828125"
"dsdX~~~dsdX_1~~~dsdX_2","dsdX;dsdX_1;dsdX_2","D-serine transporter DsdX","211","190","26","64","89.0295358649789","25.196850393700785","2.733603238866397","6.155108669714823e-05","0.3548420148090596","0.0008345576971246285","17","11","11","0.33230590820312506","0.33230590820312506"
"group_5295","","hypothetical protein","47","19","190","235","19.831223628691983","92.51968503937007","3.059556786703601","6.166896426280863e-05","0.35552157897509173","0.0008345576971246285","10","8","4","0.10937500000000003","0.7539062500000002"
"group_5110","","hypothetical protein","17","50","220","204","7.172995780590717","80.31496062992126","0.31527272727272726","6.259627347112953e-05","0.3608675165610617","0.00084512298960436","20","11","13","0.2631759643554687","0.8238029479980463"
"group_9836","","hypothetical protein","29","68","208","186","12.236286919831224","73.22834645669292","0.3813631221719457","6.27540183995955e-05","0.3617769160736681","0.0008452731683964207","20","12","9","0.5034446716308595","0.8238029479980463"
"dltA_1~~~dltA_2","dltA_1;;dltA_2","D-alanine--D-alanyl carrier protein ligase;hypothetical protein","83","48","154","206","35.0210970464135","81.10236220472441","2.3130411255411256","6.398683030715424e-05","0.3688840767207442","0.000856911535718838","16","11","9","0.21011352539062492","0.8036193847656252"
"group_10526","lexA_3","LexA repressor","32","9","205","245","13.502109704641349","96.45669291338582","4.249322493224932","6.406398471722795e-05","0.36932887189481917","0.000856911535718838","12","7","6","0.7744140625000003","1.0"
"group_8642","","hypothetical protein","32","9","205","245","13.502109704641349","96.45669291338582","4.249322493224932","6.406398471722795e-05","0.36932887189481917","0.000856911535718838","14","8","7","0.7905273437500004","1.0"
"group_11818--group_9345--group_8693--group_7155","------","hypothetical protein--hypothetical protein--hypothetical protein--hypothetical protein","12","41","225","213","5.063291139240507","83.85826771653542","0.27707317073170734","6.761507898353787e-05","0.38980093034009583","0.0008960940927358525","13","10","6","0.09228515625000003","0.9999999999999999"
"group_5942","","hypothetical protein","96","149","141","105","40.50632911392405","41.338582677165356","0.47979437383978296","6.888827755562961e-05","0.39714092010820473","0.0009108736699729467","15","10","10","0.30175781250000017","0.30175781250000017"
"group_10388","","hypothetical protein","175","144","62","110","73.83966244725738","43.30708661417323","2.156137992831541","7.039315694230884e-05","0.4058165497724105","0.0009286419903258822","42","26","22","0.16414940178310666","0.8776143287523163"
"group_7622","","hypothetical protein","33","73","204","181","13.924050632911392","71.25984251968504","0.40108783239323126","7.112768822799023e-05","0.4100511226343637","0.0009361897777040268","8","5","7","0.0703125","0.7265625000000002"
"group_6554","","IS200/IS605 family transposase IS200F;IS200/IS605 family transposase IS200C","8","34","229","220","3.375527426160337","86.61417322834646","0.22604675057796045","7.134089061832741e-05","0.4112802344146575","0.0009368570260014978","32","6","27","0.00011307420209050176","0.0005350527353584766"
"group_5925","","hypothetical protein","73","123","164","131","30.801687763713083","51.574803149606296","0.47407297243704144","7.278212194344165e-05","0.4195889330039411","0.000941885070365206","11","7","9","0.06542968749999997","0.548828125"
"group_354","","IS3 family transposase ISEc25;IS3 family transposase IS3411;IS3 family transposase IS629","73","123","164","131","30.801687763713083","51.574803149606296","0.47407297243704144","7.278212194344165e-05","0.4195889330039411","0.000941885070365206","41","25","20","0.21102359760880082","0.9999999999999998"
"group_1543","smf-1","Major fimbrial subunit SMF-1","16","1","221","253","6.751054852320674","99.60629921259843","18.316742081447963","7.370980197626324e-05","0.42493700839315757","0.000941885070365206","8","7","1","0.0703125","0.0703125"
"fimF_2~~~fimF_1~~~fimF_3--fimH_1~~~fimH_3~~~fimH_2--fimG_2~~~fimG_1","fimF_2;fimF_1;fimF_3--fimH_1;fimH_3;fimH_2--fimG_2;fimG_1","Protein FimF--Type 1 fimbrin D-mannose specific adhesin--Protein FimG","221","253","16","1","93.24894514767934","0.39370078740157477","0.05459486166007905","7.370980197626324e-05","0.42493700839315757","0.000941885070365206","14","1","13","0.0018310546875000002","0.0018310546875000002"
"group_4735","","hypothetical protein","16","1","221","253","6.751054852320674","99.60629921259843","18.316742081447963","7.370980197626324e-05","0.42493700839315757","0.000941885070365206","8","7","1","0.0703125","0.0703125"
"group_2781","","hypothetical protein","74","124","163","130","31.223628691983123","51.181102362204726","0.47595487829012467","7.546665383197694e-05","0.43506525934134704","0.000941885070365206","9","6","8","0.0390625","0.5078125"
"group_11091","","hypothetical protein","20","54","217","200","8.438818565400844","78.74015748031496","0.3413551800648575","7.662516877732552e-05","0.4417440980012816","0.000941885070365206","25","13","17","0.10775214433670036","0.9999999999999997"
"group_10509--group_8916--group_8317--group_8252--group_7911--group_7633--group_7587--group_7411--group_6656--group_6161--group_6027--group_5421--group_5254--group_5228--group_5034--group_5025--group_2272--group_1304--group_766--group_724--group_204","----------------------------------------","hypothetical protein--hypothetical protein--hypothetical protein--hypothetical protein--hypothetical protein--hypothetical protein--hypothetical protein--hypothetical protein--hypothetical protein--hypothetical protein--hypothetical protein--hypothetical protein--hypothetical protein--hypothetical protein--hypothetical protein--hypothetical protein--hypothetical protein--hypothetical protein--hypothetical protein--hypothetical protein--hypothetical protein","20","54","217","200","8.438818565400844","78.74015748031496","0.3413551800648575","7.662516877732552e-05","0.4417440980012816","0.000941885070365206","25","13","17","0.10775214433670036","0.9999999999999997"
"group_6531","","hypothetical protein;Urea transporter","35","11","202","243","14.767932489451477","95.66929133858267","3.827632763276328","7.806947386715645e-05","0.45007051684415694","0.0009569933828163847","14","8","9","0.4239501953124999","0.7905273437500004"
"hcpA_2~~~hcpA~~~hcpA_3~~~hcpA_4","hcpA_2;hcpA;hcpA_3;hcpA_4","Major exported protein","75","125","162","129","31.645569620253166","50.78740157480315","0.4777777777777778","7.818627637580523e-05","0.45074388330651716","0.0009569933828163847","13","8","10","0.09228515625000003","0.5810546875"
"cvaA~~~cvaA_1~~~cvaA_2","cvaA;cvaA_1;cvaA_2","Colicin V secretion protein CvaA","45","18","192","236","18.9873417721519","92.91338582677166","3.0729166666666665","8.003188337359973e-05","0.46138380764880244","0.000975441453802965","19","10","12","0.3592834472656249","1.0"
"ylpA_3~~~ylpA","ylpA_3;ylpA","Lipoprotein YlpA","45","18","192","236","18.9873417721519","92.91338582677166","3.0729166666666665","8.003188337359973e-05","0.46138380764880244","0.000975441453802965","32","19","17","0.37708558747544885","0.8600500659085804"
"group_4954","","hypothetical protein","34","74","203","180","14.345991561181433","70.86614173228347","0.4074024763679936","8.062999276605711e-05","0.46483190829631926","0.0009806580343804203","10","6","8","0.10937500000000003","0.7539062500000002"
"group_10387","","hypothetical protein;IS66 family transposase ISCro1;IS66 family transposase ISKox1;IS66 family transposase ISEc43;IS66 family transposase ISEc23","101","65","136","189","42.616033755274266","74.40944881889764","2.159389140271493","8.623426304032761e-05","0.4971405264274887","0.0010466116345841867","42","24","24","0.4407990673425962","0.4407990673425962"
"yhdJ_2~~~yhdJ_1",";yhdJ_2;yhdJ_1","hypothetical protein;DNA adenine methyltransferase YhdJ","38","79","199","175","16.033755274261605","68.89763779527559","0.42300108135614783","8.6548893624458e-05","0.49895437174500035","0.0010482234700525217","33","19","16","0.4868502416647969","0.9999999999999999"
"imm_1~~~imm_3~~~imm_2",";imm_1;imm_3;imm_2","hypothetical protein;Colicin-E7 immunity protein;Colicin-E8 immunity protein","112","165","125","89","47.257383966244724","35.039370078740156","0.48329696969696967","8.852250993404245e-05","0.5103322697697548","0.0010639046352415545","19","14","12","0.06356811523437494","0.3592834472656249"
"group_9838--group_9359--group_6341--group_5875--group_3781--group_1575--rapA_1","------------rapA_1","hypothetical protein--hypothetical protein--hypothetical protein--hypothetical protein--hypothetical protein--hypothetical protein--RNA polymerase-associated protein RapA","25","5","212","249","10.548523206751055","98.03149606299213","5.872641509433962","8.932000753805939e-05","0.5149298434569124","0.0010639046352415545","2","1","2","0.5","1.0"
"group_283","","hypothetical protein","5","27","232","227","2.109704641350211","89.37007874015748","0.1811941251596424","9.045982387537855e-05","0.5215008846415573","0.0010752595559619738","15","5","10","0.30175781250000017","0.30175781250000017"
"legI","legI","NN'-diacetyllegionaminic acid synthase","39","81","198","173","16.455696202531644","68.11023622047244","0.42068836513280955","9.184023354125605e-05","0.5294589463653412","0.0010894217003402083","14","10","8","0.17956542968750003","0.7905273437500004"
"group_9295","","hypothetical protein","33","10","204","244","13.924050632911392","96.06299212598425","3.947058823529412","9.324735370522991e-05","0.5375709941106505","0.0011038418770239228","14","9","7","0.4239501953124999","1.0"
"group_8091","ydfB;ydfB_2;","putative protein YdfB;hypothetical protein","21","55","216","199","8.860759493670885","78.34645669291339","0.3517676767676768","9.359358172616149e-05","0.539566998651321","0.0011056700792035266","16","12","6","0.076812744140625","0.45449829101562506"
"group_58","","hypothetical protein","32","71","205","183","13.502109704641349","72.04724409448819","0.40233596702164204","9.405935270833567e-05","0.5422521683635552","0.0011089001398027713","24","9","17","0.06391465663909912","0.3074562549591064"
"group_11036","","hypothetical protein","63","32","174","222","26.582278481012654","87.4015748031496","2.511853448275862","9.496343292705349e-05","0.5474641908244634","0.0011172738588254355","32","25","12","0.002102401573210955","0.2153271497227251"
"rrrD_1~~~rrrD_3~~~rrrD~~~rrrD_2","rrrD_1;rrrD_3;rrrD;rrrD_2","Lysozyme RrrD","135","100","102","154","56.9620253164557","60.629921259842526","2.038235294117647","0.00010253011211717616","0.5910860963555206","0.0012038413367729543","51","29","31","0.16077960181198836","0.4010619910279376"
"group_11671--group_11343--group_5919","----","hypothetical protein--hypothetical protein--hypothetical protein","73","122","164","132","30.801687763713083","51.96850393700787","0.4816073570571771","0.00010513878125581195","0.6061250739397559","0.0012269738338861456","10","7","8","0.10937500000000003","0.3437499999999999"
"group_8063","","hypothetical protein","33","72","204","182","13.924050632911392","71.65354330708661","0.4089052287581699","0.00010659470756753167","0.6145184891268201","0.001241451493185495","43","19","28","0.06599403445579806","0.5423840118564844"
"group_11405","","hypothetical protein","36","12","201","242","15.18987341772152","95.2755905511811","3.611940298507463","0.00010814907930309534","0.6234794421823446","0.00125196675137017","27","17","12","0.24778856337070485","0.7011080384254457"
"group_8620--hsdM","--hsdM","hypothetical protein--Type I restriction enzyme EcoKI M protein","36","12","201","242","15.18987341772152","95.2755905511811","3.611940298507463","0.00010814907930309534","0.6234794421823446","0.00125196675137017","19","14","8","0.06356811523437494","0.6476058959960938"
"group_11707","","hypothetical protein","74","123","163","131","31.223628691983123","51.574803149606296","0.48351538730111226","0.00010888301375039456","0.6277105742710246","0.0012578196306832585","36","15","30","6.960169412195683e-05","0.4050322461407633"
"group_11116","","hypothetical protein","30","68","207","186","12.658227848101266","73.22834645669292","0.39641943734015345","0.00010909103475136674","0.6289098153416293","0.0012578196306832585","21","13","9","0.38331031799316395","0.6636238098144525"
"group_5473","","hypothetical protein","50","22","187","232","21.09704641350211","91.33858267716536","2.819640252795333","0.00011123160993237832","0.641250231260161","0.0012799405813576068","34","23","14","0.05761267291381961","0.39152830513194264"
"yciF~~~yciF_1~~~yciF_3~~~yciF_2--yciE","yciF;yciF_1;yciF_3;yciF_2--yciE","Protein YciF--Protein YciE","159","126","78","128","67.08860759493672","50.39370078740157","2.070818070818071","0.00011662118132642564","0.6723211103468438","0.0013366224857790136","11","8","6","0.22656250000000003","0.9999999999999997"
"group_7253","","putative autotransporter;hypothetical protein","203","181","34","73","85.65400843881856","28.74015748031496","2.408027299317517","0.00012026156491741884","0.6933079217489196","0.0013619692357541178","12","9","5","0.14599609375000003","0.7744140625000003"
"group_6507--group_5143--ogl--pelX~~~pelX_2~~~pelX_1--group_1831--kduD_3~~~kduD_4","----ogl--pelX;pelX_2;;pelX_1----kduD_3;kduD_4","hypothetical protein--hypothetical protein--Oligogalacturonate lyase--Pectate disaccharide-lyase;hypothetical protein--hypothetical protein--2-dehydro-3-deoxy-D-gluconate 5-dehydrogenase","47","20","190","234","19.831223628691983","92.1259842519685","2.8942105263157893","0.00012048643716124893","0.6946043102346001","0.0013619692357541178","11","8","5","0.22656250000000003","0.9999999999999997"
"group_963","","hypothetical protein","42","16","195","238","17.72151898734177","93.7007874015748","3.203846153846154","0.00012387596498874236","0.7141449381600997","0.0013975439102937373","5","4","4","0.375","0.375"
"group_4483",";tap_2","hypothetical protein;Multidrug efflux pump Tap","16","47","221","207","6.751054852320674","81.49606299212599","0.3188601136035429","0.0001254466010453354","0.7231996550263585","0.0014124993262233565","33","10","25","0.004551384132355452","0.035082033369690194"
"group_11670","","hypothetical protein","28","65","209","189","11.814345991561181","74.40944881889764","0.3895472948104527","0.0001257462487002298","0.7249271237568248","0.0014131133016702237","16","12","6","0.076812744140625","0.45449829101562506"
"group_11581","","IS66 family transposase ISEc22;IS66 family transposase ISEc8","38","78","199","176","16.033755274261605","69.29133858267717","0.4308723102692952","0.00012768630504047762","0.7361115485583535","0.001432123635327536","41","19","26","0.11727520595741232","0.7552286575046303"
"group_11503","","hypothetical protein","1","17","236","237","0.42194092827004215","93.30708661417323","0.05907278165503489","0.00013010942488258316","0.7500808344480919","0.0014564676397050328","7","1","6","0.125","0.125"
"group_2931",";btuF_1","hypothetical protein;Vitamin B12-binding protein","34","11","203","243","14.345991561181433","95.66929133858267","3.6999552171965964","0.0001311317834164148","0.7559747313956313","0.0014594106783699446","16","11","6","0.21011352539062492","0.45449829101562506"
"group_8219--group_5087","--","hypothetical protein--hypothetical protein","34","11","203","243","14.345991561181433","95.66929133858267","3.6999552171965964","0.0001311317834164148","0.7559747313956313","0.0014594106783699446","16","9","8","0.8036193847656252","1.0"
"group_2652","","IS200/IS605 family transposase IS200C","3","22","234","232","1.2658227848101267","91.33858267716536","0.1351981351981352","0.0001334486306457053","0.769331355672491","0.0014823340186367843","14","2","12","0.012939453124999998","0.012939453124999998"
"group_8360","","hypothetical protein","112","77","125","177","47.257383966244724","69.68503937007874","2.0596363636363635","0.00013791979150754846","0.7951075980410168","0.0015290530731558016","61","41","30","0.009853448195259261","0.9999999999999996"
"group_8581","","hypothetical protein","55","26","182","228","23.20675105485232","89.76377952755905","2.650042265426881","0.00014045978794868178","0.8097506775241505","0.0015542239491826305","22","15","11","0.13380050659179688","1.0"
"ydfR~~~ydfR_2",";ydfR;ydfR_2","hypothetical protein;putative protein YdfR","75","43","162","211","31.645569620253166","83.07086614173228","2.271748492678725","0.0001411813481705346","0.813910472203132","0.0015592154639906743","56","38","24","0.010454818321892184","0.34968195298368543"
"group_11189--group_11037","--","hypothetical protein--hypothetical protein","62","32","175","222","26.160337552742618","87.4015748031496","2.4578571428571427","0.00014413806302565222","0.8309559333428851","0.0015857937659215365","31","24","12","0.003326892852783203","0.28104151505976926"
"group_11708","","hypothetical protein","37","13","200","241","15.611814345991561","94.88188976377953","3.4296153846153845","0.0001458977510981437","0.8411005350807984","0.00159905044692167","19","11","10","0.6476058959960938","1.0"
"group_3498","","hypothetical protein","37","13","200","241","15.611814345991561","94.88188976377953","3.4296153846153845","0.0001458977510981437","0.8411005350807984","0.00159905044692167","12","7","7","0.7744140625000003","0.7744140625000003"
"group_11547","","hypothetical protein","27","7","210","247","11.39240506329114","97.24409448818898","4.536734693877551","0.00014755154854720259","0.850634677374623","0.0016080050611996654","24","20","7","0.0015438795089721682","0.06391465663909912"
"group_6195","","hypothetical protein","27","7","210","247","11.39240506329114","97.24409448818898","4.536734693877551","0.00014755154854720259","0.850634677374623","0.0016080050611996654","21","17","6","0.0071973800659179705","0.07835388183593749"
"group_2710","","hypothetical protein","27","7","210","247","11.39240506329114","97.24409448818898","4.536734693877551","0.00014755154854720259","0.850634677374623","0.0016080050611996654","15","11","6","0.11846923828124997","0.6072387695312501"
"group_5015","","hypothetical protein","73","121","164","133","30.801687763713083","52.362204724409445","0.4892662769602903","0.0001508267260407214","0.8695160756247589","0.001637506733756608","11","8","8","0.22656250000000003","0.22656250000000003"
"group_6367","","hypothetical protein","73","121","164","133","30.801687763713083","52.362204724409445","0.4892662769602903","0.0001508267260407214","0.8695160756247589","0.001637506733756608","11","8","8","0.22656250000000003","0.22656250000000003"
"group_3333","","hypothetical protein","40","15","197","239","16.877637130801688","94.09448818897637","3.2351945854483923","0.00015460951037539337","0.8913238273141427","0.0016754207280341028","6","3","5","0.21875000000000003","1.0"
"group_9202","","hypothetical protein","17","48","220","206","7.172995780590717","81.10236220472441","0.33162878787878786","0.0001567292365369022","0.9035440486352411","0.001695204594062366","21","10","12","0.6636238098144525","1.0"
"group_7449","","hypothetical protein","32","10","205","244","13.502109704641349","96.06299212598425","3.808780487804878","0.00015775399883229027","0.9094518032681533","0.0017030932645471035","13","7","7","0.9999999999999999","0.9999999999999999"
"group_7485","","hypothetical protein","33","71","204","183","13.924050632911392","72.04724409448819","0.41694283347141675","0.00015865840980233405","0.9146657325104558","0.0017064659188627907","9","6","7","0.17968750000000003","0.5078125"
"queC_2","queC_2","7-cyano-7-deazaguanine synthase","33","71","204","183","13.924050632911392","72.04724409448819","0.41694283347141675","0.00015865840980233405","0.9146657325104558","0.0017064659188627907","10","6","7","0.3437499999999999","0.7539062500000002"
"group_1995","","hypothetical protein","24","5","213","249","10.126582278481013","98.03149606299213","5.6112676056338024","0.00016026013654139217","0.9238996871611258","0.0017140996051226824","3","1","3","0.25","1.0"
"group_3318","","hypothetical protein","24","5","213","249","10.126582278481013","98.03149606299213","5.6112676056338024","0.00016026013654139217","0.9238996871611258","0.0017140996051226824","7","3","4","0.9999999999999998","0.9999999999999998"
"group_2059","","hypothetical protein","24","5","213","249","10.126582278481013","98.03149606299213","5.6112676056338024","0.00016026013654139217","0.9238996871611258","0.0017140996051226824","3","1","2","1.0","1.0"
"group_6811","","hypothetical protein","63","33","174","221","26.582278481012654","87.00787401574803","2.4247648902821317","0.00016174634943106865","0.9324677044701107","0.00172679204531502","42","30","21","0.007915897334896728","1.0"
"group_9085","","hypothetical protein","90","56","147","198","37.9746835443038","77.95275590551181","2.1647230320699706","0.0001636795790621504","0.9436127732932971","0.0017412301069863337","51","37","16","0.0017691971837869866","0.010973562899720518"
"group_10024","","hypothetical protein","30","67","207","187","12.658227848101266","73.62204724409449","0.4044992429158555","0.00016370281318067525","0.9437467179865928","0.0017412301069863337","17","13","7","0.049041748046874986","0.629058837890625"
"group_3432","","IS3 family transposase IS1351","84","51","153","203","35.44303797468354","79.92125984251969","2.1853133410226837","0.0001724460681213922","0.994151582719826","0.0018274845270585035","13","10","8","0.09228515625000003","0.5810546875"
"group_596","","hypothetical protein","84","51","153","203","35.44303797468354","79.92125984251969","2.1853133410226837","0.0001724460681213922","0.994151582719826","0.0018274845270585035","13","10","8","0.09228515625000003","0.5810546875"
"vgrG1_4",";vgrG1_4","hypothetical protein;Actin cross-linking toxin VgrG1","129","180","108","74","54.43037974683544","29.133858267716533","0.49104938271604937","0.00018273155803812113","1.0","0.001932931068054621","14","10","7","0.17956542968750003","1.0"
"gspE_1~~~gspE_2~~~gspE--gspL_2~~~gspL_1~~~gspL--gspD_2~~~gspD~~~gspD_1--gspK_2~~~gspK_1~~~gspK_3--gspM--gspI--gspG--gspF_2~~~gspF_1~~~gspF--gspH",";gspE_1;gspE_2;gspE--gspL_2;gspL_1;gspL--gspD_2;;gspD;gspD_1--;gspK_2;gspK_1;gspK_3--;gspM--gspI--gspG--gspF_2;gspF_1;gspF--gspH","hypothetical protein;Putative type II secretion system protein E--Putative type II secretion system protein L--Putative secretin GspD;hypothetical protein--hypothetical protein;Putative type II secretion system protein K--hypothetical protein;Putative type II secretion system protein M--Putative type II secretion system protein I--Putative type II secretion system protein G--Putative type II secretion system protein F--Putative type II secretion system protein H","180","226","57","28","75.9493670886076","11.023622047244094","0.3912435957149511","0.00018936504859067642","1.0","0.0019642261289646227","11","5","8","0.22656250000000003","0.9999999999999997"
"group_7994",";rpnD","ISNCY family transposase ISRor2;ISNCY family transposase ISSen7;Recombination-promoting nuclease RpnD","180","226","57","28","75.9493670886076","11.023622047244094","0.3912435957149511","0.00018936504859067642","1.0","0.0019642261289646227","20","7","19","4.005432128906249e-05","0.2631759643554687"
"group_7667","","hypothetical protein","46","20","191","234","19.40928270042194","92.1259842519685","2.817801047120419","0.000189778656345758","1.0","0.0019642261289646227","9","6","5","0.5078125","1.0"
"group_507","","IS630 family transposase ISSpu2;hypothetical protein;IS630 family transposase IS630","46","20","191","234","19.40928270042194","92.1259842519685","2.817801047120419","0.000189778656345758","1.0","0.0019642261289646227","17","8","11","0.33230590820312506","0.9999999999999998"
"group_9220","","hypothetical protein","38","14","199","240","16.033755274261605","94.48818897637796","3.273510409188801","0.00019230422307802607","1.0","0.001985916923960286","19","13","10","0.16706848144531244","1.0"
"lldD_2~~~hmo","lldD_2;;hmo","L-lactate dehydrogenase;Lactate 2-monooxygenase;4-hydroxymandelate oxidase","60","31","177","223","25.31645569620253","87.79527559055119","2.4384909786768727","0.00019359675824209553","1.0","0.001985916923960286","14","8","10","0.17956542968750003","0.7905273437500004"
"group_10787--group_5976--fimD_6~~~htrE_1~~~htrE_2","yadV_2----fimD_6;htrE_1;htrE_2","putative fimbrial chaperone YadV--hypothetical protein--Outer membrane usher protein FimD;Outer membrane usher protein HtrE","60","31","177","223","25.31645569620253","87.79527559055119","2.4384909786768727","0.00019359675824209553","1.0","0.001985916923960286","15","9","11","0.11846923828124997","0.6072387695312501"
"group_8050","","hypothetical protein","70","117","167","137","29.535864978902953","53.937007874015755","0.4908132453042633","0.00019401405807666634","1.0","0.00198666260179748","11","8","8","0.22656250000000003","0.22656250000000003"
"group_10299","","IS3 family transposase ISEc31;IS3 family transposase ISCfr6","41","16","196","238","17.29957805907173","93.7007874015748","3.111607142857143","0.0001983008649506822","1.0","0.0020233707724613857","23","13","14","0.4048728942871095","0.6776394844055175"
"group_11494","","hypothetical protein","41","16","196","238","17.29957805907173","93.7007874015748","3.111607142857143","0.0001983008649506822","1.0","0.0020233707724613857","8","4","6","0.2890624999999999","1.0"
"group_8586","ydfR;","putative protein YdfR;hypothetical protein","70","39","167","215","29.535864978902953","84.64566929133859","2.310763089206203","0.0002029582909070021","1.0","0.0020672341821181394","39","28","15","0.009475304279476411","0.19959086691960667"
"group_10569","ylcG;","putative protein YlcG;hypothetical protein","93","143","144","111","39.24050632911392","43.7007874015748","0.5013111888111889","0.0002045337742521603","1.0","0.0020796070697772563","33","21","16","0.16275565745309006","0.9999999999999999"
"ulaB_2","ulaB_2","Ascorbate-specific PTS system EIIB component","50","23","187","231","21.09704641350211","90.94488188976378","2.6854219948849103","0.00020584282237170415","1.0","0.0020854419806476364","11","9","6","0.06542968749999997","0.9999999999999997"
"group_10827","","hypothetical protein","23","56","214","198","9.70464135021097","77.95275590551181","0.38000667556742324","0.0002061928757969042","1.0","0.0020854419806476364","11","5","7","0.548828125","0.9999999999999997"
"group_10502","","hypothetical protein","23","56","214","198","9.70464135021097","77.95275590551181","0.38000667556742324","0.0002061928757969042","1.0","0.0020854419806476364","30","16","19","0.20048842206597323","0.8555355519056318"
"dnaT_2~~~dnaT_1","dnaT_2;dnaT_1","Primosomal protein 1","11","37","226","217","4.641350210970464","85.43307086614173","0.2854580243960775","0.0002116278202632437","1.0","0.002136662668682312","8","6","5","0.2890624999999999","0.7265625000000002"
"gspC","gspC","Putative type II secretion system protein C","179","225","58","29","75.52742616033755","11.41732283464567","0.3977777777777778","0.00021779223897608417","1.0","0.0021950563945753935","11","6","8","0.22656250000000003","0.9999999999999997"
"group_537","","IS66 family transposase ISEc22;IS66 family transposase ISEc78;IS66 family transposase ISEc8;hypothetical protein","36","74","201","180","15.18987341772152","70.86614173228347","0.4356595401371521","0.00022193694602853757","1.0","0.002232925818245234","45","19","31","0.01609436003127483","0.37129803447101056"
"group_4464","","hypothetical protein","66","36","171","218","27.848101265822784","85.8267716535433","2.337231968810916","0.00022321532458708057","1.0","0.002241875167673379","45","27","27","0.23269319190831067","0.23269319190831067"
"group_10186","","IS3 family transposase IS2;hypothetical protein","47","21","190","233","19.831223628691983","91.73228346456693","2.744611528822055","0.00022715671507644788","1.0","0.002277492978114299","40","24","19","0.2681872510547691","0.8746293123804209"
"group_10293","","hypothetical protein","0","13","237","241","0.0","94.88188976377953","0.0","0.0002280376080897983","1.0","0.0022823555740237624","7","0","7","0.015625","0.015625"
"ydaW_1",";ydaW_1","hypothetical protein;Protein YdaW","33","70","204","184","13.924050632911392","72.44094488188976","0.42521008403361343","0.00023452260615555533","1.0","0.0023431938032699765","26","16","11","0.32693958282470703","0.5571970939636235"
"group_8986","","hypothetical protein","19","50","218","204","8.016877637130802","80.31496062992126","0.35559633027522936","0.00023533153590771052","1.0","0.0023472081392871126","19","13","6","0.16706848144531244","0.16706848144531244"
"group_8621","mrr","Mrr restriction system protein","36","13","201","241","15.18987341772152","94.88188976377953","3.320321469575201","0.00023826308836842448","1.0","0.0023693707498591895","20","14","9","0.11531829833984371","0.8238029479980463"
"group_10660","","hypothetical protein","96","63","141","191","40.50632911392405","75.19685039370079","2.064167510976022","0.0002383755481211327","1.0","0.0023693707498591895","61","37","29","0.12373144253809214","0.7981526273057182"
"group_6684","","hypothetical protein","51","24","186","230","21.518987341772153","90.5511811023622","2.627688172043011","0.00024180423590878548","1.0","0.002399313975927966","20","11","12","0.5034446716308595","0.8238029479980463"
"group_490","","hypothetical protein","17","47","220","207","7.172995780590717","81.49606299212599","0.34032882011605414","0.0002452099584200026","1.0","0.0024289268218063834","24","13","15","0.3074562549591064","0.8388197422027595"
"group_12043",";mbeA","hypothetical protein;DNA relaxase MbeA","44","19","193","235","18.565400843881857","92.51968503937007","2.819743659667303","0.00024726175368223183","1.0","0.0024450497598251567","43","29","17","0.03153949735315111","0.22205282015602276"
"group_7116","","hypothetical protein","39","15","198","239","16.455696202531644","94.09448818897637","3.1383838383838385","0.00024833133704550237","1.0","0.0024478026595424955","14","7","9","0.4239501953124999","1.0"
"group_5669","","hypothetical protein","55","27","182","227","23.20675105485232","89.37007874015748","2.540700040700041","0.0002487312695117319","1.0","0.0024478026595424955","37","22","19","0.3240086000878365","0.9999999999999993"
"group_3533","","IS481 family transposase ISErsp1","59","30","178","224","24.894514767932492","88.18897637795276","2.4749063670411986","0.0002490365349673126","1.0","0.0024478026595424955","16","9","11","0.21011352539062492","0.8036193847656252"
"group_846","","IS630 family transposase ISEc40","42","17","195","237","17.72151898734177","93.30708661417323","3.002714932126697","0.00025008773052394274","1.0","0.0024478026595424955","6","4","5","0.21875000000000003","0.6875000000000002"
"yadC","yadC","putative fimbrial-like protein YadC","195","237","42","17","82.27848101265823","6.692913385826772","0.3330319469559976","0.00025008773052394274","1.0","0.0024478026595424955","17","6","13","0.049041748046874986","0.33230590820312506"
"group_10512","","ISL3 family transposase ISEc38;hypothetical protein","42","17","195","237","17.72151898734177","93.30708661417323","3.002714932126697","0.00025008773052394274","1.0","0.0024478026595424955","20","11","13","0.2631759643554687","0.8238029479980463"
"klcA_1~~~klcA_2~~~klcA~~~klcA_3",";klcA_1;klcA_2;klcA;klcA_3","hypothetical protein;Antirestriction protein KlcA","15","43","222","211","6.329113924050633","83.07086614173228","0.33155248271527343","0.00025213337354823985","1.0","0.0024636422008569537","33","10","24","0.013530986849218614","0.035082033369690194"
"srfAA_1~~~srfAA--ppsB~~~dltA_2~~~dltA_1~~~srfAB~~~tdh_1--fenF--dltA_2~~~tycC~~~dltA_3~~~angR~~~lgrD~~~grsB_1--ppsE_2~~~pksJ~~~ppsE--sfp--mepA_2--aam--mmgB~~~fadB_2~~~hbd--group_2760--flp--rcsA_1--group_2481--pikAV~~~lgrE~~~pikAV_1--dltC--group_1015--group_994--group_892--grsB",";srfAA_1;srfAA--ppsB;dltA_2;;dltA_1;srfAB;tdh_1--fenF--dltA_2;;tycC;dltA_3;angR;lgrD;grsB_1--ppsE_2;pksJ;ppsE--;sfp--mepA_2--aam--mmgB;;fadB_2;hbd----flp--rcsA_1----pikAV;lgrE;pikAV_1--;dltC--------grsB","hypothetical protein;Surfactin synthase subunit 1--Plipastatin synthase subunit B;D-alanine--D-alanyl carrier protein ligase;hypothetical protein;Surfactin synthase subunit 2;L-threonine 3-dehydrogenase--Malonyl CoA-acyl carrier protein transacylase--D-alanine--D-alanyl carrier protein ligase;hypothetical protein;Tyrocidine synthase 3;Anguibactin system regulator;Linear gramicidin synthase subunit D;Gramicidin S synthase 2--Phthiocerol synthesis polyketide synthase type I PpsE;Polyketide synthase PksJ--hypothetical protein;4'-phosphopantetheinyl transferase Sfp--Multidrug export protein MepA--Acylamidase--putative 3-hydroxybutyryl-CoA dehydrogenase;hypothetical protein;Fatty acid oxidation complex subunit alpha;3-hydroxybutyryl-CoA dehydrogenase--hypothetical protein;putative acyl-CoA dehydrogenase fadE25--Protein flp--Transcriptional regulatory protein RcsA--hypothetical protein--Thioesterase PikA5;Linear gramicidin dehydrogenase LgrE--hypothetical protein;D-alanyl carrier protein--hypothetical protein--IS3 family transposase IS1400--hypothetical protein--Gramicidin S synthase 2","84","52","153","202","35.44303797468354","79.52755905511812","2.1327300150829562","0.0002665988851584265","1.0","0.0025237152264997184","12","9","8","0.14599609375000003","0.3876953125000001"
"group_10027","","hypothetical protein","48","22","189","232","20.253164556962027","91.33858267716536","2.6782106782106783","0.0002693485399745581","1.0","0.0025455644802513566","23","15","10","0.21003961563110343","0.6776394844055175"
"group_11032--group_10751","--","hypothetical protein--hypothetical protein","25","6","212","248","10.548523206751055","97.63779527559055","4.8742138364779874","0.0002735320485500169","1.0","0.0025682610095942144","9","4","5","1.0","1.0"
"group_6472","","hypothetical protein","25","6","212","248","10.548523206751055","97.63779527559055","4.8742138364779874","0.0002735320485500169","1.0","0.0025682610095942144","19","16","5","0.004425048828125002","0.06356811523437494"
"group_3224","","hypothetical protein","25","6","212","248","10.548523206751055","97.63779527559055","4.8742138364779874","0.0002735320485500169","1.0","0.0025682610095942144","3","1","3","0.25","1.0"
"group_5686","","hypothetical protein","31","67","206","187","13.080168776371309","73.62204724409449","0.4200115925228228","0.00027479863291269115","1.0","0.002574211345366798","11","3","9","0.06542968749999997","0.22656250000000003"
"group_7404","","hypothetical protein","109","76","128","178","45.9915611814346","70.07874015748031","1.9944490131578947","0.00027505883586226326","1.0","0.002574211345366798","54","35","27","0.04022356409571665","1.0"
"group_5358","","hypothetical protein","70","116","167","138","29.535864978902953","54.330708661417326","0.4986578567003923","0.00027551812577563794","1.0","0.0025743306241435213","45","29","21","0.07245426016254443","0.7659918242447937"
"group_10424","","hypothetical protein","48","89","189","165","20.253164556962027","64.96062992125984","0.47084002140181913","0.00028269335486790886","1.0","0.002624991212407152","17","12","11","0.14346313476562497","0.33230590820312506"
"intA_1~~~intA_2~~~intA_3~~~intS_5~~~intS_6~~~intA_5~~~intA~~~intA_4~~~intS_3~~~intS_2",";intA_1;intA_2;intA_3;intS_5;intS_6;intA_5;intA;intA_4;intS_3;intS_2","hypothetical protein;Prophage integrase IntA;Prophage integrase IntS","107","157","130","97","45.14767932489451","38.188976377952756","0.5085252327290544","0.0002831884994381079","1.0","0.002624991212407152","42","24","31","0.002887247974285859","0.4407990673425962"
"group_10746--group_4236","--","hypothetical protein--hypothetical protein","28","63","209","191","11.814345991561181","75.19685039370079","0.40616693248272195","0.00028321536484268283","1.0","0.002624991212407152","14","12","4","0.012939453124999998","0.17956542968750003"
"group_10846","","hypothetical protein","61","105","176","149","25.738396624472575","58.661417322834644","0.49182900432900434","0.00028321674485988697","1.0","0.002624991212407152","29","16","17","0.4582583196461203","0.7110711038112639"
"group_9326","sfaS","S-fimbrial adhesin protein SfaS","21","4","216","250","8.860759493670885","98.4251968503937","6.076388888888889","0.0002838521061059073","1.0","0.002625869389165096","9","5","4","1.0","1.0"
"group_6546","","hypothetical protein","56","28","181","226","23.628691983122362","88.9763779527559","2.4972375690607733","0.00028604440180324026","1.0","0.002625869389165096","10","7","5","0.3437499999999999","1.0"
"gspB--gspA_2~~~gspA_1~~~gspA--chiA_2~~~chiA_1~~~chiA--gspO_3~~~gspO~~~gspO_2~~~gspO_1","gspB--gspA_2;gspA_1;;gspA--chiA_2;;chiA_1;chiA--gspO_3;gspO;gspO_2;gspO_1","Putative general secretion pathway protein B--Putative general secretion pathway protein A;hypothetical protein--putative bifunctional chitinase/lysozyme;hypothetical protein--Type 4 prepilin-like proteins leader peptide-processing enzyme","181","226","56","28","76.37130801687763","11.023622047244094","0.4004424778761062","0.00028604440180324026","1.0","0.002625869389165096","10","5","7","0.3437499999999999","1.0"
"toxA",";toxA","hypothetical protein;Dermonecrotic toxin","59","31","178","223","24.894514767932492","87.79527559055119","2.3843783979702793","0.0002907886677639617","1.0","0.002639128001787122","17","9","12","0.14346313476562497","0.9999999999999998"
"betI_3","betI_3","HTH-type transcriptional regulator BetI","59","31","178","223","24.894514767932492","87.79527559055119","2.3843783979702793","0.0002907886677639617","1.0","0.002639128001787122","15","8","11","0.11846923828124997","0.9999999999999997"
"group_18","","hypothetical protein","59","31","178","223","24.894514767932492","87.79527559055119","2.3843783979702793","0.0002907886677639617","1.0","0.002639128001787122","15","8","11","0.11846923828124997","0.9999999999999997"
"group_8108","","hypothetical protein","59","31","178","223","24.894514767932492","87.79527559055119","2.3843783979702793","0.0002907886677639617","1.0","0.002639128001787122","48","29","26","0.1934126528619373","0.6654658120766195"
"group_7333","","hypothetical protein","59","31","178","223","24.894514767932492","87.79527559055119","2.3843783979702793","0.0002907886677639617","1.0","0.002639128001787122","15","8","11","0.11846923828124997","0.9999999999999997"
"group_10543","","hypothetical protein","35","72","202","182","14.767932489451477","71.65354330708661","0.43798129812981296","0.00029178602315855953","1.0","0.002639128001787122","9","7","7","0.17968750000000003","0.17968750000000003"
"group_11498","","hypothetical protein","11","0","226","254","4.641350210970464","100.0","inf","0.0002931069711451098","1.0","0.002639128001787122","5","5","0","0.0625","0.0625"
"group_8166--group_4790--group_44","----","hypothetical protein--hypothetical protein--hypothetical protein","11","0","226","254","4.641350210970464","100.0","inf","0.0002931069711451098","1.0","0.002639128001787122","3","3","0","0.25","0.25"
"group_12061","","hypothetical protein","11","0","226","254","4.641350210970464","100.0","inf","0.0002931069711451098","1.0","0.002639128001787122","7","7","0","0.015625","0.015625"
"dinG_2","dinG_2","3'-5' exonuclease DinG","34","12","203","242","14.345991561181433","95.2755905511811","3.3776683087027917","0.00029389768901081216","1.0","0.002639128001787122","11","6","7","0.548828125","0.9999999999999997"
"intQ_2~~~intQ","intQ_2;intQ","Putative defective protein IntQ","34","12","203","242","14.345991561181433","95.2755905511811","3.3776683087027917","0.00029389768901081216","1.0","0.002639128001787122","17","9","9","0.9999999999999998","0.9999999999999998"
"group_6853","","Deoxyguanosinetriphosphate triphosphohydrolase-like protein","34","12","203","242","14.345991561181433","95.2755905511811","3.3776683087027917","0.00029389768901081216","1.0","0.002639128001787122","16","8","10","0.45449829101562506","1.0"
"neuA~~~neuA_1~~~neuA_2--neuC_1~~~neuC_2~~~neuC","neuA;neuA_1;neuA_2--neuC_1;neuC_2;neuC","N-acylneuraminate cytidylyltransferase--Polysialic acid biosynthesis protein P7","39","77","198","177","16.455696202531644","69.68503937007874","0.4527744982290437","0.0003002737055756612","1.0","0.0026880091811237374","12","10","6","0.038574218750000014","1.0"
"group_7531","","hypothetical protein","32","68","205","186","13.502109704641349","73.22834645669292","0.4269727403156385","0.00030821654616066524","1.0","0.0027548347110329225","10","2","9","0.021484374999999997","0.10937500000000003"
"group_9290--repE","--repE","hypothetical protein--Replication initiation protein","16","45","221","209","6.751054852320674","82.28346456692913","0.3362493715434892","0.000310659720593054","1.0","0.0027680885459334718","19","11","9","0.6476058959960938","1.0"
"group_5801","","hypothetical protein","29","9","208","245","12.236286919831224","96.45669291338582","3.795405982905983","0.00031783980641998617","1.0","0.00282769519137534","10","5","6","0.7539062500000002","1.0"
"group_3343","","hypothetical protein","36","73","201","181","15.18987341772152","71.25984251968504","0.44408096503782457","0.00032361080304619096","1.0","0.0028735356658851625","13","7","9","0.26684570312499983","0.9999999999999999"
"rusA_1~~~rusA_2~~~rusA~~~rusA_3","rusA_1;rusA_2;rusA;rusA_3","Crossover junction endodeoxyribonuclease RusA","116","83","121","171","48.9451476793249","67.32283464566929","1.9751070397291646","0.0003240183602457481","1.0","0.0028735356658851625","45","26","29","0.07245426016254443","0.37129803447101056"
"group_4443","yphA_2","Inner membrane protein YphA","60","32","177","222","25.31645569620253","87.4015748031496","2.3516949152542375","0.00032448772220142945","1.0","0.0028735356658851625","15","8","11","0.11846923828124997","0.9999999999999997"
"group_7973","gspJ","Putative type II secretion system protein J","180","225","57","29","75.9493670886076","11.41732283464567","0.4070175438596491","0.0003269969209047384","1.0","0.0028913147991040137","11","6","8","0.22656250000000003","0.9999999999999997"
"group_397","","hypothetical protein;IS3 family transposase ISEc16;IS3 family transposase IS3;IS3 family transposase ISEc17","88","56","149","198","37.130801687763714","77.95275590551181","2.0882070949185043","0.0003383944777066762","1.0","0.0029875102051745606","48","30","23","0.11140289106101872","0.8854334972865135"
"group_11187","","hypothetical protein","66","111","171","143","27.848101265822784","56.2992125984252","0.4972340761814446","0.00033914315740896084","1.0","0.0029895417468847997","45","23","24","0.7659918242447937","0.9999999999999994"
"dsbI--assT~~~assT_1~~~assT_2--dsbL_1~~~dsbL_2~~~dsbL","dsbI--assT;assT_1;assT_2--dsbL_1;dsbL_2;dsbL","Protein-disulfide oxidoreductase DsbI--Arylsulfate sulfotransferase AssT--Thiol:disulfide interchange protein DsbL","179","153","58","101","75.52742616033755","39.76377952755906","2.0372999774622493","0.0003458363861741921","1.0","0.003034622170919661","11","10","6","0.011718750000000002","0.9999999999999997"
"group_8907","","hypothetical protein","75","45","162","209","31.645569620253166","82.28346456692913","2.1502057613168724","0.0003513058585333133","1.0","0.003064960160997122","26","15","15","0.5571970939636235","0.5571970939636235"
"rcsB_2--group_8409",";rcsB_2--","hypothetical protein;Transcriptional regulatory protein RcsB--hypothetical protein","46","21","191","233","19.40928270042194","91.73228346456693","2.6721515831463476","0.0003519520601179696","1.0","0.003064960160997122","9","6","7","0.17968750000000003","0.5078125"
"caeB~~~caeA","caeB;caeA","Carboxylesterase B;Carboxylesterase A","46","21","191","233","19.40928270042194","91.73228346456693","2.6721515831463476","0.0003519520601179696","1.0","0.003064960160997122","29","17","19","0.13604594767093656","0.4582583196461203"
"eatA~~~espP~~~sepA_2~~~pic_2~~~pic_3~~~pic_4~~~pic_5~~~pic_6~~~pic_1~~~pic","eatA;espP;sepA_2;pic_2;pic_3;;pic_4;pic_5;pic_6;pic_1;pic","Serine protease EatA;Serine protease EspP;Serine protease SepA autotransporter;Serine protease pic autotransporter;hypothetical protein","46","21","191","233","19.40928270042194","91.73228346456693","2.6721515831463476","0.0003519520601179696","1.0","0.003064960160997122","13","7","9","0.26684570312499983","0.9999999999999999"
"traN~~~traN_2~~~traN_1","traN;traN_2;traN_1;","Mating pair stabilization protein TraN;hypothetical protein","71","41","166","213","29.957805907172997","83.85826771653542","2.2220099911842492","0.00035702911812527716","1.0","0.0031044839607725838","49","28","30","0.15240777196147803","0.3916029105474903"
"group_6511--group_2377","--","hypothetical protein--hypothetical protein","24","56","213","198","10.126582278481013","77.95275590551181","0.3983903420523139","0.00036463294570388514","1.0","0.003161066063132177","6","5","2","0.21875000000000003","0.6875000000000002"
"xerD_3~~~xerD_2","xerD_3;xerD_2","Tyrosine recombinase XerD","50","24","187","230","21.09704641350211","90.5511811023622","2.5623885918003566","0.000369254080662125","1.0","0.003196320983509235","33","18","18","0.7283324808813629","0.7283324808813629"
"group_6776--mazF~~~mazF_1","mazE;--;mazF;mazF_1","Antitoxin MazE;hypothetical protein--hypothetical protein;Endoribonuclease toxin MazF","116","165","121","89","48.9451476793249","35.039370078740156","0.5171049336338592","0.00037211867655231016","1.0","0.0032114733088683656","18","9","14","0.0308837890625","1.0"
"group_2604","","hypothetical protein","54","27","183","227","22.78481012658228","89.37007874015748","2.480874316939891","0.0003751936433457507","1.0","0.0032331709325683898","31","19","19","0.28104151505976926","0.28104151505976926"
"traA~~~traA_2~~~traA_1","traA;traA_2;traA_1","Pilin","122","90","115","164","51.47679324894515","64.56692913385827","1.9331400966183574","0.0003760432159842652","1.0","0.00323565543305864","58","34","36","0.086948899729911","0.2370471147627196"
"group_8307","","hypothetical protein","17","46","220","208","7.172995780590717","81.88976377952756","0.3494071146245059","0.0003806674868429284","1.0","0.0032705634301780657","20","10","11","0.8238029479980463","1.0"
"group_8546","","hypothetical protein","35","13","202","241","14.767932489451477","94.88188976377953","3.212109672505712","0.0003858140540631242","1.0","0.0033098482465385584","28","16","13","0.571588188409805","0.8505540192127226"
"group_10607","","hypothetical protein","108","76","129","178","45.56962025316456","70.07874015748031","1.9608323133414933","0.0003893899747957251","1.0","0.003335561968346739","60","34","36","0.1550019040032604","0.36629400670329115"
"group_8631","","hypothetical protein","126","94","111","160","53.16455696202531","62.99212598425197","1.932144910868315","0.00039053357169721906","1.0","0.003340394719338973","59","36","37","0.06744461190078889","0.11747735024505852"
"group_3981","","IS21 family transposase ISEc10","41","17","196","237","17.29957805907173","93.30708661417323","2.916266506602641","0.00039288531880720605","1.0","0.003350567844561454","22","10","14","0.2862787246704102","0.831811904907225"
"nohA_2","nohA_2;","Prophage DNA-packing protein NohA;hypothetical protein","41","17","196","237","17.29957805907173","93.30708661417323","2.916266506602641","0.00039288531880720605","1.0","0.003350567844561454","29","17","13","0.4582583196461203","0.7110711038112639"
"group_11771","dinI_1;dinI_3;dinI_2","DNA damage-inducible protein I","38","15","199","239","16.033755274261605","94.09448818897637","3.0425460636515913","0.00039558516410087883","1.0","0.003368609262986066","27","19","10","0.05223898589611053","0.24778856337070485"
"group_9873--group_9842--ftsA_2~~~mreB_1~~~ftsA_3--group_9426--eutN_1~~~eutN_2--group_8720--pduA--tdcD_2","mdh_2----ftsA_2;mreB_1;ftsA_3----eutN_1;eutN_2----pduA--tdcD_2","NAD-dependent methanol dehydrogenase--hypothetical protein--Cell division protein FtsA;Cell shape-determining protein MreB--hypothetical protein--Ethanolamine utilization protein EutN--hypothetical protein--Propanediol utilization protein PduA--Propionate kinase","48","88","189","166","20.253164556962027","65.35433070866141","0.4790764790764791","0.0004034032641598278","1.0","0.003395065427564098","17","12","10","0.14346313476562497","0.629058837890625"
"hokC_1",";hokC_1","hypothetical protein;Toxic protein HokC","31","66","206","188","13.080168776371309","74.01574803149606","0.4286554869079141","0.0004044239960199156","1.0","0.0033986943688845673","23","14","12","0.4048728942871095","0.9999999999999998"
"group_4851--group_791","--","hypothetical protein--hypothetical protein","10","34","227","220","4.219409282700422","86.61417322834646","0.28504793988079813","0.00040615017357879856","1.0","0.0034032787073862984","7","6","4","0.125","0.9999999999999998"
"group_5064--scrK_2~~~scrK_1~~~scrK_3~~~scrK","scrB--;scrK_2;scrK_1;scrK_3;scrK","Sucrose-6-phosphate hydrolase--hypothetical protein;Fructokinase","94","142","143","112","39.66244725738397","44.09448818897638","0.5184674480449128","0.0004133616001992962","1.0","0.0034494775008061876","14","8","12","0.012939453124999998","0.7905273437500004"
"apxIB~~~apxIB_2~~~ltxB--group_11632","apxIB;apxIB_2;ltxB--","Toxin RTX-I translocation ATP-binding protein;Leukotoxin export ATP-binding protein LtxB--hypothetical protein","47","22","190","232","19.831223628691983","91.33858267716536","2.6086124401913877","0.0004140569697411764","1.0","0.0034494775008061876","11","7","7","0.548828125","0.548828125"
"group_3833","","hypothetical protein","141","110","96","144","59.49367088607595","56.69291338582677","1.9227272727272726","0.00041769756984170656","1.0","0.0034697788042326204","10","7","9","0.021484374999999997","0.3437499999999999"
"ybcO_3~~~ybcO_1~~~ybcO","ybcO_3;ybcO_1;ybcO","Putative nuclease YbcO","96","144","141","110","40.50632911392405","43.30708661417323","0.5200945626477541","0.0004176975698417066","1.0","0.0034697788042326204","27","18","15","0.12207812070846553","0.7011080384254457"
"group_7353--group_1263","--","hypothetical protein--hypothetical protein","16","2","221","252","6.751054852320674","99.21259842519686","9.122171945701357","0.00041935498339508686","1.0","0.0034735366081503965","5","4","2","0.375","1.0"
"cbeA~~~cbeA_1~~~cbeA_2~~~cbeA_3~~~cbeA_5","cbeA;cbeA_1;cbeA_2;cbeA_3;cbeA_5","Cytoskeleton bundling-enhancing antitoxin CbeA","146","116","91","138","61.60337552742617","54.330708661417326","1.9086775293671845","0.0004234416517772733","1.0","0.0035023545516441614","57","31","35","0.11116111910399346","0.5966417603730824"
"group_7700","","hypothetical protein","55","28","182","226","23.20675105485232","88.9763779527559","2.4391679748822606","0.00042879159129473657","1.0","0.003541523673086184","39","26","20","0.05325191409792753","0.9999999999999992"
"group_153","","hypothetical protein","49","89","188","165","20.675105485232066","64.96062992125984","0.48320583313411425","0.0004316717636906012","1.0","0.0035549634624890522","23","16","12","0.09313964843749999","0.9999999999999998"
"group_11478","epsM_2","Putative acetyltransferase EpsM","39","76","198","178","16.455696202531644","70.07874015748031","0.4613237639553429","0.0004324417943436655","1.0","0.0035549634624890522","13","11","6","0.022460937500000003","0.9999999999999999"
"group_6434","","hypothetical protein;IS66 family transposase ISEc8","39","76","198","178","16.455696202531644","70.07874015748031","0.4613237639553429","0.0004324417943436655","1.0","0.0035549634624890522","42","21","26","0.16414940178310666","1.0"
"group_10209","","IS21 family transposase IS100kyp;IS21 family transposase IS100","6","27","231","227","2.5316455696202533","89.37007874015748","0.2183742183742184","0.00043288540341150303","1.0","0.0035549634624890522","26","6","20","0.009355306625366223","0.009355306625366223"
"group_5192","","hypothetical protein","68","39","169","215","28.691983122362867","84.64566929133859","2.2181763010165376","0.0004359961895464421","1.0","0.0035754168317713208","11","8","8","0.22656250000000003","0.22656250000000003"
"klcA_1~~~klcA_3~~~klcA_6~~~klcA_2~~~klcA_5","klcA_1;klcA_3;;klcA_6;klcA_2;klcA_5","Antirestriction protein KlcA;hypothetical protein","63","35","174","219","26.582278481012654","86.22047244094489","2.2655172413793103","0.0004405054693830453","1.0","0.003602147561692562","44","26","21","0.291215236545895","0.8803958212806721"
"group_5871","","IS66 family transposase ISEc43;IS66 family transposase IS682;hypothetical protein;IS66 family transposase ISEc23;IS66 family transposase ISEc47","63","35","174","219","26.582278481012654","86.22047244094489","2.2655172413793103","0.0004405054693830453","1.0","0.003602147561692562","23","11","15","0.21003961563110343","0.9999999999999998"
"group_8692","","hypothetical protein","79","49","158","205","33.33333333333333","80.70866141732283","2.0918367346938775","0.00045670880726032196","1.0","0.0037293573284075867","30","20","17","0.09873714670538908","0.5846647117286928"
"emrB~~~emrB_1","emrB;emrB_1","Multidrug export protein EmrB","0","12","237","242","0.0","95.2755905511811","0.0","0.00046105822860854895","1.0","0.0037542382597857125","6","0","6","0.03125","0.03125"
"group_10831","","hypothetical protein","0","12","237","242","0.0","95.2755905511811","0.0","0.00046105822860854895","1.0","0.0037542382597857125","5","0","5","0.0625","0.0625"
"group_4148","","IS3 family transposase ISSd1;IS3 family transposase ISSfl10","5","24","232","230","2.109704641350211","90.5511811023622","0.2065373563218391","0.00046483149191867964","1.0","0.0037796241902837632","11","4","7","0.548828125","0.548828125"
"group_11441","","hypothetical protein","76","121","161","133","32.06751054852321","52.362204724409445","0.5188645346748113","0.00046655059715395165","1.0","0.0037829313538572874","8","7","4","0.0703125","1.0"
"group_11089","","hypothetical protein","76","121","161","133","32.06751054852321","52.362204724409445","0.5188645346748113","0.00046655059715395165","1.0","0.0037829313538572874","57","23","40","0.0032015437674503835","0.1848504824164182"
"flu_1~~~flu~~~flu_2~~~flu_3~~~flu_4","flu_1;flu;flu_2;;flu_3;flu_4","Antigen 43;hypothetical protein","23","54","214","200","9.70464135021097","78.74015748031496","0.398061613014884","0.00046757642834162577","1.0","0.00378592431094027","43","16","29","0.03153949735315111","0.1262894743854302"
"group_8299","","hypothetical protein","24","6","213","248","10.126582278481013","97.63779527559055","4.657276995305164","0.00047434593902061337","1.0","0.003829978065061395","18","13","6","0.09625244140624999","0.23788452148437486"
"group_6584","","hypothetical protein","24","6","213","248","10.126582278481013","97.63779527559055","4.657276995305164","0.00047434593902061337","1.0","0.003829978065061395","8","7","2","0.0703125","0.2890624999999999"
"yhbO_1~~~yhbO_2~~~yhbO","yhbO_1;yhbO_2;yhbO","Protein/nucleic acid deglycase 2","204","242","33","12","86.07594936708861","4.724409448818897","0.3065364387678437","0.0004782477202974068","1.0","0.0038511107827197627","4","4","3","0.125","0.625"
"group_10052","","hypothetical protein","172","146","65","108","72.57383966244726","42.51968503937008","1.9574288724973656","0.00047829927500908073","1.0","0.0038511107827197627","34","19","21","0.22948101302608842","0.60759136127308"
"group_3876--group_1730","--","hypothetical protein--hypothetical protein","59","32","178","222","24.894514767932492","87.4015748031496","2.299508426966292","0.0004811885767695774","1.0","0.0038635823747585154","16","8","12","0.076812744140625","1.0"
"group_11505","","hypothetical protein","48","23","189","231","20.253164556962027","90.94488188976378","2.550724637681159","0.0004830885600230317","1.0","0.0038734430438564366","22","10","15","0.13380050659179688","0.831811904907225"
"group_543--group_539--group_538--group_534--group_520","--------","hypothetical protein--hypothetical protein--hypothetical protein--hypothetical protein--hypothetical protein","18","3","219","251","7.59493670886076","98.81889763779527","6.876712328767123","0.0004883788337868901","1.0","0.003883453761077823","4","3","2","0.625","1.0"
"group_5044","","hypothetical protein","18","3","219","251","7.59493670886076","98.81889763779527","6.876712328767123","0.0004883788337868901","1.0","0.003883453761077823","9","9","2","0.00390625","0.17968750000000003"
"group_11654","","hypothetical protein","186","163","51","91","78.48101265822784","35.826771653543304","2.0360880548538436","0.0004916569961648738","1.0","0.0039041357891053683","55","36","26","0.030028945411892497","0.787706189670044"
"group_9120","","hypothetical protein","88","57","149","197","37.130801687763714","77.55905511811024","2.041210408571765","0.0005080153339422975","1.0","0.004028484732018357","47","28","27","0.24296021728332562","0.3816933976632125"
"group_5990","","hypothetical protein","20","4","217","250","8.438818565400844","98.4251968503937","5.76036866359447","0.0005124603696448586","1.0","0.004058151141487102","11","8","4","0.22656250000000003","0.548828125"
"group_11800","","hypothetical protein","30","64","207","190","12.658227848101266","74.80314960629921","0.4302536231884058","0.0005298435996139152","1.0","0.004184312810649618","18","10","10","0.8145294189453123","0.8145294189453123"
"group_11736","","IS3 family transposase ISCfr6;IS3 family transposase ISEc31;hypothetical protein","30","64","207","190","12.658227848101266","74.80314960629921","0.4302536231884058","0.0005298435996139152","1.0","0.004184312810649618","33","18","20","0.29620636859908717","0.7283324808813629"
"group_10121","","hypothetical protein","28","9","209","245","11.814345991561181","96.45669291338582","3.646996278575226","0.0005325009278282634","1.0","0.004199545620971188","15","11","7","0.11846923828124997","0.9999999999999997"
"group_10738--group_3057","--","hypothetical protein;putative type I restriction enzymeP M protein--hypothetical protein","53","94","184","160","22.362869198312236","62.99212598425197","0.4902867715078631","0.0005353795655035437","1.0","0.004210727414908499","19","10","12","0.3592834472656249","1.0"
"group_9704","","hypothetical protein","88","58","149","196","37.130801687763714","77.16535433070865","1.9958342976162926","0.0005545411733947603","1.0","0.0043554902787749225","54","38","24","0.003838265880326098","0.49661743531793406"
"rhmR~~~rhmR_2~~~rhmR_1","rhmR;rhmR_2;rhmR_1","putative HTH-type transcriptional regulator RhmR","188","230","49","24","79.32489451476793","9.448818897637794","0.40035492457852706","0.0005593319499882074","1.0","0.004380659975210843","7","3","6","0.125","0.9999999999999998"
"group_10093","","hypothetical protein","8","30","229","224","3.375527426160337","88.18897637795276","0.260844250363901","0.0005595486917729534","1.0","0.004380659975210843","10","5","6","0.7539062500000002","1.0"
"group_6333","","hypothetical protein","71","42","166","212","29.957805907172997","83.46456692913385","2.1589213998852554","0.0005612989569727023","1.0","0.004380659975210843","43","27","21","0.1262894743854302","0.9999999999999998"
"group_7507","","hypothetical protein","71","42","166","212","29.957805907172997","83.46456692913385","2.1589213998852554","0.0005612989569727023","1.0","0.004380659975210843","45","24","29","0.07245426016254443","0.7659918242447937"
"apxIB_1~~~ltxB~~~apxIB~~~lagD~~~ltxB_2","apxIB_1;ltxB;apxIB;;lagD;ltxB_2","Toxin RTX-I translocation ATP-binding protein;Leukotoxin export ATP-binding protein LtxB;hypothetical protein;Lactococcin-G-processing and transport ATP-binding protein LagD","53","27","184","227","22.362869198312236","89.37007874015748","2.4216988727858295","0.0005615451381926822","1.0","0.004380659975210843","19","10","12","0.3592834472656249","1.0"
"higB~~~higB_2","higB;higB_2","mRNA interferase HigB","90","136","147","118","37.9746835443038","46.45669291338583","0.5312124849939976","0.0005818791991604348","1.0","0.004517438237998782","8","6","8","0.0078125","0.2890624999999999"
"sacX--cra_2--scrY","sacX--cra_2;--scrY","Negative regulator of SacY activity--Catabolite repressor/activator;hypothetical protein--Sucrose porin","95","142","142","112","40.08438818565401","44.09448818897638","0.5276730807379488","0.0005822127685746911","1.0","0.004517438237998782","15","9","12","0.035156250000000014","0.6072387695312501"
"group_10385","","hypothetical protein","61","34","176","220","25.738396624472575","86.61417322834646","2.2426470588235294","0.0005865909627199772","1.0","0.004536576094369261","45","30","20","0.03569780355519469","0.5514843298025199"
"group_10302","","hypothetical protein","61","34","176","220","25.738396624472575","86.61417322834646","2.2426470588235294","0.0005865909627199772","1.0","0.004536576094369261","25","14","15","0.4243562221527101","0.690037965774536"
"group_6667","","hypothetical protein","31","11","206","243","13.080168776371309","95.66929133858267","3.324360105913504","0.0005901876965788284","1.0","0.004536576094369261","22","14","9","0.2862787246704102","0.5234670639038081"
"group_6328--group_4682","--","hypothetical protein--hypothetical protein","31","11","206","243","13.080168776371309","95.66929133858267","3.324360105913504","0.0005901876965788284","1.0","0.004536576094369261","5","4","3","0.375","1.0"
"group_11480","","hypothetical protein","31","11","206","243","13.080168776371309","95.66929133858267","3.324360105913504","0.0005901876965788284","1.0","0.004536576094369261","13","5","8","0.5810546875","0.5810546875"
"group_6966","","hypothetical protein","31","11","206","243","13.080168776371309","95.66929133858267","3.324360105913504","0.0005901876965788284","1.0","0.004536576094369261","21","12","11","0.6636238098144525","1.0"
"group_9251","","hypothetical protein","13","1","224","253","5.485232067510549","99.60629921259843","14.683035714285714","0.0005949196476085067","1.0","0.004566859878113238","11","10","1","0.011718750000000002","0.011718750000000002"
"group_10409","","hypothetical protein","42","19","195","235","17.72151898734177","92.51968503937007","2.6639676113360324","0.0005983860552756317","1.0","0.004572807468403043","34","22","16","0.12144948495551947","0.8641662404406815"
"group_1590","","hypothetical protein","137","185","100","69","57.80590717299579","27.165354330708663","0.510972972972973","0.0006032101133859986","1.0","0.004572807468403043","5","4","4","0.375","0.375"
"group_9985","","hypothetical protein","72","43","165","211","30.37974683544304","83.07086614173228","2.1412262156448203","0.0006074971220616369","1.0","0.004572807468403043","24","17","14","0.06391465663909912","0.5412561893463136"
"fruA_2~~~fruA_4~~~manP_2~~~manP_1~~~fruA_1","fruA_2;fruA_4;manP_2;manP_1;fruA_1","PTS system fructose-specific EIIABC component;PTS system mannose-specific EIIBCA component","72","43","165","211","30.37974683544304","83.07086614173228","2.1412262156448203","0.0006074971220616369","1.0","0.004572807468403043","9","7","6","0.17968750000000003","0.5078125"
"group_11309--group_9794--cutD_2~~~cutD_3--pflD_2--yfkM--group_7870--astD_2","pduB----cutD_2;cutD_3--pflD_2--yfkM;----astD_2","Propanediol utilization protein PduB--hypothetical protein--Choline trimethylamine-lyase activating enzyme--Trans-4-hydroxy-L-proline dehydratase--General stress protein 18;hypothetical protein--hypothetical protein--N-succinylglutamate 5-semialdehyde dehydrogenase","49","88","188","166","20.675105485232066","65.35433070866141","0.4916586073500967","0.0006100859569754864","1.0","0.004572807468403043","18","13","10","0.09625244140624999","0.8145294189453123"
"group_11811","","hypothetical protein","39","75","198","179","16.455696202531644","70.47244094488188","0.4701010101010101","0.0006185567710161174","1.0","0.004572807468403043","13","11","6","0.022460937500000003","0.9999999999999999"
"cea--group_7826","cea--","Colicin-E1--hypothetical protein","34","13","203","241","14.345991561181433","94.88188976377953","3.1049640015157256","0.0006192922831384132","1.0","0.004572807468403043","10","5","7","0.3437499999999999","1.0"
"group_1115","","hypothetical protein","34","13","203","241","14.345991561181433","94.88188976377953","3.1049640015157256","0.0006192922831384132","1.0","0.004572807468403043","5","3","4","0.375","1.0"
"group_7299","","hypothetical protein","10","0","227","254","4.219409282700422","100.0","inf","0.0006210768859947237","1.0","0.004572807468403043","4","4","0","0.125","0.125"
"group_8133--rhsB--group_3584","--rhsB;--","hypothetical protein--putative deoxyribonuclease RhsB;hypothetical protein--hypothetical protein","10","0","227","254","4.219409282700422","100.0","inf","0.0006210768859947237","1.0","0.004572807468403043","2","2","0","0.5","0.5"
"group_10997--group_2052--group_2049","----","hypothetical protein--hypothetical protein--hypothetical protein","10","0","227","254","4.219409282700422","100.0","inf","0.0006210768859947237","1.0","0.004572807468403043","3","3","0","0.25","0.25"
"lgoD_2~~~lgoD_1~~~lgoD_3~~~lgoD_4--group_9411--mdoB~~~mdoB_5~~~mdoB_1~~~mdoB_6~~~mdoB_2--bglJ~~~bglJ_1--group_8037--dnaT_2~~~dnaT--yjjQ~~~yjjQ_2~~~yjjQ_1--dnaC~~~dnaC_1--group_4614--yjjP","lgoD_2;lgoD_1;lgoD_3;lgoD_4--fhuF--mdoB;mdoB_5;mdoB_1;mdoB_6;mdoB_2--bglJ;bglJ_1----dnaT_2;dnaT--yjjQ;yjjQ_2;yjjQ_1--dnaC;dnaC_1----yjjP","L-galactonate-5-dehydrogenase--Ferric iron reductase protein FhuF--Phosphoglycerol transferase I--Transcriptional activator protein BglJ--hypothetical protein--Primosomal protein 1--Putative transcription factor YjjQ--DNA replication protein DnaC--hypothetical protein--Inner membrane protein YjjP","227","254","10","0","95.78059071729957","0.0","0.0","0.0006210768859947237","1.0","0.004572807468403043","8","0","8","0.0078125","0.0078125"
"group_9056","","hypothetical protein","37","15","200","239","15.611814345991561","94.09448818897637","2.9476666666666667","0.0006248233594695221","1.0","0.004594523810384943","23","12","13","0.6776394844055175","0.9999999999999998"
"lutP","lutP;","L-lactate permease;hypothetical protein","75","119","162","135","31.645569620253166","53.14960629921261","0.5252100840336135","0.0006308944666682535","1.0","0.004629765044411525","15","9","8","0.6072387695312501","0.9999999999999997"
"group_8020","","hypothetical protein","46","22","191","232","19.40928270042194","91.33858267716536","2.5397429795335555","0.0006312220858469139","1.0","0.004629765044411525","15","9","9","0.6072387695312501","0.6072387695312501"
"group_4458","","hypothetical protein","28","60","209","194","11.814345991561181","76.37795275590551","0.4331738437001595","0.0006364577075227272","1.0","0.004653150058770756","36","14","25","0.028816719655878835","0.2429849540349096"
"group_8145","","hypothetical protein","114","83","123","171","48.10126582278481","67.32283464566929","1.9094916250367322","0.0006368318120329794","1.0","0.004653150058770756","60","36","37","0.0924609810729238","0.1550019040032604"
"yjeO_1~~~yjeO","yjeO_1;yjeO;","Inner membrane protein YjeO;hypothetical protein","123","171","114","83","51.89873417721519","32.677165354330704","0.5236995998768852","0.0006368318120329794","1.0","0.004653150058770756","20","11","12","0.5034446716308595","0.8238029479980463"
"group_9686","","hypothetical protein","26","8","211","246","10.970464135021098","96.8503937007874","3.7890995260663507","0.0006387552046585725","1.0","0.004655402977062795","19","14","7","0.06356811523437494","0.3592834472656249"
"group_6649","","hypothetical protein","26","8","211","246","10.970464135021098","96.8503937007874","3.7890995260663507","0.0006387552046585725","1.0","0.004655402977062795","20","13","8","0.2631759643554687","0.5034446716308595"
"group_5341--phoP_2","--phoP_2","hypothetical protein--Alkaline phosphatase synthesis transcriptional regulatory protein PhoP","62","35","175","219","26.160337552742618","86.22047244094489","2.2168163265306124","0.0006442592785196201","1.0","0.004683675587220189","16","9","12","0.076812744140625","0.8036193847656252"
"group_6503","","hypothetical protein","20","49","217","205","8.438818565400844","80.70866141732283","0.3855920248283645","0.0006531137589138136","1.0","0.004742066524103445","24","13","15","0.3074562549591064","0.8388197422027595"
"group_8721","","hypothetical protein","10","33","227","221","4.219409282700422","87.00787401574803","0.29502069149646243","0.0006547254947382148","1.0","0.004747789279453847","16","8","8","1.0","1.0"
"ycfH_2--group_968",";ycfH_2--","hypothetical protein;putative metal-dependent hydrolase YcfH--hypothetical protein","36","71","201","183","15.18987341772152","72.04724409448819","0.46163548454908554","0.0006738712943560837","1.0","0.0048743638795016595","11","7","7","0.548828125","0.548828125"
"group_9312","","hypothetical protein","67","110","170","144","28.270042194092827","56.69291338582677","0.5159358288770054","0.0006894174681158867","1.0","0.0049805660447219124","23","14","17","0.03468966484069824","0.4048728942871095"
"klcA_2~~~klcA_4~~~klcA_1~~~klcA_6","klcA_2;klcA_4;klcA_1;klcA_6","Antirestriction protein KlcA","43","20","194","234","18.143459915611814","92.1259842519685","2.593298969072165","0.0007052985894887303","1.0","0.005088919109389901","34","22","15","0.12144948495551947","0.60759136127308"
"group_5528","","hypothetical protein","26","57","211","197","10.970464135021098","77.55905511811024","0.4258751143260996","0.0007178025798888989","1.0","0.005172664841324377","22","13","12","0.5234670639038081","0.831811904907225"
"group_8711","","hypothetical protein","51","26","186","228","21.518987341772153","89.76377952755905","2.404466501240695","0.0007344662388954389","1.0","0.00527954846288305","42","26","18","0.16414940178310666","0.4407990673425962"
"rhmD_1~~~rhmD_2~~~rhmD","rhmD_1;rhmD_2;rhmD","L-rhamnonate dehydratase","186","228","51","26","78.48101265822784","10.236220472440944","0.41589267285861714","0.000734466238895439","1.0","0.00527954846288305","9","5","7","0.17968750000000003","1.0"
"group_10722","","hypothetical protein","85","130","152","124","35.86497890295359","48.818897637795274","0.5334008097165992","0.0007478611487606584","1.0","0.005369140127777329","28","20","14","0.035698138177394874","1.0"
"group_6010","","hypothetical protein","32","12","205","242","13.502109704641349","95.2755905511811","3.1479674796747967","0.0007712390259980875","1.0","0.0055239905275047746","5","4","3","0.375","1.0"
"aes_2~~~aes_1","aes_2;;aes_1","Acetyl esterase;hypothetical protein","87","132","150","122","36.708860759493675","48.031496062992126","0.536060606060606","0.000771346465679331","1.0","0.0055239905275047746","23","16","12","0.09313964843749999","0.9999999999999998"
"group_1274","","hypothetical protein","38","16","199","238","16.033755274261605","93.7007874015748","2.840452261306533","0.0007745037082055133","1.0","0.0055397194513707","14","6","10","0.17956542968750003","0.7905273437500004"
"vgrG1_1~~~vgrG1_4~~~vgrG1_2~~~vgrG1~~~vgrG1_3","vgrG1_1;;vgrG1_4;vgrG1_2;vgrG1;vgrG1_3","Actin cross-linking toxin VgrG1;hypothetical protein","61","102","176","152","25.738396624472575","59.84251968503938","0.5164884135472371","0.0007814235392942937","1.0","0.0055822883569164854","25","5","24","1.5497207641601558e-06","0.0040773153305053685"
"group_9020","","hypothetical protein","97","67","140","187","40.92827004219409","73.62204724409449","1.9337953091684434","0.0007853788647867988","1.0","0.005603600439970167","45","27","25","0.23269319190831067","0.5514843298025199"
"group_7048","","hypothetical protein;IS66 family transposase ISEc8","5","23","232","231","2.109704641350211","90.94488188976378","0.21645427286356822","0.0007905465456706385","1.0","0.005633499178975564","17","4","14","0.012725830078125003","0.049041748046874986"
"group_3357","","hypothetical protein","15","2","222","252","6.329113924050633","99.21259842519686","8.513513513513514","0.0007990003590859925","1.0","0.005686712432260181","6","5","2","0.21875000000000003","0.6875000000000002"
"vgrG1~~~vgrG1_1~~~vgrG1_2~~~vgrG1_4~~~vgrG1_3","vgrG1;;vgrG1_1;vgrG1_2;vgrG1_4;vgrG1_3","Actin cross-linking toxin VgrG1;hypothetical protein","93","139","144","115","39.24050632911392","45.2755905511811","0.5343225419664268","0.0008006637777881227","1.0","0.005691524881564152","27","17","19","0.05223898589611053","0.24778856337070485"
"traC~~~traC_2~~~traC_6~~~traC_3~~~traC_1","traC;traC_2;;traC_6;traC_3;traC_1","Protein TraC;hypothetical protein","141","112","96","142","59.49367088607595","55.90551181102362","1.8621651785714286","0.0008133097628895692","1.0","0.005774298993914245","52","31","32","0.1263470758139213","0.21160856876151615"
"aaxC_2~~~aaxC_3","aaxC_2;aaxC_3","Arginine/agmatine antiporter","43","80","194","174","18.143459915611814","68.50393700787401","0.4820876288659794","0.000814869539076018","1.0","0.005778256940680496","20","12","12","0.5034446716308595","0.5034446716308595"
"group_4636","","hypothetical protein","138","109","99","145","58.22784810126582","57.08661417322835","1.8543230469835974","0.0008236486722036258","1.0","0.005833334883604303","56","35","34","0.08142681460950622","0.14089542359848076"
"imm_1~~~imm_2","imm_1;imm_2","Colicin-E7 immunity protein","137","108","100","146","57.80590717299579","57.48031496062992","1.852037037037037","0.0008265658132843292","1.0","0.0058468121639069425","26","25","2","8.046627044677738e-07","1.049041748046875e-05"
"flu_4~~~flu_1~~~flu_2~~~flu_3~~~flu","flu_4;;flu_1;flu_2;flu_3;flu","Antigen 43;hypothetical protein","48","24","189","230","20.253164556962027","90.5511811023622","2.433862433862434","0.0008402947210465649","1.0","0.005936641013276282","28","15","16","0.571588188409805","0.8505540192127226"
"metK_2--group_3654--mexB_2~~~mexB_1~~~ttgE--ttgR--group_1698--group_1376--group_1353--rhaR_1~~~rhaR_2","metK_2----mexB_2;mexB_1;ttgE--;ttgR--------rhaR_1;;rhaR_2","S-adenosylmethionine synthase--hypothetical protein--Multidrug resistance protein MexB;Toluene efflux pump membrane transporter TtgE--hypothetical protein;HTH-type transcriptional regulator TtgR--hypothetical protein--hypothetical protein--hypothetical protein--HTH-type transcriptional activator RhaR;hypothetical protein","49","87","188","167","20.675105485232066","65.74803149606299","0.5003056982147224","0.0008563748929604925","1.0","0.005991506380967523","17","13","9","0.049041748046874986","0.9999999999999998"
"group_11621","","hypothetical protein;IS4 family transposase IS4","154","200","83","54","64.9789029535865","21.25984251968504","0.5009638554216868","0.0008613461438769189","1.0","0.006018982447818712","22","6","17","0.016900539398193356","0.052478790283203125"
"fruA_1~~~manP_2~~~manP_1--ysdC~~~ysdC_1","fruA_1;;manP_2;manP_1--ysdC;ysdC_1;","PTS system fructose-specific EIIB'BC component;hypothetical protein;PTS system mannose-specific EIIBCA component--Putative aminopeptidase YsdC;hypothetical protein","71","43","166","211","29.957805907172997","83.07086614173228","2.0987671616699357","0.0008674672904283423","1.0","0.006039793392897819","10","7","7","0.3437499999999999","0.3437499999999999"
"proP_2~~~kgtP_2~~~proP_1","proP_2;kgtP_2;proP_1","Proline/betaine transporter;Alpha-ketoglutarate permease","166","211","71","43","70.042194092827","16.92913385826772","0.47647019558106934","0.0008674672904283424","1.0","0.006039793392897819","6","4","5","0.21875000000000003","0.6875000000000002"
"cea_4~~~cea_3~~~cea_2~~~cea~~~cea_1","cea_4;cea_3;cea_2;cea;cea_1","Colicin-E1","21","5","216","249","8.860759493670885","98.03149606299213","4.841666666666667","0.0008822956606677748","1.0","0.006108510068708595","16","12","4","0.076812744140625","0.076812744140625"
"group_9555","","hypothetical protein","21","5","216","249","8.860759493670885","98.03149606299213","4.841666666666667","0.0008822956606677748","1.0","0.006108510068708595","17","12","5","0.14346313476562497","0.14346313476562497"
"yadM--yadC_2~~~yadC","yadM--yadC_2;yadC","putative fimbrial-like protein YadM--putative fimbrial-like protein YadC","27","9","210","245","11.39240506329114","96.45669291338582","3.5","0.0008836942579883727","1.0","0.006108510068708595","4","4","3","0.125","0.625"
"group_8129--dnaB_1~~~dnaC_3~~~dnaB_3~~~dnaB_2","--dnaB_1;;dnaC_3;dnaB_3;dnaB_2","hypothetical protein--Replicative DNA helicase;hypothetical protein","27","9","210","245","11.39240506329114","96.45669291338582","3.5","0.0008836942579883727","1.0","0.006108510068708595","12","7","6","0.7744140625000003","1.0"
"group_10040","","hypothetical protein","17","3","220","251","7.172995780590717","98.81889763779527","6.465151515151515","0.0008985686569339018","1.0","0.0062038901882921485","11","9","3","0.06542968749999997","0.22656250000000003"
"group_11066","","hypothetical protein","1","14","236","240","0.42194092827004215","94.48818897637796","0.07263922518159806","0.0009115366495920049","1.0","0.0062858956757152005","9","0","9","0.00390625","0.00390625"
"group_11082","","hypothetical protein","115","85","122","169","48.52320675105485","66.53543307086615","1.8741562198649953","0.0009166602843661917","1.0","0.006288258056901744","38","26","19","0.03355243967962451","1.0"
"group_5603","","IS3 family transposase ISEc31;IS3 family transposase ISCfr6","19","4","218","250","8.016877637130802","98.4251968503937","5.447247706422019","0.0009173330487171492","1.0","0.006288258056901744","10","8","4","0.10937500000000003","0.7539062500000002"
"fimA_3~~~fimA_1~~~fim~~~fimA_2~~~fimA--fimC_3~~~fimC_2--lpfA","fimA_3;fimA_1;fim;fimA_2;fimA;--fimC_3;fimC_2--;lpfA","Type-1 fimbrial protein A chain;Fimbrial subunit type 1--Chaperone protein FimC--hypothetical protein;putative major fimbrial subunit LpfA","218","250","19","4","91.9831223628692","1.574803149606299","0.18357894736842106","0.0009173330487171494","1.0","0.006288258056901744","16","2","15","0.000518798828125","0.004180908203124999"
"group_4472","","hypothetical protein;putative protein","41","19","196","235","17.29957805907173","92.51968503937007","2.5872717508055856","0.0009187236229132628","1.0","0.006290310791086651","19","10","12","0.3592834472656249","1.0"
"group_8936","","hypothetical protein","0","11","237","243","0.0","95.66929133858267","0.0","0.0009312377293886241","1.0","0.006360521418174918","7","0","7","0.015625","0.015625"
"group_4085","","hypothetical protein","0","11","237","243","0.0","95.66929133858267","0.0","0.0009312377293886241","1.0","0.006360521418174918","8","0","8","0.0078125","0.0078125"
"group_10282","","hypothetical protein","72","44","165","210","30.37974683544304","82.67716535433071","2.0826446280991737","0.0009333913477495196","1.0","0.006360521418174918","10","7","7","0.3437499999999999","0.3437499999999999"
"group_8285","","hypothetical protein","72","44","165","210","30.37974683544304","82.67716535433071","2.0826446280991737","0.0009333913477495196","1.0","0.006360521418174918","29","19","16","0.13604594767093656","0.7110711038112639"
"intA_2~~~intS_1~~~intA_5~~~intA_4~~~intA_3~~~intA_1","intA_2;intS_1;intA_5;;intA_4;intA_3;intA_1","Prophage integrase IntA;Prophage integrase IntS;hypothetical protein","53","28","184","226","22.362869198312236","88.9763779527559","2.324922360248447","0.0009412183210255841","1.0","0.006391193899543572","30","20","14","0.09873714670538908","0.8555355519056318"
"elfG_2~~~elfG~~~lpfD","elfG_2;elfG;lpfD","putative fimbrial-like protein ElfG;putative minor fimbrial subunit LpfD","53","28","184","226","22.362869198312236","88.9763779527559","2.324922360248447","0.0009412183210255841","1.0","0.006391193899543572","8","6","5","0.2890624999999999","0.7265625000000002"
"group_1731","","hypothetical protein","53","28","184","226","22.362869198312236","88.9763779527559","2.324922360248447","0.0009412183210255841","1.0","0.006391193899543572","19","9","12","0.3592834472656249","1.0"
"group_10549","","hypothetical protein","32","65","205","189","13.502109704641349","74.40944881889764","0.45388367729831147","0.000947142029764659","1.0","0.006423851531286187","29","18","15","0.26493089646101","0.9999999999999997"
"group_7763","","hypothetical protein","45","22","192","232","18.9873417721519","91.33858267716536","2.471590909090909","0.0009541328960456365","1.0","0.006463661745832074","11","8","7","0.22656250000000003","0.548828125"
"group_7799","","hypothetical protein","30","11","207","243","12.658227848101266","95.66929133858267","3.2015810276679844","0.0009568593509420079","1.0","0.006474523659836473","21","13","9","0.38331031799316395","0.6636238098144525"
"prsE~~~hlyD_2","prsE;hlyD_2","Type I secretion system membrane fusion protein PrsE;Hemolysin secretion protein D chromosomal","49","25","188","229","20.675105485232066","90.15748031496062","2.387446808510638","0.0009594458741623632","1.0","0.006476821387056234","12","7","7","0.7744140625000003","0.7744140625000003"
"group_6143","","hypothetical protein","49","25","188","229","20.675105485232066","90.15748031496062","2.387446808510638","0.0009594458741623632","1.0","0.006476821387056234","21","11","12","0.6636238098144525","1.0"
"group_8723","","hypothetical protein","93","64","144","190","39.24050632911392","74.80314960629921","1.9173177083333333","0.0009829796846111162","1.0","0.006627927347114719","63","37","30","0.20736789985685428","0.801306492504066"
"group_11813","","hypothetical protein","33","13","204","241","13.924050632911392","94.88188976377953","2.998868778280543","0.0009851127974044008","1.0","0.006634550557285479","10","5","7","0.3437499999999999","1.0"
"traV","traV;","Protein TraV;hypothetical protein","86","57","151","197","36.28691983122363","77.55905511811024","1.9683978157313815","0.0010019384863761951","1.0","0.0067399946020522345","56","31","38","0.010454818321892184","0.5044037600228253"
"group_11647",";insK","IS3 family transposase IS1203;IS3 family transposase IS629;hypothetical protein;IS3 family transposase ISEc25;Putative transposase InsK for insertion sequence element IS150","62","36","175","218","26.160337552742618","85.8267716535433","2.1453968253968254","0.0010191392633789596","1.0","0.006847713115827159","45","27","24","0.23269319190831067","0.7659918242447937"
"group_5812","","hypothetical protein","68","41","169","213","28.691983122362867","83.85826771653542","2.0903449271179104","0.0010623022829522335","1.0","0.007129421025866852","52","32","23","0.1263470758139213","0.4884556693798922"
"fepC_2","fepC_2","Ferric enterobactin transport ATP-binding protein FepC","25","8","212","246","10.548523206751055","96.8503937007874","3.626179245283019","0.0010694011462113206","1.0","0.007160392111391712","16","12","5","0.076812744140625","0.21011352539062492"
"group_7050","","hypothetical protein","25","8","212","246","10.548523206751055","96.8503937007874","3.626179245283019","0.0010694011462113206","1.0","0.007160392111391712","15","9","8","0.6072387695312501","0.9999999999999997"
"group_2106","","hypothetical protein","42","20","195","234","17.72151898734177","92.1259842519685","2.52","0.0010737209850958072","1.0","0.007180976193825207","27","17","12","0.24778856337070485","0.7011080384254457"
"group_6886","","hypothetical protein","46","23","191","231","19.40928270042194","90.94488188976378","2.418848167539267","0.0010967336383855804","1.0","0.007326384038578067","38","23","20","0.2558750795433297","0.8714146793645341"
"yedY1~~~yedY1_1","yedY1;yedY1_1","Putative protein-methionine-sulfoxide reductase subunit YedZ1","63","37","174","217","26.582278481012654","85.43307086614173","2.123485554520037","0.0011076692919833734","1.0","0.007390872069773319","19","10","14","0.06356811523437494","1.0"
"group_9637","","hypothetical protein","108","79","129","175","45.56962025316456","68.89763779527559","1.8545775684427437","0.0011254365160163296","1.0","0.0075007416356464044","62","32","38","0.09795444051950734","0.899076313652859"
"group_1752","","hypothetical protein","139","111","98","143","58.64978902953587","56.2992125984252","1.8272660415517559","0.0011315685011372186","1.0","0.00751038886200798","54","32","33","0.1336742353641054","0.2203284941766112"
"group_11081","","hypothetical protein","139","111","98","143","58.64978902953587","56.2992125984252","1.8272660415517559","0.0011315685011372186","1.0","0.00751038886200798","55","33","33","0.17700136477035802","0.17700136477035802"
"casA--group_5204",";casA--","hypothetical protein;CRISPR system Cascade subunit CasA--hypothetical protein","58","33","179","221","24.47257383966245","87.00787401574803","2.169967834772304","0.0011320950426860251","1.0","0.00751038886200798","10","8","6","0.10937500000000003","0.7539062500000002"
"yddA_1~~~yddA_2~~~yddA_3~~~yddA_4~~~yddA","yddA_1;yddA_2;;yddA_3;yddA_4;yddA","Inner membrane ABC transporter ATP-binding protein YddA;hypothetical protein","138","110","99","144","58.22784810126582","56.69291338582677","1.824793388429752","0.0011359173835463342","1.0","0.007527084731200708","12","7","11","0.006347656250000001","0.7744140625000003"
"group_6156","","IS3 family transposase ISEhe3","38","72","199","182","16.033755274261605","71.65354330708661","0.48269123394751534","0.0011425283619317622","1.0","0.007562199777883593","15","9","9","0.6072387695312501","0.6072387695312501"
"group_5777","","hypothetical protein","34","67","203","187","14.345991561181433","73.62204724409449","0.4674656275273877","0.0011443016316403062","1.0","0.007565251039456841","25","18","8","0.04328525066375736","0.10775214433670036"
"group_3689","","hypothetical protein","12","1","225","253","5.063291139240507","99.60629921259843","13.493333333333334","0.001179375740618432","1.0","0.007788202914851386","4","4","1","0.125","0.625"
"group_10364","","IS3 family transposase ISKpn37;hypothetical protein","55","30","182","224","23.20675105485232","88.18897637795276","2.2564102564102564","0.0011809176515746292","1.0","0.007789462541564917","16","9","11","0.21011352539062492","0.8036193847656252"
"group_649","","hypothetical protein","49","86","188","168","20.675105485232066","66.14173228346458","0.5091538842157348","0.0011938550701197704","1.0","0.007856820181781366","18","14","9","0.0308837890625","1.0"
"group_2156","","hypothetical protein","49","86","188","168","20.675105485232066","66.14173228346458","0.5091538842157348","0.0011938550701197704","1.0","0.007856820181781366","18","14","8","0.0308837890625","0.8145294189453123"
"group_2314","","hypothetical protein","37","16","200","238","15.611814345991561","93.7007874015748","2.751875","0.0011989867421528717","1.0","0.007881594718941055","2","2","2","0.5","0.5"
"shlB_3~~~shlB_1~~~shlB_2~~~shlB",";shlB_3;shlB_1;shlB_2;shlB","hypothetical protein;Hemolysin transporter protein ShlB","2","16","235","238","0.8438818565400843","93.7007874015748","0.12659574468085105","0.0012095009954202953","1.0","0.00793262029419568","13","2","12","0.0034179687499999996","0.022460937500000003"
"group_2699","","hypothetical protein","2","16","235","238","0.8438818565400843","93.7007874015748","0.12659574468085105","0.0012095009954202953","1.0","0.00793262029419568","12","2","10","0.038574218750000014","0.038574218750000014"
"group_7095","","hypothetical protein","51","27","186","227","21.518987341772153","89.37007874015748","2.305256869772999","0.0012280691619731819","1.0","0.008045248544062947","41","23","25","0.21102359760880082","0.5327092552361133"
"group_11643","","IS110 family transposase ISEc45;hypothetical protein","31","12","206","242","13.080168776371309","95.2755905511811","3.034789644012945","0.001232165233075148","1.0","0.008053778422537674","20","11","11","0.8238029479980463","0.8238029479980463"
"group_10197","","hypothetical protein","31","12","206","242","13.080168776371309","95.2755905511811","3.034789644012945","0.001232165233075148","1.0","0.008053778422537674","20","14","7","0.11531829833984371","0.2631759643554687"
"tnpR_1~~~tnpR","tnpR_1;tnpR","Transposon Tn3 resolvase","59","34","178","220","24.894514767932492","86.61417322834646","2.144745538664904","0.0012363995763355993","1.0","0.008072303009710905","57","36","26","0.06273668035582843","0.5966417603730824"
"metG_1~~~metG_2~~~metG","metG_1;metG_2;metG","Methionine--tRNA ligase","6","24","231","230","2.5316455696202533","90.5511811023622","0.24891774891774893","0.001239070554253134","1.0","0.008080590209580676","21","5","16","0.026603698730468753","0.026603698730468753"
"group_3512","","hypothetical protein","43","21","194","233","18.143459915611814","91.73228346456693","2.4592538046146295","0.0012439629394745768","1.0","0.008103329204599928","11","5","10","0.011718750000000002","0.9999999999999997"
"group_7236--group_7152--wbbL--group_799","----;wbbL--","hypothetical protein--hypothetical protein--hypothetical protein;Rhamnosyltransferase WbbL--hypothetical protein","19","46","218","208","8.016877637130802","81.88976377952756","0.394096529716793","0.001251555442071889","1.0","0.008116104750893633","10","7","4","0.3437499999999999","0.7539062500000002"
"group_10794--yraH_2~~~yraH_1~~~yraH","yraI--yraH_2;yraH_1;yraH","putative fimbrial chaperone YraI--putative fimbrial-like protein YraH","45","81","192","173","18.9873417721519","68.11023622047244","0.5005787037037037","0.0013053562925331376","1.0","0.008327084782873778","5","3","4","0.375","1.0"
"group_9072--yjiK_1~~~yjiK~~~yjiK_2--group_7902--group_7739--nanR_3~~~pdhR_1~~~lldR_3--group_6891--fldI--yjiG_2~~~yjiG_1~~~yjiG--iadA~~~iadA_1~~~iadA_2~~~iadA_3--group_6290--qseD~~~yjiE~~~yjiE_2~~~yjiE_1--uxuA","--yjiK_1;yjiK;yjiK_2--iraD----nanR_3;;pdhR_1;lldR_3--;por_1--fldI;--yjiG_2;yjiG_1;yjiG--iadA;iadA_1;iadA_2;;iadA_3----qseD;yjiE;yjiE_2;yjiE_1--uxuA","hypothetical protein--putative protein YjiK--Anti-adapter protein IraD--hypothetical protein--HTH-type transcriptional repressor NanR;hypothetical protein;Pyruvate dehydrogenase complex repressor;Putative L-lactate dehydrogenase operon regulatory protein--hypothetical protein;Polyol:NADP oxidoreductase--(R)-phenyllactate dehydratase activator;hypothetical protein--Inner membrane protein YjiG--Isoaspartyl dipeptidase;hypothetical protein--hypothetical protein--HTH domain-truncated transcriptional regulator QseD;HTH-type transcriptional regulator YjiE--Mannonate dehydratase","228","254","9","0","96.20253164556962","0.0","0.0","0.0013129783291643128","1.0","0.008327084782873778","7","0","7","0.015625","0.015625"
"group_8777","","hypothetical protein","9","0","228","254","3.79746835443038","100.0","inf","0.0013129783291643128","1.0","0.008327084782873778","3","3","0","0.25","0.25"
"group_12055","smc","Chromosome partition protein Smc","9","0","228","254","3.79746835443038","100.0","inf","0.0013129783291643128","1.0","0.008327084782873778","5","5","0","0.0625","0.0625"
"group_4829--group_3757","yejK_2--","Nucleoid-associated protein YejK--hypothetical protein","9","0","228","254","3.79746835443038","100.0","inf","0.0013129783291643128","1.0","0.008327084782873778","3","3","0","0.25","0.25"
"ptxA","ptxA","Pertussis toxin subunit 1","9","0","228","254","3.79746835443038","100.0","inf","0.0013129783291643128","1.0","0.008327084782873778","2","2","0","0.5","0.5"
"group_10999","","hypothetical protein","9","0","228","254","3.79746835443038","100.0","inf","0.0013129783291643128","1.0","0.008327084782873778","2","2","0","0.5","0.5"
"hipO~~~hipO_2~~~hipO_1","hipO;hipO_2;hipO_1","Hippurate hydrolase","166","210","71","44","70.042194092827","17.322834645669293","0.4898725687458082","0.0013185006148944778","1.0","0.008352918730622709","5","4","4","0.375","0.375"
"group_3777","","hypothetical protein","28","58","209","196","11.814345991561181","77.16535433070865","0.45273057251278664","0.0013335943530541428","1.0","0.008431960364957816","6","1","6","0.03125","0.21875000000000003"
"group_4553","","hypothetical protein","5","22","232","232","2.109704641350211","91.33858267716536","0.22727272727272727","0.0013339024896516095","1.0","0.008431960364957816","4","4","0","0.125","0.125"
"group_8041","","hypothetical protein","60","35","177","219","25.31645569620253","86.22047244094489","2.1210653753026634","0.0013460662158635065","1.0","0.008490231656950892","18","13","8","0.09625244140624999","0.8145294189453123"
"cse3~~~casE",";cse3;casE","hypothetical protein;CRISPR-associated endoribonuclease Cse3;CRISPR system Cascade subunit CasE","60","35","177","219","25.31645569620253","86.22047244094489","2.1210653753026634","0.0013460662158635065","1.0","0.008490231656950892","11","8","7","0.22656250000000003","0.548828125"
"group_5582","","hypothetical protein","92","64","145","190","38.81856540084388","74.80314960629921","1.8836206896551724","0.0013609523561419967","1.0","0.008574743533506679","62","36","30","0.25285439418811073","0.899076313652859"
"group_3958","","IS3 family transposase IS1397","11","33","226","221","4.641350210970464","87.00787401574803","0.32595870206489674","0.0013672615625405994","1.0","0.008602093725795498","31","11","22","0.029449373483657858","0.1496127843856811"
"aaeA_2~~~aaeA_3~~~emrA_1~~~farA~~~emrA_2--emrB_2~~~emrB_3~~~emrB_1","aaeA_2;aaeA_3;;emrA_1;farA;emrA_2--;emrB_2;emrB_3;emrB_1","p-hydroxybenzoic acid efflux pump subunit AaeA;hypothetical protein;Colistin resistance protein EmrA;Fatty acid resistance protein FarA--hypothetical protein;Colistin resistance protein EmrB;Multidrug export protein EmrB","160","204","77","50","67.51054852320675","19.68503937007874","0.5092946269416858","0.0013697696513929344","1.0","0.008602093725795498","8","7","5","0.0703125","0.7265625000000002"
"group_4519","","IS3 family transposase ISSd1;IS3 family transposase IS600","4","20","233","234","1.6877637130801686","92.1259842519685","0.20085836909871244","0.001382690309721133","1.0","0.008673786328120056","15","3","13","0.007385253906249998","0.035156250000000014"
"group_10018","","hypothetical protein","66","40","171","214","27.848101265822784","84.25196850393701","2.0649122807017544","0.0013993133864734293","1.0","0.008759002902301107","46","22","30","0.05407603185886957","0.8829959121223956"
"group_11644","","hypothetical protein","66","40","171","214","27.848101265822784","84.25196850393701","2.0649122807017544","0.0013993133864734293","1.0","0.008759002902301107","31","16","20","0.1496127843856811","0.9999999999999994"
"group_11411","","IS21 family transposase IS100kyp;IS21 family transposase ISYru1","52","89","185","165","21.940928270042196","64.96062992125984","0.5211053750379593","0.0014132293668321595","1.0","0.008836515509530803","27","8","20","0.019157290458679185","0.05223898589611053"
"group_6408","","hypothetical protein","48","25","189","229","20.253164556962027","90.15748031496062","2.326349206349206","0.0014196229128407675","1.0","0.008857279320916693","17","9","11","0.33230590820312506","0.9999999999999998"
"group_5870","","hypothetical protein","48","25","189","229","20.253164556962027","90.15748031496062","2.326349206349206","0.0014196229128407675","1.0","0.008857279320916693","23","14","12","0.4048728942871095","0.9999999999999998"
"group_10572","","hypothetical protein","38","17","199","237","16.033755274261605","93.30708661417323","2.662134200413834","0.0014485494171765784","1.0","0.009027986367592404","29","21","13","0.024119544774293886","0.7110711038112639"
"group_11725","","hypothetical protein","26","9","211","245","10.970464135021098","96.45669291338582","3.3543970510795154","0.0014520538416597575","1.0","0.009030302478067423","12","7","6","0.7744140625000003","1.0"
"yadK","yadK","putative fimbrial-like protein YadK","26","9","211","245","10.970464135021098","96.45669291338582","3.3543970510795154","0.0014520538416597575","1.0","0.009030302478067423","4","4","3","0.125","0.625"
"group_7575","","hypothetical protein","94","66","143","188","39.66244725738397","74.01574803149606","1.872430599703327","0.0014547970039081592","1.0","0.00903761285294239","26","16","17","0.16863754391670224","0.32693958282470703"
"group_6423","","hypothetical protein","8","28","229","226","3.375527426160337","88.9763779527559","0.28197130380536495","0.001491273376965915","1.0","0.009254242215509688","12","7","6","0.7744140625000003","1.0"
"group_10699","yfcQ","putative fimbrial-like protein YfcQ","170","213","67","41","71.72995780590718","16.141732283464567","0.4884030551468012","0.0015052160535291024","1.0","0.009314565522412213","8","5","6","0.2890624999999999","0.7265625000000002"
"group_11095","","hypothetical protein","67","41","170","213","28.270042194092827","83.85826771653542","2.047489239598278","0.0015052160535291024","1.0","0.009314565522412213","46","28","22","0.18392482137699037","0.8829959121223956"
"group_11044","","hypothetical protein","35","15","202","239","14.767932489451477","94.09448818897637","2.7607260726072607","0.0015180031266444232","1.0","0.009314565522412213","15","11","8","0.11846923828124997","0.9999999999999997"
"group_5977","","hypothetical protein","35","15","202","239","14.767932489451477","94.09448818897637","2.7607260726072607","0.0015180031266444232","1.0","0.009314565522412213","26","20","9","0.009355306625366223","0.16863754391670224"
"group_11759","","hypothetical protein","35","15","202","239","14.767932489451477","94.09448818897637","2.7607260726072607","0.0015180031266444232","1.0","0.009314565522412213","13","6","9","0.26684570312499983","0.9999999999999999"
"group_8169","papA_1;papA","Pap fimbrial major pilin protein","20","5","217","249","8.438818565400844","98.03149606299213","4.589861751152074","0.0015307140651694175","1.0","0.009314565522412213","12","8","5","0.3876953125000001","0.7744140625000003"
"group_5809","","hypothetical protein","20","5","217","249","8.438818565400844","98.03149606299213","4.589861751152074","0.0015307140651694175","1.0","0.009314565522412213","10","7","4","0.3437499999999999","0.7539062500000002"
"bcs1","bcs1","Bifunctional ribulose 5-phosphate reductase/CDP-ribitol pyrophosphorylase Bcs1","20","5","217","249","8.438818565400844","98.03149606299213","4.589861751152074","0.0015307140651694175","1.0","0.009314565522412213","10","7","4","0.3437499999999999","0.7539062500000002"
"group_6509--group_4821--group_470","----","hypothetical protein--hypothetical protein--hypothetical protein","20","5","217","249","8.438818565400844","98.03149606299213","4.589861751152074","0.0015307140651694175","1.0","0.009314565522412213","3","3","2","0.25","1.0"
"group_8842","","hypothetical protein","20","5","217","249","8.438818565400844","98.03149606299213","4.589861751152074","0.0015307140651694175","1.0","0.009314565522412213","11","8","5","0.22656250000000003","0.9999999999999997"
"group_4405","","hypothetical protein;IS481 family transposase ISKpn28","29","11","208","243","12.236286919831224","95.66929133858267","3.0799825174825175","0.001536433800212846","1.0","0.009314565522412213","21","14","11","0.18924713134765628","1.0"
"ygbN_4~~~ygbN_3~~~ygbN_2~~~ygbN_1~~~ygbN--otnI--otnC--otnK_1~~~otnK_2~~~otnK--ltnD_1~~~ltnD_2~~~ltnD_3~~~ltnD_4~~~ltnD--glcR_2","ygbN_4;ygbN_3;ygbN_2;ygbN_1;ygbN--;otnI--;otnC--otnK_1;otnK_2;otnK--ltnD_1;ltnD_2;ltnD_3;ltnD_4;ltnD--;glcR_2","Inner membrane permease YgbN--hypothetical protein;2-oxo-tetronate isomerase--hypothetical protein;3-oxo-tetronate 4-phosphate decarboxylase--3-oxo-tetronate kinase--L-threonate dehydrogenase--hypothetical protein;HTH-type transcriptional repressor GlcR","208","243","29","11","87.76371308016878","4.330708661417323","0.32467716758904497","0.0015364338002128463","1.0","0.009314565522412213","7","4","6","0.125","0.9999999999999998"
"group_7316","","hypothetical protein","53","29","184","225","22.362869198312236","88.58267716535433","2.2348200899550226","0.0015381554860947836","1.0","0.009314565522412213","21","11","11","1.0","1.0"
"elfC_2~~~elfC_1~~~lpfC--focC_1~~~focC_2--group_5918","elfC_2;elfC_1;lpfC'--focC_1;;focC_2--fimA_2","putative outer membrane usher protein ElfC;putative outer membrane usher protein LpfC'--Chaperone protein FocC;hypothetical protein--Type-1 fimbrial protein A chain","53","29","184","225","22.362869198312236","88.58267716535433","2.2348200899550226","0.0015381554860947836","1.0","0.009314565522412213","7","5","5","0.4531249999999996","0.4531249999999996"
"fepA_1~~~pfeA_2~~~pfeA_1~~~fepA_2~~~pfeA~~~btuB_3","fepA_1;pfeA_2;pfeA_1;fepA_2;pfeA;btuB_3","Ferrienterobactin receptor;Ferric enterobactin receptor;Vitamin B12 transporter BtuB","72","46","165","208","30.37974683544304","81.88976377952756","1.9731225296442687","0.001542695355169672","1.0","0.009332254693130282","29","18","19","0.13604594767093656","0.26493089646101"
"rusA_1~~~rusA~~~rusA_2~~~rusA_4~~~rusA_5","rusA_1;rusA;rusA_2;rusA_4;rusA_5","Crossover junction endodeoxyribonuclease RusA","101","145","136","109","42.616033755274266","42.91338582677165","0.558265720081136","0.0015649590722623674","1.0","0.009457011584478562","34","24","15","0.024306510109454397","0.60759136127308"
"group_9314","","hypothetical protein","49","26","188","228","20.675105485232066","89.76377952755905","2.285597381342062","0.0016002921250130601","1.0","0.00965029717646474","28","21","11","0.012540951371192932","0.34492845088243484"
"group_2149","","hypothetical protein","49","26","188","228","20.675105485232066","89.76377952755905","2.285597381342062","0.0016002921250130601","1.0","0.00965029717646474","16","10","11","0.21011352539062492","0.45449829101562506"
"cdiA_6~~~cdiA_5~~~cdiA_2",";cdiA_6;cdiA_5;cdiA_2","hypothetical protein;tRNA nuclease CdiA","41","20","196","234","17.29957805907173","92.1259842519685","2.4474489795918366","0.001619987832038765","1.0","0.00971824126087771","14","7","10","0.17956542968750003","1.0"
"group_10915--group_4080--group_2034","--esiB_2--","hypothetical protein--Secretory immunoglobulin A-binding protein EsiB--hypothetical protein","41","20","196","234","17.29957805907173","92.1259842519685","2.4474489795918366","0.001619987832038765","1.0","0.00971824126087771","13","7","10","0.09228515625000003","0.9999999999999999"
"group_9339","","hypothetical protein","41","20","196","234","17.29957805907173","92.1259842519685","2.4474489795918366","0.001619987832038765","1.0","0.00971824126087771","16","7","12","0.076812744140625","0.8036193847656252"
"intA_1~~~intA_3~~~intA_4~~~intA_5","intA_1;intA_3;intA_4;intA_5","Prophage integrase IntA","18","4","219","250","7.59493670886076","98.4251968503937","5.136986301369863","0.0016271953216335597","1.0","0.00974120563781669","10","7","4","0.3437499999999999","0.7539062500000002"
"group_5144","","hypothetical protein","18","4","219","250","7.59493670886076","98.4251968503937","5.136986301369863","0.0016271953216335597","1.0","0.00974120563781669","14","10","4","0.17956542968750003","0.17956542968750003"
"group_487","","IS3 family transposase IS3411;IS3 family transposase IS629","57","33","180","221","24.050632911392405","87.00787401574803","2.1207070707070708","0.0016312257374639782","1.0","0.009755203710041321","49","37","17","0.00046975731800813486","0.04438416098714981"
"group_5169","","hypothetical protein","16","3","221","251","6.751054852320674","98.81889763779527","6.057315233785822","0.0016388069527446334","1.0","0.009790385577795659","16","13","3","0.021270751953125","0.021270751953125"
"group_11665","","hypothetical protein","21","48","216","206","8.860759493670885","81.10236220472441","0.41724537037037035","0.001684318205947461","1.0","0.010051857616239248","29","15","19","0.13604594767093656","0.9999999999999997"
"group_8960--group_7170--group_5615--ugd_2--group_1880","------ugd_2--","hypothetical protein--IS481 family transposase ISKpn28--hypothetical protein--UDP-glucose 6-dehydrogenase--hypothetical protein","24","52","213","202","10.126582278481013","79.52755905511812","0.437703141928494","0.001717681695108708","1.0","0.010187690300721915","17","11","8","0.33230590820312506","0.9999999999999998"
"group_8275","","hypothetical protein","24","52","213","202","10.126582278481013","79.52755905511812","0.437703141928494","0.001717681695108708","1.0","0.010187690300721915","47","15","33","0.00794272650948358","0.01862383661500643"
"iolG~~~afr","iolG;;afr","Myo-inositol 2-dehydrogenase;hypothetical protein;15-anhydro-D-fructose reductase","198","236","39","18","83.54430379746836","7.086614173228346","0.38722294654498046","0.0017277790150571157","1.0","0.010237046271124638","11","6","9","0.06542968749999997","0.9999999999999997"
"group_2521--group_1558","--","hypothetical protein--hypothetical protein","7","26","230","228","2.9535864978902953","89.76377952755905","0.26688963210702343","0.0017571393351630956","1.0","0.01038964950483615","6","5","1","0.21875000000000003","0.21875000000000003"
"era_2~~~era_3~~~era_1",";era_2;era_3;era_1","hypothetical protein;GTPase Era","50","27","187","227","21.09704641350211","89.37007874015748","2.2479698950287186","0.0017939527297013039","1.0","0.010596452342959034","33","18","18","0.7283324808813629","0.7283324808813629"
"yfcP~~~yfcP_2~~~yfcP_1","yfcP;yfcP_2;yfcP_1","putative fimbrial-like protein YfcP","201","238","36","16","84.81012658227847","6.299212598425196","0.3753501400560224","0.0018395112386197718","1.0","0.010788181374001001","19","9","14","0.06356811523437494","1.0"
"yfcP--yfcQ--group_9681","yfcP--yfcQ--yfcR","putative fimbrial-like protein YfcP--putative fimbrial-like protein YfcQ--putative fimbrial-like protein YfcR","36","16","201","238","15.18987341772152","93.7007874015748","2.6641791044776117","0.0018395112386197718","1.0","0.010788181374001001","19","14","9","0.06356811523437494","1.0"
"group_9854","yadK;","putative fimbrial-like protein YadK;hypothetical protein","201","238","36","16","84.81012658227847","6.299212598425196","0.3753501400560224","0.0018395112386197718","1.0","0.010788181374001001","11","6","7","0.548828125","0.9999999999999997"
"group_11753","","hypothetical protein","36","16","201","238","15.18987341772152","93.7007874015748","2.6641791044776117","0.0018395112386197718","1.0","0.010788181374001001","22","18","12","0.004343509674072266","0.831811904907225"
"group_11718","","hypothetical protein","36","16","201","238","15.18987341772152","93.7007874015748","2.6641791044776117","0.0018395112386197718","1.0","0.010788181374001001","23","17","13","0.03468966484069824","0.6776394844055175"
"group_9057","aroH_2","Phospho-2-dehydro-3-deoxyheptonate aldolase Trp-sensitive","46","24","191","230","19.40928270042194","90.5511811023622","2.3080279232111693","0.0018489969619729808","1.0","0.01083279216033967","14","7","10","0.17956542968750003","1.0"
"group_6063","","hypothetical protein","0","10","237","244","0.0","96.06299212598425","0.0","0.0018790313725317157","1.0","0.010975294693662959","4","0","4","0.125","0.125"
"group_15489","","hypothetical protein","0","10","237","244","0.0","96.06299212598425","0.0","0.0018790313725317157","1.0","0.010975294693662959","9","0","9","0.00390625","0.00390625"
"group_10837","","hypothetical protein","0","10","237","244","0.0","96.06299212598425","0.0","0.0018790313725317157","1.0","0.010975294693662959","4","0","4","0.125","0.125"
"group_8938","","hypothetical protein","116","89","121","165","48.9451476793249","64.96062992125984","1.7773237997957099","0.001886436144915159","1.0","0.011007393092546449","61","35","37","0.12373144253809214","0.30567741986311836"
"group_11564","","hypothetical protein","27","10","210","244","11.39240506329114","96.06299212598425","3.137142857142857","0.001908923852191369","1.0","0.011116107078669942","19","13","9","0.16706848144531244","1.0"
"group_10822","","hypothetical protein","27","10","210","244","11.39240506329114","96.06299212598425","3.137142857142857","0.001908923852191369","1.0","0.011116107078669942","13","4","9","0.26684570312499983","0.26684570312499983"
"group_7946--casC","--casC;","hypothetical protein--CRISPR system Cascade subunit CasC;hypothetical protein","59","35","178","219","24.894514767932492","86.22047244094489","2.073996789727127","0.0019225761523185914","1.0","0.0111500013038407","10","7","7","0.3437499999999999","0.3437499999999999"
"group_5583","","hypothetical protein","59","35","178","219","24.894514767932492","86.22047244094489","2.073996789727127","0.0019225761523185914","1.0","0.0111500013038407","21","10","16","0.026603698730468753","1.0"
"yraK--yraJ~~~yraJ_3~~~yraJ_2","yraK--yraJ;yraJ_3;yraJ_2","putative fimbrial-like protein YraK--Outer membrane usher protein YraJ","46","81","191","173","19.40928270042194","68.11023622047244","0.5143817464934394","0.0019244147957192537","1.0","0.0111500013038407","4","3","3","0.625","0.625"
"group_6007","","hypothetical protein","30","12","207","242","12.658227848101266","95.2755905511811","2.922705314009662","0.001949613572036847","1.0","0.011261955227929304","6","5","4","0.21875000000000003","0.6875000000000002"
"ykfI_1~~~ykfI","ykfI_1;ykfI;","Toxin YkfI;hypothetical protein","30","12","207","242","12.658227848101266","95.2755905511811","2.922705314009662","0.001949613572036847","1.0","0.011261955227929304","14","8","7","0.7905273437500004","1.0"
"klcA_2~~~klcA_3~~~klcA_1~~~klcA~~~klcA_4","klcA_2;klcA_3;klcA_1;;klcA;klcA_4","Antirestriction protein KlcA;hypothetical protein","120","93","117","161","50.63291139240506","63.38582677165354","1.7755720981527434","0.0019510422122740116","1.0","0.011261955227929304","71","45","35","0.0319271620832124","0.9999999999999991"
"group_11613","","hypothetical protein","177","156","60","98","74.68354430379746","38.582677165354326","1.8532051282051283","0.0019515513048918257","1.0","0.011261955227929304","78","52","30","0.004334880883507412","0.05354439216850224"
"fes_1~~~fes_2--group_6530--msbA_2","fes_1;;fes_2----msbA_2;","Enterochelin esterase;hypothetical protein--hypothetical protein--Lipid A export ATP-binding/permease protein MsbA;Multidrug efflux ATP-binding/permease protein","71","45","166","209","29.957805907172997","82.28346456692913","1.986479250334672","0.0019718262127774826","1.0","0.011344888339982224","28","17","18","0.18493334203958517","0.34492845088243484"
"nupX_1~~~nupX~~~nupX_2","nupX_1;nupX;nupX_2;","Putative nucleoside permease NupX;hypothetical protein","93","66","144","188","39.24050632911392","74.01574803149606","1.8396464646464648","0.0019934302015473943","1.0","0.011457751856351674","5","4","3","0.375","1.0"
"group_10666","","hypothetical protein","166","143","71","111","70.042194092827","43.7007874015748","1.814833054269674","0.00200118804339053","1.0","0.011468040825195236","30","19","20","0.09873714670538908","0.20048842206597323"
"RBKS_1~~~rbsKrbiA~~~RBKS~~~rbsK_2~~~RBKS_2--group_1230","RBKS_1;;rbsK/rbiA;RBKS;rbsK_2;RBKS_2--","Ribokinase;hypothetical protein;Bifunctional ribokinase/ribose-5-phosphate isomerase A--hypothetical protein","166","143","71","111","70.042194092827","43.7007874015748","1.814833054269674","0.00200118804339053","1.0","0.011468040825195236","30","20","19","0.09873714670538908","0.20048842206597323"
"group_117","","hypothetical protein","41","74","196","180","17.29957805907173","70.86614173228347","0.5088251516822946","0.0020129978494995747","1.0","0.011512829962663739","30","18","14","0.361594608053565","0.8555355519056318"
"era_1~~~era_3","era_1;;era_3","GTPase Era;hypothetical protein","41","74","196","180","17.29957805907173","70.86614173228347","0.5088251516822946","0.0020129978494995747","1.0","0.011512829962663739","40","21","21","0.8746293123804209","0.8746293123804209"
"yfcS_1~~~papD_1",";yfcS_1;papD_1","hypothetical protein;putative fimbrial chaperone YfcS;Chaperone protein PapD","47","82","190","172","19.831223628691983","67.71653543307087","0.5188703465982029","0.002037180286308356","1.0","0.011639588058045266","10","5","8","0.10937500000000003","1.0"
"group_12064","","hypothetical protein","23","7","214","247","9.70464135021097","97.24409448818898","3.7923898531375166","0.0020459448626015692","1.0","0.011666540190799254","20","15","5","0.04138946533203125","0.04138946533203125"
"group_7593","ycbF","putative fimbrial chaperone YcbF","23","7","214","247","9.70464135021097","97.24409448818898","3.7923898531375166","0.0020459448626015692","1.0","0.011666540190799254","3","3","1","0.25","1.0"
"group_8850","","hypothetical protein","95","138","142","116","40.08438818565401","45.66929133858268","0.5623596652378037","0.002076417211867569","1.0","0.011815317268950642","27","20","12","0.019157290458679185","0.7011080384254457"
"group_9762--group_9641","--","hypothetical protein--hypothetical protein","37","69","200","185","15.611814345991561","72.83464566929135","0.4960144927536232","0.0020781841649117","1.0","0.011815317268950642","15","7","10","0.30175781250000017","0.9999999999999997"
"group_8727","cspB","Cold shock-like protein CspB","56","32","181","222","23.628691983122362","87.4015748031496","2.1464088397790055","0.0020825514725821017","1.0","0.01182848200929637","42","26","22","0.16414940178310666","0.8776143287523163"
"group_10247","","hypothetical protein","33","64","204","190","13.924050632911392","74.80314960629921","0.4802389705882353","0.0021047934529470295","1.0","0.011943045527794906","32","16","20","0.2153271497227251","1.0"
"group_11469","","IS3 family transposase IS2;hypothetical protein","11","32","226","222","4.641350210970464","87.4015748031496","0.3376659292035398","0.002134253396491264","1.0","0.012098299735272504","24","8","17","0.06391465663909912","0.15158963203430173"
"elmGT_1~~~elmGT_2~~~elmGT",";elmGT_1;elmGT_2;elmGT","hypothetical protein;Elloramycin glycosyltransferase ElmGT","71","46","166","208","29.957805907172997","81.88976377952756","1.9339968569931902","0.002154002081940832","1.0","0.012198253440460606","27","16","19","0.05223898589611053","0.44206833839416504"
"ycjM_1~~~ycjM~~~ycjM_2--ccpA~~~purR_1~~~purR_5~~~purR_6","ycjM_1;ycjM;;ycjM_2--;ccpA;purR_1;purR_5;purR_6","Glucosylglycerate phosphorylase;hypothetical protein--hypothetical protein;Catabolite control protein A;HTH-type transcriptional repressor PurR","200","237","37","17","84.38818565400844","6.692913385826772","0.3877295016535523","0.002198850589333717","1.0","0.012427817301479292","9","5","8","0.0390625","1.0"
"group_2476","papG","Fimbrial adhesin PapG","52","29","185","225","21.940928270042196","88.58267716535433","2.180801491146319","0.00222050549750092","1.0","0.012537917916839182","22","15","12","0.13380050659179688","0.831811904907225"
"aaxC_1--adiA_2","aaxC_1--adiA_2","Arginine/agmatine antiporter--Biodegradative arginine decarboxylase","43","77","194","177","18.143459915611814","69.68503937007874","0.5095059579595662","0.0022304485099599097","1.0","0.012569438572745728","18","12","10","0.23788452148437486","0.8145294189453123"
"ygcB","ygcB;","CRISPR-associated endonuclease/helicase Cas3;hypothetical protein","61","37","176","217","25.738396624472575","85.43307086614173","2.032708845208845","0.0022403515185754055","1.0","0.012607586519514071","14","9","9","0.4239501953124999","0.4239501953124999"
"group_10140","","hypothetical protein","86","60","151","194","36.28691983122363","76.37795275590551","1.8415011037527593","0.002241591705551071","1.0","0.012607586519514071","50","25","29","0.3222363203575471","1.0"
"group_8367","","hypothetical protein","67","42","170","212","28.270042194092827","83.46456692913385","1.9893557422969188","0.002263615620963804","1.0","0.012719048786409679","54","30","27","0.49661743531793406","1.0"
"group_32","","hypothetical protein","111","84","126","170","46.835443037974684","66.92913385826772","1.7828798185941044","0.002291180118664595","1.0","0.012861395700196097","45","29","29","0.07245426016254443","0.07245426016254443"
"group_10638","","hypothetical protein","11","1","226","253","4.641350210970464","99.60629921259843","12.314159292035399","0.0023222874953810653","1.0","0.012947763453454393","10","9","1","0.021484374999999997","0.021484374999999997"
"tsr_1~~~tsr_2~~~tsr~~~tsr_3","tsr_1;tsr_2;tsr;tsr_3","Methyl-accepting chemotaxis protein I","226","253","11","1","95.35864978902954","0.39370078740157477","0.08120733021918793","0.0023222874953810653","1.0","0.012947763453454393","10","1","9","0.021484374999999997","0.021484374999999997"
"group_7550","","hypothetical protein","11","1","226","253","4.641350210970464","99.60629921259843","12.314159292035399","0.0023222874953810653","1.0","0.012947763453454393","6","5","1","0.21875000000000003","0.21875000000000003"
"rhsB~~~rhsC","rhsB;;rhsC","putative deoxyribonuclease RhsB;hypothetical protein;Putative deoxyribonuclease RhsC","11","1","226","253","4.641350210970464","99.60629921259843","12.314159292035399","0.0023222874953810653","1.0","0.012947763453454393","4","3","1","0.625","0.625"
"group_6250","","hypothetical protein","11","1","226","253","4.641350210970464","99.60629921259843","12.314159292035399","0.0023222874953810653","1.0","0.012947763453454393","2","2","1","0.5","1.0"
"dpnM~~~dam_2","dpnM;;dam_2","Modification methylase DpnIIA;hypothetical protein;DNA adenine methylase","11","1","226","253","4.641350210970464","99.60629921259843","12.314159292035399","0.0023222874953810653","1.0","0.012947763453454393","6","5","1","0.21875000000000003","0.21875000000000003"
"group_441","","hypothetical protein","11","1","226","253","4.641350210970464","99.60629921259843","12.314159292035399","0.0023222874953810653","1.0","0.012947763453454393","4","4","1","0.125","0.625"
"group_8090","","hypothetical protein","48","26","189","228","20.253164556962027","89.76377952755905","2.227106227106227","0.0023326382177548347","1.0","0.012948418293630285","20","12","13","0.2631759643554687","0.5034446716308595"
"esiB_1~~~esiB","esiB_1;esiB","Secretory immunoglobulin A-binding protein EsiB","48","26","189","228","20.253164556962027","89.76377952755905","2.227106227106227","0.0023326382177548347","1.0","0.012948418293630285","10","7","5","0.3437499999999999","1.0"
"cntE~~~yfcJ_2","cntE;yfcJ_2","Staphylopine export protein;putative MFS-type transporter YfcJ","34","15","203","239","14.345991561181433","94.09448818897637","2.6686371100164203","0.002333635144333368","1.0","0.012948418293630285","7","5","3","0.4531249999999996","0.9999999999999998"
"klcA_3~~~klcA_2~~~klcA_4","klcA_3;klcA_2;klcA_4","Antirestriction protein KlcA","34","15","203","239","14.345991561181433","94.09448818897637","2.6686371100164203","0.002333635144333368","1.0","0.012948418293630285","24","15","9","0.3074562549591064","0.3074562549591064"
"iutA",";iutA","hypothetical protein;Ferric aerobactin receptor","34","15","203","239","14.345991561181433","94.09448818897637","2.6686371100164203","0.002333635144333368","1.0","0.012948418293630285","22","13","13","0.5234670639038081","0.5234670639038081"
"group_6841","","hypothetical protein","21","6","216","248","8.860759493670885","97.63779527559055","4.018518518518518","0.002344956172464994","1.0","0.012998723398327586","12","9","6","0.14599609375000003","1.0"
"group_10332","","hypothetical protein","25","9","212","245","10.548523206751055","96.45669291338582","3.210167714884696","0.0023614464111190595","1.0","0.0130650082150685","23","16","9","0.09313964843749999","0.4048728942871095"
"group_4311","","hypothetical protein","25","9","212","245","10.548523206751055","96.45669291338582","3.210167714884696","0.0023614464111190595","1.0","0.0130650082150685","19","10","9","1.0","1.0"
"hemR_2~~~hemR_3~~~hemR_1","hemR_2;hemR_3;hemR_1;","Hemin receptor;hypothetical protein","3","17","234","237","1.2658227848101267","93.30708661417323","0.17873303167420815","0.0023734682404216436","1.0","0.01311893039887898","18","3","15","0.007537841796875001","0.007537841796875001"
"group_6246","","hypothetical protein","114","87","123","167","48.10126582278481","65.74803149606299","1.7790860667227362","0.0024027580112581607","1.0","0.013268103385922696","60","34","36","0.1550019040032604","0.36629400670329115"
"hlyD_2~~~hlyD","hlyD_2;hlyD","Hemolysin secretion protein D chromosomal","62","38","175","216","26.160337552742618","85.03937007874016","2.0138345864661655","0.0024090496875086432","1.0","0.013290116218648161","18","8","13","0.09625244140624999","0.8145294189453123"
"lexA_1~~~lexA_4~~~lexA_2","lexA_1;lexA_4;lexA_2","LexA repressor","81","55","156","199","34.177215189873415","78.34645669291339","1.8786713286713286","0.0024128288593413764","1.0","0.013298239363387223","53","31","25","0.2716791660655032","0.7838463022094984"
"group_6295","","hypothetical protein","31","13","206","241","13.080168776371309","94.88188976377953","2.789768483943241","0.0024229927324941713","1.0","0.013341502485987486","11","7","8","0.22656250000000003","0.548828125"
"group_7530","","hypothetical protein","28","11","209","243","11.814345991561181","95.66929133858267","2.9595476294040886","0.0024424619817984645","1.0","0.013423063226947711","8","4","6","0.2890624999999999","1.0"
"cbtA_3","cbtA_3","Cytoskeleton-binding toxin CbtA","28","11","209","243","11.814345991561181","95.66929133858267","2.9595476294040886","0.0024424619817984645","1.0","0.013423063226947711","12","5","8","0.3876953125000001","0.7744140625000003"
"group_8353","","hypothetical protein","24","51","213","203","10.126582278481013","79.92125984251969","0.4484948909141121","0.002482283070359059","1.0","0.013628916095828548","14","10","7","0.17956542968750003","1.0"
"group_10220","","hypothetical protein","69","44","168","210","29.11392405063291","82.67716535433071","1.9602272727272727","0.002573061803054617","1.0","0.014093786864630573","38","19","23","0.2558750795433297","1.0"
"group_8717","","hypothetical protein","69","44","168","210","29.11392405063291","82.67716535433071","1.9602272727272727","0.002573061803054617","1.0","0.014093786864630573","50","26","27","0.6718110337653654","0.8877248273407826"
"vdcD--hosA","vdcD--hosA","Protein VdcD--Transcriptional regulator HosA","63","39","174","215","26.582278481012654","84.64566929133859","1.9960212201591512","0.0025842125612362205","1.0","0.014093786864630573","6","4","2","0.6875000000000002","0.6875000000000002"
"group_9393--msmE--adh~~~tdh_3~~~tdh_2~~~tdh_1--ycjO--ycjP","--;msmE--;adh;tdh_3;tdh_2;tdh_1--ycjO--;ycjP","hypothetical protein;D-psicose 3-epimerase--hypothetical protein;Multiple sugar-binding protein--hypothetical protein;Alcohol dehydrogenase;L-threonine 3-dehydrogenase--Inner membrane ABC transporter permease protein YcjO--hypothetical protein;Inner membrane ABC transporter permease protein YcjP","199","236","38","18","83.96624472573839","7.086614173228346","0.39942016057091884","0.002596488908358766","1.0","0.014093786864630573","11","6","9","0.06542968749999997","0.9999999999999997"
"group_11744","","hypothetical protein;IS66 family transposase ISEc43;IS66 family transposase ISEc23","38","18","199","236","16.033755274261605","92.91338582677166","2.5036292573981016","0.002596488908358766","1.0","0.014093786864630573","26","18","10","0.0755186975002289","0.32693958282470703"
"ycjT~~~ycjT_4~~~ycjT_3~~~ycjT_2~~~ycjT_1--ycjU","ycjT;ycjT_4;ycjT_3;ycjT_2;ycjT_1;--ycjU","Kojibiose phosphorylase;hypothetical protein--Beta-phosphoglucomutase","199","236","38","18","83.96624472573839","7.086614173228346","0.39942016057091884","0.002596488908358766","1.0","0.014093786864630573","10","6","8","0.10937500000000003","0.7539062500000002"
"group_4980","","hypothetical protein","49","27","188","227","20.675105485232066","89.37007874015748","2.1912923561859734","0.002598732946591899","1.0","0.014093786864630573","29","19","13","0.13604594767093656","0.7110711038112639"
"group_9160--group_6431","--","hypothetical protein--hypothetical protein","19","5","218","249","8.016877637130802","98.03149606299213","4.340366972477065","0.0026298952172063316","1.0","0.014229042461910006","11","8","4","0.22656250000000003","0.548828125"
"group_1011","","hypothetical protein","91","65","146","189","38.39662447257383","74.40944881889764","1.8123287671232877","0.002631665046870131","1.0","0.014229042461910006","64","37","32","0.26043547657665356","1.0"
"group_9136","","hypothetical protein","101","75","136","179","42.616033755274266","70.47244094488188","1.7724509803921569","0.0026343001791787083","1.0","0.014229042461910006","57","30","36","0.06273668035582843","0.7913664277791812"
"group_272","","hypothetical protein","167","145","70","109","70.46413502109705","42.91338582677165","1.7933990147783252","0.0026360134170546204","1.0","0.014229042461910006","38","23","23","0.2558750795433297","0.2558750795433297"
"group_8393","","hypothetical protein","36","67","201","187","15.18987341772152","73.62204724409449","0.49988861661840056","0.0026825504869139372","1.0","0.014453180894447522","13","7","8","0.5810546875","0.9999999999999999"
"group_10474","","hypothetical protein","36","67","201","187","15.18987341772152","73.62204724409449","0.49988861661840056","0.0026825504869139372","1.0","0.014453180894447522","20","15","7","0.04138946533203125","0.2631759643554687"
"group_8789","","hypothetical protein","102","76","135","178","43.037974683544306","70.07874015748031","1.7695906432748538","0.0026853113180024006","1.0","0.014454546917165115","52","32","28","0.1263470758139213","0.6778086391424606"
"group_3026","","hypothetical protein","54","31","183","223","22.78481012658228","87.79527559055119","2.122686409307245","0.002699385982205459","1.0","0.014481792653242212","41","23","23","0.5327092552361133","0.5327092552361133"
"group_2451","yedZ1","Putative protein-methionine-sulfoxide reductase subunit YedZ1","54","31","183","223","22.78481012658228","87.79527559055119","2.122686409307245","0.002699385982205459","1.0","0.014481792653242212","14","10","9","0.17956542968750003","0.4239501953124999"
"group_11738","","hypothetical protein","45","24","192","230","18.9873417721519","90.5511811023622","2.24609375","0.0027073010269690586","1.0","0.014481792653242212","35","20","19","0.49955983320251085","0.7358788008568806"
"group_10108--group_10106--group_3195--group_2647--group_2646","--------","hypothetical protein--hypothetical protein--hypothetical protein--hypothetical protein--hypothetical protein","28","56","209","198","11.814345991561181","77.95275590551181","0.47368421052631576","0.0027129811041633287","1.0","0.014481792653242212","4","1","4","0.125","0.625"
"group_993","","hypothetical protein","28","56","209","198","11.814345991561181","77.95275590551181","0.47368421052631576","0.0027129811041633287","1.0","0.014481792653242212","5","1","5","0.0625","0.375"
"group_4121","","hypothetical protein","70","45","167","209","29.535864978902953","82.28346456692913","1.946773120425815","0.0027353985834805937","1.0","0.014587948967405756","58","34","30","0.2370471147627196","0.8956832138895912"
"higB1","higB-1","Toxin HigB-1","153","196","84","58","64.55696202531645","22.83464566929134","0.5389941690962099","0.0027414522848256276","1.0","0.014606721277282571","7","3","6","0.125","0.9999999999999998"
"group_10727","","hypothetical protein;IS3 family transposase IS911","41","21","196","233","17.29957805907173","91.73228346456693","2.3209426627793976","0.0027613168349474105","1.0","0.014673699559583099","32","20","15","0.2153271497227251","0.8600500659085804"
"group_5036--group_4016","--","hypothetical protein--hypothetical protein","8","0","229","254","3.375527426160337","100.0","inf","0.0027692949038727512","1.0","0.014673699559583099","1","1","0","1.0","1.0"
"group_302","","hypothetical protein","8","0","229","254","3.375527426160337","100.0","inf","0.0027692949038727512","1.0","0.014673699559583099","7","7","0","0.015625","0.015625"
"lsoB","lsoB","Antitoxin LsoB","8","0","229","254","3.375527426160337","100.0","inf","0.0027692949038727512","1.0","0.014673699559583099","3","3","0","0.25","0.25"
"group_5540","","hypothetical protein","8","0","229","254","3.375527426160337","100.0","inf","0.0027692949038727512","1.0","0.014673699559583099","3","3","0","0.25","0.25"
"group_5245","","hypothetical protein","110","153","127","101","46.41350210970464","39.76377952755906","0.5717667644485616","0.002772308665708656","1.0","0.014676179483756107","26","16","20","0.009355306625366223","0.32693958282470703"
"group_5061","","hypothetical protein","13","2","224","252","5.485232067510549","99.21259842519686","7.3125","0.0028299298009850167","1.0","0.014967472754751028","7","6","2","0.125","0.4531249999999996"
"group_130","","hypothetical protein","73","112","164","142","30.801687763713083","55.90551181102362","0.5643510452961672","0.002834871013906162","1.0","0.014979863790255751","42","21","26","0.16414940178310666","1.0"
"group_3164","","hypothetical protein","17","4","220","250","7.172995780590717","98.4251968503937","4.829545454545454","0.0028583349248642153","1.0","0.015090019085936083","8","7","2","0.0703125","0.2890624999999999"
"group_10066","","hypothetical protein","37","68","200","186","15.611814345991561","73.22834645669292","0.5060294117647058","0.0028919729938027545","1.0","0.015242174094979204","18","13","9","0.09625244140624999","1.0"
"group_8361","","hypothetical protein","106","148","131","106","44.72573839662447","41.732283464566926","0.579533732205488","0.0028972250502481882","1.0","0.015242174094979204","42","27","24","0.0884295469877543","0.4407990673425962"
"rfbC~~~rfbC_2","rfbC;rfbC_2","dTDP-4-dehydrorhamnose 35-epimerase","107","149","130","105","45.14767932489451","41.338582677165356","0.5800206504904492","0.002901497974230267","1.0","0.015242174094979204","51","34","25","0.0240929076984493","1.0"
"group_6569","","hypothetical protein","23","8","214","246","9.70464135021097","96.8503937007874","3.3049065420560746","0.002905663370404535","1.0","0.015242174094979204","12","8","5","0.3876953125000001","0.7744140625000003"
"group_6896","","hypothetical protein","214","246","23","8","90.29535864978902","3.149606299212598","0.3025804171085189","0.002905663370404535","1.0","0.015242174094979204","8","6","6","0.2890624999999999","0.2890624999999999"
"group_10082","","hypothetical protein","23","8","214","246","9.70464135021097","96.8503937007874","3.3049065420560746","0.002905663370404535","1.0","0.015242174094979204","18","13","6","0.09625244140624999","0.23788452148437486"
"group_9232","","hypothetical protein","23","8","214","246","9.70464135021097","96.8503937007874","3.3049065420560746","0.002905663370404535","1.0","0.015242174094979204","14","9","7","0.4239501953124999","1.0"
"pptA","pptA","Tautomerase PptA","59","36","178","218","24.894514767932492","85.8267716535433","2.0071785268414484","0.0029322137769101937","1.0","0.015367465839897515","10","8","6","0.10937500000000003","0.7539062500000002"
"group_8935","","hypothetical protein","48","82","189","172","20.253164556962027","67.71653543307087","0.5327138985675571","0.0029474303320338345","1.0","0.015433184254473256","10","5","8","0.10937500000000003","1.0"
"group_3117","","hypothetical protein","32","14","205","240","13.502109704641349","94.48818897637796","2.6759581881533103","0.00295744931170183","1.0","0.015471592814846688","22","17","11","0.016900539398193356","1.0"
"group_1125","","hypothetical protein","29","57","208","197","12.236286919831224","77.55905511811024","0.48186572199730093","0.0030023476996349913","1.0","0.015678108307326265","4","1","4","0.125","0.625"
"klcA_5~~~klcA","klcA_5;klcA","Antirestriction protein KlcA","46","25","191","229","19.40928270042194","90.15748031496062","2.2060732984293194","0.003029209582529722","1.0","0.015678108307326265","40","21","22","0.6358280026288411","0.8746293123804209"
"group_4102","","hypothetical protein","26","10","211","244","10.970464135021098","96.06299212598425","3.0066350710900474","0.0030513045830029674","1.0","0.015678108307326265","7","5","5","0.4531249999999996","0.4531249999999996"
"group_10892","","hypothetical protein","26","10","211","244","10.970464135021098","96.06299212598425","3.0066350710900474","0.0030513045830029674","1.0","0.015678108307326265","18","14","8","0.0308837890625","0.8145294189453123"
"vapB~~~vapB_2","vapB;vapB_2","Antitoxin VapB","26","10","211","244","10.970464135021098","96.06299212598425","3.0066350710900474","0.0030513045830029674","1.0","0.015678108307326265","23","16","9","0.09313964843749999","0.4048728942871095"
"group_11783--group_8172--group_7881--group_5936--group_5934--group_4798--group_2796--cbeA~~~cbeA_1--group_1530","--der_2------------cbeA;cbeA_1--","hypothetical protein--GTPase Der--hypothetical protein--hypothetical protein--hypothetical protein--hypothetical protein--hypothetical protein--Cytoskeleton bundling-enhancing antitoxin CbeA--hypothetical protein","29","12","208","242","12.236286919831224","95.2755905511811","2.811698717948718","0.0030540356685390107","1.0","0.015678108307326265","13","7","7","0.9999999999999999","0.9999999999999999"
"group_9324","","hypothetical protein","29","12","208","242","12.236286919831224","95.2755905511811","2.811698717948718","0.0030540356685390107","1.0","0.015678108307326265","22","12","12","0.831811904907225","0.831811904907225"
"group_7612--group_5772--group_5101--group_1245","------","hypothetical protein--hypothetical protein--hypothetical protein--hypothetical protein","29","12","208","242","12.236286919831224","95.2755905511811","2.811698717948718","0.0030540356685390107","1.0","0.015678108307326265","21","16","7","0.026603698730468753","0.18924713134765628"
"group_5736","","hypothetical protein","29","12","208","242","12.236286919831224","95.2755905511811","2.811698717948718","0.0030540356685390107","1.0","0.015678108307326265","20","13","7","0.2631759643554687","0.2631759643554687"
"ntdC","ntdC;","Glucose-6-phosphate 3-dehydrogenase;hypothetical protein","29","12","208","242","12.236286919831224","95.2755905511811","2.811698717948718","0.0030540356685390107","1.0","0.015678108307326265","22","14","11","0.2862787246704102","1.0"
"mqsA--mqsR","mqsA--mqsR","Antitoxin MqsA--mRNA interferase toxin MqsR","38","69","199","185","16.033755274261605","72.83464566929135","0.511980190809118","0.0031096545116777357","1.0","0.015935251786508575","10","6","8","0.10937500000000003","0.7539062500000002"
"group_7770","","hypothetical protein","71","47","166","207","29.957805907172997","81.49606299212599","1.8837477569853884","0.0031366536541405526","1.0","0.016059332429946966","39","19","27","0.023702702470473024","0.9999999999999992"
"hlyC--hlyB_1~~~hlyB_3~~~hlyB_2~~~hlyB--hlyA_2~~~hlyA_1~~~hlyA","hlyC--hlyB_1;hlyB_3;hlyB_2;hlyB--hlyA_2;hlyA_1;hlyA","Hemolysin-activating lysine-acyltransferase HlyC--Alpha-hemolysin translocation ATP-binding protein HlyB--Hemolysin chromosomal;Hemolysin plasmid","60","37","177","217","25.31645569620253","85.43307086614173","1.9880897846999541","0.003148419829900803","1.0","0.016076740761185235","18","8","13","0.09625244140624999","0.8145294189453123"
"group_497","","hypothetical protein","86","61","151","193","36.28691983122363","75.98425196850394","1.8019758983823688","0.0031546754923436936","1.0","0.016094428507399464","61","37","35","0.12373144253809214","0.30567741986311836"
"group_11672","","IS66 family transposase ISEc22;IS66 family transposase ISEc8;IS66 family transposase ISEc78","9","28","228","226","3.79746835443038","88.9763779527559","0.31860902255639095","0.0031660710744363333","1.0","0.016124028042513658","30","9","21","0.04277394525706768","0.04277394525706768"
"group_4079","","hypothetical protein","9","28","228","226","3.79746835443038","88.9763779527559","0.31860902255639095","0.0031660710744363333","1.0","0.016124028042513658","17","9","11","0.33230590820312506","0.9999999999999998"
"group_9317","","hypothetical protein","98","72","139","182","41.35021097046413","71.65354330708661","1.7821742605915267","0.003203080017670216","1.0","0.016298107945162222","41","27","25","0.05958388801809635","0.21102359760880082"
"ccdB","ccdB","Toxin CcdB","15","37","222","217","6.329113924050633","85.43307086614173","0.3962746530314098","0.0032115722516613925","1.0","0.016326908316426744","18","10","8","0.8145294189453123","0.8145294189453123"
"group_10817--group_8737--group_3352--group_1019--group_393","recF_1;--------","DNA replication and repair protein RecF;hypothetical protein--hypothetical protein--hypothetical protein--hypothetical protein--hypothetical protein","1","12","236","242","0.42194092827004215","95.2755905511811","0.08545197740112995","0.0032573056748302913","1.0","0.016429017686261267","3","1","2","1.0","1.0"
"group_9766","","hypothetical protein","1","12","236","242","0.42194092827004215","95.2755905511811","0.08545197740112995","0.0032573056748302913","1.0","0.016429017686261267","6","1","5","0.21875000000000003","0.21875000000000003"
"group_8027--group_3257--group_1567","----","hypothetical protein--hypothetical protein--hypothetical protein","1","12","236","242","0.42194092827004215","95.2755905511811","0.08545197740112995","0.0032573056748302913","1.0","0.016429017686261267","2","1","1","1.0","1.0"
"xerD_3~~~xerD_1","xerD_3;;xerD_1","Tyrosine recombinase XerD;hypothetical protein","157","199","80","55","66.24472573839662","21.653543307086615","0.5423994974874372","0.0032947351132772158","1.0","0.016588775483007117","2","1","2","0.5","1.0"
"tisB","tisB","Small toxic protein TisB","80","55","157","199","33.755274261603375","78.34645669291339","1.8436595251881875","0.0032947351132772158","1.0","0.016588775483007117","2","2","1","0.5","1.0"
"group_6051--mngR_2~~~mngR_1","--mngR_2;mngR_1","hypothetical protein--Mannosyl-D-glycerate transport/metabolism system repressor MngR","157","135","80","119","66.24472573839662","46.8503937007874","1.7299074074074074","0.003301687743465019","1.0","0.016594794979141965","16","14","9","0.004180908203124999","0.8036193847656252"
"group_3131","","hypothetical protein","6","22","231","232","2.5316455696202533","91.33858267716536","0.27390791027154665","0.0033262076175817608","1.0","0.016703472922786455","5","5","0","0.0625","0.0625"
"pet~~~sat~~~sat_1~~~sat_2~~~sat_3","pet;sat;sat_1;sat_2;sat_3","Serine protease pet autotransporter;Serine protease sat autotransporter","85","125","152","129","35.86497890295359","50.78740157480315","0.5771052631578948","0.0034560481155967975","1.0","0.017340398073468703","23","13","13","0.6776394844055175","0.6776394844055175"
"group_7626","","hypothetical protein","116","91","121","163","48.9451476793249","64.1732283464567","1.7171918990100807","0.0034812351406561673","1.0","0.017451583118158958","60","34","38","0.05189389592892138","0.36629400670329115"
"sasA~~~resE~~~kdpD_2~~~sasA_1",";sasA;resE;kdpD_2;sasA_1","hypothetical protein;Adaptive-response sensory-kinase SasA;Sensor histidine kinase ResE;Sensor protein KdpD","52","30","185","224","21.940928270042196","88.18897637795276","2.0987387387387386","0.0034934073805738004","1.0","0.017497387966123334","15","8","11","0.11846923828124997","0.9999999999999997"
"group_8092","","hypothetical protein","33","15","204","239","13.924050632911392","94.09448818897637","2.577450980392157","0.0035532484727228038","1.0","0.0177816644489991","28","16","14","0.571588188409805","1.0"
"shlB~~~shlB_1~~~shlB_2","shlB;shlB_1;;shlB_2","Hemolysin transporter protein ShlB;hypothetical protein","56","34","181","220","23.628691983122362","86.61417322834646","2.001949951251219","0.0035611372140897032","1.0","0.017805686070448516","23","11","16","0.09313964843749999","0.9999999999999998"
"group_7766","","hypothetical protein","60","96","177","158","25.31645569620253","62.20472440944882","0.557909604519774","0.0035718694045158875","1.0","0.01784387098529817","36","16","27","0.003933173022232949","0.6177193170296958"
"group_9109","","hypothetical protein","120","95","117","159","50.63291139240506","62.59842519685039","1.7165991902834008","0.0035832772200328203","1.0","0.01788536205496901","61","34","35","0.30567741986311836","0.4426260049464712"
"group_9741","","hypothetical protein","62","39","175","215","26.160337552742618","84.64566929133859","1.953113553113553","0.0036040405198504016","1.0","0.017942395161431403","18","13","12","0.09625244140624999","0.23788452148437486"
"ecdB--edcC_1~~~edcC_2~~~edcC","ecdB--edcC_1;edcC_2;edcC","putative UbiX-like flavin prenyltransferase--Phenolic acid decarboxylase","62","39","175","215","26.160337552742618","84.64566929133859","1.953113553113553","0.0036040405198504016","1.0","0.017942395161431403","7","4","3","0.9999999999999998","0.9999999999999998"
"scpC",";scpC","hypothetical protein;Propionyl-CoA:succinate CoA transferase","74","50","163","204","31.223628691983123","80.31496062992126","1.8522699386503068","0.0036127051309268786","1.0","0.017970013011038358","6","3","4","0.6875000000000002","1.0"
"group_7845","","hypothetical protein","61","97","176","157","25.738396624472575","61.811023622047244","0.5609770384254921","0.003696885742271438","1.0","0.01837288474499555","32","19","21","0.11018416518345472","0.37708558747544885"
"group_7810","","hypothetical protein","83","58","154","196","35.0210970464135","77.16535433070865","1.8213166144200628","0.0037195187812765953","1.0","0.01846944511116242","47","29","25","0.14386508844054902","0.7708669945730275"
"group_11803","","hypothetical protein","110","152","127","102","46.41350210970464","40.15748031496063","0.581226688769167","0.0037289185527592528","1.0","0.01850018541880989","26","14","18","0.0755186975002289","0.8450189828872682"
"group_12175","","hypothetical protein","0","9","237","245","0.0","96.45669291338582","0.0","0.0037878112373727598","1.0","0.018679838993544876","1","0","1","1.0","1.0"
"group_1021","","hypothetical protein","0","9","237","245","0.0","96.45669291338582","0.0","0.0037878112373727598","1.0","0.018679838993544876","5","0","5","0.0625","0.0625"
"group_9422","","hypothetical protein","0","9","237","245","0.0","96.45669291338582","0.0","0.0037878112373727598","1.0","0.018679838993544876","2","0","2","0.5","0.5"
"group_15882","","hypothetical protein;IS91 family transposase ISVsa3","0","9","237","245","0.0","96.45669291338582","0.0","0.0037878112373727598","1.0","0.018679838993544876","9","0","9","0.00390625","0.00390625"
"group_9133","","hypothetical protein","0","9","237","245","0.0","96.45669291338582","0.0","0.0037878112373727598","1.0","0.018679838993544876","2","0","2","0.5","0.5"
"group_15800","","IS4 family transposase IS4","0","9","237","245","0.0","96.45669291338582","0.0","0.0037878112373727598","1.0","0.018679838993544876","7","0","7","0.015625","0.015625"
"dgoD_2~~~dgoD","dgoD_2;dgoD","D-galactonate dehydratase","0","9","237","245","0.0","96.45669291338582","0.0","0.0037878112373727598","1.0","0.018679838993544876","5","0","5","0.0625","0.0625"
"group_5957--group_12","--","hypothetical protein--hypothetical protein","24","9","213","245","10.126582278481013","96.45669291338582","3.0672926447574334","0.0037991694959448956","1.0","0.018681372078555695","11","6","6","0.9999999999999997","0.9999999999999997"
"group_8450--group_6493--group_6130--group_3578--group_1239","--------","hypothetical protein--hypothetical protein--hypothetical protein--hypothetical protein--hypothetical protein","53","31","184","223","22.362869198312236","87.79527559055119","2.072054698457223","0.00382329445709565","1.0","0.018681372078555695","30","23","11","0.0052228793501853926","0.20048842206597323"
"group_1432","","hypothetical protein","28","55","209","199","11.814345991561181","78.34645669291339","0.48473249238799476","0.003825690597015533","1.0","0.018681372078555695","6","2","5","0.21875000000000003","0.6875000000000002"
"group_4490","","hypothetical protein","28","55","209","199","11.814345991561181","78.34645669291339","0.48473249238799476","0.003825690597015533","1.0","0.018681372078555695","36","14","25","0.028816719655878835","0.2429849540349096"
"group_9964","","IS3 family transposase IS2;hypothetical protein","8","26","229","228","3.375527426160337","89.76377952755905","0.30634867316090025","0.0038292719126484763","1.0","0.018681372078555695","20","7","13","0.2631759643554687","0.2631759643554687"
"yafN--yafO",";yafN--yafO;","hypothetical protein;Antitoxin YafN--mRNA interferase toxin YafO;hypothetical protein","102","143","135","111","43.037974683544306","43.7007874015748","0.5864801864801865","0.003841420067317214","1.0","0.018681372078555695","13","11","10","0.022460937500000003","0.09228515625000003"
"group_11658--exuT_1--group_1114","cytR_1--exuT_1--","HTH-type transcriptional repressor CytR--Hexuronate transporter--hypothetical protein","27","11","210","243","11.39240506329114","95.66929133858267","2.8402597402597403","0.003842546556415552","1.0","0.018681372078555695","11","7","7","0.548828125","0.548828125"
"traI_2~~~traI_8~~~traI_7~~~traI_6~~~traI_5~~~traI_4~~~traI_1~~~traI_3~~~traI","traI_2;traI_8;traI_7;;traI_6;traI_5;traI_4;traI_1;traI_3;traI","Multifunctional conjugation protein TraI;hypothetical protein","27","11","210","243","11.39240506329114","95.66929133858267","2.8402597402597403","0.003842546556415552","1.0","0.018681372078555695","19","9","11","0.6476058959960938","1.0"
"group_10391","","hypothetical protein","63","40","174","214","26.582278481012654","84.25196850393701","1.9370689655172413","0.003843210283636956","1.0","0.018681372078555695","19","14","13","0.06356811523437494","0.16706848144531244"
"ompG_2~~~ompG--msmX_1~~~msmX~~~msmX_2~~~btuD_3","ompG_2;ompG--msmX_1;msmX;msmX_2;btuD_3","Outer membrane porin G--Oligosaccharides import ATP-binding protein MsmX;Vitamin B12 import ATP-binding protein BtuD","200","236","37","18","84.38818565400844","7.086614173228346","0.4122766834631241","0.003866462407236761","1.0","0.01874697710489481","10","6","8","0.10937500000000003","0.7539062500000002"
"papE_2~~~papE~~~papE_1","papE_2;papE;papE_1","Fimbrial protein PapE","37","18","200","236","15.611814345991561","92.91338582677166","2.4255555555555555","0.003866462407236761","1.0","0.01874697710489481","23","15","10","0.21003961563110343","0.6776394844055175"
"hcpA_2~~~hcpA_3~~~hcpA_1~~~hcpA_5","hcpA_2;hcpA_3;hcpA_1;hcpA_5","Major exported protein","109","150","128","104","45.9915611814346","40.94488188976378","0.5904166666666667","0.003889591761583135","1.0","0.018843274374392247","27","16","19","0.05223898589611053","0.44206833839416504"
"rop_1","rop_1;","Regulatory protein rop;hypothetical protein","20","6","217","248","8.438818565400844","97.63779527559055","3.8095238095238093","0.0039170534697985804","1.0","0.0189444742058631","17","13","4","0.049041748046874986","0.049041748046874986"
"group_9117","","hypothetical protein","20","6","217","248","8.438818565400844","97.63779527559055","3.8095238095238093","0.0039170534697985804","1.0","0.0189444742058631","11","7","5","0.548828125","0.9999999999999997"
"group_8743","","hypothetical protein","44","24","193","230","18.565400843881857","90.5511811023622","2.1848013816925733","0.0039288918114103325","1.0","0.01896990058021823","35","19","17","0.7358788008568806","1.0"
"group_11787","","hypothetical protein","44","24","193","230","18.565400843881857","90.5511811023622","2.1848013816925733","0.0039288918114103325","1.0","0.01896990058021823","42","30","15","0.007915897334896728","0.0884295469877543"
"group_9863","","hypothetical protein","2","14","235","240","0.8438818565400843","94.48818897637796","0.1458966565349544","0.003942782328480085","1.0","0.018989256577851037","3","1","3","0.25","1.0"
"group_8352","nohA_1","Prophage DNA-packing protein NohA","2","14","235","240","0.8438818565400843","94.48818897637796","0.1458966565349544","0.003942782328480085","1.0","0.018989256577851037","9","2","8","0.0390625","0.17968750000000003"
"group_6571","yfcO","putative protein YfcO","2","14","235","240","0.8438818565400843","94.48818897637796","0.1458966565349544","0.003942782328480085","1.0","0.018989256577851037","13","2","11","0.022460937500000003","0.022460937500000003"
"group_10486","","IS3 family transposase IS2;hypothetical protein","25","51","212","203","10.548523206751055","79.92125984251969","0.469385867554569","0.003971585775751567","1.0","0.019096073392166624","37","18","20","0.7428293587290689","0.9999999999999993"
"group_3776","","IS6 family transposase IS6100","25","51","212","203","10.548523206751055","79.92125984251969","0.469385867554569","0.003971585775751567","1.0","0.019096073392166624","35","12","25","0.01667384780012073","0.08953107893466948"
"group_2033","","hypothetical protein","37","67","200","187","15.611814345991561","73.62204724409449","0.5163432835820896","0.0039948883674026485","1.0","0.019191631665220053","14","11","6","0.05737304687500002","0.7905273437500004"
"group_9829","","hypothetical protein","4","18","233","236","1.6877637130801686","92.91338582677166","0.22508345255126372","0.00399811788897299","1.0","0.019191631665220053","4","2","4","0.125","1.0"
"group_9119","","hypothetical protein","40","21","197","233","16.877637130801688","91.73228346456693","2.2528402223833695","0.004057392176489569","1.0","0.01945995498956936","32","20","15","0.2153271497227251","0.8600500659085804"
"group_4081","","hypothetical protein","12","32","225","222","5.063291139240507","87.4015748031496","0.37","0.0040915873561931815","1.0","0.019607648469205066","28","10","22","0.0037191659212112422","0.18493334203958517"
"group_7780","","hypothetical protein","77","53","160","201","32.48945147679325","79.13385826771653","1.8251179245283018","0.004116172510454158","1.0","0.01968626401891705","2","2","1","0.5","1.0"
"sfmD~~~sfmD_2~~~sfmC","sfmD;sfmD_2;sfmC","Outer membrane usher protein SfmD;putative fimbrial chaperone SfmC","77","53","160","201","32.48945147679325","79.13385826771653","1.8251179245283018","0.004116172510454158","1.0","0.01968626401891705","3","3","1","0.25","1.0"
"group_6712","","hypothetical protein","109","84","128","170","45.9915611814346","66.92913385826772","1.7234002976190477","0.004119337342215312","1.0","0.01968626401891705","60","34","37","0.0924609810729238","0.36629400670329115"
"group_16011","","hypothetical protein;IS1 family transposase IS1R;IS1 family transposase IS1S","3","16","234","238","1.2658227848101267","93.7007874015748","0.1907051282051282","0.004125066250624769","1.0","0.01968626401891705","13","2","11","0.022460937500000003","0.022460937500000003"
"group_386","","hypothetical protein","3","16","234","238","1.2658227848101267","93.7007874015748","0.1907051282051282","0.004125066250624769","1.0","0.01968626401891705","12","3","9","0.14599609375000003","0.14599609375000003"
"group_8888","","hypothetical protein","34","16","203","238","14.345991561181433","93.7007874015748","2.4913793103448274","0.004210115775685251","1.0","0.020011134211205227","31","19","13","0.28104151505976926","0.4731296598911284"
"group_9815","yadL","putative fimbrial-like protein YadL","203","238","34","16","85.65400843881856","6.299212598425196","0.4013840830449827","0.004210115775685251","1.0","0.020011134211205227","10","6","6","0.7539062500000002","0.7539062500000002"
"group_8394","","hypothetical protein","29","56","208","198","12.236286919831224","77.95275590551181","0.49296016483516486","0.0042104953682900155","1.0","0.020011134211205227","8","3","7","0.0703125","0.7265625000000002"
"group_9868--dpnM_1~~~dpnM","--dpnM_1;;dpnM","hypothetical protein--Modification methylase DpnIIA;hypothetical protein","29","56","208","198","12.236286919831224","77.95275590551181","0.49296016483516486","0.0042104953682900155","1.0","0.020011134211205227","3","1","3","0.25","1.0"
"yiaX1~~~yiaX1_1~~~yiaX1_2","yiaX1;yiaX1_1;yiaX1_2","putative protein YiaX1","159","200","78","54","67.08860759493672","21.25984251968504","0.5503846153846154","0.004289702494660142","1.0","0.02037078655825018","5","2","4","0.375","1.0"
"pemK_1~~~pemK","pemK_1;;pemK","Endoribonuclease PemK;hypothetical protein","66","102","171","152","27.848101265822784","59.84251968503938","0.5751633986928104","0.004341638456745845","1.0","0.020600449138386667","44","23","28","0.0961417544206142","0.8803958212806721"
"group_10414","","hypothetical protein","45","25","192","229","18.9873417721519","90.15748031496062","2.146875","0.004367081760526713","1.0","0.020704133511049754","38","22","18","0.4176921908365324","0.8714146793645341"
"tktA_3~~~tktA_2~~~tktA_1","tktA_3;tktA_2;tktA_1","Transketolase 1","158","199","79","55","66.66666666666666","21.653543307086615","0.5527638190954773","0.004465941240225487","1.0","0.020950392432293647","2","1","2","0.5","1.0"
"group_11320--xylB_2~~~xylB_1~~~fucK_2--kbaY_1--crh~~~ptsH_2--gatB_2","gatC_2--xylB_2;xylB_1;fucK_2--kbaY_1--crh;ptsH_2--;gatB_2","PTS system galactitol-specific EIIC component--Xylulose kinase;L-fuculokinase--D-tagatose-16-bisphosphate aldolase subunit KbaY--HPr-like protein Crh;Phosphocarrier protein HPr--hypothetical protein;PTS system galactitol-specific EIIB component","156","135","81","119","65.82278481012658","46.8503937007874","1.6976680384087792","0.004469024146413005","1.0","0.020950392432293647","17","14","10","0.012725830078125003","0.629058837890625"
"group_11437","","P fimbrial regulatory protein KS71A","18","5","219","249","7.59493670886076","98.03149606299213","4.093150684931507","0.004471541782115406","1.0","0.020950392432293647","14","9","5","0.4239501953124999","0.4239501953124999"
"group_5978--group_316--group_212","----","hypothetical protein--hypothetical protein--hypothetical protein","18","5","219","249","7.59493670886076","98.03149606299213","4.093150684931507","0.004471541782115406","1.0","0.020950392432293647","13","9","4","0.26684570312499983","0.26684570312499983"
"group_9721","","IS110 family transposase IS621","18","5","219","249","7.59493670886076","98.03149606299213","4.093150684931507","0.004471541782115406","1.0","0.020950392432293647","12","8","5","0.3876953125000001","0.7744140625000003"
"group_7798","","hypothetical protein","18","5","219","249","7.59493670886076","98.03149606299213","4.093150684931507","0.004471541782115406","1.0","0.020950392432293647","8","5","3","0.7265625000000002","0.7265625000000002"
"group_6261","","hypothetical protein","18","5","219","249","7.59493670886076","98.03149606299213","4.093150684931507","0.004471541782115406","1.0","0.020950392432293647","16","13","5","0.021270751953125","0.21011352539062492"
"group_6227--group_2872","--","hypothetical protein--hypothetical protein","38","19","199","235","16.033755274261605","92.51968503937007","2.3618090452261304","0.004473535660737811","1.0","0.020950392432293647","14","7","10","0.17956542968750003","1.0"
"group_9590","","hypothetical protein","83","122","154","132","35.0210970464135","51.96850393700787","0.5831381733021077","0.004478690229870351","1.0","0.020957507447404683","50","32","23","0.06490864707227219","0.6718110337653654"
"group_10577","","hypothetical protein","31","14","206","240","13.080168776371309","94.48818897637796","2.579750346740638","0.004512056276947256","1.0","0.021051325551176607","26","17","10","0.16863754391670224","0.32693958282470703"
"intS_1~~~intA_4~~~intA_2~~~intA_1","intS_1;intA_4;intA_2;intA_1","Prophage integrase IntS;Prophage integrase IntA","50","29","187","225","21.09704641350211","88.58267716535433","2.0744975106029875","0.004513907492167752","1.0","0.021051325551176607","25","16","12","0.22952294349670388","0.9999999999999997"
"group_6044--group_3280","yadA;--","Adhesin YadA;hypothetical protein--hypothetical protein","10","1","227","253","4.219409282700422","99.60629921259843","11.145374449339206","0.004538906792734176","1.0","0.021051325551176607","4","4","1","0.125","0.625"
"btsT_1~~~btsT~~~btsT_2--yjiA--group_4226","btsT_1;;btsT;btsT_2--yjiA--","Pyruvate/proton symporter BtsT;hypothetical protein--P-loop guanosine triphosphatase YjiA--hypothetical protein","227","253","10","1","95.78059071729957","0.39370078740157477","0.08972332015810276","0.004538906792734176","1.0","0.021051325551176607","9","1","8","0.0390625","0.0390625"
"group_2952","hsdS","Type-1 restriction enzyme EcoKI specificity protein","10","1","227","253","4.219409282700422","99.60629921259843","11.145374449339206","0.004538906792734176","1.0","0.021051325551176607","4","3","1","0.625","0.625"
"group_9146","","hypothetical protein","10","1","227","253","4.219409282700422","99.60629921259843","11.145374449339206","0.004538906792734176","1.0","0.021051325551176607","7","6","1","0.125","0.125"
"group_1315","","hypothetical protein","10","1","227","253","4.219409282700422","99.60629921259843","11.145374449339206","0.004538906792734176","1.0","0.021051325551176607","5","4","1","0.375","0.375"
"group_6220","","hypothetical protein","10","1","227","253","4.219409282700422","99.60629921259843","11.145374449339206","0.004538906792734176","1.0","0.021051325551176607","5","4","1","0.375","0.375"
"group_11784","","hypothetical protein","39","69","198","185","16.455696202531644","72.83464566929135","0.5281071585419411","0.004572814316733908","1.0","0.02119153901605384","37","21","20","0.5113757815852297","0.7428293587290689"
"ygbF","ygbF;","CRISPR-associated endoribonuclease Cas2;hypothetical protein","66","43","171","211","27.848101265822784","83.07086614173228","1.8939208486332109","0.004604475818989182","1.0","0.021304015326222017","11","8","8","0.22656250000000003","0.22656250000000003"
"yfeW_1~~~yfeW_2~~~yfeW","yfeW_1;yfeW_2;yfeW","Putative D-alanyl-D-alanine carboxypeptidase","66","43","171","211","27.848101265822784","83.07086614173228","1.8939208486332109","0.004604475818989182","1.0","0.021304015326222017","7","5","7","0.015625","0.4531249999999996"
"group_7542","","hypothetical protein","80","56","157","198","33.755274261603375","77.95275590551181","1.8016378525932666","0.004644798772163328","1.0","0.021471037955371558","51","32","30","0.09191454981585424","0.26243753571104356"
"intS_3~~~intA_1~~~intS_2~~~intS_1~~~intA_2",";intS_3;intA_1;intS_2;intS_1;intA_2","hypothetical protein;Prophage integrase IntS;Prophage integrase IntA","88","64","149","190","37.130801687763714","74.80314960629921","1.7533557046979866","0.004648023481058752","1.0","0.021471037955371558","19","13","10","0.16706848144531244","1.0"
"group_8884--group_5873","--","Sugar transporter SemiSWEET--hypothetical protein;putative monooxygenase;Ferredoxin--NADP reductase","28","12","209","242","11.814345991561181","95.2755905511811","2.7017543859649122","0.004734583957703602","1.0","0.0218184464557644","21","13","11","0.38331031799316395","1.0"
"yhdJ_2~~~yhdJ_3~~~yhdJ",";yhdJ_2;yhdJ_3;yhdJ","hypothetical protein;DNA adenine methyltransferase YhdJ","28","12","209","242","11.814345991561181","95.2755905511811","2.7017543859649122","0.004734583957703602","1.0","0.0218184464557644","29","18","11","0.26493089646101","0.26493089646101"
"group_11748","","hypothetical protein","60","95","177","159","25.31645569620253","62.59842519685039","0.567350579839429","0.0047818230720428545","1.0","0.022018538346906594","31","20","17","0.1496127843856811","0.7201001318171611"
"mrpA~~~ybgD_1--papC_1~~~papC_2~~~papC_4~~~papC_3","mrpA;ybgD_1--papC_1;papC_2;papC_4;;papC_3","Major MR/P fimbria protein;putative fimbrial-like protein YbgD--Outer membrane usher protein PapC;hypothetical protein","52","85","185","169","21.940928270042196","66.53543307086615","0.5588553259141494","0.004828561295240223","1.0","0.022183562152262474","8","4","7","0.0703125","1.0"
"mprA_2~~~mprA_3~~~mprA_1~~~mprA_4","mprA_2;mprA_3;;mprA_1;mprA_4","Transcriptional repressor MprA;hypothetical protein","46","26","191","228","19.40928270042194","89.76377952755905","2.111961337092227","0.004829205637656445","1.0","0.022183562152262474","28","10","19","0.08715855330228804","0.18493334203958517"
"dhfrI","dhfrI;","Dihydrofolate reductase type 1;hypothetical protein","31","59","206","195","13.080168776371309","76.77165354330708","0.49736712193516536","0.004904887695634925","1.0","0.02228906812364485","37","15","26","0.020073851919732995","0.3240086000878365"
"group_3139","","hypothetical protein","73","50","164","204","30.801687763713083","80.31496062992126","1.8160975609756098","0.004916406136471977","1.0","0.02228906812364485","55","28","30","0.5900533317766368","1.0"
"group_10986","","hypothetical protein","35","17","202","237","14.767932489451477","93.30708661417323","2.4155503785672683","0.004927310824860173","1.0","0.02228906812364485","15","8","11","0.11846923828124997","0.9999999999999997"
"algC_2~~~algC~~~algC_1~~~glmM_1","algC_2;algC;algC_1;;glmM_1","Phosphomannomutase/phosphoglucomutase;hypothetical protein;Phosphoglucosamine mutase","61","96","176","158","25.738396624472575","62.20472440944882","0.5704308712121212","0.004940566557954122","1.0","0.02228906812364485","31","16","23","0.010673840530216692","0.9999999999999994"
"group_11685","","hypothetical protein","111","152","126","102","46.835443037974684","40.15748031496063","0.5911654135338346","0.004953026716430773","1.0","0.02228906812364485","25","15","18","0.04328525066375736","0.4243562221527101"
"group_273--group_250","--","hypothetical protein--hypothetical protein","111","152","126","102","46.835443037974684","40.15748031496063","0.5911654135338346","0.004953026716430773","1.0","0.02228906812364485","26","15","18","0.0755186975002289","0.5571970939636235"
"group_4582","","hypothetical protein","16","4","221","250","6.751054852320674","98.4251968503937","4.524886877828054","0.004968485031858452","1.0","0.02228906812364485","5","3","3","1.0","1.0"
"wbbL_2~~~wbbL--wbbI--group_3933--group_3576--group_1288--dapH_1","wbbL_2;wbbL--wbbI----rfbX----dapH_1","Rhamnosyltransferase WbbL--Beta-16-galactofuranosyltransferase WbbI--hypothetical protein--Putative O-antigen transporter--hypothetical protein--2345-tetrahydropyridine-26-dicarboxylate N-acetyltransferase","16","4","221","250","6.751054852320674","98.4251968503937","4.524886877828054","0.004968485031858452","1.0","0.02228906812364485","3","2","2","1.0","1.0"
"group_434--vgrG1_1","--;vgrG1_1","hypothetical protein--hypothetical protein;Actin cross-linking toxin VgrG1","16","4","221","250","6.751054852320674","98.4251968503937","4.524886877828054","0.004968485031858452","1.0","0.02228906812364485","7","6","2","0.125","0.4531249999999996"
"group_5507","","hypothetical protein","16","4","221","250","6.751054852320674","98.4251968503937","4.524886877828054","0.004968485031858452","1.0","0.02228906812364485","10","7","4","0.3437499999999999","0.7539062500000002"
"group_5751","","hypothetical protein","92","131","145","123","38.81856540084388","48.4251968503937","0.5957357199262964","0.0049690027899339986","1.0","0.02228906812364485","56","30","33","0.22880554123435634","0.6888797607233398"
"sfmM2--group_11142--group_11141--group_10934--acpP_1~~~acpP_3--group_10338--group_8605--fabF_2~~~fabF_1~~~fabF_3--group_7891--fabF_3~~~fabB_2~~~fabF_2--group_6809--group_5560--group_5145--group_4968--group_4067--lolA_1","sfmM2;--------acpP_1;acpP_3----fabG_2--fabF_2;fabF_1;fabF_3----fabF_3;fabB_2;fabF_2------------lolA_1","L-tyrosine C(3)-methyltransferase;hypothetical protein--hypothetical protein--hypothetical protein--hypothetical protein--Acyl carrier protein--hypothetical protein--3-oxoacyl-[acyl-carrier-protein] reductase FabG--3-oxoacyl-[acyl-carrier-protein] synthase 2--hypothetical protein--3-oxoacyl-[acyl-carrier-protein] synthase 2;3-oxoacyl-[acyl-carrier-protein] synthase 1--hypothetical protein;Undecaprenyl-phosphate mannosyltransferase--hypothetical protein--hypothetical protein--hypothetical protein--14-dihydroxy-2-naphthoyl-CoA hydrolase--Outer-membrane lipoprotein carrier protein","55","34","182","220","23.20675105485232","86.61417322834646","1.9553975436328377","0.004983626853664911","1.0","0.02228906812364485","21","9","17","0.0071973800659179705","0.6636238098144525"
"group_7090","","hypothetical protein","82","58","155","196","34.59915611814346","77.16535433070865","1.7877641824249166","0.005010001628772506","1.0","0.0223896584417624","46","28","24","0.18392482137699037","0.8829959121223956"
"bglB","bglB","6-phospho-beta-glucosidase BglB","195","231","42","23","82.27848101265823","9.05511811023622","0.46227581941867657","0.005089611946911843","1.0","0.02269266270220168","5","2","4","0.375","1.0"
"group_9532--group_6194","--","hypothetical protein--hypothetical protein","42","23","195","231","17.72151898734177","90.94488188976378","2.163210702341137","0.005089611946911843","1.0","0.02269266270220168","35","22","16","0.17546524899080426","0.7358788008568806"
"group_6781","","hypothetical protein","39","20","198","234","16.455696202531644","92.1259842519685","2.3045454545454547","0.005127693320206716","1.0","0.022830858336609194","29","19","14","0.13604594767093656","0.9999999999999997"
"group_7786","","hypothetical protein","74","51","163","203","31.223628691983123","79.92125984251969","1.8070492000481173","0.005128527588188882","1.0","0.022830858336609194","54","31","28","0.3408909412200971","0.8919231511047496"
"group_2568","","hypothetical protein","41","71","196","183","17.29957805907173","72.04724409448819","0.5391635527450417","0.00518781798970336","1.0","0.023076983573024592","16","8","12","0.076812744140625","1.0"
"group_9664","aidA;","Quorum-quenching protein AidA;hypothetical protein","83","59","154","195","35.0210970464135","76.77165354330708","1.7813119084305524","0.00519615879998557","1.0","0.023096264828000628","55","30","29","0.5900533317766368","0.787706189670044"
"group_10830","","hypothetical protein","105","81","132","173","44.303797468354425","68.11023622047244","1.6989337822671156","0.0052267746685217675","1.0","0.023214449895244984","39","30","15","0.0010650196345522998","0.19959086691960667"
"ariR","ariR","putative two-component-system connector protein AriR","225","252","12","2","94.9367088607595","0.7874015748031495","0.1488095238095238","0.00525257726626539","1.0","0.023275255910853172","5","2","4","0.375","1.0"
"group_12039","","hypothetical protein","12","2","225","252","5.063291139240507","99.21259842519686","6.72","0.00525257726626539","1.0","0.023275255910853172","9","8","1","0.0390625","0.0390625"
"group_7653","","hypothetical protein","12","2","225","252","5.063291139240507","99.21259842519686","6.72","0.00525257726626539","1.0","0.023275255910853172","8","7","2","0.0703125","0.2890624999999999"
"group_6513","","hypothetical protein","14","3","223","251","5.9071729957805905","98.81889763779527","5.252615844544096","0.005293688356715875","1.0","0.023403461178272255","12","11","3","0.006347656250000001","0.14599609375000003"
"group_6355","","hypothetical protein","14","3","223","251","5.9071729957805905","98.81889763779527","5.252615844544096","0.005293688356715875","1.0","0.023403461178272255","7","4","3","0.9999999999999998","0.9999999999999998"
"group_5275","","hypothetical protein","14","3","223","251","5.9071729957805905","98.81889763779527","5.252615844544096","0.005293688356715875","1.0","0.023403461178272255","11","9","3","0.06542968749999997","0.22656250000000003"
"group_2273","","hypothetical protein","28","54","209","200","11.814345991561181","78.74015748031496","0.4961899698741804","0.005352995811081829","1.0","0.02364752555623505","3","1","3","0.25","1.0"
"group_9978","","IS3 family transposase IS2;hypothetical protein","37","66","200","188","15.611814345991561","74.01574803149606","0.526969696969697","0.005477424608102704","1.0","0.024168829545943755","41","24","20","0.3488888794490776","0.9999999999999998"
"group_11675","","hypothetical protein","21","7","216","247","8.860759493670885","97.24409448818898","3.4305555555555554","0.005487770663597636","1.0","0.024168829545943755","13","9","7","0.26684570312499983","0.9999999999999999"
"group_8598","","hypothetical protein","21","7","216","247","8.860759493670885","97.24409448818898","3.4305555555555554","0.005487770663597636","1.0","0.024168829545943755","15","10","6","0.30175781250000017","0.6072387695312501"
"group_6425","esiB_2","Secretory immunoglobulin A-binding protein EsiB","21","7","216","247","8.860759493670885","97.24409448818898","3.4305555555555554","0.005487770663597636","1.0","0.024168829545943755","4","3","2","0.625","1.0"
"srlR_5--gatY_2","srlR_5--gatY_2","Glucitol operon repressor--D-tagatose-16-bisphosphate aldolase subunit GatY","161","201","76","53","67.9324894514768","20.866141732283463","0.5585886357685258","0.0055625302399352865","1.0","0.024460706966610925","6","3","4","0.6875000000000002","1.0"
"cbtA~~~cbtA_3~~~cbtA_2~~~cbtA_1~~~cbtA_5","cbtA;cbtA_3;cbtA_2;cbtA_1;cbtA_5","Cytoskeleton-binding toxin CbtA","96","72","141","182","40.50632911392405","71.65354330708661","1.7210401891252955","0.005705595659596887","1.0","0.02507070044022565","51","34","27","0.0240929076984493","0.7797679305530749"
"group_9052","","hypothetical protein","29","13","208","241","12.236286919831224","94.88188976377953","2.584689349112426","0.005725696357316901","1.0","0.025139862528508704","21","10","12","0.6636238098144525","1.0"
"group_5132","","Transcriptional regulator","22","46","215","208","9.282700421940929","81.88976377952756","0.46268958543983824","0.005781988767698747","1.0","0.02526199463376661","30","12","20","0.09873714670538908","0.361594608053565"
"group_9266","yfcR","putative fimbrial-like protein YfcR","160","200","77","54","67.51054852320675","21.25984251968504","0.561038961038961","0.0057841861086855035","1.0","0.02526199463376661","2","1","2","0.5","1.0"
"group_6466--dmlR_1","--;dmlR_1","hypothetical protein--hypothetical protein;HTH-type transcriptional regulator DmlR","77","54","160","200","32.48945147679325","78.74015748031496","1.7824074074074074","0.0057841861086855035","1.0","0.02526199463376661","2","2","1","0.5","1.0"
"icsA_1~~~icsA",";icsA_1;icsA","hypothetical protein;Outer membrane protein IcsA autotransporter","160","200","77","54","67.51054852320675","21.25984251968504","0.561038961038961","0.0057841861086855035","1.0","0.02526199463376661","4","2","3","0.625","1.0"
"hycG_2~~~ndhK~~~hycG_1",";hycG_2;ndhK;hycG_1","hypothetical protein;Formate hydrogenlyase subunit 7;NAD(P)H-quinone oxidoreductase subunit K chloroplastic","77","54","160","200","32.48945147679325","78.74015748031496","1.7824074074074074","0.0057841861086855035","1.0","0.02526199463376661","2","2","1","0.5","1.0"
"papF_1~~~papF~~~prsF","papF_1;papF;prsF","Fimbrial adapter PapF;Minor fimbrial protein PrsF","77","54","160","200","32.48945147679325","78.74015748031496","1.7824074074074074","0.0057841861086855035","1.0","0.02526199463376661","33","17","19","0.4868502416647969","0.9999999999999999"
"group_6620","","hypothetical protein","7","0","230","254","2.9535864978902953","100.0","inf","0.0058275597107559675","1.0","0.02527906827126272","2","2","0","0.5","0.5"
"ygdG~~~ygdG_1~~~ygdG_2","ygdG;ygdG_1;ygdG_2","Flap endonuclease Xni","230","254","7","0","97.0464135021097","0.0","0.0","0.0058275597107559675","1.0","0.02527906827126272","2","0","2","0.5","0.5"
"group_10616--group_2573--mcjA","----mcjA","hypothetical protein--hypothetical protein--Microcin J25","7","0","230","254","2.9535864978902953","100.0","inf","0.0058275597107559675","1.0","0.02527906827126272","4","4","0","0.125","0.125"
"group_10825","","hypothetical protein","7","0","230","254","2.9535864978902953","100.0","inf","0.0058275597107559675","1.0","0.02527906827126272","6","6","0","0.03125","0.03125"
"group_205--group_145","--","hypothetical protein--hypothetical protein","7","0","230","254","2.9535864978902953","100.0","inf","0.0058275597107559675","1.0","0.02527906827126272","7","7","0","0.015625","0.015625"
"group_8007","","hypothetical protein","7","0","230","254","2.9535864978902953","100.0","inf","0.0058275597107559675","1.0","0.02527906827126272","2","2","0","0.5","0.5"
"group_977","","hypothetical protein","29","55","208","199","12.236286919831224","78.34645669291339","0.504458041958042","0.005859428369460349","1.0","0.025398198909728508","9","4","7","0.17968750000000003","1.0"
"group_10567",";hokC_1","hypothetical protein;Toxic protein HokC","39","21","198","233","16.455696202531644","91.73228346456693","2.1854256854256855","0.0059053053901705534","1.0","0.025577825375156453","35","25","12","0.01667384780012073","0.08953107893466948"
"hicA","hicA","putative mRNA interferase toxin HicA","64","42","173","212","27.004219409282697","83.46456692913385","1.867327277731902","0.005947253328043859","1.0","0.025701585784237518","13","9","8","0.26684570312499983","0.5810546875"
"group_4877--group_4856","--","hypothetical protein--hypothetical protein","64","42","173","212","27.004219409282697","83.46456692913385","1.867327277731902","0.005947253328043859","1.0","0.025701585784237518","5","3","4","0.375","1.0"
"apxIB_2~~~apxIB",";apxIB_2;apxIB","Putative multidrug export ATP-binding/permease protein;Toxin RTX-I translocation ATP-binding protein","26","11","211","243","10.970464135021098","95.66929133858267","2.722102542007755","0.0059800494416891265","1.0","0.02573602202999206","19","13","10","0.16706848144531244","1.0"
"group_10393","","hypothetical protein","26","11","211","243","10.970464135021098","95.66929133858267","2.722102542007755","0.0059800494416891265","1.0","0.02573602202999206","18","13","9","0.09625244140624999","1.0"
"cvaC","cvaC","Colicin-V","26","11","211","243","10.970464135021098","95.66929133858267","2.722102542007755","0.0059800494416891265","1.0","0.02573602202999206","17","12","10","0.14346313476562497","0.629058837890625"
"group_12062","","hypothetical protein","26","11","211","243","10.970464135021098","95.66929133858267","2.722102542007755","0.0059800494416891265","1.0","0.02573602202999206","23","16","7","0.09313964843749999","0.09313964843749999"
"vapC~~~vapC_2","vapC;vapC_2","tRNA(fMet)-specific endonuclease VapC","26","11","211","243","10.970464135021098","95.66929133858267","2.722102542007755","0.0059800494416891265","1.0","0.02573602202999206","24","16","10","0.15158963203430173","0.5412561893463136"
"group_3522--group_1344","--","ISL3 family transposase ISKox3--hypothetical protein","84","122","153","132","35.44303797468354","51.96850393700787","0.5940212150433944","0.005989155479419487","1.0","0.02573602202999206","21","13","11","0.38331031799316395","1.0"
"group_11560--fldP","--fldP","hypothetical protein--Flavodoxin FldP","159","199","78","55","67.08860759493672","21.653543307086615","0.5633938925396211","0.006008791960515059","1.0","0.02573602202999206","2","1","2","0.5","1.0"
"group_8816","","hypothetical protein","159","199","78","55","67.08860759493672","21.653543307086615","0.5633938925396211","0.006008791960515059","1.0","0.02573602202999206","4","2","3","0.625","1.0"
"dppB_1",";dppB_1","hypothetical protein;Dipeptide transport system permease protein DppB","159","199","78","55","67.08860759493672","21.653543307086615","0.5633938925396211","0.006008791960515059","1.0","0.02573602202999206","2","1","2","0.5","1.0"
"dctB~~~kinA",";dctB;kinA","hypothetical protein;C4-dicarboxylate transport sensor protein DctB;Sporulation kinase A","159","199","78","55","67.08860759493672","21.653543307086615","0.5633938925396211","0.006008791960515059","1.0","0.02573602202999206","2","1","2","0.5","1.0"
"group_1533","","hypothetical protein","23","9","214","245","9.70464135021097","96.45669291338582","2.9257528556593977","0.006043636015974276","1.0","0.02584685581015705","10","6","6","0.7539062500000002","0.7539062500000002"
"group_1152","","hypothetical protein","23","9","214","245","9.70464135021097","96.45669291338582","2.9257528556593977","0.006043636015974276","1.0","0.02584685581015705","11","6","6","0.9999999999999997","0.9999999999999997"
"group_1924","","hypothetical protein","85","123","152","131","35.86497890295359","51.574803149606296","0.5955819426615319","0.006060708216570788","1.0","0.02588146879150414","20","13","11","0.2631759643554687","0.8238029479980463"
"group_10039","","hypothetical protein","85","123","152","131","35.86497890295359","51.574803149606296","0.5955819426615319","0.006060708216570788","1.0","0.02588146879150414","21","13","11","0.38331031799316395","1.0"
"recB_2","recB_2","RecBCD enzyme subunit RecB","1","11","236","243","0.42194092827004215","95.66929133858267","0.0936055469953775","0.006103212237976307","1.0","0.025985981205268398","2","1","1","1.0","1.0"
"group_10612","","hypothetical protein","1","11","236","243","0.42194092827004215","95.66929133858267","0.0936055469953775","0.006103212237976307","1.0","0.025985981205268398","9","1","8","0.0390625","0.0390625"
"group_9622","","hypothetical protein","1","11","236","243","0.42194092827004215","95.66929133858267","0.0936055469953775","0.006103212237976307","1.0","0.025985981205268398","7","1","6","0.125","0.125"
"group_2402","","hypothetical protein","1","11","236","243","0.42194092827004215","95.66929133858267","0.0936055469953775","0.006103212237976307","1.0","0.025985981205268398","11","1","10","0.011718750000000002","0.011718750000000002"
"group_10874",";ssb_1","Single-stranded DNA-binding protein","34","62","203","192","14.345991561181433","75.59055118110236","0.5186715398061338","0.0061181736834914","1.0","0.026030458513157138","40","23","21","0.42959050784338626","0.8746293123804209"
"group_5533","","hypothetical protein","122","162","115","92","51.47679324894515","36.22047244094488","0.6024691358024692","0.006170239700285907","1.0","0.0262326193747406","19","11","13","0.16706848144531244","0.6476058959960938"
"group_6182","","hypothetical protein","44","25","193","229","18.565400843881857","90.15748031496062","2.0882901554404145","0.006239420624875561","1.0","0.026477633924681238","18","12","7","0.23788452148437486","0.48068237304687483"
"cbtA_2~~~cbtA_4~~~cbtA","cbtA_2;cbtA_4;cbtA","Cytoskeleton-binding toxin CbtA","44","25","193","229","18.565400843881857","90.15748031496062","2.0882901554404145","0.006239420624875561","1.0","0.026477633924681238","31","17","17","0.7201001318171611","0.7201001318171611"
"group_3090","","hypothetical protein","10","28","227","226","4.219409282700422","88.9763779527559","0.35556954059156703","0.0062416486563125415","1.0","0.026477633924681238","31","7","24","0.003326892852783203","0.003326892852783203"
"group_11684","","hypothetical protein","120","160","117","94","50.63291139240506","37.00787401574803","0.6025641025641025","0.006253013779753538","1.0","0.026506341500205255","23","13","14","0.4048728942871095","0.6776394844055175"
"group_7060","","hypothetical protein","33","16","204","238","13.924050632911392","93.7007874015748","2.40625","0.006276883098781219","1.0","0.02658797286147959","23","14","12","0.4048728942871095","0.9999999999999998"
"group_500","","hypothetical protein","49","29","188","225","20.675105485232066","88.58267716535433","2.022193690388848","0.006354468388323858","1.0","0.026896850410196065","23","10","16","0.09313964843749999","0.6776394844055175"
"group_7445","","hypothetical protein;ISNCY family transposase ISPlu15;ISNCY family transposase ISRor2;ISNCY family transposase ISSen7","117","157","120","97","49.36708860759494","38.188976377952756","0.6023885350318471","0.006367108046813581","1.0","0.02693057805567153","30","15","22","0.016124801710247987","1.0"
"group_10025","","hypothetical protein","30","56","207","198","12.658227848101266","77.95275590551181","0.5124223602484472","0.0063879490167553215","1.0","0.02699891941465867","14","6","9","0.4239501953124999","0.7905273437500004"
"group_9383","","hypothetical protein","59","38","178","216","24.894514767932492","85.03937007874016","1.8840922531046718","0.006451405231007472","1.0","0.027247143704584673","26","12","18","0.0755186975002289","0.8450189828872682"
"group_8826","","hypothetical protein","19","6","218","248","8.016877637130802","97.63779527559055","3.602446483180428","0.0064724549039407615","1.0","0.02727609833422404","2","2","1","0.5","1.0"
"group_8554","","hypothetical protein","19","6","218","248","8.016877637130802","97.63779527559055","3.602446483180428","0.0064724549039407615","1.0","0.02727609833422404","18","15","5","0.007537841796875001","0.09625244140624999"
"group_1771","","hypothetical protein","19","6","218","248","8.016877637130802","97.63779527559055","3.602446483180428","0.0064724549039407615","1.0","0.02727609833422404","10","8","5","0.10937500000000003","1.0"
"group_9527","acuI_2","Acrylyl-CoA reductase AcuI","4","17","233","237","1.6877637130801686","93.30708661417323","0.23933350164099976","0.006705286386257138","1.0","0.02823665158274098","9","3","6","0.5078125","0.5078125"
"group_8472","","hypothetical protein","31","58","206","196","13.080168776371309","77.16535433070865","0.5085369936391028","0.006790377075959239","1.0","0.028511670679464685","10","4","8","0.10937500000000003","0.7539062500000002"
"group_6225--group_4389","--","hypothetical protein--hypothetical protein","31","58","206","196","13.080168776371309","77.16535433070865","0.5085369936391028","0.006790377075959239","1.0","0.028511670679464685","3","2","3","0.25","1.0"
"group_506","","IS3 family transposase ISLad1;IS3 family transposase ISEc52;hypothetical protein","31","58","206","196","13.080168776371309","77.16535433070865","0.5085369936391028","0.006790377075959239","1.0","0.028511670679464685","14","11","4","0.05737304687500002","0.17956542968750003"
"macB_2--tdeA--macA_2","macB_2--tdeA--;macA_2","Macrolide export ATP-binding/permease protein MacB--Toxin and drug export protein A--hypothetical protein;Macrolide export protein MacA","30","14","207","240","12.658227848101266","94.48818897637796","2.484472049689441","0.0068132462832889","1.0","0.02854532327264572","21","15","12","0.07835388183593749","0.6636238098144525"
"rrrD_6~~~rrrD~~~rrrD_2~~~rrrD_3~~~rrrD_4~~~rrrD_1","rrrD_6;rrrD;rrrD_2;rrrD_3;rrrD_4;rrrD_1;","Lysozyme RrrD;hypothetical protein","60","39","177","215","25.31645569620253","84.64566929133859","1.8687527162103432","0.0068440986113647555","1.0","0.02865376070771083","47","29","25","0.14386508844054902","0.7708669945730275"
"group_11595","","hypothetical protein","45","26","192","228","18.9873417721519","89.76377952755905","2.0552884615384617","0.006856698916981484","1.0","0.028664879808845727","31","18","17","0.4731296598911284","0.7201001318171611"
"group_5804","","hypothetical protein","45","26","192","228","18.9873417721519","89.76377952755905","2.0552884615384617","0.006856698916981484","1.0","0.028664879808845727","15","6","13","0.007385253906249998","0.6072387695312501"
"clpP_3~~~clpP_2","clpP_3;;clpP_2","ATP-dependent Clp protease proteolytic subunit;hypothetical protein","73","51","164","203","30.801687763713083","79.92125984251969","1.7717599234815877","0.006909801014541351","1.0","0.028865944093355717","56","28","31","0.5044037600228253","1.0"
"group_6329","","hypothetical protein","67","45","170","209","28.270042194092827","82.28346456692913","1.8304575163398693","0.006979993502701903","1.0","0.029138061218737486","22","14","14","0.2862787246704102","0.2862787246704102"
"group_10445","","hypothetical protein","41","70","196","184","17.29957805907173","72.44094488188976","0.5498542274052478","0.0070110176146489945","1.0","0.029246394029270224","32","20","15","0.2153271497227251","0.8600500659085804"
"group_79","","IS21 family transposase IS100;IS21 family transposase IS100kyp","2","13","235","241","0.8438818565400843","94.88188976377953","0.15777414075286417","0.007033883648451919","1.0","0.029278223273159074","10","2","8","0.10937500000000003","0.10937500000000003"
"group_6691","","hypothetical protein","2","13","235","241","0.8438818565400843","94.88188976377953","0.15777414075286417","0.007033883648451919","1.0","0.029278223273159074","3","1","3","0.25","1.0"
"group_1022","","IS3 family transposase ISSfl10","2","13","235","241","0.8438818565400843","94.88188976377953","0.15777414075286417","0.007033883648451919","1.0","0.029278223273159074","8","2","6","0.2890624999999999","0.2890624999999999"
"group_7775","","hypothetical protein","161","142","76","112","67.9324894514768","44.09448818897638","1.6708673091178652","0.007045738772681537","1.0","0.029306409830093114","29","17","19","0.13604594767093656","0.4582583196461203"
"group_11661","pemK;pemK_1","Endoribonuclease PemK","3","15","234","239","1.2658227848101267","94.09448818897637","0.20427350427350427","0.007104192233482475","1.0","0.029506965580710712","8","3","5","0.7265625000000002","0.7265625000000002"
"group_10433","","hypothetical protein","3","15","234","239","1.2658227848101267","94.09448818897637","0.20427350427350427","0.007104192233482475","1.0","0.029506965580710712","11","3","8","0.22656250000000003","0.22656250000000003"
"ant1","ant1","Streptomycin 3''-adenylyltransferase","24","48","213","206","10.126582278481013","81.10236220472441","0.4835680751173709","0.007135207505346409","1.0","0.029614450157179298","31","11","23","0.010673840530216692","0.1496127843856811"
"yeeW_2~~~yeeW",";yeeW_2;yeeW","hypothetical protein;Protein YeeW","83","60","154","194","35.0210970464135","76.37795275590551","1.7426406926406925","0.007171949108343905","1.0","0.02974552993496591","46","35","21","0.0005355850721002752","0.6587380770236559"
"group_7099","","hypothetical protein","74","52","163","202","31.223628691983123","79.52755905511812","1.7635677206229354","0.007183571591734205","1.0","0.0297723150441033","39","25","21","0.1081290214060573","0.7492586247608415"
"group_8427--iucA~~~iucA_2~~~iucA_1--iucB_1~~~iucB_2~~~iucB","--iucA;iucA_2;iucA_1--iucB_1;iucB_2;iucB","hypothetical protein--N(2)-citryl-N(6)-acetyl-N(6)-hydroxylysine synthase--N(6)-hydroxylysine O-acetyltransferase","27","12","210","242","11.39240506329114","95.2755905511811","2.592857142857143","0.007261008219087094","1.0","0.030000041279892697","18","12","10","0.23788452148437486","0.8145294189453123"
"ompP~~~ompT_2~~~ompT","ompP;ompT_2;ompT","Outer membrane protease OmpP;Protease 7","34","17","203","237","14.345991561181433","93.30708661417323","2.334975369458128","0.007269741139290563","1.0","0.030000041279892697","25","16","14","0.22952294349670388","0.690037965774536"
"group_10523","","hypothetical protein","34","17","203","237","14.345991561181433","93.30708661417323","2.334975369458128","0.007269741139290563","1.0","0.030000041279892697","13","9","8","0.26684570312499983","0.5810546875"
"group_7237","","IS1 family transposase IS1H","34","17","203","237","14.345991561181433","93.30708661417323","2.334975369458128","0.007269741139290563","1.0","0.030000041279892697","9","7","6","0.17968750000000003","0.5078125"
"group_8551","","hypothetical protein","41","23","196","231","17.29957805907173","90.94488188976378","2.1009316770186337","0.0073009718698353","1.0","0.030042899949750537","34","21","16","0.22948101302608842","0.8641662404406815"
"group_8470","","hypothetical protein","41","23","196","231","17.29957805907173","90.94488188976378","2.1009316770186337","0.0073009718698353","1.0","0.030042899949750537","32","17","19","0.37708558747544885","0.8600500659085804"
"group_97","","hypothetical protein","41","23","196","231","17.29957805907173","90.94488188976378","2.1009316770186337","0.0073009718698353","1.0","0.030042899949750537","34","21","16","0.22948101302608842","0.8641662404406815"
"group_10384","","hypothetical protein","41","23","196","231","17.29957805907173","90.94488188976378","2.1009316770186337","0.0073009718698353","1.0","0.030042899949750537","46","27","21","0.3019956131896606","0.6587380770236559"
"group_6848","","hypothetical protein","22","8","215","246","9.282700421940929","96.8503937007874","3.146511627906977","0.007332888611513014","1.0","0.030152712443204367","18","13","7","0.09625244140624999","0.48068237304687483"
"hemR_3~~~hemR_2~~~hemR_4",";hemR_3;hemR_2;hemR_4","hypothetical protein;Hemin receptor","65","99","172","155","27.42616033755274","61.023622047244096","0.591672539346958","0.007370110647525515","1.0","0.03028416812757277","40","21","26","0.08069046775199244","0.8746293123804209"
"group_9716","yadM;","putative fimbrial-like protein YadM;hypothetical protein","199","234","38","20","83.96624472573839","7.874015748031496","0.44759334233018444","0.007427930466519593","1.0","0.030500013632112147","11","8","6","0.22656250000000003","0.9999999999999997"
"group_936","","hypothetical protein","37","65","200","189","15.611814345991561","74.40944881889764","0.537923076923077","0.007453665718329635","1.0","0.03050528050727566","14","7","11","0.05737304687500002","1.0"
"group_5569","","hypothetical protein","75","53","162","201","31.645569620253166","79.13385826771653","1.7557651991614256","0.007460734147617669","1.0","0.03050528050727566","3","2","2","1.0","1.0"
"setC~~~setC_2~~~setC_1","setC;;setC_2;setC_1","Sugar efflux transporter C;hypothetical protein","75","53","162","201","31.645569620253166","79.13385826771653","1.7557651991614256","0.007460734147617669","1.0","0.03050528050727566","3","3","2","0.25","1.0"
"hicB","hicB","Antitoxin HicB","75","53","162","201","31.645569620253166","79.13385826771653","1.7557651991614256","0.007460734147617669","1.0","0.03050528050727566","3","3","2","0.25","1.0"
"ydfJ_1~~~ynfP","ydfJ_1;;ynfP","Putative transporter YdfJ;hypothetical protein;Protein YnfP","51","31","186","223","21.518987341772153","87.79527559055119","1.9724245577523414","0.007481459257147997","1.0","0.03050528050727566","36","21","19","0.4050322461407633","0.8679394004284399"
"group_9015--group_9014--argR_2--arcA_2~~~arcA_1--group_2516","arcC1_3--argF--argR_2--arcA_2;arcA_1--","Carbamate kinase 1--Ornithine carbamoyltransferase--Arginine repressor--Arginine deiminase--hypothetical protein","110","87","127","167","46.41350210970464","65.74803149606299","1.6625938999004435","0.00748212777750005","1.0","0.03050528050727566","7","5","7","0.015625","0.4531249999999996"
"group_10753","","hypothetical protein","46","27","191","227","19.40928270042194","89.37007874015748","2.024820632150475","0.007501175307519691","1.0","0.030561325546184466","20","13","10","0.2631759643554687","1.0"
"cbtA_3~~~cbtA_1~~~cbtA_2","cbtA_3;cbtA_1;cbtA_2","Cytoskeleton-binding toxin CbtA","24","10","213","244","10.126582278481013","96.06299212598425","2.749295774647887","0.007543269999834667","1.0","0.030711123975315578","15","14","4","0.0009765624999999998","0.11846923828124997"
"yjgL~~~yjgL_2~~~yjgL_1--yjgH","yjgL;yjgL_2;yjgL_1;--yjgH","putative protein YjgL;hypothetical protein--RutC family protein YjgH","126","166","111","88","53.16455696202531","34.645669291338585","0.601758384890915","0.0075759690290655435","1.0","0.030775248478012444","7","7","5","0.015625","0.4531249999999996"
"dpnA~~~dpnA_1","dpnA;dpnA_1","Modification methylase DpnIIB","0","8","237","246","0.0","96.8503937007874","0.0","0.007628418052919302","1.0","0.030775248478012444","8","0","8","0.0078125","0.0078125"
"group_5715","","hypothetical protein","0","8","237","246","0.0","96.8503937007874","0.0","0.007628418052919302","1.0","0.030775248478012444","4","0","4","0.125","0.125"
"group_10323--group_10201--group_8731--group_6879--group_5897--group_3573--group_3386--group_654","----wfgD----------","hypothetical protein--hypothetical protein--UDP-Glc:alpha-D-GlcNAc-diphosphoundecaprenol beta-13-glucosyltransferase WfgD--hypothetical protein--hypothetical protein--hypothetical protein--hypothetical protein--hypothetical protein","0","8","237","246","0.0","96.8503937007874","0.0","0.007628418052919302","1.0","0.030775248478012444","1","0","1","1.0","1.0"
"nagR_2","nagR_2","HTH-type transcriptional repressor NagR","0","8","237","246","0.0","96.8503937007874","0.0","0.007628418052919302","1.0","0.030775248478012444","4","0","4","0.125","0.125"
"group_305","","hypothetical protein","9","26","228","228","3.79746835443038","89.76377952755905","0.34615384615384615","0.007685135605629367","1.0","0.030894762281961332","11","7","4","0.548828125","0.548828125"
"group_9273","","hypothetical protein","9","26","228","228","3.79746835443038","89.76377952755905","0.34615384615384615","0.007685135605629367","1.0","0.030894762281961332","13","7","7","0.9999999999999999","0.9999999999999999"
"yiaO_2~~~lyx~~~lyx_1~~~lyx_2~~~xylB_1~~~lyx_3~~~xylB_3","yiaO_2;;lyx;lyx_1;lyx_2;xylB_1;lyx_3;xylB_3","23-diketo-L-gulonate-binding periplasmic protein YiaO;hypothetical protein;L-xylulose/3-keto-L-gulonate kinase;Xylulose kinase","168","207","69","47","70.88607594936708","18.503937007874015","0.5528250367569838","0.00770531980075952","1.0","0.030894762281961332","14","7","11","0.05737304687500002","1.0"
"group_11659","","IS200/IS605 family transposase IS609;hypothetical protein","81","117","156","137","34.177215189873415","53.937007874015755","0.6079881656804734","0.007706577993038304","1.0","0.030894762281961332","41","13","32","0.0004308570423745555","0.027533155829587493"
"sfmD_1~~~sfmD~~~sfmD_2","sfmD_1;sfmD;sfmD_2","Outer membrane usher protein SfmD","76","54","161","200","32.06751054852321","78.74015748031496","1.7483321831147918","0.00774114333138104","1.0","0.030894762281961332","3","2","2","1.0","1.0"
"ndhB_1~~~ndhB_2~~~ndhD~~~nuoL_2~~~mrpA~~~ndhB_3","ndhB_1;;ndhB_2;ndhD;nuoL_2;mrpA;ndhB_3","NAD(P)H-quinone oxidoreductase subunit 2 chloroplastic;hypothetical protein;NAD(P)H-quinone oxidoreductase chain 4;NADH-quinone oxidoreductase subunit L;Na(+)/H(+) antiporter subunit A","76","54","161","200","32.06751054852321","78.74015748031496","1.7483321831147918","0.00774114333138104","1.0","0.030894762281961332","3","2","2","1.0","1.0"
"group_10582","","hypothetical protein","170","153","67","101","71.72995780590718","39.76377952755906","1.6749585406301823","0.007784126013145713","1.0","0.030894762281961332","45","22","33","0.002458900322096724","0.9999999999999994"
"group_8258",";nicS","hypothetical protein;HTH-type transcriptional repressor NicS","194","182","43","72","81.85654008438819","28.346456692913385","1.7848198313314592","0.007838203586639336","1.0","0.030894762281961332","22","13","12","0.5234670639038081","0.831811904907225"
"gfcA","gfcA","Threonine-rich inner membrane protein GfcA","56","36","181","218","23.628691983122362","85.8267716535433","1.8735420503376305","0.00784156139911231","1.0","0.030894762281961332","13","9","6","0.26684570312499983","0.9999999999999999"
"group_9005","","hypothetical protein","50","81","187","173","21.09704641350211","68.11023622047244","0.5710701789133161","0.007891393126711013","1.0","0.030894762281961332","38","21","19","0.6271025701571481","1.0"
"group_2927","","hypothetical protein","85","122","152","132","35.86497890295359","51.96850393700787","0.6050474547023296","0.007939870909066879","1.0","0.030894762281961332","20","13","10","0.2631759643554687","1.0"
"group_11428","","hypothetical protein","31","15","206","239","13.080168776371309","94.09448818897637","2.3977346278317153","0.007993875653778843","1.0","0.030894762281961332","13","7","10","0.09228515625000003","0.9999999999999999"
"group_9912","","hypothetical protein","77","55","160","199","32.48945147679325","78.34645669291339","1.74125","0.008024652930163325","1.0","0.030894762281961332","3","2","2","1.0","1.0"
"lsrB_4~~~lsrB_2~~~lsrB_1","lsrB_4;lsrB_2;;lsrB_1","Autoinducer 2-binding protein LsrB;hypothetical protein","77","55","160","199","32.48945147679325","78.34645669291339","1.74125","0.008024652930163325","1.0","0.030894762281961332","3","2","2","1.0","1.0"
"ygiW_2~~~ygiW_1","ygiW_2;;ygiW_1","Protein YgiW;hypothetical protein","77","55","160","199","32.48945147679325","78.34645669291339","1.74125","0.008024652930163325","1.0","0.030894762281961332","3","2","2","1.0","1.0"
"ybhI_3--sucD_2--group_6456--ddpC--lpd--group_4048--group_3334--dctD~~~dctD_1--ybbH_1~~~murR_1~~~ybbH--group_2674--ddpA--dppD_3~~~dppD_2~~~dppD_1--ldh--sucC_2~~~sucC_3","ybhI_3--sucD_2----;ddpC--lpd--hxlB----dctD;dctD_1--;ybbH_1;murR_1;ybbH--ptsG_2--;ddpA--dppD_3;dppD_2;dppD_1--ldh;--sucC_2;sucC_3;","Inner membrane protein YbhI--Succinate--CoA ligase [ADP-forming] subunit alpha--hypothetical protein--hypothetical protein;putative DD-dipeptide transport system permease protein DdpC--Dihydrolipoyl dehydrogenase--3-hexulose-6-phosphate isomerase--hypothetical protein--C4-dicarboxylate transport transcriptional regulatory protein DctD--hypothetical protein;putative HTH-type transcriptional regulator YbbH;HTH-type transcriptional regulator MurR--PTS system glucose-specific EIICBA component--hypothetical protein;putative DD-dipeptide-binding periplasmic protein DdpA--Dipeptide transport ATP-binding protein DppD--L-lactate dehydrogenase;hypothetical protein--Succinate--CoA ligase [ADP-forming] subunit beta;hypothetical protein","160","199","77","55","67.51054852320675","21.653543307086615","0.574300071787509","0.008024652930163325","1.0","0.030894762281961332","1","1","1","1.0","1.0"
"ndhI_2~~~ndhI_1--hcaF--hcaC--hcaB_3~~~hcaB_2~~~hcaB_1~~~hcaB--hcaD--hcaE_3~~~hcaE_2~~~hcaE_1~~~hcaE--hcaR_1~~~hcaR_2~~~hcaR_3--group_11152--murR_3~~~murR_2~~~murR_1--icsA~~~bmaC~~~icsA_2~~~icsA_1--puuE_1~~~argD_3~~~puuE_2~~~puuE--puuB_1~~~puuB_2~~~puuB_3~~~puuB--ycaM_2~~~ycaM_1~~~ycaM--puuC_1~~~puuC_2~~~puuC_3~~~puuC--sopA--puuA_2~~~puuA_1~~~puuA--dmlA_3~~~dmlA_2~~~dmlA_1~~~dmlA--arsB_2~~~arsB~~~arsB_1--group_8528--curA~~~curA_2~~~curA_1--group_8049--ddpD--puuP~~~puuP_2~~~puuP_1--hyfB_7~~~hyfB_3~~~hyfB_4~~~hyfB_5~~~hyfB_6~~~hyfB_2~~~ndhB_4~~~hyfB~~~hyfB_1--yeaW_3~~~yeaW~~~yeaW_2~~~yeaW_1--ddpF~~~btuD_7--hyfG_1~~~ndhB_2~~~hyfG_2~~~hyfG~~~nuoC_2~~~ndhB_1~~~ndhB_3--group_4973--dosC~~~dosC_2~~~dosC_1~~~dosC_3--puuR_2~~~puuR_1~~~puuR--puuD--glvC~~~glvC_1~~~malP_1~~~glvC_2~~~malP_2~~~malP_3--hyfC_1~~~hyfC_2~~~hyfC--hyfA_5~~~hyfA_1~~~hyfA_2~~~hyfA_3--sfmA--caiT_1~~~caiT_2~~~betL~~~betT1~~~ectT--focB_1~~~focB_2~~~focB--hyfR_1~~~hyfR_2~~~hyfR_3~~~hyfR--group_31","ndhI_2;ndhI_1--hcaF--hcaC--hcaB_3;hcaB_2;hcaB_1;hcaB--hcaD--hcaE_3;hcaE_2;hcaE_1;hcaE--hcaR_1;hcaR_2;hcaR_3----murR_3;murR_2;murR_1--icsA;;bmaC;icsA_2;icsA_1--puuE_1;argD_3;puuE_2;puuE--puuB_1;puuB_2;puuB_3;puuB--ycaM_2;ycaM_1;ycaM--puuC_1;puuC_2;puuC_3;puuC--;sopA--puuA_2;puuA_1;;puuA--dmlA_3;dmlA_2;dmlA_1;dmlA--arsB_2;arsB;arsB_1----curA;curA_2;curA_1----ddpD;--puuP;puuP_2;puuP_1--hyfB_7;hyfB_3;hyfB_4;hyfB_5;hyfB_6;hyfB_2;ndhB_4;hyfB;hyfB_1--yeaW_3;yeaW;yeaW_2;yeaW_1--;ddpF;btuD_7--hyfG_1;ndhB_2;hyfG_2;hyfG;;nuoC_2;ndhB_1;ndhB_3--;mngR_2--dosC;dosC_2;;dosC_1;dosC_3--puuR_2;puuR_1;puuR--puuD--glvC;glvC_1;malP_1;glvC_2;malP_2;;malP_3--hyfC_1;hyfC_2;hyfC--;hyfA_5;hyfA_1;hyfA_2;hyfA_3--sfmA--caiT_1;caiT_2;betL;;betT1;ectT--focB_1;focB_2;;focB--hyfR_1;hyfR_2;hyfR_3;hyfR--","NAD(P)H-quinone oxidoreductase subunit I chloroplastic--3-phenylpropionate/cinnamic acid dioxygenase subunit beta--3-phenylpropionate/cinnamic acid dioxygenase ferredoxin subunit--3-phenylpropionate-dihydrodiol/cinnamic acid-dihydrodiol dehydrogenase--3-phenylpropionate/cinnamic acid dioxygenase ferredoxin--NAD(+) reductase component--3-phenylpropionate/cinnamic acid dioxygenase subunit alpha--Hca operon transcriptional activator HcaR--hypothetical protein--HTH-type transcriptional regulator MurR--Outer membrane protein IcsA autotransporter;hypothetical protein;Adhesin BmaC autotransporter--4-aminobutyrate aminotransferase PuuE;Acetylornithine/succinyldiaminopimelate aminotransferase--Gamma-glutamylputrescine oxidoreductase--Inner membrane transporter YcaM--NADP/NAD-dependent aldehyde dehydrogenase PuuC--hypothetical protein;E3 ubiquitin-protein ligase SopA--Gamma-glutamylputrescine synthetase PuuA;hypothetical protein--D-malate dehydrogenase [decarboxylating]--Arsenical pump membrane protein--hypothetical protein--NADPH-dependent curcumin reductase--hypothetical protein--putative DD-dipeptide transport ATP-binding protein DdpD;hypothetical protein--Putrescine importer PuuP--Hydrogenase-4 component B;NAD(P)H-quinone oxidoreductase subunit 2 chloroplastic--Carnitine monooxygenase oxygenase subunit--hypothetical protein;putative DD-dipeptide transport ATP-binding protein DdpF;Vitamin B12 import ATP-binding protein BtuD--Hydrogenase-4 component G;NAD(P)H-quinone oxidoreductase subunit 2 chloroplastic;hypothetical protein;NADH-quinone oxidoreductase subunit C/D--hypothetical protein;Mannosyl-D-glycerate transport/metabolism system repressor MngR--Diguanylate cyclase DosC;hypothetical protein--HTH-type transcriptional regulator PuuR--Gamma-glutamyl-gamma-aminobutyrate hydrolase PuuD--Phosphotransferase IIC component GlvC;PTS system maltose-specific EIICB component;hypothetical protein--Hydrogenase-4 component C--hypothetical protein;Hydrogenase-4 component A--putative fimbrial-like protein SfmA--L-carnitine/gamma-butyrobetaine antiporter;Glycine betaine transporter BetL;hypothetical protein;Osmo-independent choline transporter BetT1;Ectoine/hydroxyectoine transporter--putative formate transporter 2;hypothetical protein--DNA-binding transcriptional activator HyfR--hypothetical protein","77","55","160","199","32.48945147679325","78.34645669291339","1.74125","0.008024652930163325","1.0","0.030894762281961332","1","1","1","1.0","1.0"
"group_10275","","hypothetical protein","86","123","151","131","36.28691983122363","51.574803149606296","0.6065794432778765","0.008027815073439389","1.0","0.030894762281961332","52","26","32","0.1263470758139213","1.0"
"group_7696","","hypothetical protein","63","42","174","212","26.582278481012654","83.46456692913385","1.8275862068965518","0.008079257900109259","1.0","0.03107199585999325","7","4","4","0.9999999999999998","0.9999999999999998"
"group_101","","hypothetical protein","29","54","208","200","12.236286919831224","78.74015748031496","0.5163817663817664","0.008090391212381478","1.0","0.03109407022625281","16","14","4","0.004180908203124999","0.076812744140625"
"yciC","yciC;","Putative metal chaperone YciC;hypothetical protein","47","28","190","226","19.831223628691983","88.9763779527559","1.9966165413533834","0.008171996980265689","1.0","0.03138678387157341","15","8","11","0.11846923828124997","0.9999999999999997"
"group_3912","","hypothetical protein","86","64","151","190","36.28691983122363","74.80314960629921","1.6908112582781456","0.008218991680062024","1.0","0.03154626300636323","54","32","30","0.2203284941766112","0.49661743531793406"
"group_2203","","hypothetical protein","69","48","168","206","29.11392405063291","81.10236220472441","1.7626488095238095","0.008227902517260563","1.0","0.03155945310180116","27","18","15","0.12207812070846553","0.7011080384254457"
"klcA_1~~~klcA~~~klcA_3~~~klcA_2~~~klcA_5~~~klcA_6","klcA_1;klcA;klcA_3;klcA_2;;klcA_5;klcA_6","Antirestriction protein KlcA;hypothetical protein","118","96","119","158","49.789029535864984","62.20472440944882","1.6320028011204482","0.008293671776723518","1.0","0.031790570340964816","59","43","25","0.0005843646280443461","0.29759520828442887"
"group_6740","","hypothetical protein","159","198","78","56","67.08860759493672","22.04724409448819","0.5765345765345765","0.008311116078127394","1.0","0.031815128944491664","3","2","2","1.0","1.0"
"dcuD_3~~~dcuD_1~~~dcuD_2","dcuD_3;dcuD_1;dcuD_2","Putative cryptic C4-dicarboxylate transporter DcuD","78","56","159","198","32.91139240506329","77.95275590551181","1.7345013477088949","0.008311116078127397","1.0","0.031815128944491664","3","2","2","1.0","1.0"
"group_823","","hypothetical protein","87","65","150","189","36.708860759493675","74.40944881889764","1.6864615384615385","0.008425197909388626","1.0","0.032230435267170156","24","16","17","0.06391465663909912","0.15158963203430173"
"group_3191","","hypothetical protein;IS630 family transposase ISEc40","45","75","192","179","18.9873417721519","70.47244094488188","0.559375","0.00845779109876006","1.0","0.03233366424691761","17","10","12","0.14346313476562497","0.629058837890625"
"nanE_2--ybbH_2~~~ybbH_1--ptsG_2","nanE_2--ybbH_2;ybbH_1--ptsG_2","Putative N-acetylmannosamine-6-phosphate 2-epimerase--putative HTH-type transcriptional regulator YbbH--PTS system glucose-specific EIICBA component","38","21","199","233","16.033755274261605","91.73228346456693","2.1186886815027517","0.008511543726626158","1.0","0.032364856490251746","11","8","5","0.22656250000000003","0.9999999999999997"
"glpG_2~~~glpG_1~~~aarA",";glpG_2;glpG_1;aarA","hypothetical protein;Rhomboid protease GlpG;Rhomboid protease AarA","199","233","38","21","83.96624472573839","8.267716535433072","0.47199006098938334","0.00851154372662616","1.0","0.032364856490251746","12","9","9","0.14599609375000003","0.14599609375000003"
"group_6591","","hypothetical protein","15","4","222","250","6.329113924050633","98.4251968503937","4.222972972972973","0.008538932649032594","1.0","0.032364856490251746","8","7","3","0.0703125","0.7265625000000002"
"group_10043","","hypothetical protein","15","4","222","250","6.329113924050633","98.4251968503937","4.222972972972973","0.008538932649032594","1.0","0.032364856490251746","10","7","4","0.3437499999999999","0.7539062500000002"
"group_6902--group_3123--group_2825","----","hypothetical protein--hypothetical protein--hypothetical protein","15","4","222","250","6.329113924050633","98.4251968503937","4.222972972972973","0.008538932649032594","1.0","0.032364856490251746","8","6","3","0.2890624999999999","0.7265625000000002"
"group_9357","","hypothetical protein","15","4","222","250","6.329113924050633","98.4251968503937","4.222972972972973","0.008538932649032594","1.0","0.032364856490251746","10","8","3","0.10937500000000003","0.3437499999999999"
"group_2597","","hypothetical protein","15","4","222","250","6.329113924050633","98.4251968503937","4.222972972972973","0.008538932649032594","1.0","0.032364856490251746","4","4","2","0.125","1.0"
"group_11317--group_7287","--","hypothetical protein--hypothetical protein","15","4","222","250","6.329113924050633","98.4251968503937","4.222972972972973","0.008538932649032594","1.0","0.032364856490251746","5","3","3","1.0","1.0"
"group_2994--group_2202","--","hypothetical protein--hypothetical protein","70","49","167","205","29.535864978902953","80.70866141732283","1.7536355859709154","0.008560905028708172","1.0","0.03238426344521168","27","17","16","0.24778856337070485","0.44206833839416504"
"intS~~~intS_1~~~intS_5~~~intS_4~~~intS_3~~~intS_2","intS;intS_1;intS_5;intS_4;intS_3;intS_2","Prophage integrase IntS","70","49","167","205","29.535864978902953","80.70866141732283","1.7536355859709154","0.008560905028708172","1.0","0.03238426344521168","42","25","24","0.2799562385289392","0.4407990673425962"
"clpV1~~~clpB_2~~~clpB_5~~~clpV1_1~~~clpV1_2","clpV1;;clpB_2;clpB_5;clpV1_1;clpV1_2","Protein ClpV1;hypothetical protein;Chaperone protein ClpB","112","151","125","103","47.257383966244724","40.55118110236221","0.6111788079470198","0.008580632550887382","1.0","0.03243760436450214","24","17","17","0.06391465663909912","0.06391465663909912"
"group_11686","","hypothetical protein","111","150","126","104","46.835443037974684","40.94488188976378","0.6107936507936508","0.008614709634692894","1.0","0.03254508587418383","23","16","15","0.09313964843749999","0.21003961563110343"
"group_5259","","hypothetical protein","61","94","176","160","25.738396624472575","62.99212598425197","0.5899419729206963","0.008640127554883612","1.0","0.032619735005831055","19","11","12","0.3592834472656249","0.6476058959960938"
"group_9338","iucD","L-lysine N6-monooxygenase","28","13","209","241","11.814345991561181","94.88188976377953","2.4836216415163785","0.008662570444621967","1.0","0.03263882500730986","20","13","11","0.2631759643554687","0.8238029479980463"
"pagN~~~pagN_2","pagN;pagN_2;","Outer membrane protein PagN;hypothetical protein","53","33","184","221","22.362869198312236","87.00787401574803","1.9290184453227932","0.008690644007716589","1.0","0.03263882500730986","30","23","11","0.0052228793501853926","0.20048842206597323"
"group_11554","","hypothetical protein","9","1","228","253","3.79746835443038","99.60629921259843","9.986842105263158","0.008798045804225416","1.0","0.03263882500730986","7","6","1","0.125","0.125"
"group_862","","hypothetical protein","9","1","228","253","3.79746835443038","99.60629921259843","9.986842105263158","0.008798045804225416","1.0","0.03263882500730986","6","5","1","0.21875000000000003","0.21875000000000003"
"group_235","","hypothetical protein","9","1","228","253","3.79746835443038","99.60629921259843","9.986842105263158","0.008798045804225416","1.0","0.03263882500730986","3","2","1","1.0","1.0"
"group_10368","","hypothetical protein","9","1","228","253","3.79746835443038","99.60629921259843","9.986842105263158","0.008798045804225416","1.0","0.03263882500730986","3","2","1","1.0","1.0"
"group_11407--group_9178--group_6909--group_5692--group_4907--group_3420--group_1560--group_780","--------------","hypothetical protein--hypothetical protein--hypothetical protein--hypothetical protein--hypothetical protein--Single-stranded DNA-binding protein--hypothetical protein--hypothetical protein","9","1","228","253","3.79746835443038","99.60629921259843","9.986842105263158","0.008798045804225416","1.0","0.03263882500730986","1","1","1","1.0","1.0"
"group_9751--fldC","--fldC;","hypothetical protein--(R)-phenyllactyl-CoA dehydratase beta subunit;hypothetical protein","228","253","9","1","96.20253164556962","0.39370078740157477","0.10013175230566534","0.008798045804225416","1.0","0.03263882500730986","8","1","7","0.0703125","0.0703125"
"lexA_3--group_5630","lexA_3--","LexA repressor--hypothetical protein","9","1","228","253","3.79746835443038","99.60629921259843","9.986842105263158","0.008798045804225416","1.0","0.03263882500730986","7","6","1","0.125","0.125"
"group_5268--group_5267--group_5242--group_1122--group_753","--------","hypothetical protein--hypothetical protein--hypothetical protein--hypothetical protein--hypothetical protein","9","1","228","253","3.79746835443038","99.60629921259843","9.986842105263158","0.008798045804225416","1.0","0.03263882500730986","3","2","1","1.0","1.0"
"kptA~~~kptA_1~~~kptA_2","kptA;kptA_1;kptA_2","putative RNA 2'-phosphotransferase;RNA 2'-phosphotransferase","228","253","9","1","96.20253164556962","0.39370078740157477","0.10013175230566534","0.008798045804225416","1.0","0.03263882500730986","8","1","7","0.0703125","0.0703125"
"cma--cai","cma--cai","Colicin-M--Colicin-A immunity protein","9","1","228","253","3.79746835443038","99.60629921259843","9.986842105263158","0.008798045804225416","1.0","0.03263882500730986","7","6","1","0.125","0.125"
"group_317","","hypothetical protein","9","1","228","253","3.79746835443038","99.60629921259843","9.986842105263158","0.008798045804225416","1.0","0.03263882500730986","5","4","1","0.375","0.375"
"group_8491","","hypothetical protein","132","111","105","143","55.69620253164557","56.2992125984252","1.6195624195624196","0.008840944577650726","1.0","0.0326744274145243","55","30","38","0.006455803109956637","0.5900533317766368"
"group_6316--group_2123","--","hypothetical protein--hypothetical protein","20","7","217","247","8.438818565400844","97.24409448818898","3.252139565503621","0.008841649048856533","1.0","0.0326744274145243","4","3","2","0.625","1.0"
"group_54","","hypothetical protein","20","7","217","247","8.438818565400844","97.24409448818898","3.252139565503621","0.008841649048856533","1.0","0.0326744274145243","16","12","6","0.076812744140625","0.45449829101562506"
"group_9687","","hypothetical protein","20","7","217","247","8.438818565400844","97.24409448818898","3.252139565503621","0.008841649048856533","1.0","0.0326744274145243","19","13","6","0.16706848144531244","0.16706848144531244"
"group_5026","","hypothetical protein","20","7","217","247","8.438818565400844","97.24409448818898","3.252139565503621","0.008841649048856533","1.0","0.0326744274145243","6","5","4","0.21875000000000003","0.6875000000000002"
"group_7061","","IS4 family transposase IS4;hypothetical protein","62","95","175","159","26.160337552742618","62.59842519685039","0.5929624060150376","0.008890799443665238","1.0","0.03274373508992696","48","20","37","0.00022224496262168714","0.3123268074732695"
"yohK_2--benM~~~oxyR_2--cidA","yohK_2--benM;oxyR_2--cidA;","Inner membrane protein YohK--HTH-type transcriptional regulator BenM;Hydrogen peroxide-inducible genes activator--Holin-like protein CidA;hypothetical protein","157","196","80","58","66.24472573839662","22.83464566929134","0.5807397959183673","0.008892313503424924","1.0","0.03274373508992696","3","2","3","0.25","1.0"
"col~~~pys1","col;pys1;","Colicin-E9;Pyocin-S1;hypothetical protein","157","196","80","58","66.24472573839662","22.83464566929134","0.5807397959183673","0.008892313503424924","1.0","0.03274373508992696","10","6","7","0.3437499999999999","0.7539062500000002"
"group_3656","","hypothetical protein","166","204","71","50","70.042194092827","19.68503937007874","0.5730461198563933","0.0088979195721896","1.0","0.03274373508992696","10","4","6","0.7539062500000002","0.7539062500000002"
"group_5477","","hypothetical protein","53","84","184","170","22.362869198312236","66.92913385826772","0.5829451345755694","0.00890016181889255","1.0","0.03274373508992696","20","17","7","0.002576828002929687","0.2631759643554687"
"group_7143","","hypothetical protein","65","44","172","210","27.42616033755274","82.67716535433071","1.8036469344608879","0.00894714862621513","1.0","0.03289560703452183","47","29","20","0.14386508844054902","0.3816933976632125"
"group_10035","","hypothetical protein","134","173","103","81","56.540084388185655","31.88976377952756","0.6091250911947921","0.009036407843483524","1.0","0.03320260753198376","59","26","42","0.001547166930242524","0.4349928051221534"
"group_10996","","hypothetical protein","23","46","214","208","9.70464135021097","81.88976377952756","0.48598130841121495","0.009065064919926417","1.0","0.033286687428901784","18","12","8","0.23788452148437486","0.8145294189453123"
"group_26","","IS1 family transposase IS1X2;IS1 family transposase IS1R;IS1 family transposase IS1S;hypothetical protein","25","11","212","243","10.548523206751055","95.66929133858267","2.605060034305317","0.009202131970824172","1.0","0.033725550420725586","24","16","10","0.15158963203430173","0.5412561893463136"
"group_8276","","hypothetical protein","25","11","212","243","10.548523206751055","95.66929133858267","2.605060034305317","0.009202131970824172","1.0","0.033725550420725586","27","17","11","0.24778856337070485","0.44206833839416504"
"group_4909","","hypothetical protein","25","11","212","243","10.548523206751055","95.66929133858267","2.605060034305317","0.009202131970824172","1.0","0.033725550420725586","20","17","6","0.002576828002929687","0.11531829833984371"
"insK~~~insK_6~~~insK_2","insK;;insK_6;insK_2","Putative transposase InsK for insertion sequence element IS150;IS3 family transposase IS629;IS3 family transposase IS1203;hypothetical protein","47","77","190","177","19.831223628691983","69.68503937007874","0.5686261107313739","0.009235373755960601","1.0","0.03382587655852152","51","27","26","0.7797679305530749","1.0"
"group_10262","","IS1380 family transposase ISEcp1;hypothetical protein","12","30","225","224","5.063291139240507","88.18897637795276","0.3982222222222222","0.009248698064542073","1.0","0.03385317101084765","25","8","19","0.01463329792022705","0.10775214433670036"
"group_11650","","hypothetical protein","32","16","205","238","13.502109704641349","93.7007874015748","2.321951219512195","0.009263679903742019","1.0","0.03388649406413245","29","18","15","0.26493089646101","0.9999999999999997"
"group_1632","","hypothetical protein","31","57","206","197","13.080168776371309","77.55905511811024","0.5200987906659853","0.009324338925445562","1.0","0.03388724782510201","4","3","3","0.625","0.625"
"group_5950","","hypothetical protein","13","3","224","251","5.485232067510549","98.81889763779527","4.855654761904762","0.009359421814762554","1.0","0.03388724782510201","2","1","2","0.5","1.0"
"group_159","","hypothetical protein","13","3","224","251","5.485232067510549","98.81889763779527","4.855654761904762","0.009359421814762554","1.0","0.03388724782510201","10","9","2","0.021484374999999997","0.10937500000000003"
"ymgC","ymgC","putative protein YmgC","224","251","13","3","94.51476793248945","1.1811023622047243","0.2059454489733374","0.009359421814762554","1.0","0.03388724782510201","7","3","5","0.4531249999999996","0.9999999999999998"
"yicI_1~~~yicI","yicI_1;yicI","Alpha-xylosidase","13","3","224","251","5.485232067510549","98.81889763779527","4.855654761904762","0.009359421814762554","1.0","0.03388724782510201","4","3","2","0.625","1.0"
"ycgZ","ycgZ","putative two-component-system connector protein YcgZ","224","251","13","3","94.51476793248945","1.1811023622047243","0.2059454489733374","0.009359421814762554","1.0","0.03388724782510201","7","3","5","0.4531249999999996","0.9999999999999998"
"group_4889--group_2826--group_2618--tnsE","------tnsE","hypothetical protein--hypothetical protein--hypothetical protein--Transposon Tn7 transposition protein TnsE","13","3","224","251","5.485232067510549","98.81889763779527","4.855654761904762","0.009359421814762554","1.0","0.03388724782510201","8","8","1","0.0078125","0.0703125"
"group_8311","","hypothetical protein","13","3","224","251","5.485232067510549","98.81889763779527","4.855654761904762","0.009359421814762554","1.0","0.03388724782510201","7","5","3","0.4531249999999996","0.9999999999999998"
"btuD_2--group_3458--mshA_2","btuD_2----mshA_2","Vitamin B12 import ATP-binding protein BtuD--hypothetical protein--D-inositol-3-phosphate glycosyltransferase","13","3","224","251","5.485232067510549","98.81889763779527","4.855654761904762","0.009359421814762554","1.0","0.03388724782510201","9","7","3","0.17968750000000003","0.5078125"
"yokD","yokD;","SPbeta prophage-derived aminoglycoside N(3')-acetyltransferase-like protein YokD;hypothetical protein","20","42","217","212","8.438818565400844","83.46456692913385","0.4652183454026772","0.009368225195655833","1.0","0.03388724782510201","27","8","22","0.0015137195587158203","0.05223898589611053"
"group_7675","","hypothetical protein","27","51","210","203","11.39240506329114","79.92125984251969","0.5117647058823529","0.0094125007509827","1.0","0.03388724782510201","13","9","5","0.26684570312499983","0.5810546875"
"group_10744","","hypothetical protein","39","22","198","232","16.455696202531644","91.33858267716536","2.077134986225895","0.009422594668454212","1.0","0.03388724782510201","22","12","15","0.13380050659179688","0.831811904907225"
"group_10213","","hypothetical protein","39","22","198","232","16.455696202531644","91.33858267716536","2.077134986225895","0.009422594668454212","1.0","0.03388724782510201","34","25","13","0.009041185490787033","0.22948101302608842"
"group_9588--dasR~~~nagR_2--group_6445--group_6107--yicJ_2~~~yicJ_1~~~yagG--RBKS_3~~~yihV_1~~~rbsK_2--group_2700--group_1103","--dasR;nagR_2------yicJ_2;yicJ_1;yagG;--RBKS_3;yihV_1;rbsK_2----","hypothetical protein--HTH-type transcriptional repressor DasR;HTH-type transcriptional repressor NagR--hypothetical protein--hypothetical protein--Inner membrane symporter YicJ;Putative glycoside/cation symporter YagG;hypothetical protein--Ribokinase;Sulfofructose kinase--hypothetical protein--hypothetical protein","39","22","198","232","16.455696202531644","91.33858267716536","2.077134986225895","0.009422594668454212","1.0","0.03388724782510201","13","9","8","0.26684570312499983","0.5810546875"
"group_11618","","hypothetical protein","39","22","198","232","16.455696202531644","91.33858267716536","2.077134986225895","0.009422594668454212","1.0","0.03388724782510201","26","18","9","0.0755186975002289","0.16863754391670224"
"agaS_2~~~kbaZ_2","agaS_2;kbaZ_2","D-galactosamine-6-phosphate deaminase AgaS;D-tagatose-16-bisphosphate aldolase subunit KbaZ","36","19","201","235","15.18987341772152","92.51968503937007","2.2152395915161036","0.0094634626877734","1.0","0.034013006480681826","11","6","10","0.011718750000000002","0.9999999999999997"
"group_10687","","hypothetical protein","22","9","215","245","9.282700421940929","96.45669291338582","2.785529715762274","0.009501070523699645","1.0","0.03406322858776645","12","8","4","0.3876953125000001","0.3876953125000001"
"group_9091","","hypothetical protein","22","9","215","245","9.282700421940929","96.45669291338582","2.785529715762274","0.009501070523699645","1.0","0.03406322858776645","15","11","5","0.11846923828124997","0.30175781250000017"
"group_2159","","hypothetical protein","22","9","215","245","9.282700421940929","96.45669291338582","2.785529715762274","0.009501070523699645","1.0","0.03406322858776645","13","11","5","0.022460937500000003","0.5810546875"
"bshA~~~mshA_2~~~glgM","bshA;mshA_2;glgM","N-acetyl-alpha-D-glucosaminyl L-malate synthase;D-inositol 3-phosphate glycosyltransferase;Alpha-maltose-1-phosphate synthase;D-inositol-3-phosphate glycosyltransferase","22","9","215","245","9.282700421940929","96.45669291338582","2.785529715762274","0.009501070523699645","1.0","0.03406322858776645","12","10","6","0.038574218750000014","1.0"
"group_9281","","hypothetical protein","10","27","227","227","4.219409282700422","89.37007874015748","0.37037037037037035","0.009515568325747861","1.0","0.03407282695524001","15","8","8","0.9999999999999997","0.9999999999999997"
"group_5601","","IS3 family transposase IS2","10","27","227","227","4.219409282700422","89.37007874015748","0.37037037037037035","0.009515568325747861","1.0","0.03407282695524001","22","9","13","0.5234670639038081","0.5234670639038081"
"group_10851","","hypothetical protein","78","113","159","141","32.91139240506329","55.51181102362205","0.6121222240774754","0.00952870000365533","1.0","0.03409866885231098","23","15","17","0.03468966484069824","0.21003961563110343"
"group_4521","traY","Relaxosome protein TraY","49","30","188","224","20.675105485232066","88.18897637795276","1.9460992907801418","0.009589073528151576","1.0","0.03429342983237831","34","20","18","0.39152830513194264","0.8641662404406815"
"smrA",";smrA","hypothetical protein;putative DNA endonuclease SmrA","226","252","11","2","95.35864978902954","0.7874015748031495","0.16305916305916307","0.009647267113673759","1.0","0.03430999069113462","2","1","2","0.5","1.0"
"group_11788--group_4712","--","hypothetical protein--hypothetical protein","11","2","226","252","4.641350210970464","99.21259842519686","6.132743362831858","0.009647267113673759","1.0","0.03430999069113462","8","7","2","0.0703125","0.2890624999999999"
"bluF_2~~~bluF_1~~~bluF","bluF_2;bluF_1;bluF","Blue light- and temperature-regulated antirepressor BluF","226","252","11","2","95.35864978902954","0.7874015748031495","0.16305916305916307","0.009647267113673759","1.0","0.03430999069113462","4","2","3","0.625","1.0"
"group_3075","hsdS","Type-1 restriction enzyme EcoKI specificity protein","11","2","226","252","4.641350210970464","99.21259842519686","6.132743362831858","0.009647267113673759","1.0","0.03430999069113462","2","2","1","0.5","1.0"
"group_8582","","hypothetical protein","11","2","226","252","4.641350210970464","99.21259842519686","6.132743362831858","0.009647267113673759","1.0","0.03430999069113462","11","9","2","0.06542968749999997","0.06542968749999997"
"group_10162--group_1576","--","hypothetical protein--hypothetical protein","11","2","226","252","4.641350210970464","99.21259842519686","6.132743362831858","0.009647267113673759","1.0","0.03430999069113462","3","3","1","0.25","1.0"
"group_8213","","hypothetical protein","11","2","226","252","4.641350210970464","99.21259842519686","6.132743362831858","0.009647267113673759","1.0","0.03430999069113462","8","6","2","0.2890624999999999","0.2890624999999999"
"dgoA_1--group_7783--group_5168--group_2594--group_1462--dgoK1_2~~~dgoK1_1","dgoA_1--xynR--------dgoK1_2;;dgoK1_1","2-dehydro-3-deoxy-6-phosphogalactonate aldolase--HTH-type transcriptional regulator XynR--hypothetical protein--hypothetical protein--hypothetical protein--putative 2-dehydro-3-deoxygalactonokinase DgoK1;hypothetical protein","154","193","83","61","64.9789029535865","24.015748031496063","0.5864286160184781","0.009782573965705862","1.0","0.03466290037633331","9","6","6","0.5078125","0.5078125"
"ygbT","ygbT","CRISPR-associated endonuclease Cas1","67","46","170","208","28.270042194092827","81.88976377952756","1.7820971867007673","0.00984761958150108","1.0","0.03487194526250229","10","7","7","0.3437499999999999","0.3437499999999999"
"group_11662","","hypothetical protein","5","18","232","236","2.109704641350211","92.91338582677166","0.2825670498084291","0.009889782310206702","1.0","0.03495333860701873","13","3","11","0.022460937500000003","0.09228515625000003"
"group_11655","","hypothetical protein;IS3 family transposase ISEc17;IS3 family transposase ISEc16","5","18","232","236","2.109704641350211","92.91338582677166","0.2825670498084291","0.009889782310206702","1.0","0.03495333860701873","18","4","15","0.007537841796875001","0.0308837890625"
"group_8837","","hypothetical protein","5","18","232","236","2.109704641350211","92.91338582677166","0.2825670498084291","0.009889782310206702","1.0","0.03495333860701873","17","5","12","0.14346313476562497","0.14346313476562497"
"group_10434",";insK","IS3 family transposase ISEc52;Putative transposase InsK for insertion sequence element IS150;hypothetical protein;IS3 family transposase ISLad1;IS3 family transposase IS911","42","70","195","184","17.72151898734177","72.44094488188976","0.5661538461538461","0.009921671119589765","1.0","0.03495333860701873","28","18","14","0.18493334203958517","1.0"
"group_5292--rbsC_4--araG_2~~~araG_1~~~mglA_4~~~mglA_3~~~xylG_2~~~mglA_2~~~rbsA_1~~~rbsA_3--group_2686--rbsB_1~~~rbsB_2--group_577","--rbsC_4--araG_2;araG_1;mglA_4;mglA_3;xylG_2;mglA_2;rbsA_1;rbsA_3----rbsB_1;;rbsB_2--","Tagatose kinase--Ribose import permease protein RbsC--Arabinose import ATP-binding protein AraG;Galactose/methyl galactoside import ATP-binding protein MglA;Xylose import ATP-binding protein XylG;Ribose import ATP-binding protein RbsA--Tagatose kinase--Ribose import binding protein RbsB;hypothetical protein--hypothetical protein","163","201","74","53","68.77637130801688","20.866141732283463","0.5808121554390211","0.00993123480282683","1.0","0.03495333860701873","5","3","3","1.0","1.0"
"group_3217","","hypothetical protein","32","58","205","196","13.502109704641349","77.16535433070865","0.527502102607233","0.009976484249322043","1.0","0.0350911724815995","3","2","3","0.25","1.0"
"group_11720","","hypothetical protein","81","116","156","138","34.177215189873415","54.330708661417326","0.6177055702917772","0.010015946687345135","1.0","0.035208495519844334","47","27","26","0.3816933976632125","0.5600646295802097"
"group_9193","","hypothetical protein","57","89","180","165","24.050632911392405","64.96062992125984","0.5870786516853933","0.010083662238950148","1.0","0.03542493163165607","45","23","23","0.9999999999999994","0.9999999999999994"
"group_6810","","hypothetical protein","29","14","208","240","12.236286919831224","94.48818897637796","2.39010989010989","0.010178818503435046","1.0","0.035715696087829","25","18","8","0.04328525066375736","0.10775214433670036"
"group_6805","","hypothetical protein;IS66 family transposase IS682;IS66 family transposase ISEc23","29","14","208","240","12.236286919831224","94.48818897637796","2.39010989010989","0.010178818503435046","1.0","0.035715696087829","29","18","14","0.26493089646101","0.9999999999999997"
"group_6715","","hypothetical protein","75","54","162","200","31.645569620253166","78.74015748031496","1.7146776406035664","0.01028249549686377","1.0","0.03605753439137448","4","2","3","0.625","1.0"
"group_2933--group_1936","--","hypothetical protein--hypothetical protein","154","192","83","62","64.9789029535865","24.409448818897637","0.5991465863453815","0.010298294399319697","1.0","0.036069056629452034","10","7","7","0.3437499999999999","0.3437499999999999"
"group_10943","","hypothetical protein","68","47","169","207","28.691983122362867","81.49606299212599","1.7721264006043056","0.01030926338045371","1.0","0.03608555154117525","23","15","13","0.21003961563110343","0.6776394844055175"
"group_5487","","hypothetical protein","50","31","187","223","21.09704641350211","87.79527559055119","1.9234086596515438","0.01033345656783118","1.0","0.036148287083462835","12","9","6","0.14599609375000003","1.0"
"group_8432","","hypothetical protein","40","23","197","231","16.877637130801688","90.94488188976378","2.0392849260648864","0.010373587411230527","1.0","0.03620080594778692","33","20","16","0.29620636859908717","0.9999999999999999"
"group_6257","","hypothetical protein","40","23","197","231","16.877637130801688","90.94488188976378","2.0392849260648864","0.010373587411230527","1.0","0.03620080594778692","20","12","13","0.2631759643554687","0.5034446716308595"
"group_9308--group_9255","--","hypothetical protein--hypothetical protein","40","23","197","231","16.877637130801688","90.94488188976378","2.0392849260648864","0.010373587411230527","1.0","0.03620080594778692","33","20","16","0.29620636859908717","0.9999999999999999"
"cbtA_2~~~cbtA_4~~~cbtA_1~~~cbtA_3~~~cbtA","cbtA_2;cbtA_4;cbtA_1;cbtA_3;cbtA;","Cytoskeleton-binding toxin CbtA;hypothetical protein","58","90","179","164","24.47257383966245","64.56692913385827","0.5904407200496586","0.010386673746605596","1.0","0.03620264458838045","42","30","22","0.007915897334896728","0.8776143287523163"
"group_7009","","hypothetical protein","58","90","179","164","24.47257383966245","64.56692913385827","0.5904407200496586","0.010386673746605596","1.0","0.03620264458838045","28","13","19","0.08715855330228804","0.8505540192127226"
"iucD~~~iucD_2~~~iucD_1","iucD;iucD_2;iucD_1","L-lysine N6-monooxygenase","86","122","151","132","36.28691983122363","51.96850393700787","0.6162197372706546","0.01043598685101223","1.0","0.03620825981401038","24","16","12","0.15158963203430173","1.0"
"cbeA_1~~~cbeA_2~~~cbeA_4~~~cbeA","cbeA_1;cbeA_2;cbeA_4;cbeA","Cytoskeleton bundling-enhancing antitoxin CbeA","45","27","192","227","18.9873417721519","89.37007874015748","1.9704861111111112","0.010492076812274057","1.0","0.03620825981401038","32","21","16","0.11018416518345472","1.0"
"group_11145--group_3819--iucA_1~~~iucA_2~~~iucA--iucC_1~~~iucC","iucB_1;iucB_2;iucB----iucA_1;iucA_2;iucA--iucC_1;iucC","N(6)-hydroxylysine O-acetyltransferase--hypothetical protein--N(2)-citryl-N(6)-acetyl-N(6)-hydroxylysine synthase--Aerobactin synthase","87","123","150","131","36.708860759493675","51.574803149606296","0.6177235772357723","0.010542948811995795","1.0","0.03620825981401038","23","15","12","0.21003961563110343","0.9999999999999998"
"group_6515--group_3071","--","hypothetical protein--hypothetical protein","87","123","150","131","36.708860759493675","51.574803149606296","0.6177235772357723","0.010542948811995795","1.0","0.03620825981401038","19","13","9","0.16706848144531244","1.0"
"group_9547","","hypothetical protein","84","63","153","191","35.44303797468354","75.19685039370079","1.6644880174291938","0.010553397652085215","1.0","0.03620825981401038","58","33","33","0.3581433018061377","0.3581433018061377"
"group_5687","","hypothetical protein","18","6","219","248","7.59493670886076","97.63779527559055","3.3972602739726026","0.010571697295390144","1.0","0.03620825981401038","16","10","6","0.45449829101562506","0.45449829101562506"
"pal_1~~~pal_2~~~pal_3--group_8563--hcp1--group_6505--group_447","pal_1;pal_2;pal_3----hcp1----","Peptidoglycan-associated lipoprotein--hypothetical protein--Protein hcp1--hypothetical protein--hypothetical protein","18","6","219","248","7.59493670886076","97.63779527559055","3.3972602739726026","0.010571697295390144","1.0","0.03620825981401038","10","7","4","0.3437499999999999","0.7539062500000002"
"mbeC","mbeC","Mobilization protein MbeC","18","6","219","248","7.59493670886076","97.63779527559055","3.3972602739726026","0.010571697295390144","1.0","0.03620825981401038","18","12","6","0.23788452148437486","0.23788452148437486"
"group_3561","","hypothetical protein","18","6","219","248","7.59493670886076","97.63779527559055","3.3972602739726026","0.010571697295390144","1.0","0.03620825981401038","17","14","5","0.012725830078125003","0.14346313476562497"
"group_8337","","hypothetical protein","18","6","219","248","7.59493670886076","97.63779527559055","3.3972602739726026","0.010571697295390144","1.0","0.03620825981401038","16","10","6","0.45449829101562506","0.45449829101562506"
"group_3074","","hypothetical protein","18","6","219","248","7.59493670886076","97.63779527559055","3.3972602739726026","0.010571697295390144","1.0","0.03620825981401038","10","7","4","0.3437499999999999","0.7539062500000002"
"group_7981","","hypothetical protein","18","6","219","248","7.59493670886076","97.63779527559055","3.3972602739726026","0.010571697295390144","1.0","0.03620825981401038","9","7","5","0.17968750000000003","1.0"
"arsD--arsA","arsD--arsA","Arsenical resistance operon trans-acting repressor ArsD--Arsenical pump-driving ATPase","18","6","219","248","7.59493670886076","97.63779527559055","3.3972602739726026","0.010571697295390144","1.0","0.03620825981401038","5","3","4","0.375","1.0"
"group_9439","","hypothetical protein","33","17","204","237","13.924050632911392","93.30708661417323","2.2551903114186853","0.010618358706334834","1.0","0.03620825981401038","22","15","11","0.13380050659179688","1.0"
"group_8321","","hypothetical protein","33","17","204","237","13.924050632911392","93.30708661417323","2.2551903114186853","0.010618358706334834","1.0","0.03620825981401038","9","6","6","0.5078125","0.5078125"
"aglB_1~~~aglB_2~~~aglB_3~~~aglB~~~aglB_4","aglB_1;aglB_2;aglB_3;aglB;aglB_4","6-phospho-alpha-glucosidase","76","55","161","199","32.06751054852321","78.34645669291339","1.7079616036137775","0.010636866677099068","1.0","0.03620825981401038","2","1","2","0.5","1.0"
"cynR_3~~~hdfR_7~~~cynR_2--cynS--cynT","cynR_3;hdfR_7;cynR_2--cynS--cynT","HTH-type transcriptional regulator CynR;HTH-type transcriptional regulator HdfR--Cyanate hydratase--Carbonic anhydrase 1","76","55","161","199","32.06751054852321","78.34645669291339","1.7079616036137775","0.010636866677099068","1.0","0.03620825981401038","2","1","2","0.5","1.0"
"mcbR~~~mcbR_1~~~mcbR_2","mcbR;mcbR_1;mcbR_2","HTH-type transcriptional regulator McbR","76","55","161","199","32.06751054852321","78.34645669291339","1.7079616036137775","0.010636866677099068","1.0","0.03620825981401038","2","1","2","0.5","1.0"
"lsrK_5~~~lsrK_4~~~lsrK_3~~~lsrK_2~~~lsrK_1--hyfE_1~~~hyfE~~~hyfE_2--lsrC_2~~~lsrC_1~~~lsrC--lsrD_2~~~lsrD_1","lsrK_5;lsrK_4;lsrK_3;lsrK_2;lsrK_1--hyfE_1;;hyfE;hyfE_2--lsrC_2;lsrC_1;lsrC--lsrD_2;lsrD_1","Autoinducer-2 kinase--Hydrogenase-4 component E;hypothetical protein--Autoinducer 2 import system permease protein LsrC--Autoinducer 2 import system permease protein LsrD","76","55","161","199","32.06751054852321","78.34645669291339","1.7079616036137775","0.010636866677099068","1.0","0.03620825981401038","2","1","2","0.5","1.0"
"yeaX_2~~~yeaX~~~yeaX_1","yeaX_2;yeaX;yeaX_1","Carnitine monooxygenase reductase subunit","76","55","161","199","32.06751054852321","78.34645669291339","1.7079616036137775","0.010636866677099068","1.0","0.03620825981401038","2","1","2","0.5","1.0"
"thiH_2~~~thiH_1~~~thiH","thiH_2;thiH_1;thiH","2-iminoacetate synthase","76","55","161","199","32.06751054852321","78.34645669291339","1.7079616036137775","0.010636866677099068","1.0","0.03620825981401038","5","2","4","0.375","1.0"
"group_8279--ddpB_1~~~ddpB_2~~~ddpB--ddpX~~~ddpX_1~~~ddpX_2--ddpA_1~~~ddpA_2~~~ddpA_3~~~ddpA",";ddpC--ddpB_1;ddpB_2;ddpB--ddpX;ddpX_1;ddpX_2--ddpA_1;ddpA_2;ddpA_3;;ddpA","hypothetical protein;putative DD-dipeptide transport system permease protein DdpC--putative DD-dipeptide transport system permease protein DdpB--D-alanyl-D-alanine dipeptidase--putative DD-dipeptide-binding periplasmic protein DdpA;hypothetical protein","76","55","161","199","32.06751054852321","78.34645669291339","1.7079616036137775","0.010636866677099068","1.0","0.03620825981401038","2","1","2","0.5","1.0"
"group_10786--group_10576","yraI--","putative fimbrial chaperone YraI--hypothetical protein","33","59","204","195","13.924050632911392","76.77165354330708","0.5346460618145563","0.01064635334620916","1.0","0.03620825981401038","4","2","4","0.125","1.0"
"rhsA~~~rhsB~~~rhsA_2","rhsA;;rhsB;rhsA_2","putative deoxyribonuclease RhsA;hypothetical protein;putative deoxyribonuclease RhsB","37","20","200","234","15.611814345991561","92.1259842519685","2.1645","0.010658355057133672","1.0","0.03620825981401038","18","12","11","0.23788452148437486","0.48068237304687483"
"group_8937","","hypothetical protein","37","20","200","234","15.611814345991561","92.1259842519685","2.1645","0.010658355057133672","1.0","0.03620825981401038","8","4","6","0.2890624999999999","1.0"
"group_11292","","hypothetical protein","18","38","219","216","7.59493670886076","85.03937007874016","0.4671953857245854","0.010693952204815407","1.0","0.03630779414650225","18","13","7","0.09625244140624999","0.48068237304687483"
"clpV1","clpV1;","Protein ClpV1;hypothetical protein","121","159","116","95","51.0548523206751","37.40157480314961","0.6232379093472132","0.01072613361206943","1.0","0.03639562111452635","23","14","15","0.21003961563110343","0.4048728942871095"
"group_6721","","hypothetical protein","166","149","71","105","70.042194092827","41.338582677165356","1.6476037432649588","0.010909382539090986","1.0","0.036914025305356576","34","20","23","0.05761267291381961","0.39152830513194264"
"group_11156","","hypothetical protein","91","127","146","127","38.39662447257383","50.0","0.6232876712328768","0.01095385235662563","1.0","0.036914025305356576","60","30","37","0.0924609810729238","1.0"
"lsrF_4~~~lsrF_3~~~lsrF_2~~~lsrF_1~~~lsrF--lsrG~~~lsrG_2~~~lsrG_1","lsrF_4;lsrF_3;lsrF_2;lsrF_1;lsrF--lsrG;lsrG_2;lsrG_1","3-hydroxy-5-phosphonooxypentane-24-dione thiolase--(4S)-4-hydroxy-5-phosphonooxypentane-23-dione isomerase","77","56","160","198","32.48945147679325","77.95275590551181","1.7015625","0.010994168508117474","1.0","0.036914025305356576","4","2","3","0.625","1.0"
"group_8246","","hypothetical protein","160","198","77","56","67.51054852320675","22.04724409448819","0.5876951331496786","0.010994168508117474","1.0","0.036914025305356576","2","2","1","0.5","1.0"
"group_6937","","hypothetical protein","77","56","160","198","32.48945147679325","77.95275590551181","1.7015625","0.010994168508117474","1.0","0.036914025305356576","2","1","2","0.5","1.0"
"sucA_1~~~sucA_2--sucB_1~~~sucB_2~~~odhB",";sucA_1;sucA_2--sucB_1;sucB_2;odhB","hypothetical protein;2-oxoglutarate dehydrogenase E1 component--Dihydrolipoyllysine-residue succinyltransferase component of 2-oxoglutarate dehydrogenase complex","160","198","77","56","67.51054852320675","22.04724409448819","0.5876951331496786","0.010994168508117474","1.0","0.036914025305356576","2","2","1","0.5","1.0"
"tfaE_1~~~tfaE_2~~~tfaE","tfaE_1;tfaE_2;tfaE;","Prophage tail fiber assembly protein TfaE;hypothetical protein","77","56","160","198","32.48945147679325","77.95275590551181","1.7015625","0.010994168508117474","1.0","0.036914025305356576","46","25","31","0.025896081793234778","0.6587380770236559"
"glcR_1--tabA_1--dtnK--adh1--group_5030--group_4936--group_3448--dapA_2~~~dapA_1--group_691","glcR_1;--tabA_1--dtnK;--adh1--pdxA2------dapA_2;;dapA_1--","HTH-type transcriptional repressor GlcR;hypothetical protein--Toxin-antitoxin biofilm protein TabA--D-threonate kinase;hypothetical protein--Long-chain-alcohol dehydrogenase 1--D-threonate 4-phosphate dehydrogenase--hypothetical protein--hypothetical protein--4-hydroxy-tetrahydrodipicolinate synthase;hypothetical protein--hypothetical protein","160","198","77","56","67.51054852320675","22.04724409448819","0.5876951331496786","0.010994168508117474","1.0","0.036914025305356576","4","3","2","0.625","1.0"
"group_7715","","hypothetical protein","29","53","208","201","12.236286919831224","79.13385826771653","0.528755442670537","0.011081959347508259","1.0","0.03718713366611473","20","15","6","0.04138946533203125","0.11531829833984371"
"group_15793","","IS1 family transposase IS1A;hypothetical protein","4","16","233","238","1.6877637130801686","93.7007874015748","0.2553648068669528","0.01113145829143278","1.0","0.03730980061052905","16","4","13","0.021270751953125","0.076812744140625"
"group_3241","","IS1 family transposase IS1A","4","16","233","238","1.6877637130801686","93.7007874015748","0.2553648068669528","0.01113145829143278","1.0","0.03730980061052905","17","4","13","0.049041748046874986","0.049041748046874986"
"group_10696","","hypothetical protein","144","125","93","129","60.75949367088608","50.78740157480315","1.5979354838709678","0.01114862530502706","1.0","0.03734562747442243","38","24","23","0.14330665429588418","0.2558750795433297"
"group_8437","","hypothetical protein","125","104","112","150","52.742616033755276","59.055118110236215","1.6097184065934067","0.011186224470449571","1.0","0.037449816534344815","31","22","13","0.029449373483657858","0.4731296598911284"
"group_5372","","hypothetical protein","142","123","95","131","59.91561181434599","51.574803149606296","1.5919554985023534","0.011335888412698192","1.0","0.03788942094320526","14","9","9","0.4239501953124999","0.4239501953124999"
"imm~~~imm_2","imm;imm_2","Colicin-E7 immunity protein","95","131","142","123","40.08438818565401","48.4251968503937","0.6281582625524137","0.011335888412698192","1.0","0.03788942094320526","37","28","13","0.002563207992352546","0.09887174959294497"
"group_8463","","hypothetical protein","1","10","236","244","0.42194092827004215","96.06299212598425","0.10338983050847457","0.011356967803965081","1.0","0.03788942094320526","5","1","4","0.375","0.375"
"mdtL_1","mdtL_1","Multidrug resistance protein MdtL","1","10","236","244","0.42194092827004215","96.06299212598425","0.10338983050847457","0.011356967803965081","1.0","0.03788942094320526","6","1","5","0.21875000000000003","0.21875000000000003"
"group_8996","","hypothetical protein","1","10","236","244","0.42194092827004215","96.06299212598425","0.10338983050847457","0.011356967803965081","1.0","0.03788942094320526","10","1","9","0.021484374999999997","0.021484374999999997"
"group_8643","","hypothetical protein","1","10","236","244","0.42194092827004215","96.06299212598425","0.10338983050847457","0.011356967803965081","1.0","0.03788942094320526","6","1","5","0.21875000000000003","0.21875000000000003"
"group_6735","","hypothetical protein","69","49","168","205","29.11392405063291","80.70866141732283","1.7182944606413995","0.011410682180249244","1.0","0.03804660657555633","7","6","5","0.125","0.4531249999999996"
"group_5243","","hypothetical protein","63","43","174","211","26.582278481012654","83.07086614173228","1.7766639935846031","0.011431671934846873","1.0","0.03809455994473539","8","4","5","0.7265625000000002","1.0"
"dinG_2~~~dinG_7~~~dinG_6~~~dinG_3~~~dinG_1~~~dinG_5~~~dinG_4~~~dinG","dinG_2;dinG_7;dinG_6;dinG_3;dinG_1;dinG_5;dinG_4;dinG","ATP-dependent DNA helicase DinG","216","246","21","8","91.13924050632912","3.149606299212598","0.3344947735191638","0.01155148737824159","1.0","0.03837433030685122","4","3","3","0.625","0.625"
"group_11563","","hypothetical protein","21","8","216","246","8.860759493670885","96.8503937007874","2.9895833333333335","0.011551487378241592","1.0","0.03837433030685122","19","12","7","0.3592834472656249","0.3592834472656249"
"group_6711","","hypothetical protein","21","8","216","246","8.860759493670885","96.8503937007874","2.9895833333333335","0.011551487378241592","1.0","0.03837433030685122","12","8","5","0.3876953125000001","0.7744140625000003"
"group_6321","","hypothetical protein","21","8","216","246","8.860759493670885","96.8503937007874","2.9895833333333335","0.011551487378241592","1.0","0.03837433030685122","16","10","8","0.45449829101562506","1.0"
"mshA_4~~~mshA_1",";mshA_4;mshA_1","hypothetical protein;D-inositol-3-phosphate glycosyltransferase","23","10","214","244","9.70464135021097","96.06299212598425","2.622429906542056","0.011654890930161881","1.0","0.03837433030685122","13","10","6","0.09228515625000003","0.9999999999999999"
"group_187","","hypothetical protein","23","10","214","244","9.70464135021097","96.06299212598425","2.622429906542056","0.011654890930161881","1.0","0.03837433030685122","18","9","10","0.8145294189453123","1.0"
"group_9270","vapC_1","tRNA(fMet)-specific endonuclease VapC","9","25","228","229","3.79746835443038","90.15748031496062","0.36157894736842106","0.011783654782030877","1.0","0.03837433030685122","12","7","6","0.7744140625000003","1.0"
"group_9269","","hypothetical protein","9","25","228","229","3.79746835443038","90.15748031496062","0.36157894736842106","0.011783654782030877","1.0","0.03837433030685122","13","7","6","0.9999999999999999","0.9999999999999999"
"group_11776--group_8514","--","hypothetical protein--hypothetical protein","30","15","207","239","12.658227848101266","94.09448818897637","2.3091787439613527","0.011803270891055555","1.0","0.03837433030685122","25","19","9","0.01463329792022705","0.22952294349670388"
"group_3837","","hypothetical protein","30","15","207","239","12.658227848101266","94.09448818897637","2.3091787439613527","0.011803270891055555","1.0","0.03837433030685122","26","15","13","0.5571970939636235","1.0"
"group_8000--group_346--yhcR~~~nucH","----;yhcR;nucH","hypothetical protein--hypothetical protein--hypothetical protein;Endonuclease YhcR;Thermonuclease","30","15","207","239","12.658227848101266","94.09448818897637","2.3091787439613527","0.011803270891055555","1.0","0.03837433030685122","25","19","9","0.01463329792022705","0.22952294349670388"
"cspE_1~~~cspG_2","cspE_1;cspG_2","Cold shock-like protein CspE;Cold shock-like protein CspG","52","33","185","221","21.940928270042196","87.00787401574803","1.8823914823914825","0.01188909811173458","1.0","0.03837433030685122","40","22","22","0.6358280026288411","0.6358280026288411"
"group_11186","","hypothetical protein","26","49","211","205","10.970464135021098","80.70866141732283","0.5155237450430409","0.011908130481958561","1.0","0.03837433030685122","20","12","10","0.5034446716308595","1.0"
"intA_4~~~intA_5~~~intA_3~~~intA_2~~~intA_1","intA_4;intA_5;;intA_3;intA_2;intA_1","Prophage integrase IntA;hypothetical protein","76","110","161","144","32.06751054852321","56.69291338582677","0.6179559570863918","0.011929897925302642","1.0","0.03837433030685122","17","12","13","0.049041748046874986","0.14346313476562497"
"group_11421--group_8168--group_7232--gpFI_2--group_6356--group_5922--group_5904--group_5728--group_5310--group_4836--group_4137--group_4136--group_4049--group_3861--group_3589--group_2932--group_2856--group_1822--group_1820--group_660","------;gpFI_2--------------------------------","hypothetical protein--hypothetical protein--hypothetical protein--hypothetical protein;Putative prophage major tail sheath protein--hypothetical protein--hypothetical protein--hypothetical protein--hypothetical protein--hypothetical protein--hypothetical protein--hypothetical protein--hypothetical protein--hypothetical protein--hypothetical protein--hypothetical protein--hypothetical protein--hypothetical protein--hypothetical protein--hypothetical protein--hypothetical protein","35","61","202","193","14.767932489451477","75.98425196850394","0.5482064599902613","0.012036330958927236","1.0","0.03837433030685122","4","3","4","0.125","0.625"
"group_1937","","hypothetical protein","34","18","203","236","14.345991561181433","92.91338582677166","2.1959496442255064","0.012053343875196926","1.0","0.03837433030685122","10","7","7","0.3437499999999999","0.3437499999999999"
"group_8224","","hypothetical protein","34","18","203","236","14.345991561181433","92.91338582677166","2.1959496442255064","0.012053343875196926","1.0","0.03837433030685122","31","21","14","0.0707555459812284","0.7201001318171611"
"group_11057","","hypothetical protein","19","39","218","215","8.016877637130802","84.64566929133859","0.4804751823100447","0.012074082221586116","1.0","0.03837433030685122","12","8","5","0.3876953125000001","0.7744140625000003"
"group_11677","pemI","Antitoxin PemI","3","14","234","240","1.2658227848101267","94.48818897637796","0.21978021978021978","0.012113335364271144","1.0","0.03837433030685122","7","3","4","0.9999999999999998","0.9999999999999998"
"group_12056","","hypothetical protein","6","0","231","254","2.5316455696202533","100.0","inf","0.012235352639465225","1.0","0.03837433030685122","5","5","0","0.0625","0.0625"
"group_3756--group_2950","ecoRIIR--dcm_2","Type-2 restriction enzyme EcoRII--DNA-cytosine methyltransferase","6","0","231","254","2.5316455696202533","100.0","inf","0.012235352639465225","1.0","0.03837433030685122","3","3","0","0.25","0.25"
"group_12082--group_7670--golD--group_5877--cra_3--group_4239--group_3944--group_3838--group_2839--araB_2--group_2381--group_2318--group_1596--group_1468","----golD--nanA_2--cra_3--------nanT_2--araB_2--------","hypothetical protein--hypothetical protein--NAD-dependent glycerol dehydrogenase--N-acetylneuraminate lyase--Catabolite repressor/activator--L-talarate/galactarate dehydratase--hypothetical protein--hypothetical protein--Sialic acid transporter NanT--Ribulokinase--hypothetical protein--hypothetical protein--hypothetical protein--hypothetical protein","6","0","231","254","2.5316455696202533","100.0","inf","0.012235352639465225","1.0","0.03837433030685122","2","2","0","0.5","0.5"
"group_12027","","hypothetical protein","6","0","231","254","2.5316455696202533","100.0","inf","0.012235352639465225","1.0","0.03837433030685122","4","4","0","0.125","0.125"
"group_10498--group_9472--group_6024--atm1_2","------atm1_2","hypothetical protein--hypothetical protein--hypothetical protein--ATM1-type heavy metal exporter","6","0","231","254","2.5316455696202533","100.0","inf","0.012235352639465225","1.0","0.03837433030685122","5","5","0","0.0625","0.0625"
"group_6533--ctxB--group_3006--dmsA_1","--ctxB----;dmsA_1","hypothetical protein--Cholera enterotoxin subunit B--hypothetical protein--hypothetical protein;Dimethyl sulfoxide reductase DmsA","6","0","231","254","2.5316455696202533","100.0","inf","0.012235352639465225","1.0","0.03837433030685122","2","2","0","0.5","0.5"
"group_11226","","hypothetical protein","6","0","231","254","2.5316455696202533","100.0","inf","0.012235352639465225","1.0","0.03837433030685122","5","5","0","0.0625","0.0625"
"group_2135","","hypothetical protein","6","0","231","254","2.5316455696202533","100.0","inf","0.012235352639465225","1.0","0.03837433030685122","4","4","0","0.125","0.125"
"group_8151--group_4254--group_364","----","hypothetical protein--hypothetical protein--hypothetical protein","6","0","231","254","2.5316455696202533","100.0","inf","0.012235352639465225","1.0","0.03837433030685122","2","2","0","0.5","0.5"
"group_15944","","hypothetical protein","6","0","231","254","2.5316455696202533","100.0","inf","0.012235352639465225","1.0","0.03837433030685122","2","2","0","0.5","0.5"
"group_7843","","hypothetical protein","6","0","231","254","2.5316455696202533","100.0","inf","0.012235352639465225","1.0","0.03837433030685122","5","5","0","0.0625","0.0625"
"group_1966","","hypothetical protein","6","0","231","254","2.5316455696202533","100.0","inf","0.012235352639465225","1.0","0.03837433030685122","6","6","0","0.03125","0.03125"
"group_12041--group_11531--group_10317--group_10126--group_8910--group_8366--group_8322--group_7920--group_7466--group_6913--group_5798--group_4706--group_4514--group_4285--group_4261--group_4229--group_4188--group_4140--group_4055--group_3960--group_3959--group_3937--group_3859--group_3700--group_3534--group_2685--group_1889--group_1664--group_1169--group_617--group_402--group_256--group_201","------------------------pglH--yejK_2--glf------------------------------------","hypothetical protein--hypothetical protein--hypothetical protein--hypothetical protein--hypothetical protein--hypothetical protein--hypothetical protein--hypothetical protein--hypothetical protein--hypothetical protein--hypothetical protein--hypothetical protein--GalNAc-alpha-(1->4)-GalNAc-alpha-(1->3)-diNAcBac-PP-undecaprenol alpha-14-N-acetyl-D-galactosaminyltransferase--Nucleoid-associated protein YejK--UDP-galactopyranose mutase--hypothetical protein--hypothetical protein--hypothetical protein--hypothetical protein--hypothetical protein--hypothetical protein--hypothetical protein--hypothetical protein--hypothetical protein--hypothetical protein--hypothetical protein--hypothetical protein--hypothetical protein--hypothetical protein--hypothetical protein--hypothetical protein--hypothetical protein--hypothetical protein","6","0","231","254","2.5316455696202533","100.0","inf","0.012235352639465225","1.0","0.03837433030685122","1","1","0","1.0","1.0"
"yehB_2~~~yehB_1~~~yehB_3","yehB_2;yehB_1;yehB_3","Outer membrane usher protein YehB","71","51","166","203","29.957805907172997","79.92125984251969","1.7024568863690055","0.012257979933408962","1.0","0.03837433030685122","5","4","4","0.375","0.375"
"hemR_1~~~hemR_2","hemR_1;hemR_2","Hemin receptor","47","29","190","225","19.831223628691983","88.58267716535433","1.9192377495462796","0.012267804120646455","1.0","0.03837433030685122","16","7","12","0.076812744140625","0.8036193847656252"
"group_1837--group_1787","--","hypothetical protein--hypothetical protein","47","29","190","225","19.831223628691983","88.58267716535433","1.9192377495462796","0.012267804120646455","1.0","0.03837433030685122","14","7","11","0.05737304687500002","1.0"
"group_243","","hypothetical protein","47","29","190","225","19.831223628691983","88.58267716535433","1.9192377495462796","0.012267804120646455","1.0","0.03837433030685122","19","9","13","0.16706848144531244","1.0"
"group_761","","hypothetical protein","2","12","235","242","0.8438818565400843","95.2755905511811","0.17163120567375886","0.012434042227185449","1.0","0.038852169886029325","9","2","7","0.17968750000000003","0.17968750000000003"
"dgaR","dgaR","Transcriptional regulatory protein DagR","2","12","235","242","0.8438818565400843","95.2755905511811","0.17163120567375886","0.012434042227185449","1.0","0.038852169886029325","10","1","10","0.001953125","0.021484374999999997"
"rfbC","rfbC","dTDP-4-dehydrorhamnose 35-epimerase","16","5","221","249","6.751054852320674","98.03149606299213","3.6054298642533937","0.012490355666534137","1.0","0.03892264887436178","4","2","3","0.625","1.0"
"group_4362","","hypothetical protein","16","5","221","249","6.751054852320674","98.03149606299213","3.6054298642533937","0.012490355666534137","1.0","0.03892264887436178","8","5","4","0.7265625000000002","1.0"
"group_8218--ulaB_1--ulaA_1","--;ulaB_1--ulaA_1","hypothetical protein--hypothetical protein;Ascorbate-specific PTS system EIIB component--Ascorbate-specific PTS system EIIC component","16","5","221","249","6.751054852320674","98.03149606299213","3.6054298642533937","0.012490355666534137","1.0","0.03892264887436178","4","3","3","0.625","0.625"
"group_8942--group_7641--group_7640","----","hypothetical protein--hypothetical protein--hypothetical protein","79","113","158","141","33.33333333333333","55.51181102362205","0.6238938053097345","0.01253199608409028","1.0","0.038989183715477854","22","15","16","0.052478790283203125","0.13380050659179688"
"group_11409","","IS3 family transposase IS3F;IS3 family transposase IS3;IS3 family transposase ISEc17;IS3 family transposase ISEc16;hypothetical protein","58","39","179","215","24.47257383966245","84.64566929133859","1.7862770376736856","0.012581513665837773","1.0","0.03912212852403169","38","19","24","0.14330665429588418","1.0"
"group_7769","","hypothetical protein","31","55","206","199","13.080168776371309","78.34645669291339","0.5444836716681377","0.01286081634701455","1.0","0.03996905996794549","22","11","14","0.2862787246704102","1.0"
"group_6988","","ISNCY family transposase ISBcen27;hypothetical protein","27","13","210","241","11.39240506329114","94.88188976377953","2.3835164835164835","0.01296043496262058","1.0","0.04025695450404507","19","12","12","0.3592834472656249","0.3592834472656249"
"bdcR--bdcA","bdcR--bdcA","HTH-type transcriptional repressor BdcR--Cyclic-di-GMP-binding biofilm dispersal mediator protein","126","164","111","90","53.16455696202531","35.43307086614173","0.6229400131839157","0.013065539855970913","1.0","0.04053974018819823","8","8","5","0.0078125","0.7265625000000002"
"group_7998","","hypothetical protein","66","46","171","208","27.848101265822784","81.88976377952756","1.7452326468344774","0.013112089846836622","1.0","0.040576369375693866","54","29","30","0.49661743531793406","0.6834892282353376"
"group_3858","","hypothetical protein","164","201","73","53","69.19831223628692","20.866141732283463","0.592380562938731","0.013119575458160166","1.0","0.040576369375693866","10","5","9","0.021484374999999997","1.0"
"papD_2~~~papD~~~papD_1--group_11204--papC_1~~~papC_2~~~papC_4~~~papC_3~~~papC_6--ybgD~~~ybgD_2","papD_2;papD;papD_1----papC_1;papC_2;papC_4;papC_3;;papC_6--ybgD;ybgD_2;","Chaperone protein PapD--hypothetical protein--Outer membrane usher protein PapC;hypothetical protein--putative fimbrial-like protein YbgD;hypothetical protein","73","53","164","201","30.801687763713083","79.13385826771653","1.6881040036815462","0.013119575458160167","1.0","0.040576369375693866","2","2","2","0.5","0.5"
"traJ_2","traJ_2","Protein TraJ","48","30","189","224","20.253164556962027","88.18897637795276","1.8962962962962964","0.013196158704042928","1.0","0.04079134312536594","35","20","18","0.49955983320251085","1.0"
"group_287","","hypothetical protein;IS200/IS605 family transposase IS200C;IS200/IS605 family transposase IS1541B;IS200/IS605 family transposase IS200G","20","41","217","213","8.438818565400844","83.85826771653542","0.47881308306170617","0.013228101077691186","1.0","0.04085234587403547","32","13","21","0.11018416518345472","0.37708558747544885"
"group_7173","","hypothetical protein","59","40","178","214","24.894514767932492","84.25196850393701","1.773314606741573","0.01323006587108833","1.0","0.04085234587403547","46","31","19","0.025896081793234778","0.3019956131896606"
"ygiZ","ygiZ","Inner membrane protein YgiZ","152","134","85","120","64.13502109704642","47.24409448818898","1.601404741000878","0.013337166161987326","1.0","0.04116100798921677","25","19","15","0.01463329792022705","0.4243562221527101"
"group_10415","","hypothetical protein","95","74","142","180","40.08438818565401","70.86614173228347","1.6273315569090216","0.013361812436094765","1.0","0.04121500732695897","64","39","34","0.10342187831608085","0.7079807541347635"
"acuI_2","acuI_2","Acrylyl-CoA reductase AcuI","37","63","200","191","15.611814345991561","75.19685039370079","0.5608730158730159","0.013488403219303561","1.0","0.0415832323846444","10","10","4","0.001953125","0.7539062500000002"
"cbeA_3~~~cbeA~~~cbeA_1~~~cbeA_5",";cbeA_3;cbeA;cbeA_1;cbeA_5","hypothetical protein;Cytoskeleton bundling-enhancing antitoxin CbeA","31","16","206","238","13.080168776371309","93.7007874015748","2.2384708737864076","0.01352909930414389","1.0","0.04159357354747762","27","17","11","0.24778856337070485","0.44206833839416504"
"hchA_2","hchA_2","Protein/nucleic acid deglycase HchA","31","16","206","238","13.080168776371309","93.7007874015748","2.2384708737864076","0.01352909930414389","1.0","0.04159357354747762","7","6","3","0.125","0.9999999999999998"
"group_10734","","hypothetical protein","74","54","163","200","31.223628691983123","78.74015748031496","1.681436037264258","0.013555187910630803","1.0","0.04159357354747762","29","20","15","0.06142834573984148","0.9999999999999997"
"group_118","","hypothetical protein","74","54","163","200","31.223628691983123","78.74015748031496","1.681436037264258","0.013555187910630803","1.0","0.04159357354747762","7","3","5","0.4531249999999996","0.9999999999999998"
"group_8221--ydiF_2~~~ydiF_1~~~ydiF_3--kduD_2~~~kduD_1~~~fabG_2--crt~~~crt_2","--;ydiF_2;ydiF_1;ydiF_3--;kduD_2;kduD_1;fabG_2--crt;crt_2","hypothetical protein--hypothetical protein;Acetate CoA-transferase YdiF--hypothetical protein;2-dehydro-3-deoxy-D-gluconate 5-dehydrogenase;3-oxoacyl-[acyl-carrier-protein] reductase FabG--Short-chain-enoyl-CoA hydratase","179","165","58","89","75.52742616033755","35.039370078740156","1.6646812957157784","0.013562422534119947","1.0","0.04159357354747762","19","10","13","0.16706848144531244","1.0"
"mntB_6~~~mntB_1~~~mntB_4~~~mntB_2","mntB_6;mntB_1;;mntB_4;mntB_2","Manganese transport system membrane protein MntB;hypothetical protein","35","19","202","235","14.767932489451477","92.51968503937007","2.1430432516935904","0.013563906031094176","1.0","0.04159357354747762","28","16","16","0.571588188409805","0.571588188409805"
"kbaY_3~~~kbaY_4~~~kbaY_1","kbaY_3;kbaY_4;kbaY_1","D-tagatose-16-bisphosphate aldolase subunit KbaY","35","19","202","235","14.767932489451477","92.51968503937007","2.1430432516935904","0.013563906031094176","1.0","0.04159357354747762","11","5","10","0.011718750000000002","0.9999999999999997"
"group_15917","","hypothetical protein;IS4 family transposase IS4","6","19","231","235","2.5316455696202533","92.51968503937007","0.3212576896787423","0.013616462928720775","1.0","0.04173254055506394","17","3","15","0.002349853515625","0.012725830078125003"
"gntU_1~~~gntU~~~gntU_2","gntU_1;gntU;gntU_2","Low-affinity gluconate transporter","170","207","67","47","71.72995780590718","18.503937007874015","0.5761049823347033","0.013688107373921662","1.0","0.041929829442432724","12","6","7","0.7744140625000003","1.0"
"group_10207","","IS3 family transposase IS1397","12","29","225","225","5.063291139240507","88.58267716535433","0.41379310344827586","0.013695430026372264","1.0","0.04192998093576001","25","8","19","0.01463329792022705","0.10775214433670036"
"group_5866","","hypothetical protein","60","41","177","213","25.31645569620253","83.85826771653542","1.7610582885489872","0.013889121424603273","1.0","0.042500416673480826","13","6","8","0.5810546875","0.9999999999999999"
"sfmF--sfmH_2~~~sfmH_1~~~sfmH","sfmF;--sfmH_2;sfmH_1;sfmH","putative fimbrial-like protein SfmF;hypothetical protein--putative fimbrial-like protein SfmH","75","55","162","199","31.645569620253166","78.34645669291339","1.6750841750841752","0.013993721574367367","1.0","0.04268715106059148","3","1","3","0.25","1.0"
"appY~~~gadX_1~~~rhaR_6","appY;;gadX_1;rhaR_6","HTH-type transcriptional regulator AppY;hypothetical protein;HTH-type transcriptional regulator GadX;HTH-type transcriptional activator RhaR","75","55","162","199","31.645569620253166","78.34645669291339","1.6750841750841752","0.013993721574367367","1.0","0.04268715106059148","3","1","3","0.25","1.0"
"ybiU_1~~~ybiU_2~~~ybiU~~~ybiU_3","ybiU_1;ybiU_2;ybiU;ybiU_3","putative protein YbiU","75","55","162","199","31.645569620253166","78.34645669291339","1.6750841750841752","0.013993721574367367","1.0","0.04268715106059148","4","2","3","0.625","1.0"
"group_5445","","hypothetical protein","75","55","162","199","31.645569620253166","78.34645669291339","1.6750841750841752","0.013993721574367367","1.0","0.04268715106059148","3","1","3","0.25","1.0"
"flxA","flxA","Protein FlxA","24","11","213","243","10.126582278481013","95.66929133858267","2.4891165172855314","0.013994573374591136","1.0","0.04268715106059148","15","14","5","0.0009765624999999998","0.30175781250000017"
"cbtA_1~~~cbtA_4","cbtA_1;cbtA_4","Cytoskeleton-binding toxin CbtA","19","7","218","247","8.016877637130802","97.24409448818898","3.0753604193971165","0.014077610866354357","1.0","0.042827138070993594","14","10","4","0.17956542968750003","0.17956542968750003"
"group_6249","","hypothetical protein","19","7","218","247","8.016877637130802","97.24409448818898","3.0753604193971165","0.014077610866354357","1.0","0.042827138070993594","11","8","6","0.22656250000000003","0.9999999999999997"
"group_10783--group_5817","yraI--","putative fimbrial chaperone YraI--hypothetical protein","19","7","218","247","8.016877637130802","97.24409448818898","3.0753604193971165","0.014077610866354357","1.0","0.042827138070993594","3","3","2","0.25","1.0"
"group_8283","","hypothetical protein","218","247","19","7","91.9831223628692","2.7559055118110236","0.3251651395695717","0.014077610866354357","1.0","0.042827138070993594","10","5","6","0.7539062500000002","1.0"
"nimR_2~~~rhaR_4",";nimR_2;rhaR_4","hypothetical protein;HTH-type transcriptional regulator NimR;HTH-type transcriptional activator RhaR","169","206","68","48","71.30801687763713","18.89763779527559","0.579097658480868","0.014271386805394562","1.0","0.04314184626220089","7","6","4","0.125","0.9999999999999998"
"group_9279--group_9278--group_2549","----","hypothetical protein--hypothetical protein--hypothetical protein","10","26","227","228","4.219409282700422","89.76377952755905","0.38630972551677395","0.014350762778158827","1.0","0.04314184626220089","14","8","7","0.7905273437500004","1.0"
"group_10987--group_10165--group_10119--ybcO_2--group_4764--group_2675--group_2485--group_2054--group_1960--group_1827--group_1671--group_1188--group_569","------ybcO_2------------------","hypothetical protein--hypothetical protein--hypothetical protein--Putative nuclease YbcO--hypothetical protein--hypothetical protein--hypothetical protein--hypothetical protein--hypothetical protein--hypothetical protein--hypothetical protein--hypothetical protein--hypothetical protein","33","58","204","196","13.924050632911392","77.16535433070865","0.5466531440162272","0.014375098608075168","1.0","0.04314184626220089","3","2","3","0.25","1.0"
"yycB~~~nimT_2","yycB;;nimT_2","putative transporter YycB;hypothetical protein;2-nitroimidazole transporter","76","56","161","198","32.06751054852321","77.95275590551181","1.6690328305235138","0.014434962366581908","1.0","0.04314184626220089","3","1","3","0.25","1.0"
"glmU_1~~~glmU_3","glmU_1;glmU_3","Bifunctional protein GlmU","76","56","161","198","32.06751054852321","77.95275590551181","1.6690328305235138","0.014434962366581908","1.0","0.04314184626220089","31","20","15","0.1496127843856811","0.9999999999999994"
"group_8828--hcpA_1~~~hcpA_2","--hcpA_1;hcpA_2","hypothetical protein--Major exported protein","143","125","94","129","60.337552742616026","50.78740157480315","1.5699574468085107","0.01445618234336117","1.0","0.04314184626220089","17","14","9","0.012725830078125003","0.9999999999999998"
"ulaA_1~~~ulaA_2","ulaA_1;ulaA_2;","Ascorbate-specific PTS system EIIC component;hypothetical protein","125","105","112","149","52.742616033755276","58.661417322834644","1.5837585034013606","0.01446855269151304","1.0","0.04314184626220089","30","21","14","0.04277394525706768","0.8555355519056318"
"group_11717","","hypothetical protein","14","4","223","250","5.9071729957805905","98.4251968503937","3.9237668161434978","0.014495361007785451","1.0","0.04314184626220089","5","5","1","0.0625","0.375"
"tagG_1","tagG_1;","Teichoic acid translocation permease protein TagG;hypothetical protein","14","4","223","250","5.9071729957805905","98.4251968503937","3.9237668161434978","0.014495361007785451","1.0","0.04314184626220089","11","8","4","0.22656250000000003","0.548828125"
"group_10984--group_10983--group_10960--ligA_2--group_3911--intA_4--group_1852--group_1481","------ligA_2----intA_4----","hypothetical protein--hypothetical protein--hypothetical protein--DNA ligase--hypothetical protein--Prophage integrase IntA--hypothetical protein--hypothetical protein","14","4","223","250","5.9071729957805905","98.4251968503937","3.9237668161434978","0.014495361007785451","1.0","0.04314184626220089","2","1","2","0.5","1.0"
"group_10634","","hypothetical protein","14","4","223","250","5.9071729957805905","98.4251968503937","3.9237668161434978","0.014495361007785451","1.0","0.04314184626220089","6","5","3","0.21875000000000003","1.0"
"group_5426","","hypothetical protein","14","4","223","250","5.9071729957805905","98.4251968503937","3.9237668161434978","0.014495361007785451","1.0","0.04314184626220089","8","4","4","1.0","1.0"
"group_991","","hypothetical protein","14","4","223","250","5.9071729957805905","98.4251968503937","3.9237668161434978","0.014495361007785451","1.0","0.04314184626220089","14","10","4","0.17956542968750003","0.17956542968750003"
"dadA_3",";dadA_3","Electron transfer flavoprotein-ubiquinone oxidoreductase;hypothetical protein;D-amino acid dehydrogenase","223","250","14","4","94.09282700421942","1.574803149606299","0.25485714285714284","0.014495361007785451","1.0","0.04314184626220089","6","3","3","1.0","1.0"
"rop_2~~~rop~~~rop_3","rop_2;rop;rop_3","Regulatory protein rop","14","4","223","250","5.9071729957805905","98.4251968503937","3.9237668161434978","0.014495361007785451","1.0","0.04314184626220089","13","9","4","0.26684570312499983","0.26684570312499983"
"group_7109--group_4686","--","hypothetical protein--hypothetical protein","14","4","223","250","5.9071729957805905","98.4251968503937","3.9237668161434978","0.014495361007785451","1.0","0.04314184626220089","11","7","4","0.548828125","0.548828125"
"group_12045","","hypothetical protein","14","4","223","250","5.9071729957805905","98.4251968503937","3.9237668161434978","0.014495361007785451","1.0","0.04314184626220089","14","10","4","0.17956542968750003","0.17956542968750003"
"group_10274","","hypothetical protein","14","4","223","250","5.9071729957805905","98.4251968503937","3.9237668161434978","0.014495361007785451","1.0","0.04314184626220089","4","2","3","0.625","1.0"
"group_3423","","hypothetical protein","14","4","223","250","5.9071729957805905","98.4251968503937","3.9237668161434978","0.014495361007785451","1.0","0.04314184626220089","7","4","4","0.9999999999999998","0.9999999999999998"
"group_6689","","hypothetical protein","44","27","193","227","18.565400843881857","89.37007874015748","1.916714642103243","0.01454161861598788","1.0","0.04325718850421575","24","17","9","0.06391465663909912","0.3074562549591064"
"group_5004","","hypothetical protein","39","23","198","231","16.455696202531644","90.94488188976378","1.9782608695652173","0.014596234071807239","1.0","0.043374891455653986","28","17","12","0.34492845088243484","0.571588188409805"
"ydfO_3~~~ydfO_1~~~ydfO_2","ydfO_3;ydfO_1;ydfO_2","putative protein YdfO","39","23","198","231","16.455696202531644","90.94488188976378","1.9782608695652173","0.014596234071807239","1.0","0.043374891455653986","32","21","14","0.11018416518345472","0.5966148958541448"
"group_5129","","hypothetical protein","21","9","216","245","8.860759493670885","96.45669291338582","2.646604938271605","0.014752202703252535","1.0","0.043793227901262034","7","4","4","0.9999999999999998","0.9999999999999998"
"group_3243","","hypothetical protein","21","9","216","245","8.860759493670885","96.45669291338582","2.646604938271605","0.014752202703252535","1.0","0.043793227901262034","10","8","4","0.10937500000000003","0.7539062500000002"
"bglB_3~~~bglH_5~~~lacG~~~bglH_2~~~bglH_3~~~bglH","bglB_3;bglH_5;lacG;bglH_2;bglH_3;bglH","6-phospho-beta-glucosidase BglB;Aryl-phospho-beta-D-glucosidase BglH;6-phospho-beta-galactosidase","138","175","99","79","58.22784810126582","31.10236220472441","0.6292640692640693","0.014797407906354488","1.0","0.04390481553275019","12","9","9","0.14599609375000003","0.14599609375000003"
"srmB_3~~~srmB_1~~~srmB_2",";srmB_3;srmB_1;srmB_2","hypothetical protein;ATP-dependent RNA helicase SrmB","77","57","160","197","32.48945147679325","77.55905511811024","1.6632675438596491","0.014878698334855694","1.0","0.04410061485883963","3","1","3","0.25","1.0"
"group_3508","","hypothetical protein","77","57","160","197","32.48945147679325","77.55905511811024","1.6632675438596491","0.014878698334855694","1.0","0.04410061485883963","9","5","6","0.5078125","1.0"
"ompC_2~~~ompD_1~~~ompD_3~~~ompD_2","ompC_2;ompD_1;ompD_3;ompD_2;","Outer membrane porin C;Outer membrane porin protein OmpD;hypothetical protein","28","14","209","240","11.814345991561181","94.48818897637796","2.2966507177033493","0.015039604577400625","1.0","0.044554635348774206","23","11","13","0.6776394844055175","0.9999999999999998"
"group_478","","hypothetical protein","68","49","169","205","28.691983122362867","80.70866141732283","1.6833715734814636","0.015090372724659224","1.0","0.04468207434908086","61","32","34","0.4426260049464712","0.7981526273057182"
"traM_1~~~traM_2~~~traM","traM_1;traM_2;traM","Relaxosome protein TraM","50","32","187","222","21.09704641350211","87.4015748031496","1.8549465240641712","0.015127249249265052","1.0","0.044752599126781804","36","21","20","0.4050322461407633","0.6177193170296958"
"group_10672","","hypothetical protein;IS110 family transposase ISEc21","36","20","201","234","15.18987341772152","92.1259842519685","2.0955223880597016","0.015145242132931709","1.0","0.044752599126781804","10","8","4","0.10937500000000003","0.7539062500000002"
"group_9880","yfcO;","putative protein YfcO;hypothetical protein","36","20","201","234","15.18987341772152","92.1259842519685","2.0955223880597016","0.015145242132931709","1.0","0.044752599126781804","23","13","13","0.6776394844055175","0.6776394844055175"
"group_6248","","hypothetical protein","36","20","201","234","15.18987341772152","92.1259842519685","2.0955223880597016","0.015145242132931709","1.0","0.044752599126781804","13","9","7","0.26684570312499983","0.9999999999999999"
"group_15954","","hypothetical protein","0","7","237","247","0.0","97.24409448818898","0.0","0.015349080375280027","1.0","0.04512429332079323","7","0","7","0.015625","0.015625"
"group_8596","","IS21 family transposase ISEc10","0","7","237","247","0.0","97.24409448818898","0.0","0.015349080375280027","1.0","0.04512429332079323","6","0","6","0.03125","0.03125"
"group_11559","","hypothetical protein","0","7","237","247","0.0","97.24409448818898","0.0","0.015349080375280027","1.0","0.04512429332079323","3","0","3","0.25","0.25"
"group_8354","","hypothetical protein","0","7","237","247","0.0","97.24409448818898","0.0","0.015349080375280027","1.0","0.04512429332079323","7","0","7","0.015625","0.015625"
"group_10601","","Pentapeptide repeat protein","0","7","237","247","0.0","97.24409448818898","0.0","0.015349080375280027","1.0","0.04512429332079323","6","0","6","0.03125","0.03125"
"group_2852","","hypothetical protein","0","7","237","247","0.0","97.24409448818898","0.0","0.015349080375280027","1.0","0.04512429332079323","2","0","2","0.5","0.5"
"group_9191","rusA_2","Crossover junction endodeoxyribonuclease RusA","0","7","237","247","0.0","97.24409448818898","0.0","0.015349080375280027","1.0","0.04512429332079323","3","0","3","0.25","0.25"
"group_5620--group_2401","--","hypothetical protein--hypothetical protein","0","7","237","247","0.0","97.24409448818898","0.0","0.015349080375280027","1.0","0.04512429332079323","1","0","1","1.0","1.0"
"group_9440","","hypothetical protein","32","17","205","237","13.502109704641349","93.30708661417323","2.176183644189383","0.015349304284835302","1.0","0.04512429332079323","22","15","11","0.13380050659179688","1.0"
"group_9423","","hypothetical protein","77","110","160","144","32.48945147679325","56.69291338582677","0.63","0.015606914585525072","1.0","0.04568882092323823","24","15","15","0.3074562549591064","0.3074562549591064"
"fbaA_2--fruA_2~~~fruA_3--mak_2--group_5301--fruA_2--mtlR_2~~~manR--kbaY_2~~~kbaY_3--frwD_1","fbaA_2--fruA_2;fruA_3--mak_2----;fruA_2--mtlR_2;manR--kbaY_2;kbaY_3--frwD_1","putative fructose-bisphosphate aldolase--PTS system fructose-specific EIIB'BC component--Fructokinase--hypothetical protein--hypothetical protein;PTS system fructose-specific EIIABC component--Transcriptional regulator MtlR;Transcriptional regulator ManR--D-tagatose-16-bisphosphate aldolase subunit KbaY--PTS system fructose-like EIIB component 3","168","204","69","50","70.88607594936708","19.68503937007874","0.5967604433077579","0.015612658667611329","1.0","0.04568882092323823","5","3","5","0.0625","1.0"
"group_8583","","hypothetical protein","45","28","192","226","18.9873417721519","88.9763779527559","1.8917410714285714","0.015665633804847076","1.0","0.045820587968007816","23","13","12","0.6776394844055175","0.9999999999999998"
"group_9669","","hypothetical protein","78","111","159","143","32.91139240506329","56.2992125984252","0.6319904810470848","0.015850458936987888","1.0","0.04633767534063649","23","15","14","0.21003961563110343","0.4048728942871095"
"group_9276","","hypothetical protein","40","24","197","230","16.877637130801688","90.5511811023622","1.9458544839255498","0.015883751028537316","1.0","0.04638795576469991","31","16","19","0.28104151505976926","0.9999999999999994"
"group_533","","hypothetical protein","40","24","197","230","16.877637130801688","90.5511811023622","1.9458544839255498","0.015883751028537316","1.0","0.04638795576469991","34","20","17","0.39152830513194264","1.0"
"group_141","","hypothetical protein","63","44","174","210","26.582278481012654","82.67716535433071","1.7280564263322884","0.01592403234281916","1.0","0.04648204883865947","14","9","10","0.17956542968750003","0.4239501953124999"
"gfcB_1~~~gfcB_2","gfcB_1;gfcB_2","putative lipoprotein GfcB","56","38","181","216","23.628691983122362","85.03937007874016","1.758650770572841","0.016049709027066317","1.0","0.04682518853291362","12","8","6","0.3876953125000001","1.0"
"dinI_1~~~dinI_3~~~dinI_2",";dinI_1;dinI_3;dinI_2","hypothetical protein;DNA damage-inducible protein I","51","33","186","221","21.518987341772153","87.00787401574803","1.8362658846529814","0.01612736554704737","1.0","0.047027952644779","36","19","21","0.4050322461407633","0.8679394004284399"
"group_10811","","hypothetical protein","65","96","172","158","27.42616033755274","62.20472440944882","0.6219718992248062","0.016206094083248915","1.0","0.04716308876311773","18","12","13","0.09625244140624999","0.23788452148437486"
"group_5218","","hypothetical protein","157","194","80","60","66.24472573839662","23.62204724409449","0.6069587628865979","0.016222793584954456","1.0","0.04716308876311773","8","6","3","0.2890624999999999","0.7265625000000002"
"abgT_1~~~abgT_2~~~abgT_3~~~abgT--tsaR_1--abgB_1~~~abgB_2~~~abgB_3~~~abgB--abgA_1~~~abgA_2~~~abgA","abgT_1;abgT_2;;abgT_3;abgT--;tsaR_1--abgB_1;abgB_2;abgB_3;abgB--abgA_1;abgA_2;abgA","p-aminobenzoyl-glutamate transport protein;hypothetical protein--hypothetical protein;HTH-type transcriptional regulator TsaR--p-aminobenzoyl-glutamate hydrolase subunit B--p-aminobenzoyl-glutamate hydrolase subunit A","80","60","157","194","33.755274261603375","76.37795275590551","1.6475583864118897","0.01622279358495446","1.0","0.04716308876311773","5","3","4","0.375","1.0"
"traY","traY","Relaxosome protein TraY","12","3","225","251","5.063291139240507","98.81889763779527","4.4622222222222225","0.016344485076542053","1.0","0.04746899570088915","11","8","3","0.22656250000000003","0.22656250000000003"
"tmk_1",";tmk_1","hypothetical protein;Thymidylate kinase","225","251","12","3","94.9367088607595","1.1811023622047243","0.2241035856573705","0.016344485076542056","1.0","0.04746899570088915","6","3","6","0.03125","1.0"
"eno_2","eno_2","Enolase","25","12","212","242","10.548523206751055","95.2755905511811","2.37814465408805","0.016504057053853424","1.0","0.04790830257576284","17","11","10","0.33230590820312506","0.629058837890625"
"ompX_2~~~ail~~~ompX_1~~~ompX_3~~~ompX_4","ompX_2;ail;ompX_1;ompX_3;ompX_4;","Outer membrane protein X;Attachment invasion locus protein;hypothetical protein","71","52","166","202","29.957805907172997","79.52755905511812","1.661492122335496","0.016667441505501087","1.0","0.04833390356097272","50","30","27","0.20263875106454063","0.6718110337653654"
"group_4596","","hypothetical protein","71","52","166","202","29.957805907172997","79.52755905511812","1.661492122335496","0.016667441505501087","1.0","0.04833390356097272","4","3","4","0.125","0.625"
"group_371","","hypothetical protein","57","39","180","215","24.050632911392405","84.64566929133859","1.7457264957264957","0.016848284293487458","1.0","0.048432479991099654","7","6","4","0.125","0.9999999999999998"
"lsoA","lsoA","mRNA endoribonuclease LsoA","8","1","229","253","3.375527426160337","99.60629921259843","8.838427947598253","0.01689466040973138","1.0","0.048432479991099654","4","3","1","0.625","0.625"
"group_9899--group_9897","--","hypothetical protein--hypothetical protein","8","1","229","253","3.375527426160337","99.60629921259843","8.838427947598253","0.01689466040973138","1.0","0.048432479991099654","4","3","1","0.625","0.625"
"group_2192","","hypothetical protein","8","1","229","253","3.375527426160337","99.60629921259843","8.838427947598253","0.01689466040973138","1.0","0.048432479991099654","6","5","1","0.21875000000000003","0.21875000000000003"
"group_10599","","hypothetical protein","8","1","229","253","3.375527426160337","99.60629921259843","8.838427947598253","0.01689466040973138","1.0","0.048432479991099654","4","3","1","0.625","0.625"
"group_8872","","hypothetical protein","8","1","229","253","3.375527426160337","99.60629921259843","8.838427947598253","0.01689466040973138","1.0","0.048432479991099654","5","4","1","0.375","0.375"
"group_1153","","hypothetical protein","8","1","229","253","3.375527426160337","99.60629921259843","8.838427947598253","0.01689466040973138","1.0","0.048432479991099654","4","3","1","0.625","0.625"
"group_10558","","hypothetical protein","8","1","229","253","3.375527426160337","99.60629921259843","8.838427947598253","0.01689466040973138","1.0","0.048432479991099654","5","5","1","0.0625","0.375"
"group_8493","traY;traY_1","Relaxosome protein TraY","8","1","229","253","3.375527426160337","99.60629921259843","8.838427947598253","0.01689466040973138","1.0","0.048432479991099654","8","7","1","0.0703125","0.0703125"
"group_6064--group_5611--group_5446--group_5304--yjmD_2--group_2310--group_1884--group_1754--exuT_2~~~exuT_3","--------yjmD_2--------exuT_2;exuT_3","hypothetical protein--IS66 family transposase ISShdy2--hypothetical protein--hypothetical protein;IS66 family transposase ISShdy2--putative zinc-type alcohol dehydrogenase-like protein YjmD--hypothetical protein--hypothetical protein--hypothetical protein--Hexuronate transporter","8","1","229","253","3.375527426160337","99.60629921259843","8.838427947598253","0.01689466040973138","1.0","0.048432479991099654","5","4","1","0.375","0.375"
"pitA_2~~~pitA_3~~~pitA_8~~~pitA_1~~~pitA_5~~~pitA_6~~~pitA_7","pitA_2;pitA_3;pitA_8;pitA_1;pitA_5;pitA_6;;pitA_7","Low-affinity inorganic phosphate transporter 1;hypothetical protein","229","253","8","1","96.62447257383965","0.39370078740157477","0.11314229249011858","0.01689466040973138","1.0","0.048432479991099654","5","1","5","0.0625","0.375"
"group_10074","","hypothetical protein","8","1","229","253","3.375527426160337","99.60629921259843","8.838427947598253","0.01689466040973138","1.0","0.048432479991099654","5","4","1","0.375","0.375"
"group_6574","","hypothetical protein","8","1","229","253","3.375527426160337","99.60629921259843","8.838427947598253","0.01689466040973138","1.0","0.048432479991099654","6","5","1","0.21875000000000003","0.21875000000000003"
"group_279","","hypothetical protein","8","1","229","253","3.375527426160337","99.60629921259843","8.838427947598253","0.01689466040973138","1.0","0.048432479991099654","4","3","1","0.625","0.625"
"group_9285","","hypothetical protein","19","38","218","216","8.016877637130802","85.03937007874016","0.4954128440366973","0.01693555529709504","1.0","0.048484851796149496","19","13","8","0.16706848144531244","0.6476058959960938"
"group_3633","","hypothetical protein","19","38","218","216","8.016877637130802","85.03937007874016","0.4954128440366973","0.01693555529709504","1.0","0.048484851796149496","28","9","24","0.0001799911260604857","0.08715855330228804"
"group_11070","","hypothetical protein","111","91","126","163","46.835443037974684","64.1732283464567","1.577969649398221","0.01693815984691155","1.0","0.048484851796149496","61","32","38","0.07217743850092248","0.7981526273057182"
"group_11603--group_8812--group_7409--group_5227--group_4918--group_4217--group_1854","------------","hypothetical protein--hypothetical protein--hypothetical protein--hypothetical protein--hypothetical protein--hypothetical protein--hypothetical protein","36","61","201","193","15.18987341772152","75.98425196850394","0.5666748226082702","0.017020896915231176","1.0","0.04855292959738136","3","3","3","0.25","0.25"
"group_5657","","hypothetical protein","17","6","220","248","7.172995780590717","97.63779527559055","3.193939393939394","0.017054182381040332","1.0","0.04862381870756554","9","5","4","1.0","1.0"
"group_6817","","hypothetical protein","11","27","226","227","4.641350210970464","89.37007874015748","0.409210095050803","0.017117961388290172","1.0","0.04865292015308059","19","7","14","0.06356811523437494","0.3592834472656249"
"group_5826","","hypothetical protein","72","53","165","201","30.37974683544304","79.13385826771653","1.6548885077186963","0.01719941912783664","1.0","0.04865292015308059","7","3","5","0.4531249999999996","0.9999999999999998"
"group_7750--group_6443--group_5448","----","hypothetical protein--hypothetical protein--N-acetylgalactosamine-6-O-sulfatase;hypothetical protein;Ulvan-active sulfatase","165","201","72","53","69.62025316455697","20.866141732283463","0.6042703150912107","0.017199419127836645","1.0","0.04865292015308059","3","3","2","0.25","1.0"
"rutB_2~~~rutB_1--group_7631--yahB_3--group_5405--arcC1_3--fdrA_1~~~fdrA_3--atzF--group_2778--codB_2","rutB_2;rutB_1----yahB_3----arcC1_3--fdrA_1;;fdrA_3--atzF----codB_2","Peroxyureidoacrylate/ureidoacrylate amidohydrolase RutB--hypothetical protein--putative HTH-type transcriptional regulator YahB--hypothetical protein--Carbamate kinase 1--Protein FdrA;hypothetical protein--Allophanate hydrolase--hypothetical protein--Cytosine permease","165","201","72","53","69.62025316455697","20.866141732283463","0.6042703150912107","0.017199419127836645","1.0","0.04865292015308059","3","3","2","0.25","1.0"
"group_10594--group_5806","--","hypothetical protein--hypothetical protein","165","201","72","53","69.62025316455697","20.866141732283463","0.6042703150912107","0.017199419127836645","1.0","0.04865292015308059","5","5","3","0.0625","1.0"
"group_10631--group_587","--","hypothetical protein--hypothetical protein","29","15","208","239","12.236286919831224","94.09448818897637","2.221474358974359","0.0172381443560412","1.0","0.04866694525591456","3","3","3","0.25","0.25"
"klcA_3","klcA_3","Antirestriction protein KlcA","29","15","208","239","12.236286919831224","94.09448818897637","2.221474358974359","0.0172381443560412","1.0","0.04866694525591456","25","13","12","0.9999999999999997","0.9999999999999997"
"group_5799","","hypothetical protein","29","15","208","239","12.236286919831224","94.09448818897637","2.221474358974359","0.0172381443560412","1.0","0.04866694525591456","5","4","3","0.375","1.0"
"group_11029","","hypothetical protein","33","18","204","236","13.924050632911392","92.91338582677166","2.1209150326797386","0.017256854482043595","1.0","0.04869592074840006","5","5","2","0.0625","1.0"
"group_11163","","hypothetical protein","31","54","206","200","13.080168776371309","78.74015748031496","0.5573534699748292","0.01730304859641466","1.0","0.04880238510681532","17","15","5","0.002349853515625","0.14346313476562497"
"group_9303","","hypothetical protein","169","155","68","99","71.30801687763713","38.976377952755904","1.587381404174573","0.01734832056087959","1.0","0.048906145737638546","39","21","21","0.7492586247608415","0.7492586247608415"
"group_5493","","hypothetical protein","87","121","150","133","36.708860759493675","52.362204724409445","0.6375206611570248","0.017421147142515775","1.0","0.04908744539423433","20","14","9","0.11531829833984371","0.8238029479980463"
"group_10596","","hypothetical protein;IS1 family transposase IS1X2;IS1 family transposase IS1S;IS1 family transposase IS1R","23","44","214","210","9.70464135021097","82.67716535433071","0.5129566694987255","0.017482517729436292","1.0","0.049104749259219226","44","13","34","0.00038813090293388086","0.009559878856634898"
"group_8210","","hypothetical protein","10","2","227","252","4.219409282700422","99.21259842519686","5.5506607929515415","0.017512465650816086","1.0","0.049104749259219226","4","4","1","0.125","0.625"
"group_7608","","hypothetical protein","10","2","227","252","4.219409282700422","99.21259842519686","5.5506607929515415","0.017512465650816086","1.0","0.049104749259219226","3","2","1","1.0","1.0"
"group_11136--group_11012","--","hypothetical protein--hypothetical protein","10","2","227","252","4.219409282700422","99.21259842519686","5.5506607929515415","0.017512465650816086","1.0","0.049104749259219226","6","6","2","0.03125","0.6875000000000002"
"group_10048--group_983","--","putative HTH-type transcriptional regulator--hypothetical protein","10","2","227","252","4.219409282700422","99.21259842519686","5.5506607929515415","0.017512465650816086","1.0","0.049104749259219226","5","4","2","0.375","1.0"
"group_9256--group_9254--group_9250","dhfrI--xerC_2--wecD_1","Dihydrofolate reductase type 1--Tyrosine recombinase XerC--dTDP-fucosamine acetyltransferase","10","2","227","252","4.219409282700422","99.21259842519686","5.5506607929515415","0.017512465650816086","1.0","0.049104749259219226","8","6","2","0.2890624999999999","0.2890624999999999"
"iutA~~~iutA_1","iutA;;iutA_1","Ferric aerobactin receptor;hypothetical protein","89","123","148","131","37.552742616033754","51.574803149606296","0.6404636343660733","0.017730360215992898","1.0","0.04962969120661701","22","15","11","0.13380050659179688","1.0"
"group_11381","","hypothetical protein","73","54","164","200","30.801687763713083","78.74015748031496","1.6485998193315266","0.017734113423353175","1.0","0.04962969120661701","3","2","3","0.25","1.0"
"group_6032","","hypothetical protein","73","54","164","200","30.801687763713083","78.74015748031496","1.6485998193315266","0.017734113423353175","1.0","0.04962969120661701","5","2","4","0.375","1.0"
"prn",";prn","hypothetical protein;Pertactin autotransporter","73","54","164","200","30.801687763713083","78.74015748031496","1.6485998193315266","0.017734113423353175","1.0","0.04962969120661701","3","2","3","0.25","1.0"
"group_3950","","hypothetical protein","22","10","215","244","9.282700421940929","96.06299212598425","2.4967441860465116","0.017786223214125544","1.0","0.04972724385520551","16","7","9","0.8036193847656252","0.8036193847656252"
"group_6318","","hypothetical protein","22","10","215","244","9.282700421940929","96.06299212598425","2.4967441860465116","0.017786223214125544","1.0","0.04972724385520551","9","4","6","0.5078125","1.0"
"group_10016","","hypothetical protein;IS1 family transposase IS1R;IS1 family transposase IS1S","9","24","228","230","3.79746835443038","90.5511811023622","0.3782894736842105","0.017863638469308787","1.0","0.049919474442833324","21","4","19","0.00022125244140625","0.0071973800659179705"
