gene,mi_score
COQ5~~~COQ5_2,0.01410206647632406
RBKS_1~~~psuK_1,0.029584165843351995
aacA4,0.015510958646551831
aam,0.001344367478689934
aat_2~~~aat_1~~~aat,0.009277008997302882
aaxC_1,0.003095269261591982
aaxC_2~~~aaxC_3,0.02986922510886747
abaF_3~~~abaF_2~~~abaF_1,0.0074609448849050075
abgA_2~~~abgA_1~~~abgA,0.01306599794027119
abgT_1~~~abgT_2~~~abgT_3~~~abgT,0.034393179616349245
acnB,0.07345846569403469
acpP_1~~~acpP_3,0.020393409302932985
acpP_2~~~acpP_1,0.033866438576549474
acpS_1,0.01041846202266683
acr3,0.043593425212904435
adh1,0.005877966876265184
adhE_1~~~adhE_2,0.015397231554585167
adhE_2~~~astD_2~~~astD_1,0.03014086535676741
adhE_3,0.025214431231897816
adhE_3~~~adhE_2,0.009326139545415169
aes_2~~~aes_1,0.010973518263897697
afaD,0.0024453816972440645
agaC_2,0.047154569873126384
agaS_2~~~kbaZ_2,0.03885045963103084
aglB_1~~~aglB_2~~~aglB_3~~~aglB~~~aglB_4,0.0003902858539608367
agp_2,0.010581891633801854
algC_1,0.02923072014246042
algC_2~~~algC~~~algC_1~~~glmM_2,0.02050307360931458
alsB~~~alsB_2~~~alsB_1,0.01484036394965993
alsC_1~~~alsC_2~~~alsC,0.01294701433107992
amiD,0.014805981608760677
ant1_2,0.006636878438459393
appY,0.02912537176827268
aptA,0.008926646528814253
aptB,0.010288545548554628
apxIB_2~~~ltxB~~~apxIB,0.011165539180430173
araB_1,0.009473666831435468
araB_2,0.003364175242130729
araQ~~~lacG,0.0004190673236790232
arcA_2~~~arcA_1,0.004222979467729315
arcC1_1~~~arcC1_2,0.0015934134572919145
arcC1_4~~~arcC2~~~arcC1_1~~~arcC2_1,0.019973836496574693
argH_2,0.037373852750969716
argR_2,0.020461061423717952
ariR,0.029570892529475756
arnC_5~~~arnC_3,0.024647229618228295
arsA,0.024190160486470047
arsD,0.006965080455654471
arsH,0.027893218839402767
artI,0.01927961022579372
artM_2~~~lptB_1,0.029075635863155647
artM_4~~~artM_2,0.02046592191737684
ascG~~~ascG_1~~~ascG_2~~~ascG_3,0.004149422734279096
aspA_1,0.011584372107948937
astD_2,0.022010949886884568
atoA,0.015793682292459588
atoB_1~~~atoB_2~~~atoB~~~atoB_3~~~atoB_4,0.006437260135346401
atoD,0.0178706556764896
atoS_3~~~atoS_2~~~atoS_1~~~atoS,0.03709673679157244
atsB~~~chuR_1~~~chuR_2,0.0037469758540555897
axe16A,0.002827723687349293
azoR_1~~~kefG~~~azoR_2,0.005023681424219717
bacC,0.0016661571717793144
barA_1~~~barA,0.012163605315671289
bcgIA,0.01546332015695806
bcr_2~~~mdtL_2,0.023891185271357473
bcsB_1~~~bcsB_2~~~bcsB,0.007719036267052948
bdcA,0.014182597033057576
bdhA,0.009093539491022984
bepC~~~oprM,0.001018012127128598
betA_2~~~betA_1~~~betA,0.007672599602669861
betI_3,0.0011470364579619918
betT_2~~~betT_1~~~betT,0.019200309131788496
bglA_3~~~bglA_1~~~bglA_2,0.036796337671238355
bglB_3~~~bglH_5~~~lacG~~~bglH_2~~~bglH_3~~~bglH,0.033197555524774325
bglG_2~~~bglG_1~~~bglG,0.03784202284744964
bglH_1~~~bglH_2~~~bglH_3,0.0003806744543448648
bglH_1~~~bglH_2~~~bglH_4~~~bglH_3,0.021675427505701395
bglJ~~~bglJ_1,0.021283556066163722
bioF_2~~~bioF_1,0.011980661420914585
bluF_2~~~bluF_1~~~bluF,0.016358058746377413
bshA_2~~~wbnH,0.023333182191805246
bshA~~~mshA_2~~~glgM,5.536110457571297e-05
btsT_1~~~btsT~~~btsT_2,0.0008957126194526488
btuB_2~~~btuB_1~~~btuB_3,0.027198805107685686
btuB_2~~~cirA_2~~~btuB_4~~~btuB_3~~~btuB_5,0.00357651465118769
btuD_1,0.012235941895136326
btuR_1,0.04036820225753934
bvgA,0.008898844804295258
cadB_1~~~cadB_2~~~cadB_3~~~cadB_4~~~cadB,0.0043597238610768585
cadC_2~~~cadC,0.05914124354730621
caiE,0.020159699513395024
caiT_1~~~caiT_2,0.023784419474822682
carA_3~~~carA_2,0.026311484212861558
cas1,0.030861483585851168
cas1~~~ygbT,0.051824044091377086
cas3~~~cas3_2~~~cas3_1,0.022647057143318827
casC,0.02812708205697234
casC~~~casC_1~~~casC_2,0.0076709599778279625
casD,0.03564097626400575
cat,0.003798885061949253
cbeA_1~~~cbeA_2~~~cbeA_3~~~cbeA_4~~~cbeA_5~~~cbeA_6,0.008790287827134424
cbeA_1~~~cbeA_3~~~cbeA_2,0.0054860443611246534
cbeA_2~~~cbeA_1~~~cbeA_5~~~cbeA_3,0.03444477515284938
cbeA_3~~~cbeA_2~~~cbeA_1~~~cbeA_4,0.01091970159482969
cbeA_3~~~cbeA_2~~~cbeA_4~~~cbeA_1~~~cbeA,0.02511845992022055
cbeA_3~~~cbeA~~~cbeA_2~~~cbeA_1~~~cbeA_5~~~cbeA_4,0.03802535222390202
cbeA~~~cbeA_1~~~cbeA_2~~~cbeA_4,0.05341909653703447
cbrB,0.012249157650534803
cbtA_2~~~cbtA_1,0.027882520932754007
cbtA_3~~~cbtA_1~~~cbtA_2,0.054742322642676644
cbtA_3~~~cbtA_4~~~cbtA,0.001018238406572891
cbtA_3~~~cbtA_5~~~cbtA~~~cbtA_2~~~cbtA_1,0.013819038590249244
cbtA~~~cbtA_1~~~cbtA_3~~~cbtA_2,0.06055931434808959
ccdB,0.010076341991152926
ccmH_2~~~ccmH_1,0.020079337829400412
ccmL,0.03452125548146934
ccpA,0.019315200043640735
cdgI~~~cdgI_1~~~cdgI_2,0.0164905100244499
cdiA1,0.0019584873967042338
cdiA_1,0.014722580923347106
cdiA_2~~~cdiA_3,0.0022089780327256836
cdiA_4,0.020737849582380008
cdiA_9~~~cdiA_6~~~cdiA~~~cdiA_2,0.03248485937808998
cdiA~~~cdiA_2~~~cdiA_1~~~cdiA_4,0.011838673046942638
cdiA~~~cdiA_2~~~cdiA_5~~~cdiA_1~~~cdiA_4~~~cdiA_3~~~cdiA1_1~~~cdiA1~~~cdiA1_2,0.007308288647727368
cdiI_1,0.03984933890771858
cdsA_2,0.007028584192870335
cdtB,0.02067576525349324
cfaB,0.004486817292651102
chaC_1,0.017894870542863206
chbA_1~~~chbA_2,0.0007724780730404834
chbC_2,0.012587378193619436
chiA_2~~~chiA_1~~~chiA,0.013112848995490367
chpS,0.012971768938319306
chuW~~~chuW_1~~~chuW_2,0.013324584260584693
cirA_3,0.03794587167717256
citF,0.019545827641885616
citG_2,0.027350014290267843
citX~~~citX_2,0.00018097943284178797
clpP_2,0.007854679143438625
clpP_2~~~clpP_3,0.007245020279978531
clpX_2,0.009430432208411776
clsC_2~~~clsC,0.02141610624963053
cntE~~~yfcJ_2,0.00482630646030624
cntO_1,0.025487851786557547
coaA_1,0.0015602518915440733
codA_2~~~codA_1~~~codA,0.04018798532579493
codB_2,0.01281815432055744
codB~~~codB_1,0.005128340496488137
col~~~pys1,0.014003256951656828
copD,0.012841544444550879
copR,0.020861433285393582
copR~~~czcR,0.0063446170172867244
cotSA,0.005014163899427659
cph2,0.025070386246892395
cra_2,0.03611250012385692
cra_3,0.049614139652811806
crfC_1~~~crfC_2,0.0012020787227802199
crfC_2~~~der_3~~~crfC_3,0.0130595460627565
crh~~~ptsH_2,0.014403614683990096
crr_2,0.04524636806627891
crt_2~~~crt,0.009491243111756864
crt~~~crt_2,0.034385402826494715
csbX_1,0.007958967455228949
csbX_2,0.01711345796411412
cscB_1~~~cscB~~~cscB_2,0.014905517171636129
cse3~~~casE,0.0062387609986060966
csgE,0.01928423617237507
cspB,0.027955411592398116
cspE_1~~~cspG_2,0.007665019171300136
cspJ,0.03291700530412567
csrA,0.0061998954568494025
csy2~~~csy2_1~~~csy2_2,0.0400148653132113
cusR_1,0.0050995277322454236
cusS_2~~~cusS_1,0.0007571005283111276
cutD_3~~~cutD_2,0.023353026060920712
cvaA~~~cvaA_1~~~cvaA_2,0.015915236689502343
cydD_2~~~cydD_1~~~cydD,0.04359818597003162
cydD_3~~~cydD,0.019202675958431836
cynS,0.019177375547395403
cynT,0.008999618928670516
cysE_1,0.012762254566531128
cysH_2~~~cysH_3,0.011339897754513162
dadA_3,0.0362923886337001
dam_1~~~dam_3~~~dam_2,0.027456495006548343
dapA_1~~~dapA_3,0.0212456355280477
dapA_2~~~dapA_1,0.004586075299256809
dapH,0.013172189166893222
dapH_2~~~vat~~~dapH_1,0.0071402399053406285
dapH_3~~~dapH_2~~~dapH_1,0.020996235685979858
dapH~~~dapH_1~~~lacA_1~~~dapH_2,0.04195248594245293
dasR~~~nagR_2,0.01232504069484941
dbpA_2~~~srmB_3~~~dbpA_1,0.017116804413473297
dcm_2,0.005398657206527879
dctD~~~dctD_1,0.012146895955784887
dctM,0.03739276084644816
dctM_1~~~dctM~~~siaT,0.0027866101279059308
dctM_1~~~siaM_1~~~dctM_2~~~dctM,0.0008125771457261344
dcuA_1~~~dcuA_2,0.06983041519734878
dcuA_2,0.014965710994559345
dcuA_3,0.043946884833166555
dcuB_3,0.023362680058534258
dcuD_3~~~dcuD_1~~~dcuD_2,0.06277478633929179
dcuR_1~~~dcuR_2,0.03391192375441743
ddpA,0.01612913431564378
ddpA_1~~~ddpA_2~~~ddpA_3~~~ddpA,0.017401657600566667
ddpB_1~~~ddpB_2~~~ddpB,0.016083829993353893
ddpC,0.026921959390546313
ddpD,0.0031662064150292935
ddpF~~~btuD_7,0.034366741832648984
ddpX_1~~~ddpX~~~ddpX_2,0.006377869812671966
ddrA,0.036775127122923745
deaD_1,0.01856739447673883
deoR_2,0.02300871494028267
deoR_2~~~deoR_3,0.008177894505967842
der_1~~~der_2~~~der_3,0.026239431051374718
dgaE_1~~~dgaE_2~~~dgaE,0.0023314935487328547
dgaF,0.005298762758364273
dgaR,0.021898665458063515
dgcT_1~~~dgcT_2~~~dgcT,0.0038968205621405794
dgoA_2,0.019889371709853165
dgoD_1~~~dgoD,0.028889404442333344
dgoT_2~~~dgoT,0.005029471628584581
dinG_7~~~dinG_2~~~dinG_6~~~dinG_3~~~dinG_1~~~dinG_5~~~dinG_4~~~dinG,0.017839801392925514
dinI_1~~~dinI_2~~~dinI_3,0.05098351496673392
dlsT_2~~~dlsT,0.031037749953563454
dltA_2~~~dltA_1~~~tycC,0.004713726048073186
dmlR_1,0.04798203999360795
dmlR_3,0.020630299856703838
dmsA_1,0.012495879400491239
dmsC_1~~~dmsC_2,0.011406410219192864
dnaB_1~~~dnaC_3~~~dnaB_3~~~dnaB_2,0.011382405718161959
dnaB_2,0.008074181507738976
dnaB_2~~~dnaB_1,0.010648291063745097
dnaB_3,0.021263528926796393
dnaC_2~~~dnaC~~~dnaC_1,0.02626605778635316
dnaC~~~dnaC_1,0.014011039393247993
dnaG_2~~~dnaG_3,0.008731412462965604
dnaT_1~~~dnaT_2,0.020620487820431244
dnaT_2~~~dnaT,0.010460655273812902
dnaT_2~~~dnaT_1,0.02985634881942234
dosC~~~dosC_2~~~dosC_1~~~dosC_3,0.02189854510931477
dpnA_1~~~dpnA,0.04056735533347444
dpnM,0.008454686321635707
dpnM~~~dam_2,0.022407368148687823
dppB_1,0.024496273512721878
dppD_3~~~dppD_2~~~dppD_1,0.009510928111075012
dsbI,0.004961800977801856
dsbL_1~~~dsbL_2~~~dsbL,0.00014827724131150077
dsdA_2~~~dsdA_1~~~dsdA,0.0027199939372328785
dsdC~~~dsdC_2~~~dsdC_1,0.0012567762316528786
dsdX_2~~~dsdX_3~~~dsdX~~~dsdX_1,0.006771838256538709
dsdX~~~dsdX_1,0.01949735228404914
dtpC_1~~~dtpC~~~dtpC_2,0.04002074597465444
ecdB,0.02111140395287925
ecfA1_1~~~ecfA1_2,0.017464001078209224
ecpC_2~~~ecpC_1~~~ecpC,2.7421743642896956e-05
ecpD_2~~~ecpD_1~~~ecpD,0.02609859259587255
edcC_1~~~edcC_2~~~edcC,0.055096025860124076
ehaG~~~ehaG_2~~~upaG~~~ehaG_1,0.0053174897882930505
elfA~~~elfA_1~~~elfA_2,0.02924837920410317
elfG_2~~~lpfD~~~elfG,0.01489625031799413
elfG~~~elfG_2~~~elfG_1,0.0061702718783462895
emrB_1~~~emrB~~~emrB_2,0.010282184230061109
emrB~~~emrB_2,0.032750226207791
emrE_2,0.0015491123182864719
epsF_2~~~epsF_1,0.006599630666995759
epsG,0.021231466623858664
epsH_1,0.004420720230627229
epsJ~~~arnC_4~~~arnC_3~~~arnC_2~~~arnC_1,0.0055302223255133676
era_1,0.001734415813162249
era_1~~~der_2~~~era_3~~~era_2,0.0074627088567056354
era_2~~~era_1,0.021511089338503542
era_2~~~era_3,0.007690162794758537
era_3~~~era_2~~~era_1,0.01644538290073161
eryD,0.019690170174211596
esiB_1,0.0035520821929466706
espC,0.028816746238436997
espC~~~espC_1~~~espC_2,0.007334769449368617
etp_2~~~etp_1~~~etp,0.01453526942891692
exuT_1,0.023696898970732905
exuT_2~~~exuT_3,0.004095201966029416
exuT_3~~~exuT_2,0.010930413298365194
fabF_2~~~fabF_1~~~fabF_3,0.026510432041512155
fabF_3~~~fabB_2~~~fabF_2,0.040322332761567825
fabG_1,0.03831456655708432
fabG_2,0.013721465084219009
fabG_2~~~fabG_1,0.012495102286679494
fabH_2,0.0014228385985219916
fbpC2_2~~~yusV_1,0.0129631734777651
fcl,0.0020469560277629473
fcuA~~~fatA,0.01399943072583465
fdrA_1~~~fdrA_3,0.05758327693818588
fdrA_2~~~fdrA_1~~~fdrA_3~~~fdrA_4~~~fdrA_5,0.01976529305992525
fdtA,0.03253497332840771
fdtB,0.0034208036502625383
feaR_1~~~feaR~~~feaR_2,0.016014913545798315
fecC~~~fecC_1~~~fecC_2~~~fecC_3~~~btuC_2,0.004496487414337391
fecR_1~~~fecR_2~~~fecR_3~~~fecR,0.029339951259838237
fenF,0.016976540274167506
fepA_1~~~btuB_1~~~pfeA_2~~~pfeA_1~~~pfeA,0.029661997147041985
fepC_2,0.005515504039260266
feuC,0.004481781595151224
fhuA,0.00361169588170851
fhuF,0.0419329782266078
fic_2,0.017365850400824057
fimA_2~~~fimA~~~fimA_1~~~fim,0.0040433452860424435
fimA_3~~~fimA_2,0.01055486502836378
fimC_2,0.03976932979178183
fimC_2~~~fimC_1,0.021959082524590556
fimC_3~~~fimC_2,0.02628348813333714
fimD_1~~~fimD_4~~~fimD_2~~~fimD_3,0.006710032857486725
fimD_2~~~fimD_3,0.009587621969650906
fimD_2~~~fimD_3~~~fimD_1,0.017034908131161375
fimD_6~~~htrE_2~~~htrE_1,0.024825662595870712
fimD~~~fimD_2~~~fimD_1~~~fimD_3,0.004097517183391686
fimF_2~~~fimF_1~~~fimF_3,0.005029777032343974
fimG_2~~~fimG_1,0.03586049043046291
fimH_1~~~fimH_3~~~fimH_2,0.01997649373979482
fimH~~~fimH_2~~~fimH_1,0.0010586772046332626
fim~~~fimA_3~~~fimA_2~~~fimA~~~fimA_1,0.0702573082539606
fixA_3~~~fixA_1,0.03354979657458701
fldC,0.0015391135647266907
flgE_1~~~flgE_2~~~flgE_3,0.017142220635664174
flgF_1~~~flgF_2,0.026749561636682184
flgH_1~~~flgH_2,0.026568893939557414
flgI_2,0.029000611797552533
flgL_1~~~flgL_2,0.0014600895283085613
flhB_2~~~flhB_1~~~flhB_3,0.033385891958138014
fliC~~~fliC_1,0.008171594271725313
fliC~~~fljB~~~fliC2,0.01146765526516269
fliD_2~~~fliD_1,0.06619600683795257
fliE_2,0.04495236471728559
fliF_2~~~fliF_1,0.038345047747279315
fliG_2,0.013717646020636298
fliI_2~~~fliI_3,0.013284404278824713
fliN_2,0.023619457411873546
fliR_2,0.021119111259616297
fliS_2,0.016681569813269403
flp,0.06889623052081761
flu_1~~~flu_2~~~flu~~~flu_4~~~flu_3,0.01631766715694183
flu_2~~~flu_3~~~flu_1~~~flu_4~~~flu,0.015649118178804988
flu_2~~~flu_3~~~flu_1~~~flu~~~flu_4,0.013245630328450053
flu~~~flu_2~~~flu_1~~~flu_3,0.011740453096412251
focC_1,0.017191854045328636
focC~~~focC_1,0.014229443448359858
folP1~~~folP_2,0.00030856959608938084
folP_2~~~folP_3,0.03251748789581854
frlB_1~~~frlB_2~~~frlB,0.020642320269766534
fruA_2~~~fruA_3,0.02158483132818767
frwD_1,0.008582977711442341
ftsA_2~~~mreB_2~~~ftsA_3,0.029358329045677145
ftsE,0.033580636317614765
ftsE_1~~~ftsE,0.006110928641813285
ftsK,0.011978607014583309
ftsX,0.02383504008672288
fucK_1~~~fucK_2,0.03607721915680395
fucK_1~~~fucK_2~~~fucK~~~fucK_3,0.02023379012600235
fucP_1~~~fucP_2~~~fucP,0.03268604225867877
fucP~~~fucP_2~~~fucP_1,0.01784256006165652
fucU,0.017583936585109816
fucU_1~~~fucU_2~~~fucU,0.027370722463920805
fusA_2,0.0036450467806401488
fyuA_1~~~fyuA_2~~~fyuA,0.0077688048402588805
gabR~~~gabR_2~~~gabR_1,0.002805763863963806
gadA,0.034531881560767586
gadB_2~~~gadB_1~~~gadB~~~gadA,0.05014258509043379
galE_1~~~lnpD~~~galE_2,0.02077552144407635
galE_2,0.027356559001496583
galE_2~~~galE_1~~~galE_4~~~galE_3~~~lnpD,0.011958119468637785
garD_4~~~garD_1~~~garD_3~~~garD_2,0.030819222933806234
garP_2,0.012836537836872886
gatA_1~~~gatA_2~~~gatA_3,0.05980252373528461
gatA_2,0.011973178712935795
gatB_1~~~gatB~~~gatB_2,0.03592220697651305
gatB_3,0.010252922651424523
gatC_1,0.03164915503688781
gatC_2,0.057151137179610734
gatC_4~~~gatC_3,0.003994527578185858
gatY_1~~~gatY_2~~~gatY,0.003356882506911907
gatY_2,0.0314120012811987
gcl,0.038751011048909545
gcvA,0.02326238193113217
gcvA~~~gcvA_2,0.014687205871499076
gdh,0.04668738230262437
ggt_2~~~ggt,0.020016394074773736
ghoS,0.003418379055170062
ghrB_1,0.020976465499414898
glcA~~~glcA_1~~~glcA_2,0.021111534152797873
glcB~~~glcB_1~~~glcB_2,0.008012201164267374
glmE,0.05639301164673105
glmM_1~~~glmM_2,0.0015839742256771316
glmM_2,0.02523830499933233
glmS_1~~~glmS_2,0.0008725657213648486
glmU_2~~~glmU_3~~~glmU_1,0.0023687497978015504
glmU_3,0.026609340261601666
glmU_3~~~fdtC,0.002259832351816815
glmU_3~~~glmU_1,0.0062860872691106184
gluQ_1~~~gltX_2~~~gltX_1~~~gltX,0.025512009514396583
glvC_1~~~glvC~~~malP_1~~~glvC_2~~~malP_2~~~malP_3,0.013015777018148489
glxK_2,0.018612177675649155
glxR_2,0.0058320267335836284
gmm_2~~~gmm_1,0.018847111897345004
gntK_1,0.05229760573480435
gntK~~~gntK_1,0.00223472975156902
gntR_2,0.044997297966271166
gntR_2~~~gntR~~~gntR_3~~~gntR_1,0.027186367419720137
gntR_3,0.02596763902805521
gntU,0.006692952976383504
golD,0.005278365640207561
gpFI_2~~~gpFI,0.037948946393932204
gpFI_2~~~gpFI_1~~~gpFI,0.003302241515407367
group_100,0.05323989438075882
group_10000,0.01617302088313144
group_10008,0.004061784077393771
group_1001,0.02908746872779422
group_10010,0.004940942823151495
group_10011,0.01714623723577935
group_10012,0.0013413823205432607
group_10015,0.010990100459705943
group_10016,0.0343242484182853
group_10017,0.0346821333484717
group_10018,0.006533073819559254
group_10031,0.010217994917922413
group_10036,0.025203190758515515
group_10038,0.013399564190602176
group_1004,0.0009803949980413673
group_10041,0.06004077100076333
group_10042,0.009726514232959005
group_10044,0.04486724570265843
group_10047,0.0018120387612776678
group_10051,0.023116136338287463
group_10053,0.008763523275059582
group_10055,0.02415310772921564
group_10056,0.0027611490535650596
group_10077,0.02601855668859332
group_10078,0.009297992233813002
group_10080,0.014368372780412253
group_1009,0.02352695065218624
group_10098,0.026175041566266932
group_101,0.015263283415349438
group_10100,0.02149627551515154
group_10101,0.0018831243121757435
group_10107,0.015313643426190016
group_10116,0.021338547797806084
group_1012,0.0377207280978451
group_10167,0.013960476129853738
group_10211,0.03200729975203398
group_10276,0.007194801772529624
group_1028,0.0008573962497879783
group_10293,0.019322052774526144
group_10302,0.010936166766440492
group_1031,0.006201107754395752
group_10320,0.020837867537615518
group_10369,0.0464964313491083
group_10371,0.024580024605817652
group_10372,0.02351800108961921
group_10373,0.027973867128987973
group_1040,0.005127419053415627
group_10402,0.0029031949860147677
group_10403,0.0016827619745347633
group_10422,0.011618738324775668
group_10447,0.0006735311219310258
group_1045,0.025529488131655897
group_10473,0.07573331519393522
group_10480,0.015195673271396037
group_10484,0.015923005001751367
group_10496,0.0224913687493411
group_10499,0.038354815610766924
group_10500,0.013343855851977837
group_10501,0.007137015589488982
group_10502,0.014538490557155281
group_10503,0.03109703384685969
group_1054,0.10509618080155336
group_10575,0.023777217998530498
group_10577,0.028602696531943916
group_10578,0.0076863253879460025
group_10618,0.014644534094970796
group_10632,0.012445146584992628
group_10636,0.011866249865581935
group_1066,0.039961073744504416
group_1070,0.055340517789935983
group_10709,0.037412369337347595
group_1071,0.0176628469656257
group_10714,0.029619344869170616
group_10728,0.03726333868933551
group_1081,0.04132740509947008
group_1087,0.02885018305112874
group_10874,0.004160361670879631
group_10894,0.05625036484463397
group_10897,0.04048029232260619
group_1091,0.0012686008286577621
group_10945,0.027948999046909062
group_1096,0.047070263079974195
group_1097,0.013543032575969782
group_1099,0.04928211590668696
group_1103,0.023639230844249903
group_11103,0.0038597062276579663
group_1128,0.012422771358951312
group_1136,0.018563229146707938
group_1140,0.037620853430760715
group_11411,0.00012411730876960014
group_1151,0.003988451961112194
group_1155,0.035727781578421824
group_1157,0.005380611210884734
group_1159,0.014175275208016869
group_1162,0.015555113881509541
group_1174,0.05474483038162159
group_11890,0.002035935140978218
group_1196,0.0010944329175786027
group_12028,0.005349605782730693
group_1204,0.021001104867215625
group_12155,0.004388977250819215
group_12156,0.008809045189217324
group_12158,0.0026340140651026633
group_12159,0.049709760224351696
group_1221,0.02121301287202737
group_1223,0.001902221530866166
group_1224,0.0021768394225918364
group_1233,0.03846426128417235
group_1243,0.010445457543552195
group_1249,0.02293697146072793
group_1252,0.020540369420541493
group_1253,0.004555197656347376
group_1256,0.04412989571762749
group_1258,0.020966592326397526
group_1259,0.005639813990454323
group_126,0.014494345050883428
group_1266,0.02021371798271243
group_1271,0.024961599000826062
group_12724,0.011779117660307703
group_12731,0.01334890023705504
group_1276,0.03969544527263413
group_128,0.056408871916275194
group_1285,0.03631544069459425
group_1286,0.020385068170535314
group_1287,0.054281182456279886
group_1288,0.013911174577333485
group_12906,0.02733025781310139
group_12907,0.0028313105454946808
group_1291,0.009521435310975823
group_12913,0.01728681003036181
group_12914,0.020362786198151683
group_12926,0.020451227401664163
group_12928,0.03002239482295721
group_12930,0.023768881686731858
group_12933,0.010774709943907723
group_12935,0.009028205623440533
group_1294,0.018790650215449123
group_12945,0.02022047829107798
group_12947,0.003230580528463367
group_12948,0.010158306925444283
group_12952,0.002559763541588822
group_12956,0.010052319904997109
group_12960,0.019044101521673795
group_12962,0.0016937854772161032
group_12964,0.01784077494396108
group_1297,0.01968246120519912
group_12971,0.014496380839728928
group_12972,0.05324385907413309
group_12973,0.032163163349852475
group_12982,0.026279126024878474
group_12984,0.017115674066110698
group_12985,0.01986041095934432
group_12986,0.02097573621539439
group_12991,0.009919648419160598
group_12999,0.012088211146590977
group_130,0.01040210307046241
group_13004,0.04602257477425731
group_13005,0.009996839840547445
group_1301,0.017627122337233292
group_13011,0.018244111141594743
group_13013,0.005787524957920898
group_13015,0.00014185245888809206
group_13016,0.05585987849259633
group_13017,0.0401462389817997
group_13020,0.04524376648258599
group_13023,0.02409159253418225
group_13033,0.010824223978985303
group_13036,0.011277741204128944
group_1304,0.02967387847767533
group_13040,0.004817158483481299
group_13050,0.018382220018188233
group_13051,0.03361950289173188
group_13053,0.020979529151961884
group_13065,0.03836956298684191
group_13066,0.005454886336076603
group_13069,0.015550129049641148
group_13094,0.021092677342893884
group_13102,0.02324594542940006
group_13108,0.013591273596700315
group_13109,0.005364469439353758
group_13115,0.0011577973648531081
group_13117,0.011264311426381068
group_1312,0.054139897274308124
group_13122,0.019686963977163296
group_13129,0.000878578959362164
group_13133,0.021048539894284124
group_13139,0.02745395571444398
group_13140,0.027581171489497125
group_13142,0.025120777132313643
group_13143,0.016884924955524516
group_13145,0.01643417633777
group_13164,0.014324493194481702
group_13172,0.007579921591278405
group_13174,0.00497202454975243
group_13175,0.053087893745051185
group_13177,0.005938073307238945
group_13185,0.016252478650980562
group_13186,0.01320815931338215
group_13189,0.0016775924201100079
group_13190,0.014051313669774856
group_13206,0.0031080074452298767
group_13207,0.05457690032570772
group_13208,0.023766213235818512
group_13211,0.00151076445287468
group_13215,0.020413824207438314
group_13217,0.024738801052797132
group_13222,0.00770861246963972
group_13224,0.02934284777495444
group_13225,0.008703746849523242
group_1323,0.0021528930137164615
group_13235,0.014178217768165746
group_13241,0.018037884917038616
group_13242,0.000687086812676263
group_13243,0.012943386747183983
group_13244,0.016595597587606203
group_13250,0.004720437485538298
group_13257,0.010892278414193823
group_13264,0.006470709729700319
group_13265,0.006106056844680685
group_13274,0.01323831698101463
group_13275,0.009817450678274442
group_13278,0.0033110073592037548
group_13279,0.018362188390676826
group_13281,0.020869337239325825
group_13295,0.016357831845767334
group_13296,0.012550047640834228
group_13299,0.021815822719807088
group_133,0.015600851515287228
group_1330,0.028402528969250662
group_13304,0.015431255859289061
group_13306,0.013672355407744918
group_13307,0.0011110518496759703
group_13308,0.008612954951959795
group_13312,0.021945870758653063
group_13315,0.002927223677528623
group_13316,0.025268071865986563
group_13319,0.021765405981626795
group_1332,0.011270766540959043
group_13324,0.003484439713359766
group_13326,0.019399825493666922
group_13327,0.027861987341775807
group_13335,0.018062614301433744
group_13337,0.04466799014306222
group_13339,0.03462765887323127
group_1338,0.029521716767469064
group_1355,0.008100291128959602
group_1356,0.030200914238927457
group_136,0.008685026302469145
group_1360,0.007106468161988344
group_1364,0.0068867821162412746
group_1381,0.02383592824054004
group_1386,0.010788289072737767
group_139,0.01635547590265407
group_1395,0.029140178874340172
group_1401,0.0035536168494627596
group_1407,0.005268441190364737
group_1411,0.01775099145295589
group_1418,0.0175167834794403
group_1428,0.010452072070353369
group_1437,0.012557607669958948
group_1443,0.04402350480796957
group_1453,0.010877490434851644
group_1456,0.0004030946843089911
group_146,0.018534784996439235
group_1472,0.011498620273318494
group_1473,0.007620804260650482
group_1474,0.02300938758445148
group_1491,0.0011368522381973722
group_1495,0.022364164277761223
group_15,0.02134019224324679
group_1503,0.009160729542953883
group_1510,0.00676924053982364
group_1526,0.038308214004906915
group_1528,0.04807183519928171
group_1532,0.02024017459386962
group_1533,0.04823668964909977
group_154,0.037892771195144004
group_1544,0.018565901797053863
group_1546,0.024968620006031728
group_1555,0.03270794273882749
group_1563,0.050195306585661736
group_1568,0.02174287167581701
group_1569,0.04761708033126455
group_1574,0.023657774192732406
group_1575,0.007216933973888118
group_1584,0.0008887062505642529
group_159,0.032129302229531476
group_1600,0.010580703605478359
group_1601,0.026163210897582
group_1609,0.008235107790120377
group_1612,0.020893164961727884
group_1613,0.01986342981793987
group_1614,0.005176942397236317
group_1619,0.026004531370014794
group_1621,0.03091686495487811
group_1622,0.043577246285140925
group_1626,0.04119682599858687
group_1627,0.010299481659286736
group_1628,0.013729725356991906
group_1634,0.007303894422355572
group_1636,0.043692410063896236
group_1654,0.023266411409507803
group_1655,0.00015679847688887527
group_166,0.0026200260164910283
group_1662,0.010786633113851973
group_1664,0.009205418447097546
group_1665,0.002045035600839684
group_1666,0.061955378708738795
group_167,0.005333353802331686
group_1670,0.00032714141322709445
group_1671,0.03067529580413564
group_1672,0.014625159110039476
group_1674,0.015269409898054365
group_1680,0.009968059095913473
group_1682,0.05776177104382407
group_1687,0.005906245341406935
group_169,0.023059604840819148
group_1690,0.019479247356364304
group_1692,0.018603369443826345
group_1693,0.01852401739670162
group_1695,0.014950618031400964
group_1699,0.0129750308215979
group_1700,0.020708151700159938
group_1703,0.024605474376685033
group_171,0.057595945096279966
group_1710,0.033272390171910304
group_1715,0.03540721926584234
group_1717,0.002342491828570159
group_172,0.023805335389173177
group_1723,0.04798642980957535
group_1729,0.002024251006256028
group_1733,0.015595326942553056
group_1735,0.0021285691020678232
group_1739,0.00176301077556551
group_1743,0.036886153287905454
group_1744,0.024503959253621144
group_1747,0.004896725275834957
group_1750,0.007222574407226956
group_1754,0.02896328152108696
group_176,0.03046729714767138
group_1760,0.008779774013126795
group_1761,0.012702409156559735
group_1765,0.034184582698171706
group_1771,0.017340010660116922
group_1773,0.03613425448998653
group_1775,5.194462967250679e-05
group_1777,0.02060792097365649
group_178,0.018705530238451784
group_1781,0.023501546390344297
group_1788,0.0029011264503413514
group_1790,0.0016318850397474272
group_1796,0.057336521067837154
group_1799,0.01741277174100908
group_1804,0.004900001641680918
group_1805,0.028179062121547416
group_1807,0.029225283381618228
group_1812,0.0049546595883958044
group_1816,0.010311529499895888
group_1818,0.025608105785450253
group_1820,0.04675936809250203
group_1821,0.005235669594456649
group_1822,0.02458977950355634
group_1823,0.018181334474948407
group_1824,0.018032363170172427
group_1831,0.026841691429602577
group_1833,0.06336778905842921
group_1835,0.05100103630447417
group_1845,0.07204294133314093
group_1846,0.002402654566940443
group_185,0.011366765968067183
group_1851,0.002476990198961637
group_1852,0.037250466027606954
group_1857,0.03153366053237572
group_186,0.023576329008256014
group_1863,0.022974846574977725
group_1865,0.00512541268684763
group_1881,0.010444114424921436
group_1886,0.05435907590607436
group_1890,0.011146899419966827
group_1893,0.023658957170324735
group_1895,0.03121187086598942
group_1899,0.002011083623075338
group_190,0.023031041295423105
group_1900,0.042840978826429676
group_191,0.018622578866114736
group_1916,0.006185180328919904
group_1919,0.016292480813002497
group_1927,0.03803754667721293
group_1931,0.033327587028353145
group_1934,0.051599309411670014
group_1941,0.027635356562567104
group_1950,0.025048816393346662
group_1957,0.008223349430420912
group_1959,0.01567886410078745
group_1960,0.03791576891408299
group_1964,0.024081758427682898
group_1965,0.009656799228237478
group_1968,0.02962453881530136
group_1972,0.033356691478207745
group_1973,0.04516572991657419
group_1977,0.006092797038980802
group_198,0.0450347088603702
group_1981,0.0035326515217848353
group_1985,0.003805604451633693
group_1989,0.005401541797004361
group_1990,0.0332065361345697
group_1993,0.005840549552697194
group_1995,0.019928689591777626
group_1997,0.05420132326334448
group_2,0.0020454554916393697
group_200,0.00601211084951303
group_2001,0.011280637299302176
group_2005,0.025653493460777943
group_2014,0.03485331218439369
group_2015,0.005672037367891569
group_2017,0.014167506895767845
group_2021,0.03834030656125975
group_2027,0.02935140733035735
group_2028,0.006600312532419439
group_203,0.02763433621410094
group_2036,0.018171780213866562
group_2037,0.02669104355372398
group_204,0.008468321757862496
group_2040,0.0020661671123267666
group_2043,0.005029638354820509
group_2047,0.020890604724951967
group_2050,0.0529361444104095
group_2052,0.08263351521541829
group_2056,0.007004875156941148
group_206,0.014419497560481664
group_2060,0.01969109988491735
group_2064,0.011323360772599544
group_2067,0.016496832138419792
group_2068,0.0682834492322748
group_2071,0.016565290148948364
group_2082,0.002213029488133511
group_2083,0.006823135082125731
group_2088,0.031134100762745254
group_2089,0.030881459649615417
group_2091,0.05640799743686142
group_2093,0.040891877955813616
group_2099,0.015489414225821951
group_2101,0.016087195602625837
group_2102,0.01777975888911243
group_2103,0.019499027604070962
group_2105,0.027889913404504973
group_2112,0.03109782646357795
group_2117,0.01864679173775796
group_2125,0.019894282649200123
group_2134,0.026912615494807834
group_2135,0.0296981292492009
group_2137,0.003237003517378989
group_2141,0.015245553085830421
group_2142,0.03613631005991058
group_2143,0.019468011703580812
group_2157,0.047645862010954554
group_2164,0.035145720507562705
group_2167,0.006814383367671484
group_2168,0.014638252189503431
group_2171,0.011658071587123287
group_2175,0.00017258976199863163
group_218,0.0029695059828995785
group_2183,0.0006469199191487807
group_219,0.004676342844897707
group_2190,0.006231409541316513
group_2192,0.006462220821007891
group_2195,0.035823255747231775
group_2196,0.004500983913398926
group_2197,0.02312628486287238
group_2199,0.004629580164538183
group_2201,0.012015599425529766
group_2204,0.04151745185383571
group_2205,0.01068618479548089
group_2207,0.012039690154916682
group_2212,0.0354945909175326
group_2223,0.006156656844364283
group_2224,0.02435599092215801
group_2227,0.022467371474834907
group_2228,0.007961456214157225
group_2231,0.006402854977528127
group_2236,0.010838499102581611
group_2238,0.00703953360180698
group_2239,0.0065698072829731835
group_2241,0.033800261559072675
group_2257,0.008478017312364639
group_226,0.04507705637068593
group_2261,0.002323541555037334
group_2263,0.04744905004013611
group_2269,0.002348629824720394
group_2272,0.02947805991142216
group_2279,0.0005317451693747088
group_2282,0.026875516453259918
group_2284,0.015706489790327627
group_2287,0.03090425027831234
group_2289,0.01875793546936433
group_229,0.018747861126012122
group_2290,0.00024816728007004407
group_2291,0.003237119949700107
group_2298,0.01809662279656621
group_2307,0.02506821232294998
group_2309,0.05332606823473807
group_2312,0.0007602118094265364
group_2314,0.04142655696724451
group_2316,0.02057341795155332
group_232,0.010098955753733208
group_2322,0.006552416888800705
group_2327,0.0042852811785116796
group_2338,0.03849293620202898
group_2341,0.023532576918858794
group_2359,0.02079324225488066
group_2363,0.014710279918174418
group_2369,0.006178228100764072
group_2370,0.01542901232974625
group_2378,0.01167474736904417
group_2379,0.027461608043604757
group_2384,0.021827648769116026
group_2389,0.009166301954228295
group_2394,0.006118711083404449
group_240,0.002259767356843634
group_2413,0.01898182586487307
group_2416,0.04825958789092799
group_2428,0.004683898175906531
group_2431,0.03468540349938398
group_2434,0.01973431023871841
group_2435,0.013536191769724093
group_2441,0.03361855339994735
group_2442,0.02215464957351787
group_2443,0.007095343700983525
group_2447,0.0025190294796495483
group_2448,0.03445660423799812
group_2449,0.014685350938231645
group_2450,0.008001372436534204
group_2451,0.005577907691277195
group_2453,0.012444599241403731
group_2457,0.01256880376058489
group_247,0.005793755997757222
group_2470,0.03481605469928173
group_2476,0.007482023037347796
group_2481,0.00129751960233504
group_2487,0.02775550338843269
group_2493,0.0019109161067862868
group_2512,0.015003506153355772
group_2514,0.004451622685186951
group_2515,0.00825732181043004
group_2521,0.0011278140699244599
group_2525,0.0364943249942955
group_2529,0.029207829815269593
group_2534,0.019517732027052315
group_2537,0.020577097232218122
group_2543,0.04130241091458231
group_2545,0.022480842931954514
group_2546,0.02235893076947293
group_2554,0.008475979861243266
group_2558,0.005387692837111047
group_2583,0.004858867679992329
group_2587,0.0038457973033623194
group_259,0.0027968434285430277
group_2594,0.024613508320564303
group_2596,0.00958872206359862
group_2598,0.022853160193257782
group_2618,0.019990446951066998
group_2620,0.019805597589866775
group_2621,0.011274478900906937
group_2622,0.006314271649457304
group_2624,0.007295497936182338
group_263,0.016095416884957414
group_2633,0.04056371395269154
group_2641,0.009191156289251046
group_2649,0.021331140654286207
group_2652,0.029218348490577473
group_2655,0.007501448056772997
group_2657,0.06301285441002391
group_2660,0.0031000054170409186
group_2664,0.006747428405244893
group_2679,0.001029020345623799
group_2681,0.018231567111739233
group_2686,0.04164016091120759
group_2689,0.03846943544922388
group_269,0.016032027004866833
group_2696,0.004246786367943178
group_2697,0.007111693192671575
group_2698,0.004229023790278674
group_2711,0.013078844749240703
group_2717,0.002600196897883933
group_2724,0.06079144274187942
group_2725,0.0003225893504190669
group_2729,0.00959714032558101
group_2734,0.00987999279784324
group_2738,0.01824144917355608
group_274,0.03739690335956003
group_2740,0.03265184659634146
group_2745,0.0011075647280625045
group_2746,0.03985428368133359
group_2756,0.01928292297470402
group_2757,0.011676231781095225
group_276,0.019883781722202176
group_2761,0.003550660781138193
group_2766,0.024023280989742046
group_2768,0.014081372432012795
group_2769,0.030649156941320532
group_2776,0.0008793052075422025
group_2777,0.0029576374606630207
group_2778,0.015050396618959683
group_2780,0.06338909235342638
group_2782,0.008995609021402284
group_2783,0.01380062523171377
group_2788,5.487353072597401e-06
group_2791,0.0015102360154830574
group_2793,0.032313597002158856
group_2799,0.006694566547243541
group_28,0.02320739293787044
group_2801,0.005028687410732147
group_2803,0.013598931700081307
group_2804,0.025875452927738296
group_2808,0.0017250876215528788
group_2809,0.04908670931109249
group_2810,0.013600016833549278
group_2811,0.01592693295883607
group_2812,0.022518499911910128
group_2813,0.05078005223150739
group_2817,0.02249579040225913
group_2818,0.013381568728135784
group_2820,0.0293406577269395
group_2829,0.012841774171029607
group_2834,0.0506718065110654
group_2835,0.03612026498907128
group_2838,0.026605775179265878
group_284,0.02923313908581604
group_2840,0.029317464372625057
group_2841,0.014192906010975337
group_2848,0.013298976241086669
group_285,0.024724365475868648
group_2851,0.02346514060518201
group_2854,0.03858828038089168
group_2856,0.03840312162647064
group_2865,0.009182771106551524
group_2866,0.006512314990246626
group_2867,0.012301637683846067
group_2875,0.018843613472257825
group_2877,0.03920567432554445
group_2878,0.05224650755114335
group_2889,0.020967495773150047
group_289,0.04891443568546672
group_2890,0.0045030999464084065
group_2895,0.002017081778109109
group_29,0.01600726412999398
group_2905,0.04443054248202105
group_291,0.013927150042571723
group_2913,0.0011049649291285935
group_2914,0.04870542369967534
group_2916,0.002282170841568787
group_2926,0.00416369287104823
group_2927,0.018891068490376917
group_2930,0.005460504162468238
group_2938,0.017286929166067555
group_2941,0.011891275756188424
group_2945,0.0027617828792256827
group_2947,0.056286812896124916
group_2949,0.024421841180008785
group_2953,0.0269138301982792
group_2954,0.01826020467214029
group_2956,0.0067998248260972005
group_2957,0.012166905098832226
group_2967,0.011198282395170622
group_2969,0.02404779145140079
group_2970,0.036181451855397784
group_2971,0.059281656719693876
group_2972,0.01038013510192659
group_2976,0.002276203771087504
group_2982,0.032474353630493
group_2987,0.03461670601726041
group_2989,0.024218104335547164
group_2998,0.0028948643259525397
group_3000,0.033353104620062135
group_3001,0.04578048765845888
group_3002,0.0034205147905193023
group_3009,0.015671717479587954
group_3014,0.031050511575286155
group_3015,0.008807880931434031
group_3016,0.018981162616935165
group_3017,0.037049680430870646
group_3018,0.05166205662674983
group_3027,0.007230966405256112
group_3031,0.02846236369691435
group_3033,0.04180476637231112
group_3034,0.0010980472032700028
group_3035,0.04979603878662586
group_3046,0.016600056216074854
group_3048,0.002953674846920995
group_3057,0.01213635546662939
group_306,0.03995579642517533
group_3060,0.040528347255965214
group_3065,0.002769130137082021
group_3074,0.028074509811113035
group_3075,0.015260160209594309
group_3076,0.021327375766431178
group_3079,0.04281986268661653
group_3083,0.025516976559917248
group_309,0.013783152887357542
group_3093,0.10594125414450528
group_3094,0.02780174547908998
group_3097,0.016414809830443522
group_3098,0.0014914646027976985
group_3104,0.003259618942234921
group_3106,0.018029039948926906
group_3107,0.006337495467158005
group_3111,0.027402584340173508
group_3112,0.00459218262204919
group_3126,0.007581123186356731
group_3130,0.013761729978969184
group_3135,0.019852363717260735
group_3136,0.0055342511827229934
group_3138,0.014537613706811614
group_3141,0.06729530321722654
group_3145,0.017690546127744566
group_3148,0.006992668035340932
group_315,0.0010877997732909872
group_3150,0.0025714719455340873
group_3152,0.015000008559406641
group_316,0.001110795448049151
group_3165,0.026963587258040045
group_3168,0.02091108379329243
group_3170,0.0018828219442565963
group_3176,0.00989092890857557
group_3186,0.04461532139773383
group_3187,0.004207943643105505
group_3189,0.02198480075295639
group_319,0.04237489097502234
group_3190,0.03056980143841237
group_3193,0.0026969744131952744
group_3194,0.027972612775871042
group_3195,0.022084120097529247
group_3196,0.018192324277180427
group_320,0.01600364398259413
group_3202,0.0354849179699781
group_3206,0.003866385749432766
group_3207,0.02518299992875228
group_3223,0.008841220526891513
group_3225,0.013752828493489355
group_3227,0.032659839975677674
group_3231,0.02053199637245351
group_3237,0.006835754789262349
group_3241,0.018588505376009312
group_3247,0.01911428844641927
group_3253,0.019912204726576066
group_3264,0.0010072515526926562
group_3268,0.0032220546735097777
group_3274,0.018233403926203096
group_3277,0.008625593801740328
group_3281,0.013357119314684418
group_3282,0.007297764282644614
group_3284,0.019262952361453367
group_3285,0.017136465974706416
group_3287,0.01872537348640102
group_3290,0.030710039646219656
group_3292,0.0003654832069586167
group_3293,0.013323098684940637
group_3298,0.00400981635740183
group_3299,0.016374878315131847
group_3307,0.016718524858011508
group_3308,0.005157621103804688
group_3311,0.0215069831417376
group_3314,0.00977054408859801
group_3321,0.018503774537714124
group_3322,0.021990961146082233
group_3325,0.0030497420574424616
group_3328,0.013304397087827713
group_3330,0.006188837833775551
group_3332,0.003330917596856775
group_3335,0.014584102899101836
group_3336,0.030315243222910127
group_3341,0.07302363353073726
group_336,0.024778287533204768
group_3365,0.04089537021343981
group_3369,0.009348723885718835
group_337,0.06836266666104152
group_3374,0.048875667958545144
group_3376,0.05766640812499135
group_3382,0.01561107151772001
group_3385,0.012141552238628561
group_3388,0.036467181350408495
group_3389,0.006023496273321882
group_3390,0.017950932946176
group_3394,0.0004257185867699853
group_3398,0.022732364791223647
group_3403,0.0025960061350374097
group_3405,0.025444214726627168
group_3407,0.035934697314869535
group_341,0.029773780992249588
group_3413,0.05853655750358722
group_3419,0.010215459282824302
group_3421,0.05133215344552289
group_3424,0.019509402198127912
group_3429,0.03919834077708684
group_3430,0.01233493343897396
group_3431,0.02093282843948474
group_3432,0.024799751998481723
group_3434,0.0015974572749817284
group_3436,0.0145141929094601
group_3447,0.005459762962557235
group_3452,0.0027728703445200065
group_3455,0.002263424030561234
group_3456,0.02705130221337182
group_3458,0.034903947684323144
group_3460,0.012385098876088962
group_3465,0.03369625912938412
group_3467,0.033749315228656096
group_347,0.00043870428323478095
group_3470,0.009827685973642142
group_3471,0.043583104310347176
group_3475,0.0053865992260380136
group_3490,0.007743935824718884
group_3494,0.046844682893897316
group_3497,0.0021217434662736956
group_3501,0.02321210083463532
group_3505,0.01810134461270141
group_3506,0.008463419086149004
group_3507,0.005750641723481609
group_3510,0.014404806369320067
group_3515,0.0007784943468776007
group_3517,0.03624013695330297
group_3523,0.002919280992576212
group_3527,0.013709933805812202
group_3534,0.01058148637102696
group_3535,0.01675455069073073
group_3536,0.011927905283637408
group_3538,0.01130396484299645
group_3548,0.009140138279763788
group_3550,0.010402399165478915
group_3551,0.0008826571074154188
group_3554,0.01415962920578906
group_3557,0.005558632442877798
group_3563,0.010684187116489552
group_3572,0.02147970137700539
group_3576,0.00534514091064886
group_3577,0.011070173435729247
group_3578,0.026988624452120025
group_358,0.05746151036433855
group_3584,0.012411531218023741
group_3586,0.01355921129376192
group_3587,0.01086450191251842
group_359,0.009474045869519943
group_3595,0.009224976282337538
group_3599,0.004755772144090731
group_3602,0.005036377219831856
group_3603,0.023260061473227234
group_3607,0.023315236553860696
group_361,0.04974238257662322
group_3610,0.007497209254163195
group_3615,0.005498989664294074
group_3617,0.010644788649196935
group_3619,0.00797187037037217
group_362,0.03254685631502752
group_3620,0.04167261014814572
group_3623,0.04502896806933321
group_3624,0.01885125200453186
group_3626,0.009798212166164166
group_3630,0.013368973001511186
group_3633,0.0005633731197163261
group_3634,0.01498477147695998
group_3637,0.002961490245311893
group_3638,0.017569005527588777
group_364,0.03803072303614963
group_3642,0.0337822336822331
group_3645,0.03784417170032062
group_3647,0.03386821887364522
group_3649,0.002405113072454279
group_3650,0.016227876640634964
group_3655,0.001401452216450938
group_3656,0.005813545554206101
group_3658,0.02370907334550476
group_366,0.012722454703441244
group_367,0.023010564930467714
group_3672,0.02580488899890221
group_3673,0.007883278564696727
group_3677,0.005035691364946748
group_3679,0.0024459186122411936
group_3680,0.0016827448093525987
group_3683,0.0022852566898683424
group_3686,0.06043358262334264
group_3689,0.027518885570332552
group_369,0.04650766135015516
group_3690,0.007307203846714572
group_3707,0.017698036673751805
group_3708,0.007863006615887347
group_3709,0.004762543134763764
group_3710,0.010900357361995905
group_3711,0.012621581673671667
group_3715,0.020129637925288435
group_3716,0.03759893034366435
group_3717,0.057704025254078806
group_3722,0.07159572725559626
group_3723,0.04291311854872726
group_3724,0.01660072475400476
group_3725,0.0012913987713669695
group_3726,0.010963227282299481
group_3727,0.0243724795406024
group_3728,0.04794179804396603
group_3734,0.03743211484349551
group_3737,0.037732010460571175
group_374,0.01121050689192482
group_3741,0.02330957467716721
group_3743,0.03737351040969816
group_3745,0.013181952209782022
group_3747,8.895785405838019e-05
group_3755,0.03009821935517354
group_3767,0.05471930996404417
group_3768,0.0368221443326624
group_3769,0.015385567848811066
group_377,0.00885198143378263
group_3771,0.01738599580672129
group_3773,0.020511524950580284
group_3775,0.007238409742638341
group_3778,0.02610625668344535
group_3780,0.0336733046003197
group_3781,0.017805016405147756
group_3787,0.008075268895359367
group_3792,0.011696123068807296
group_3793,0.04281688595662558
group_3798,0.026168015705010594
group_3800,0.011703661322122638
group_3801,0.03645257946718705
group_3802,0.0008000735091659994
group_3803,0.023145878603264114
group_3804,0.00621988847582422
group_3805,0.02592994111237723
group_3806,0.038022471500403165
group_3807,0.023315098086308605
group_3809,0.0551259629000489
group_3810,0.03313497982724001
group_3812,0.025318086910910198
group_3816,0.028923251530511118
group_3817,0.03837744013439415
group_3821,0.012621708837749823
group_3824,0.024617572129304044
group_3834,0.013704093566953901
group_3836,0.0028559401933578865
group_3838,0.011276197860035753
group_3839,0.0002854404843495306
group_384,0.015868211413352817
group_3840,0.010276281279671062
group_3849,0.009202816985887985
group_3853,0.06326344398171746
group_3859,0.023547206649569885
group_386,0.01477275222217056
group_3863,0.0007949671649558621
group_3864,0.040759143575176404
group_3865,0.022400364483184054
group_3868,0.02403523108750072
group_3872,0.018648988601102534
group_3873,0.006727024471758325
group_3874,0.0199070652155946
group_3875,0.05205252215738576
group_3876,0.028070912690603578
group_3883,0.050774309209064894
group_3884,0.030324494380715272
group_3887,0.026782393406964422
group_3889,0.02323790666492176
group_3891,0.01296726292929229
group_3893,0.02924085769602658
group_3897,0.027448563625069644
group_3898,0.012500934879070336
group_3899,0.004454410233767581
group_3905,0.011615984295962
group_3907,0.007765288086396982
group_3912,0.027295374261133265
group_3914,0.011743003062075097
group_3916,0.04542725273410486
group_3919,0.010487599719095408
group_3926,0.0003521075406538454
group_3935,0.018020498512327343
group_3938,0.03381533557228944
group_3943,0.029767796214159592
group_3945,0.03632432156785792
group_3947,0.008614007770564092
group_3950,0.01906510703267572
group_3951,0.013841948115390856
group_3956,0.014405117424816316
group_3957,0.015523043223449884
group_3962,0.03030351159085143
group_3963,0.0017022263461456966
group_3970,0.02161235046586607
group_3973,0.01074505046025287
group_3980,0.018614785952187907
group_3981,0.02169120715488182
group_3985,0.027528304189730735
group_3986,0.02882995747980699
group_3989,0.011624808290112476
group_3991,0.0293874597594852
group_3992,0.01670229390102307
group_3993,0.011669781364633147
group_3994,0.0060861627311004085
group_3995,0.042636396006204835
group_3998,0.019190406037811636
group_4003,0.004911189254701354
group_4006,0.014903765133224223
group_401,0.017363547939239332
group_4010,0.02385224133098074
group_4011,0.018444595201549285
group_4014,0.015613076222013023
group_4016,0.0001098918872126653
group_4019,0.02103572009291743
group_4021,0.0010628903732043948
group_4024,0.01627192062561611
group_4025,0.016500413862076124
group_403,0.011352264585797078
group_4031,0.004488460495759794
group_4035,0.005808176404234144
group_4037,0.026244300232610485
group_404,0.01260201054022736
group_4047,0.003984575700796578
group_405,0.0012548218943084777
group_4054,0.04233701786425148
group_4056,0.016604612440277444
group_4057,0.008799993932711914
group_4058,0.00857137951636533
group_4059,0.046804080816635674
group_4060,0.06240100293019846
group_4061,0.01208172295272969
group_4067,0.011512498139764737
group_4073,0.010827911737255835
group_4076,0.013448544635233928
group_4079,0.015404811592714784
group_4081,0.010247515102887794
group_4084,0.0032904406889426863
group_4088,0.008666241039491096
group_4090,0.027266444052749916
group_4091,0.024347108054163735
group_4095,0.021206440733252174
group_4096,0.0035494541353287
group_4097,0.046431210306290716
group_4098,0.014310462757844533
group_41,0.03813604032578444
group_410,0.05439196253144929
group_4118,0.0025371557632003494
group_4120,0.030595203169516694
group_4123,0.007557366340796845
group_4136,0.04544038791288396
group_4138,0.0432524938308807
group_4141,0.01074930339220459
group_4147,0.016921491692702295
group_4148,0.013117191783514448
group_4150,0.0239999868567371
group_4152,0.0004777823862878172
group_4153,0.011826377693506807
group_4154,0.03150690744171003
group_4155,0.006867145156685739
group_4156,0.015782056337381167
group_4159,0.02016385553468303
group_4164,0.03279547966445007
group_4168,0.051808705277667455
group_4172,0.0008898061345403718
group_4173,0.0055002528274716855
group_4174,0.00437130709567457
group_4175,0.031865496844267316
group_4176,0.02377935834450673
group_4178,0.023990916361579462
group_418,0.02229779111177166
group_4185,0.034996395138098046
group_4192,0.04245872551435004
group_4193,0.05437152318720817
group_4195,0.0662950430445095
group_4201,0.017499573940845448
group_4214,0.019996475691970383
group_4219,0.03697093428317766
group_423,0.023301155251592043
group_4235,0.0147273009547233
group_4236,0.011917466525744436
group_4237,0.01561232055155548
group_4238,0.015013697065966669
group_4239,0.0014749070086672589
group_4241,0.0030101246334668375
group_4245,0.012837289727840373
group_4246,0.014073643681921544
group_4250,0.021984164932564942
group_4251,0.002008474182943809
group_4252,0.0018453333528121174
group_4253,0.009272030359598116
group_4254,0.03382105429880622
group_4255,0.03395485434724632
group_4256,0.015067250518078001
group_4258,0.023201222404863886
group_4263,0.011964495619421589
group_4270,0.005491173312282438
group_4271,0.024954666104515688
group_4273,0.006470838402386603
group_4278,0.016633057509171767
group_4283,0.016145007428453928
group_4284,0.001758227983207794
group_4290,0.002598351194620596
group_4291,0.00798998983859378
group_4292,0.02791828063516011
group_4296,0.030661371709388208
group_4299,0.020541140051478557
group_4303,0.0033231634139501143
group_4304,0.00584503703172623
group_4305,0.0068041641963763055
group_4307,0.002266334675019799
group_4308,0.020136230676280453
group_431,0.0211373643747903
group_4317,0.00641668477750823
group_4324,0.03293745046204566
group_4328,0.0004081396905519785
group_4332,0.006409051275805044
group_4335,0.04746206690864163
group_4336,0.009348420896633014
group_4337,0.031985494520272884
group_434,0.01563584590603817
group_4341,0.0030123235409917903
group_4344,0.0014325678534727881
group_4352,0.0011699712059476397
group_4353,0.0009904833482519138
group_4357,0.016386574584465574
group_4358,0.0017037629973928325
group_4359,0.016788374673278872
group_436,0.010140198760696606
group_4361,0.0032292097723145563
group_4364,0.024501256349860112
group_4366,0.029388067531164186
group_437,0.014081675342358935
group_4377,0.006422961031238739
group_4378,0.054796925475663505
group_4384,0.02871732505797775
group_4389,0.0030182332629673514
group_439,0.0045410751296453
group_4394,0.01817032933033147
group_4401,0.03063773174538209
group_4408,0.012006633977437398
group_4409,0.003322616026616876
group_4412,0.008559812073384965
group_4415,0.03665719494675135
group_4420,0.013556372459606614
group_4425,0.029163264047704862
group_4431,0.030446850108755807
group_4432,0.028323062513825104
group_4438,0.04521244414597603
group_4441,0.015650389198421433
group_4444,0.016795700986463435
group_4446,0.01179918132599278
group_4447,0.009934654562085754
group_4448,0.005181345100213619
group_445,0.021582357529739138
group_4450,0.00409567671192157
group_4451,0.023705740071866543
group_4456,0.02020595050160101
group_4458,0.03468804851221252
group_4459,0.011570007387702086
group_446,0.004901493289005021
group_4465,0.008038430874814484
group_4466,0.003861117499585731
group_4467,0.02641707603167509
group_447,0.00596804708345311
group_4472,0.02358225045364848
group_4479,0.01857000275327758
group_448,0.004639976534405177
group_4483,0.040052886209025695
group_4487,0.012439682729059154
group_4492,0.015969624516443126
group_4493,0.00013401266879120577
group_4495,0.06562095399948031
group_4496,0.01732954709057455
group_4504,0.0024379403545926603
group_4507,0.029579339050142428
group_451,0.032361643869107004
group_4513,0.009061203078849722
group_4514,0.015975659206543202
group_4521,0.013164885338172283
group_4522,0.025860539989020603
group_4523,0.0031506647599610638
group_4524,0.04213544384148138
group_4525,0.011498762424579478
group_4527,0.03672759497522016
group_4529,0.05895994373624602
group_4530,0.03834797983509208
group_4531,0.00020651680562977504
group_4532,0.02807112254851507
group_4533,0.005707160086313667
group_4536,0.006070450902761371
group_4537,0.0024737610625107376
group_4541,0.006821157306696524
group_4544,0.019895385157821854
group_4546,0.014217443647513761
group_4547,0.03377144418420275
group_4556,0.011634538174978948
group_4557,0.011103279315247017
group_4558,0.009989184353063063
group_4562,0.06432059487877462
group_4563,0.05363249992491581
group_4565,0.01717537618793097
group_4569,0.008139947371442968
group_4572,0.04596274914536491
group_4576,0.018050858478892096
group_4578,0.020063619987579884
group_4579,0.03926714136403775
group_4585,0.015042792627021573
group_4590,2.147176616507096e-06
group_4593,0.021703946169657762
group_460,0.023751276526560616
group_4601,0.015661821288428968
group_4604,0.03355940232246635
group_4609,0.012875440736084931
group_4612,0.027360763062547644
group_4615,0.026795682634941587
group_4616,0.0076941666303467215
group_4619,0.02057944532764089
group_4620,0.012649533169216243
group_4622,0.00036584774398296105
group_4628,0.03031285274820994
group_463,0.004724427611727977
group_4631,0.0023591701039042956
group_4636,0.002750004659708427
group_4637,0.015545286464814012
group_4640,0.01164555016421498
group_4648,0.03425096014233375
group_4649,0.01570717198820648
group_4652,0.019256640535026737
group_4657,0.020022254925848415
group_4663,0.026138161568890483
group_4664,0.01105277489640688
group_4670,0.022966510263179085
group_4671,0.01657680074210499
group_4672,0.02077463108555655
group_4676,0.006933558715971122
group_468,0.009596363336839442
group_4681,0.004978489305528244
group_4683,0.03248116679922064
group_4686,0.005212121633026978
group_4688,0.021879941254003166
group_4689,0.021505040939004738
group_4690,0.02726367669644225
group_4694,0.019004212394387876
group_4697,0.016655722827627173
group_4698,0.015349968923443758
group_47,0.03789223570316147
group_470,0.029518154099807292
group_4707,0.0047801557314310905
group_4709,0.021892320552353572
group_4713,0.02548253350221663
group_4715,0.004023764843855249
group_4719,0.017610088002479873
group_472,0.03934646831080224
group_4720,0.00648806903932031
group_4721,0.00075107577686917
group_4727,0.0077465753957819405
group_4739,0.0012204694743684907
group_4745,0.019331544866503014
group_4746,0.01180085341770054
group_4749,0.015112301465832756
group_4750,0.0015104120504618734
group_4753,0.007635586378283765
group_4754,0.0503947611983786
group_4755,0.031485672702911804
group_476,0.018883299968156075
group_4760,0.015409173281230037
group_4761,0.019058450117848125
group_4762,0.03280786461453711
group_4764,0.0005740063638464132
group_4766,0.0033617599557813627
group_4767,0.018438157462125293
group_4768,0.014351250511283498
group_477,0.02188655378607396
group_4771,0.009830853982096821
group_4780,0.0023739128693516243
group_4782,0.03318164588564665
group_4785,0.004727423032238498
group_4788,0.01655141796094184
group_479,0.010086686454279237
group_4793,0.01661363609730282
group_4796,0.0332064739654645
group_4797,0.0036920070618162715
group_4800,0.002675996329739805
group_4801,0.024386712599878457
group_4802,0.02998706382141103
group_4803,0.02598428256183083
group_481,0.015658263520105686
group_4810,0.009090114748486089
group_4818,0.017814622074287412
group_4822,0.010774984053143255
group_4824,0.01934263756359078
group_4825,0.03548582141673018
group_4827,0.016653927168518656
group_4828,0.02448072674834334
group_4831,0.0398769589455219
group_4833,0.007542084464398968
group_4838,0.0008745230070610344
group_4840,0.018910462215277812
group_4844,0.004517561078636545
group_4847,0.0067395345911933635
group_4849,0.022491110172301765
group_4851,0.029596009057842654
group_4853,0.00814059117075705
group_4858,0.00732150523426367
group_4860,0.015193851207440101
group_4862,0.017254101224724927
group_4864,0.0002911818178135128
group_4867,0.0010814084900936383
group_4871,0.0203350729066909
group_4873,0.0005355467935190816
group_4874,0.04988763472115876
group_4876,0.010870849644097014
group_4878,0.009314246628886025
group_4881,0.021598881785165114
group_4889,0.010552278195179454
group_4890,0.04752850664439201
group_4898,0.0037129758365284093
group_4899,0.004072087193603524
group_4901,0.05012199341932111
group_4904,0.01879946692487633
group_4905,0.03757922838913563
group_4906,0.016100579704794837
group_4907,0.001301509728524719
group_4908,0.041669712469436515
group_4912,0.012006350559458978
group_4913,0.06294837440492107
group_4919,0.02430085927066017
group_492,0.007485173049483151
group_4920,0.03296971102934143
group_4921,0.0135782305917449
group_4925,0.019535275228090176
group_4926,0.008372666322280065
group_4930,0.002234198068365556
group_4932,0.007587763376105894
group_4933,0.058792284132561656
group_4936,0.01631302886577779
group_4942,0.007045434015039209
group_4949,0.022253636917922925
group_4952,0.017135019130082974
group_4953,0.006152743349076895
group_4961,0.010927564823011604
group_4971,0.030401378727774597
group_4973,0.005797065509603794
group_4974,0.017364963078144946
group_498,0.012699581293422746
group_4981,0.0038269810092377288
group_4982,0.015520089858510389
group_4984,0.0014498734715930883
group_4986,0.012993198329582123
group_4991,0.007179101247664299
group_4992,0.01875786532133672
group_4994,0.005101546565880577
group_4995,0.04151576763626563
group_4996,0.0014215243597412996
group_4997,0.024656308092308343
group_4998,0.023320935499298256
group_5,0.045107754400349975
group_500,0.04990925601638829
group_5001,0.02880174987134687
group_5004,0.007901879261684508
group_5013,0.011219604525917637
group_5017,0.0027698959474200535
group_502,0.03913338254003107
group_5021,0.01632471349918263
group_5023,0.022926750294702147
group_5025,0.046052629380806565
group_5026,0.007506669640421126
group_5029,0.031314753298167464
group_5031,0.029116215123498712
group_5034,0.05538823818026395
group_5035,0.02797702844459682
group_5036,0.04082051923225927
group_5038,0.0021247530161265793
group_5039,0.003984006870109136
group_5041,0.05086876891781977
group_5045,0.0011651898366042968
group_5047,0.04400266182377055
group_5050,0.031456741462168036
group_5059,0.017116489079804786
group_5062,0.019669461379392628
group_5065,0.006135343313706354
group_5066,0.0021959875069130774
group_5067,0.00882096512209829
group_5068,0.03364036910404433
group_5071,0.020067111098654777
group_5073,0.0036374205929490255
group_5082,0.02972594876881729
group_5085,0.039002199245735225
group_5086,0.06588876532783616
group_5087,0.08201581282372072
group_5088,0.039704478028431245
group_5091,0.007223749968484183
group_5094,0.008620494771542475
group_5098,0.015473635407778685
group_510,0.0250314816854047
group_5101,0.0013987422086492174
group_5103,0.001602157857734099
group_5105,0.009468826328826951
group_5110,0.022143380010313463
group_5112,0.006630919723099593
group_5114,0.033277888943566314
group_5115,0.041221903536512006
group_512,0.004637898689988651
group_5120,0.02177164549906796
group_5125,0.04297790253556344
group_5128,0.00695625891687901
group_5130,0.004083800628118972
group_5134,0.011909925656532261
group_5136,0.005565187626442647
group_5137,0.029067509286785365
group_5142,0.0320652933870611
group_5144,0.0020042805942284136
group_5145,0.025452599078188642
group_5146,0.03648096332059758
group_5148,0.00895760109133703
group_515,0.01410957351585762
group_5151,0.03709078221744733
group_5155,0.004743605328297651
group_5157,0.02575864648830084
group_5159,0.001390778911480428
group_5170,0.05003796223279777
group_5175,0.00954467525274949
group_5182,0.018268642837685034
group_519,0.0029037350593354994
group_5202,0.05097498911178033
group_5203,0.009146883408928996
group_5208,0.019850911316680486
group_5210,0.012544820615420393
group_5211,0.0006929355291394046
group_5213,0.03136699188158332
group_5217,0.004045314916321985
group_5218,0.026722297658298366
group_5220,0.001600754442245611
group_5223,0.015849230055267505
group_5224,0.06097555473410954
group_5225,0.005372348371664781
group_5228,0.00691106335115288
group_5230,0.05275996937922134
group_5232,0.00013324968432115725
group_5236,0.03792614246703052
group_5238,0.03348735398157898
group_5244,0.015687189109112598
group_5249,0.0011504375611910422
group_5251,0.00979868042918186
group_5254,0.06884299818534378
group_5256,0.013599070167633176
group_5258,0.034426104640288724
group_526,0.012504607676860457
group_5261,0.01279285273717945
group_5263,0.012754610260036658
group_5270,0.03368030752217366
group_5273,0.02967313444314712
group_528,0.007493656516410541
group_5281,0.0161738427996434
group_5283,0.019030830080045025
group_5284,0.005141141470396793
group_5289,0.02475954637393407
group_5290,0.007597154567957842
group_5291,0.015496831299250724
group_5304,0.02000003229670111
group_5308,0.0024150657809809406
group_5310,0.01815467722713371
group_5311,3.508466762291995e-05
group_5312,0.012194513833161835
group_5316,0.03374382331526138
group_5318,0.007261927450653127
group_5323,0.03372471782893838
group_5328,0.017774282260360375
group_5329,0.0036249246028561277
group_5330,0.0020247709660428104
group_5333,0.009419618029963939
group_5335,0.06660601656442022
group_5337,0.0629916808382478
group_534,0.00859092205867018
group_5340,0.0018665816785257139
group_5342,0.05786704838939616
group_5344,0.014828077073829382
group_5346,0.035451372086126476
group_5347,0.007734100140389222
group_535,0.0019404046647719664
group_5352,0.00514568280144756
group_5362,0.028012759555864353
group_5365,0.017528045728632202
group_5367,0.0034030458931975094
group_5368,0.006710877459684905
group_5371,0.0015390070128651345
group_5373,0.0424871118611736
group_5376,0.015614423627564822
group_5379,0.02856901500640885
group_5380,0.019036506628506755
group_5382,0.010656516335538102
group_5383,0.0026023925976359497
group_5388,0.00628796281459465
group_5389,0.008310457034017338
group_5392,0.0011335655432689329
group_5394,0.01340513281363842
group_5396,0.027159771177417857
group_54,0.006948764713865518
group_540,0.022677418273476135
group_5402,0.003393398378458201
group_5404,0.003442958458568235
group_5408,0.023185477497241758
group_5409,0.020035669743116546
group_541,0.0023966620636435287
group_5413,0.019061227946491233
group_5418,0.006205823297628088
group_5419,0.0011973956376649664
group_5420,0.013943418357015736
group_5427,0.012003641382795083
group_5431,0.028186453552189183
group_5432,0.061136560398606044
group_5435,0.022293928149660358
group_5445,0.013376388911347181
group_5449,0.015205062381029366
group_5457,0.007517003631211772
group_5461,0.011434135645264742
group_5464,0.026562204566612513
group_5465,0.027790124677065542
group_5466,0.010884429439066645
group_5468,0.03428506139244081
group_5469,0.023941841788408746
group_547,0.03437695713696609
group_5477,0.01515363323830976
group_5479,0.011053862523287883
group_5481,0.00219536581586377
group_5482,0.02238453962010878
group_5492,0.00043306950163257696
group_5493,0.004553198105108347
group_5497,0.012174185366984558
group_5498,0.037804743580238664
group_5503,0.01706634645960836
group_5506,0.012391619195611936
group_5510,0.021864551574662494
group_5513,0.0025005070758392645
group_5515,0.00038235081547610683
group_5520,0.028473475011488114
group_5521,0.011648950847500616
group_5524,0.012450583555806194
group_5528,0.015282498909317876
group_5530,0.006865022929512632
group_5532,0.029532022088380794
group_5538,0.00253311360778663
group_5542,0.03788091244845715
group_5546,0.029175160743723838
group_5555,0.03586002008522593
group_5560,0.00464165165320396
group_5566,0.008400074209981456
group_557,0.0050616893542847485
group_5571,0.010834362031234557
group_5573,0.0009467106466380937
group_5580,0.007503646582392776
group_5589,0.04528420204358374
group_5590,0.01091725322919701
group_5591,0.0020425957128118455
group_5592,0.037647578831871975
group_5593,0.02158954936483326
group_5598,0.01660064762442004
group_56,0.011622984983824303
group_5600,0.023351663161210956
group_5602,0.007618715112760466
group_5604,0.06634394333246507
group_5609,0.008174988139681316
group_5613,0.016242297047112553
group_5614,0.01432585830764288
group_5624,0.02320586696893101
group_563,0.030995817312225116
group_5632,0.03319279310537193
group_5633,0.0346657071965919
group_5637,0.0037279246803978427
group_5638,0.035500180485240396
group_564,0.02952595295418181
group_5644,0.022207387093309494
group_5649,0.03301014958380444
group_5655,0.018184998269748176
group_5659,0.01782913519199547
group_5668,0.0193420958279944
group_5671,0.013271008621469349
group_5679,0.00918682988472086
group_5682,0.019195920138210143
group_5690,0.0003374025526048374
group_5691,0.02373432613672155
group_5696,0.008722319287827185
group_5697,0.044829655038747473
group_5698,0.012090617955335281
group_5700,0.030072857186226765
group_5707,0.02032753465337578
group_5711,0.023253233344019852
group_5712,0.0013853976268969337
group_5713,0.009383392049989059
group_5724,0.007752367594877185
group_5725,0.009125132699805638
group_573,0.004722214956765836
group_5750,0.056811729877237926
group_5754,0.04624821188889694
group_5760,0.018477793503586692
group_5761,0.02086125359340829
group_5762,0.0022616267782549215
group_5764,0.01672371764054925
group_5766,0.01994367621304538
group_5767,0.025900001036612386
group_577,0.0028679188395606126
group_5774,0.007122448237854462
group_5775,0.009641014758457578
group_5777,0.010591234785890968
group_5778,0.016196893819428126
group_5779,0.013616553815463117
group_5781,0.005772835262807252
group_5782,0.06012437954935779
group_5784,0.012873695180547484
group_5786,0.0010041492478649605
group_5788,0.005274224080716872
group_5792,0.009450852764653517
group_5794,0.023701710794713726
group_5795,0.0055894646619210064
group_5805,0.018503056767139148
group_5806,0.02429603468215258
group_5807,0.02163179830221007
group_5809,0.004763865431206327
group_5811,0.0073909840296322304
group_5812,0.012190404609304428
group_5813,0.023152305459157585
group_5814,0.004285443084148799
group_5816,0.02847225706220491
group_5819,0.03128304380883695
group_5823,0.023227925697710816
group_5824,0.01074744397079308
group_5825,0.003961830915908848
group_5830,0.01092568844638997
group_5832,0.03113322192641954
group_5835,0.016998841572691603
group_5836,0.04036276487553092
group_5837,0.05041314995523649
group_5838,0.002522799188103386
group_5840,0.04550441631675106
group_5842,0.020283133445382795
group_5843,0.028016065821899527
group_5845,0.013370806158969017
group_5846,0.04442372668864758
group_5847,0.02392237155508936
group_5848,0.041350242394365466
group_5849,0.04575734840683854
group_5851,0.01604204753423577
group_5852,0.0025421450832130432
group_5857,0.00622015327631642
group_5862,0.006029727313157984
group_5864,0.0040350118001124535
group_5865,0.01162555997110859
group_5866,0.013245375169155471
group_5870,0.01720829472899621
group_5872,0.015105215640173641
group_5879,0.02364553818253312
group_5882,0.01975408001408918
group_5890,0.0207310392395208
group_5892,0.03503614297196367
group_5900,0.008461926817659116
group_5901,0.004880912279429994
group_5905,0.04019938668120271
group_5907,0.01586950352545813
group_5911,0.024393771619157345
group_5912,0.022530778310135613
group_5914,0.0027992765012405663
group_5915,0.05266891395986395
group_5917,0.042637757692871814
group_5919,0.03356346916704611
group_5922,0.012605498081784017
group_5930,0.021833235300983578
group_5932,0.02283134615143667
group_5934,0.00472023967474966
group_5938,0.0028018197828063585
group_5940,0.03618224335718678
group_5941,0.006692353892281622
group_5947,0.012153203294067438
group_5949,0.0398144224776904
group_5953,0.0017896671922426055
group_5957,0.009723504061940336
group_5962,0.005738643086228512
group_5964,0.028037027282600047
group_5968,0.03984065218823751
group_597,0.0712932957934509
group_5970,0.019255738330606897
group_5971,0.0037211143375386335
group_5972,0.008948636605614624
group_598,0.010278909337289033
group_5980,0.019225838770620785
group_5981,0.007533888194939609
group_5984,0.03889288701806026
group_5985,0.056955834205480116
group_5987,0.009326139285993795
group_5988,0.021603187005762248
group_5989,0.02889268997366834
group_5991,0.020181673466122207
group_5993,0.02149430064433
group_5994,0.014935379286678652
group_5995,0.03618641353789265
group_5998,0.005458639089320094
group_5999,0.037519050489062566
group_6,0.011772785641607886
group_600,0.040436359377630904
group_6007,0.029450116908520618
group_6008,0.002375226688189125
group_6014,0.02381051803183043
group_6015,0.0023608967095003486
group_6016,0.02429365791685112
group_6019,0.008944702585598652
group_602,0.0028088844538223245
group_6020,0.03479086208243931
group_6021,0.0059389595888093005
group_6024,0.0384796913568084
group_6029,0.013280360251163748
group_6032,0.007847240264910793
group_6033,0.021298730769534036
group_6036,0.05400004492439603
group_6040,0.015917219617985756
group_6044,0.02910267439323344
group_6045,0.018603140968428855
group_6051,0.006946698172922705
group_6052,0.026844525276931597
group_6053,0.041146329934867776
group_6055,0.007888278357044864
group_6057,0.03722791077712562
group_6059,0.02487672948500741
group_6061,0.011231628263531412
group_607,0.047838238444479764
group_6070,0.010119021912831316
group_6073,0.00024208256422553198
group_6076,0.02540141412374486
group_6083,0.02273035925579281
group_6084,0.048121853901211153
group_6086,0.010901089594368196
group_6087,0.0007057714545788407
group_6091,0.00033662826466174245
group_6094,0.00600614261543897
group_6095,0.02556015749144147
group_6096,0.006480495711991496
group_6097,0.016745620115429016
group_6107,0.034098961711328535
group_6108,0.0005213685805867119
group_6112,0.015402561991491703
group_6114,0.024669566265022702
group_6115,0.02095980093347949
group_6116,0.005483054592350767
group_6120,0.01670557127475747
group_6129,0.021596184503851257
group_613,0.037386235656876377
group_6130,0.004546990503357495
group_6133,0.023447956499403233
group_6134,0.01744894850834644
group_6135,0.011414353735282656
group_614,0.005434358396835481
group_6142,0.0148290576501664
group_6143,0.002609960273227907
group_6145,0.0037740315493155485
group_6148,0.008045444680199187
group_615,0.006472509807875282
group_6153,0.03233253941925285
group_6154,0.006081324844388947
group_6156,0.028408744838635203
group_6157,0.01212018867347675
group_6163,0.011651326239237703
group_6170,0.00824716647051571
group_6171,0.009095271748356115
group_6173,0.034684493569757224
group_6176,0.03076310945489058
group_6179,0.0030849059710080784
group_618,0.00725628922201671
group_6186,0.023226787243236346
group_6194,0.00821569194820615
group_6197,0.00414422878814813
group_620,0.01032205303384126
group_6200,0.017405204275388497
group_6203,0.014875794687738697
group_6204,0.010313831419054287
group_6207,0.023575705322476104
group_6209,0.04316675602397302
group_621,0.039291605737969304
group_6210,0.00957437512969972
group_6216,0.007523071601817755
group_6217,0.03267376951219014
group_6222,0.00985807536248351
group_623,0.008552096831469624
group_6234,0.003769577980707428
group_6235,0.018739357046868355
group_6236,0.02940677457004237
group_6237,0.0019159665547943128
group_6240,0.011530579918075823
group_6241,0.025840554074086697
group_6243,0.02441532002934843
group_6244,0.005356065717907699
group_625,0.005660606730188089
group_6251,0.03921749168727673
group_6252,0.025881464171004787
group_6253,0.058681649389723534
group_6256,0.016262309016028098
group_6263,0.018567320050538738
group_6265,0.011551403532390037
group_6266,0.0045762816704986164
group_6267,0.025129100478363142
group_6271,0.0063244625620684225
group_6272,0.04657944721773566
group_6273,0.007042478987823841
group_6274,0.017581902790995363
group_6276,0.0076048578852332405
group_6279,0.002531571646006592
group_628,0.010563530803173293
group_6280,0.04151584554753818
group_6285,0.005449048091949127
group_6287,0.011439731074680992
group_6288,0.009590979101317565
group_6292,0.02401000938083664
group_6293,0.024326057329267403
group_6296,0.022524308235077894
group_6299,0.006264469375802051
group_630,0.08021598139657637
group_6301,0.05769026128020904
group_6302,0.0004313852840625021
group_6305,0.008448130096961215
group_6306,0.02635092307344933
group_6307,0.01792782800988224
group_6308,0.005417494445324023
group_631,0.010624557636109921
group_6310,0.010232200558401017
group_6312,0.027430299416393744
group_6315,0.013806965649279634
group_6316,0.004795498202146753
group_6318,0.0006506387619715781
group_6323,0.013190955998240828
group_6325,0.008017257806438804
group_6333,0.028444343466542676
group_6334,0.030780639480207705
group_6336,0.007547198035133151
group_6337,0.03065359009893509
group_6339,0.038085768126836284
group_6342,0.024074002002035355
group_6343,0.0400039534717016
group_6344,0.04262792579061858
group_6345,0.029836611761590026
group_6346,0.01434509963687236
group_635,0.005081817183805182
group_6351,0.0003333251569497264
group_6352,0.005612306156249636
group_6353,0.037394410943625944
group_6354,0.010676757698477646
group_6355,0.03366627970143332
group_6356,0.07957644452975643
group_6357,0.03822160741990488
group_6359,0.01012447762361468
group_636,0.033627115781218464
group_6367,0.01501204875354789
group_6373,0.03991435786157549
group_6380,0.026347478129890467
group_6396,0.016002799467883744
group_6397,0.02046635144937481
group_6400,0.03539714932314619
group_6403,0.03541584809439069
group_6405,0.017343975143519375
group_6406,0.05586593980164878
group_6407,0.005217038644053762
group_6408,0.03434819544832668
group_6410,0.03461338906891731
group_6412,0.0051622498762544655
group_6415,0.05046075207028555
group_6417,0.017537569325104974
group_6418,0.01846169087426941
group_6419,0.006863576504831936
group_6420,0.03567361367053401
group_6422,0.010421711771333886
group_6424,0.02711938690199478
group_6425,0.0564465407719934
group_6427,0.03211958859025943
group_6429,0.03913847475489929
group_6432,0.018854798259410055
group_6439,0.009698323369737638
group_6440,0.020005112376958012
group_6441,0.054648568337953174
group_6443,0.01570911219620874
group_6444,0.004852190774114362
group_6448,0.023287766287082956
group_6453,0.012135944082724448
group_6458,0.031340100917828684
group_646,0.0030212371610831568
group_6460,0.014309165684246006
group_6461,0.003899982498915655
group_6463,0.02517716367935563
group_6468,0.05143372080778286
group_6469,0.014072664068335072
group_6473,0.026486252077218886
group_6477,0.01842136008037465
group_6480,0.0230276442691435
group_6481,0.01132959588938487
group_6483,0.005968386187661823
group_6486,0.02724151528277874
group_65,0.04153490076010691
group_6500,0.03796986513415135
group_6506,0.05348618232054525
group_6509,0.0400099176086659
group_6515,0.010586085222516806
group_6519,0.006000219595259093
group_6525,0.0317803514344539
group_6530,0.020164814335210446
group_6531,0.015081953091452993
group_6532,0.002599951379787857
group_6540,0.0007034062027226895
group_6541,0.008815071935390106
group_6542,0.015694085420906445
group_6546,0.028009142444304302
group_6548,0.00957251570828821
group_6554,0.022506820597786747
group_6555,0.004881198263855024
group_6557,0.016128694311310143
group_6558,0.03134152149849956
group_6560,0.021773564263716016
group_6562,0.0010337586970263768
group_6564,0.003984694597241045
group_6566,0.016494639991755822
group_6569,0.0236964885898987
group_6570,0.010364064055845112
group_6572,0.012120984238547017
group_6573,0.001625904461090233
group_6576,0.014488799655960838
group_6588,0.03872892480509549
group_6589,0.00029340943325539826
group_6592,0.018596957347189802
group_6593,0.05945423050853682
group_6595,0.06842929367530459
group_6599,0.005172045167288308
group_6602,0.0488063630953961
group_6604,4.472736176275305e-05
group_661,0.029989738256516185
group_6611,0.011160848947530111
group_6613,0.03020671574676559
group_6614,0.021633695291048527
group_6615,0.029705106318296037
group_6618,0.003359445569556474
group_6620,0.029897334021905086
group_6624,0.022325151379653185
group_6629,0.007799622387533622
group_6638,0.01177847618817962
group_664,0.022444066394834428
group_6643,0.0027336168276537176
group_6644,0.002016094127020862
group_6645,0.023382285933537306
group_6654,0.0013322212663646749
group_6655,0.01350480484933514
group_6657,0.03134862573167285
group_6661,0.04219962455353121
group_6663,0.04142069694547157
group_6673,0.022392575558718653
group_6674,0.012955215211166715
group_6675,0.0522187631751303
group_6677,0.020913344488017405
group_6680,0.002826399396176349
group_6682,0.0030867464424786384
group_6683,0.005973902282791155
group_6686,0.015323920068474273
group_6687,0.008744729920337146
group_6690,0.0011281427017975076
group_6691,0.0026560049730401936
group_6694,0.0007736097939676778
group_6707,0.028101277057823726
group_6708,0.025199053992920772
group_6714,0.021868355193537248
group_6715,0.010069357065618734
group_6716,0.006506934536800957
group_6718,0.015713588371764287
group_6720,0.004265760910698857
group_6722,0.012504966562148168
group_6723,0.0013524488324170303
group_6727,0.0028388047485081724
group_6733,0.041168589921470655
group_6741,0.036305179966410916
group_6753,0.018265440796325638
group_6756,0.01832837288573419
group_6757,0.029192907739742147
group_6760,0.039310106698425384
group_6761,0.02179001784314183
group_6764,0.005910353322932105
group_6769,0.03232209218375459
group_6774,0.052599015063723886
group_6776,0.0680854369683046
group_678,0.0019866754340573944
group_6785,0.0016251620888370066
group_6786,0.03362003980672901
group_6789,0.0439752226415453
group_6794,0.006857567457518865
group_6805,0.03117280668230671
group_6816,0.034648254633314446
group_6817,0.015767407035562675
group_6822,0.035533169673015674
group_6823,0.03544734555610285
group_6827,0.003604753764143709
group_6837,0.006009027415887269
group_6844,0.01752517630860706
group_6845,0.03222234289598935
group_685,0.054358144200638
group_6852,0.03654134909260054
group_6853,0.04781193526135352
group_6858,0.010197821253341788
group_6868,0.039999024326063726
group_6870,0.02183213520703564
group_6871,0.002019901994778639
group_6872,0.004987015781648063
group_6876,0.008879064556588823
group_6877,0.006076520868098179
group_6878,0.0039726279291747435
group_6881,0.005953576021316298
group_6882,0.0056840473086183785
group_6884,0.017461562362523164
group_6886,0.027817356407304095
group_6887,0.007448943421783261
group_6891,0.01047843825372241
group_6895,0.0029349258312110216
group_6896,0.009813584059156666
group_6902,0.018256477351712208
group_6904,0.0019801307228282106
group_6907,0.020397303349596996
group_6908,0.010918527695848335
group_6909,0.017665629614868283
group_691,0.01473633808188679
group_6911,0.014407423123464103
group_6912,0.0030398991960387534
group_6914,0.0026427960329715727
group_6915,0.013940576784479797
group_6918,0.007630047676207452
group_6919,0.015735159388902575
group_6921,0.04195501696433701
group_6926,0.02236038713281152
group_6928,0.010542110720653364
group_6931,0.036246704271479135
group_6933,0.015184351259023954
group_6935,0.0068157680431903955
group_6938,0.0008183701759592044
group_6939,0.003405456778891258
group_694,0.008148046310295864
group_6940,0.03192856540649691
group_6944,0.01986219208757789
group_6947,0.015007960553102162
group_6950,0.009886828573517858
group_6952,0.006240652956873705
group_6953,0.002486986126652546
group_6954,0.04950827497584376
group_6955,0.04732642281046462
group_6956,0.01931387188548972
group_6957,0.018213309175965975
group_6958,0.003158110923211499
group_6959,0.02765566325293478
group_6960,0.011322982937370663
group_6964,0.002167330375404619
group_6966,0.03714511200168258
group_6967,0.0003362500182384487
group_6969,0.018654109494598226
group_6970,0.006433419159015852
group_6980,0.0079528042362349
group_6982,0.03984756908295828
group_6986,0.012313941514887405
group_6989,0.012180232725374163
group_6992,0.0007979993217557269
group_6995,0.005432645089443522
group_70,0.055124395706676266
group_7000,0.03334296623535793
group_7004,0.046167943096815156
group_7006,0.02822108822651459
group_7014,0.00037801593334085837
group_7016,0.009423578646388542
group_7017,0.01137407262838841
group_7018,0.004115243855904449
group_7020,0.00012375559761390598
group_7021,0.019292005315761696
group_7023,0.02145717436504735
group_7024,0.009755869983878895
group_7027,0.00627577588526762
group_7028,0.007693997078242365
group_7033,0.0001039793393686761
group_7034,0.027355074589445527
group_7037,0.046147275526429166
group_7038,0.019004974014041887
group_704,0.00349791145919065
group_7040,0.025410705579065107
group_7041,0.06337053246967694
group_7043,0.02181682864147194
group_7044,0.012732916068281419
group_7045,0.022024596626584847
group_7046,0.013980779994352988
group_7047,0.039251122557151685
group_7048,0.00778885582890565
group_7052,0.001460380050328114
group_7053,0.033559877164138996
group_7056,0.006673095599092349
group_7057,0.02043237802825626
group_7060,0.0058561983807934315
group_7064,0.02460796733504611
group_7065,0.00843056596000058
group_7066,0.023028631328355198
group_7070,0.016345630577126347
group_7071,0.002211623246777039
group_7073,0.020412076989625216
group_7075,0.012903092068412336
group_7076,0.006372270603766328
group_7078,0.018818451939968117
group_7080,0.06115349017622829
group_7081,0.0016551267662798796
group_7082,0.01530442805934551
group_7084,0.02214885675325684
group_709,0.023818057658710146
group_7090,0.01849371382502163
group_7100,0.009060666373823967
group_7101,0.014356750482340086
group_7105,0.025800375877085502
group_711,0.026999702687410032
group_7110,0.013114753059079831
group_7114,0.023279579125143446
group_7115,0.002985569050058645
group_7118,0.02484279562604641
group_7119,0.023377724981929582
group_7121,0.004687044198580681
group_7122,0.008430181011982008
group_7123,0.018050058758133147
group_713,0.0007563205886311763
group_7131,0.06329483367852462
group_7133,0.007604170997987936
group_7135,0.04467505294183072
group_7136,0.021025807777686145
group_7137,0.0050987930064596565
group_7138,0.0034348199575580107
group_7139,0.02889080345716577
group_7141,0.000532596586902967
group_7142,0.021914703424862347
group_7143,0.028086232134428624
group_7146,0.04388289021723746
group_7148,0.027881989669493734
group_715,0.012136474485557658
group_7151,0.04407453130381067
group_7152,0.016075705621685588
group_7154,0.012335567054662988
group_7156,0.000816158352134666
group_7157,0.01250267561400853
group_7164,0.01092487135922604
group_7166,0.012709098818215248
group_7171,0.005624376271350595
group_7172,0.026384222456674156
group_7188,0.005896845290045194
group_7194,0.030443353135972462
group_7196,0.04798899004635149
group_7199,0.0006851284858708784
group_7200,0.004552597026275418
group_7202,0.00468503783201224
group_7203,0.004333723045870652
group_7206,0.02093360031275382
group_7207,0.023621117027765592
group_7209,0.002925428918635342
group_7217,0.0044467493045179385
group_7218,0.05208989165116251
group_722,0.027497665914497427
group_7220,0.004031829872287007
group_7221,0.0411200211000049
group_7223,0.01137097017237143
group_7225,0.01161815370247088
group_7226,0.0350813198707538
group_7230,0.025759447993819018
group_7232,0.019895073892353565
group_7233,0.0022414670330443975
group_7234,0.03429419509781262
group_7240,0.005712593400121202
group_7241,0.0013946418735919508
group_7243,0.03390010967607893
group_7246,0.012317588591151285
group_7247,0.010298345660187502
group_7250,0.008830125336390493
group_7253,0.001979220382006819
group_7256,0.020100744794398606
group_7257,0.028200996302145898
group_726,0.021388540025810476
group_7263,0.001171189155230845
group_7269,0.030373361790610565
group_727,0.016950954196706336
group_7270,0.012054210297925971
group_7271,0.0015539671602085026
group_7274,0.00873146097212163
group_7275,0.03592402035289233
group_7277,0.011886951136417467
group_7283,0.004399780545736531
group_7286,0.06740217756035372
group_7292,0.00958427697259534
group_7298,0.004199663848674762
group_7299,0.03532690953803885
group_7301,0.054167409386685295
group_7303,0.050058126798607994
group_7313,0.0294028740405039
group_7315,0.004753042355210235
group_7317,0.01487436396718711
group_7318,0.002863658261141877
group_7320,0.028657062373103503
group_7321,0.02538827342446104
group_7324,0.04187775028561269
group_7325,0.02895600534007081
group_7329,0.015211456157639747
group_7331,0.029344652673728433
group_7332,0.02046365557091523
group_7336,0.018332964921894623
group_7343,0.04937636956551361
group_7347,0.023349579332602843
group_7349,0.022793567116712765
group_7350,0.025672191992761606
group_7353,0.024938373310877893
group_7356,0.03329985761281984
group_7357,0.013327998740757296
group_7361,0.03388562581183385
group_7363,0.001431115357112267
group_7366,0.01615012225026935
group_7367,0.0490624611554642
group_7368,0.024185543017493982
group_7370,0.0375177501696522
group_7375,0.0389784837269318
group_7378,0.06327679214173632
group_7380,0.006352924708656893
group_7382,0.03435340528185571
group_7386,0.06288517689385387
group_7387,0.009969256749005062
group_7389,0.0322291586806136
group_7390,0.009069717420357781
group_7391,0.005376435740973573
group_7394,0.044867835556756885
group_7395,0.018333041762768287
group_7396,0.047587824115653765
group_7398,0.009441073265236799
group_7399,0.05696347494245635
group_740,0.02445334857162984
group_7400,0.04895715234343423
group_7402,0.01762958649448354
group_7404,0.0046531055190208725
group_7405,0.01364272700864233
group_7408,0.0049812786476171045
group_7409,0.026239069340219023
group_7410,0.04986157152687576
group_7413,0.0053152064866208715
group_7417,0.03442410675132557
group_7420,0.012985075541450009
group_7422,0.046447931179622426
group_7423,0.008040985468602768
group_7426,0.01814526060246613
group_743,0.018612830451250728
group_7432,0.022463783164385465
group_7435,0.018057026518485175
group_7436,0.03370322688973637
group_7440,0.007295481812110038
group_745,0.025697155381807946
group_7450,0.0009650335773847551
group_7453,0.023465219519525737
group_7454,0.03690999492967806
group_7458,0.021727171982089066
group_7461,0.031586149279966946
group_7462,0.017506656730664982
group_7469,0.013485142456963972
group_7470,0.0066238655244199585
group_7473,0.004353470214293997
group_7474,0.026015221000280864
group_748,0.038159370905318735
group_749,0.0074591439755922195
group_7490,0.006287296740788317
group_7493,0.00043950758264088563
group_7499,0.0252602461850715
group_7508,0.010150258852223093
group_7513,0.030078019426639013
group_7519,0.02428434834272797
group_7520,0.005146365669942421
group_7527,0.026954474663567263
group_7528,0.01620198038255971
group_7529,0.014925650862865014
group_7534,0.012343515753097112
group_7539,0.013155027335606695
group_7542,0.011808450174365603
group_7550,0.010110818206876093
group_7552,0.023987724582584358
group_7553,0.001622076240537229
group_7555,0.019402300954390883
group_7556,0.009044814205685592
group_7557,0.027712696713870333
group_7558,0.0036858805791109006
group_7559,0.030592143585170373
group_7565,0.024829078860802323
group_7568,0.010946480354985688
group_7572,0.0006931559468752457
group_7578,0.005863529514577248
group_7579,0.025632422383086828
group_7585,0.020800109325079585
group_7586,0.010787554346952444
group_7588,0.05056305013957996
group_7589,0.029688711460940542
group_7590,0.006641005037470338
group_7593,0.027322320779885834
group_7595,0.029305325894255274
group_7596,0.04428417400327023
group_7599,0.04668807609268777
group_760,0.008718416763558112
group_7607,0.01761638968902579
group_7608,0.025414195526546557
group_7611,0.020708053625903666
group_7618,0.0028449219224699895
group_7619,0.03366620236187701
group_7622,0.02503174814817255
group_7624,0.02010698576414338
group_7627,0.00375449349515411
group_7628,0.02332453848151661
group_7631,0.028537059876498683
group_7637,0.04289342981625022
group_7640,0.010308968099526972
group_7645,0.0035868799365019743
group_7648,0.014468594696855686
group_7650,0.035689095028744955
group_7651,0.021282758961301385
group_7655,0.005656427270814834
group_7656,0.027959979359335696
group_7657,0.048791421976733584
group_7658,0.0019968316051093282
group_7659,6.922894222993747e-06
group_766,0.0027148565084702536
group_7660,0.013038751538263504
group_7662,0.032371559791894766
group_7664,0.04036539899608016
group_7676,0.037796520714370674
group_7677,0.02823629621913981
group_7687,0.027293028991578705
group_7688,0.0011530951198253092
group_7690,0.02637671519433704
group_7696,0.016885557950047758
group_7698,0.016962461132857154
group_7699,0.003105608702896223
group_7700,0.025872252592398448
group_7702,0.03496170278281152
group_7705,0.029581105847811262
group_7707,0.005711331697996425
group_7708,0.00952724845474262
group_7713,0.02733476789907785
group_7714,0.050956063439925314
group_7717,0.05200949465389315
group_7720,0.008532738591777056
group_7722,0.031159412066060543
group_7729,0.002775936231058651
group_7732,0.0020260332980823748
group_7755,0.009950020642819801
group_7758,0.0033927879908826064
group_7762,0.02285928951096028
group_7765,0.007300201012348628
group_7766,0.004062191002444537
group_777,0.033143771733766814
group_7773,0.011290986792998892
group_7777,0.006873805938490962
group_7779,0.005118811668221701
group_7782,0.07383800463265255
group_7785,0.02039966779960478
group_7790,0.053601634215394656
group_7797,0.020497402091423256
group_7799,0.01135966104700925
group_7801,0.0478127813596001
group_781,0.00574902449561554
group_7811,0.016827830279105616
group_7812,0.010255477236463806
group_7824,0.008624689523850204
group_7825,0.006884512112773189
group_7827,0.004948533105690656
group_7829,0.021640878438565547
group_7837,0.004312585550191539
group_7843,0.017827702476713503
group_7846,0.010633085065850478
group_7849,0.03449222912985883
group_7852,0.024628701352709337
group_7856,0.039094344541562354
group_7878,0.04538492563478291
group_7879,0.017575612407922936
group_7885,0.02543035666796256
group_7891,0.010817090323535172
group_7896,0.008607798144792733
group_7907,0.039631808950115754
group_7908,0.022701548363797563
group_7910,0.02194401133724222
group_7912,0.03145744647696547
group_7919,0.02142854551238349
group_793,0.015169425022102168
group_7930,0.031383281980585265
group_7932,0.02129271931629617
group_7938,0.0032787444196087367
group_7940,0.033614212866075244
group_795,0.009978519525697616
group_7951,0.018545895239827637
group_7956,0.03285071408832008
group_7960,0.01649578351483938
group_7964,0.0028627721020551
group_7977,0.0016112184229823967
group_7983,0.0005424410812928659
group_7987,0.025301621406844443
group_7990,0.0187955002367719
group_7997,0.044359703764584424
group_8005,0.03265810572361394
group_8007,0.007282272250874966
group_8010,0.00496227081560674
group_8011,0.013059664749229372
group_8014,0.0027660549710899485
group_8019,0.010576936722892949
group_8022,0.016874429680263425
group_8034,0.019951985878985834
group_8035,0.004216847333287532
group_8039,0.036285913195616804
group_804,0.055201674397528766
group_8041,0.04455698762613691
group_8043,0.021136831116799426
group_8046,0.03489226554433156
group_8049,0.028614499143167604
group_8058,0.023249722040671772
group_806,0.021165431730939543
group_8067,0.036102192187048576
group_8072,0.007324672201609372
group_8074,0.007257555832228757
group_8076,0.024784312704590583
group_8083,0.01620083873172362
group_8085,0.014413546780300601
group_8086,0.04154610836417816
group_8087,0.012371702265112194
group_8088,0.02523683754249184
group_8092,0.002984353926643868
group_8110,0.023164904554077603
group_8111,0.0017809324329982612
group_8114,0.015145792284619874
group_8115,0.010796616285765337
group_8116,0.03372074810499348
group_8117,0.04262180405289229
group_8123,0.017014700136215977
group_8129,0.017355926572147462
group_8153,0.0043747433516565515
group_8160,0.038154344017879094
group_8163,0.0017867339408366156
group_8166,0.028700235159477394
group_8171,0.011130488770993763
group_8174,0.034640647395564717
group_8175,0.00924249583531922
group_8180,0.038658991254885144
group_8182,0.013256357324920476
group_8185,0.027795501141049783
group_8191,0.010529404785160734
group_8193,0.023214087420124763
group_8199,0.009048017576865686
group_8210,0.007166501120383639
group_8213,0.024019452601912628
group_8215,0.014283119655144949
group_8216,0.0584929976132571
group_8222,0.007745611564683674
group_823,0.021475836420163263
group_8233,0.015173954889157404
group_8238,0.02433298718973753
group_8240,0.02561777391240594
group_8245,0.006421901330586843
group_8246,0.007492688074684617
group_8248,0.012272949476534123
group_825,0.01349462324546713
group_8253,0.027425192862211567
group_826,0.025327973793326075
group_8272,0.03753465879263129
group_8273,0.01088328911682157
group_8279,0.03219922928715624
group_8280,0.029326544508980756
group_8282,0.002446167288660872
group_8292,0.008490408745325917
group_8303,0.023181618192136266
group_8305,0.030356758265638994
group_8310,0.012006690494805294
group_8311,0.02220262151558372
group_8314,0.0027401678117855433
group_8315,0.00514147126586284
group_8321,0.022037453496695614
group_8324,0.014788488652187404
group_8327,0.011701371097472046
group_8331,0.03092212107011383
group_8338,0.012418023900028663
group_8339,0.028667846718079648
group_834,0.016455483718008646
group_8343,0.011655367231058644
group_8349,0.0323051292481098
group_835,0.04562241202684425
group_8360,0.004538694584854452
group_8367,0.050295583689653034
group_8373,0.03058951550084954
group_8374,0.009388568630247951
group_8381,0.024677747935746952
group_8382,0.014584145216680833
group_8390,0.004991596514334562
group_8392,0.009537704998983987
group_8393,0.005677116617010647
group_8394,0.017246117315339315
group_8396,0.020324887645816636
group_8397,0.00852504541438237
group_8400,0.04345920468178832
group_8401,0.025548884061259214
group_8404,0.015942901941200294
group_8422,0.051943716582544264
group_8423,0.01098439868839951
group_8430,0.016993708754556414
group_8433,0.002030696812090671
group_844,0.0529872024019975
group_8454,0.06199941022665301
group_8460,0.009693655035130533
group_8462,0.020156562799463762
group_8475,0.007823868338459716
group_8479,0.0006189636030051737
group_8481,0.01624579547219951
group_8486,0.024924875799776203
group_8488,0.028427217540407224
group_850,0.08778428187830323
group_8509,0.026606700069372602
group_851,0.03158980030194791
group_8513,0.011727700153516984
group_8518,0.00450785305706769
group_852,0.011774147319525863
group_8524,0.006558427510900744
group_8538,0.0015722618322708826
group_854,0.05235885277550478
group_8541,0.009838192552376945
group_8559,0.012583981499795005
group_8561,0.006906139524796018
group_8563,0.0574475833479422
group_8569,0.00864390908601953
group_8574,0.012001423076096085
group_8576,0.0013747681710050141
group_8581,0.050909092686413526
group_8584,0.022130433044868614
group_8587,0.023913874378763245
group_8589,0.004490708513446462
group_8597,0.016272715831528117
group_8598,0.021690912433430132
group_8601,0.0035170944950420058
group_8602,0.005753190656784257
group_8607,0.010235125332201722
group_8608,0.0034987685372041
group_8615,0.015732394526008386
group_8618,0.015329620676187927
group_8630,0.02726307279174134
group_8635,0.027452054736144316
group_8636,0.024952479713507003
group_8642,0.003416248350392115
group_8647,0.014827104975097649
group_8653,0.0196212189850975
group_8657,0.0029027711057536543
group_8664,0.007749468875058341
group_8666,0.02280390896394202
group_8670,0.03806106072822191
group_8680,0.026313802256092478
group_8688,3.068279578344324e-05
group_8690,0.0388160318662647
group_8704,0.053063760569439955
group_8705,0.018228403722660325
group_8708,0.03770299577359526
group_8709,0.016941637641026075
group_8710,0.035873765940292124
group_8713,0.008406434618597913
group_8716,0.007764502494980174
group_8718,0.017184712857145623
group_8738,0.023821192235741417
group_8740,0.02864063360532687
group_8743,0.023591398533329144
group_8745,0.018831852207950694
group_8759,0.022861139282044363
group_8762,0.02664816175305673
group_8766,0.033092924921162004
group_8767,0.011793064694457511
group_8775,0.017195533107273286
group_8783,0.007324373852440891
group_8789,0.002218767042107883
group_8794,0.025152899618374747
group_88,0.006178800349196267
group_8800,0.03292399449279482
group_8802,0.06451220219361531
group_8805,0.016132321895206303
group_8808,0.008129835583147615
group_881,0.011423642670486567
group_8816,0.00907196996993287
group_8818,0.02587017545663639
group_8824,0.01906013716128685
group_8826,0.014986005550315706
group_883,0.03239031230408895
group_8830,0.03100328989120249
group_8833,0.04462385186331441
group_884,0.004096270975424865
group_8846,0.01095756341087517
group_8851,0.00631341906833649
group_8853,0.030345157244693333
group_8856,0.046022236711158016
group_8857,0.004496100480337439
group_8867,0.017084083062030464
group_8869,0.006625835154699056
group_8871,0.006452046711048265
group_8872,0.017337589512058882
group_8873,0.007574471322260301
group_8876,0.013715509244177637
group_8879,0.025069088140933227
group_888,0.0071105569836005245
group_8883,0.03555673658438652
group_8894,0.001878870940120736
group_8895,0.03336807125027996
group_8897,0.006295717828639358
group_89,0.024925667874067692
group_8910,0.003098171428445262
group_8929,0.017034006469168306
group_8930,0.015731258526909153
group_8936,0.003435695976764075
group_8937,0.0343943729639542
group_8938,0.03536267938032611
group_8941,0.0015188672587052032
group_8942,0.043691776736918264
group_8943,0.010696490737558628
group_8944,0.016804178591682595
group_8951,0.05468380292751851
group_8958,0.04106584334094743
group_8959,0.02096740052476176
group_8980,0.04707619918838635
group_9,0.035020562174680414
group_90,0.036695864751189244
group_9003,0.043451134261041524
group_9008,0.021123195470601264
group_9013,0.007484378980460837
group_9020,0.012324951098198422
group_9024,0.03766445375440153
group_9027,0.007441231626902578
group_9029,0.0208966492574727
group_9036,0.02851624452981749
group_9045,0.035366912863653566
group_9051,0.04279294429531588
group_9053,0.01758444241555468
group_9054,0.03343042802612639
group_9056,0.034108779731793604
group_9060,0.05512569527368805
group_9065,0.023043758201934272
group_9071,0.0221322936298729
group_9080,0.002619799947018553
group_9081,0.010021008451917224
group_9082,0.0359930608525334
group_9083,0.0068764620448213964
group_9084,0.0025082600951531475
group_9087,0.041180856576118696
group_909,0.02407075424809868
group_9091,0.03172232787846707
group_9092,0.025666294072942852
group_9093,0.00014441951099386507
group_9110,0.0014946844305052664
group_9112,0.04701967124866413
group_9117,0.03341139463881704
group_9119,0.023743310403522955
group_9123,0.011502992749583552
group_913,0.04455420068997329
group_9137,0.06942669185574357
group_9138,0.009314779554421948
group_9142,0.02894633908536215
group_9156,0.049926062664507276
group_916,0.0422749797816202
group_9161,0.0187115832485778
group_9162,0.00574355078851263
group_9170,0.03413539907972574
group_9177,0.0069223371925295485
group_9191,0.0012685601029072124
group_9199,0.01643014939913834
group_9202,0.03439870219435259
group_9216,0.030142102265654946
group_923,0.006696872455862923
group_9232,0.017239085391151265
group_9235,0.00689818973580314
group_9241,0.025605008633677206
group_9245,0.009758698048238479
group_9251,0.005197274520419848
group_9258,0.038334922538295846
group_9259,0.03009554130680603
group_9262,0.0011452307280503948
group_9263,0.015311011501594418
group_9265,0.019580855473664283
group_9266,0.05274623139261503
group_9272,0.0018248520797692347
group_9276,0.06192072591560982
group_9290,0.008820619115071704
group_9292,0.006288068412834802
group_9294,0.028423004380585093
group_9296,0.04548160623943032
group_9337,0.032050692125005664
group_9349,0.008001493327709719
group_9352,0.002587321410287391
group_9355,0.04905695636380858
group_9356,0.02167668335486672
group_9357,0.038610642098757086
group_9358,0.021029012933624802
group_9363,0.02554606467572751
group_9368,0.04918611467404976
group_9371,0.018776908017389182
group_9372,0.009075438972742766
group_9373,0.012426577182528487
group_9379,0.003786982504221381
group_938,0.03459868075631767
group_9381,0.019763637101039233
group_9384,0.00877296786970061
group_9390,0.01760343590825153
group_9392,0.003734123804543854
group_9394,0.020642126115984594
group_9397,0.002526291171325745
group_9404,0.03997073821445385
group_9408,0.0115534793033365
group_9411,0.0025349504222504926
group_9414,0.01718005782074261
group_9415,0.023485325573236793
group_9417,0.0016466019524357112
group_943,0.005754238642768472
group_9439,0.02381420296423231
group_9440,0.04624653734181394
group_9442,0.036539998659957496
group_9446,0.029888858411416752
group_9447,0.010510232099161465
group_9462,0.009789531098419957
group_9464,0.036678564344702735
group_9469,0.011367332116139606
group_9472,0.01351378828499894
group_9474,0.030441336297068133
group_9477,0.00011360225242995625
group_9478,0.056052232117951295
group_9484,0.03222572808511748
group_9487,0.0587567216197773
group_9488,0.003170637166718837
group_949,0.001638782774555425
group_9495,0.017569965491709416
group_9496,0.0011557401326534045
group_9505,0.022226952242561993
group_9506,0.02653211189395388
group_9510,0.024892944317922883
group_9521,0.01461733826988354
group_9523,0.003070924405271347
group_9527,0.04972082632503083
group_9535,0.00711574810386284
group_9540,0.03518675351967637
group_9546,0.011679122644475015
group_9547,0.010542616551098005
group_9549,0.04539241867420363
group_955,0.01270448051810158
group_9550,0.036546317511685356
group_9552,0.027736086759124534
group_9555,0.006420328485477134
group_9565,0.04192082395662067
group_957,0.04543842402183018
group_9570,0.01539733151904299
group_9575,0.0026292779096535046
group_9577,0.022248077344208417
group_9578,0.013829420830773875
group_9584,0.014495817118351573
group_9587,0.02348969153992475
group_9592,0.02464358035093106
group_9598,0.02835786790384809
group_9600,0.03457373785700435
group_9604,0.029881955646038127
group_9608,0.007280661295911539
group_9609,0.014627434765244196
group_9610,0.015511405964897529
group_9613,0.020701701703641273
group_9615,0.012279282238883749
group_9616,0.021703793572763974
group_9619,0.011703799789674285
group_9621,0.05651050511421474
group_9625,0.029474114183027034
group_9629,0.002869965599424651
group_9635,0.028154413856198435
group_9645,0.02984211875794829
group_9649,0.03363545774475374
group_9653,0.00019677603723322612
group_9657,0.02343070490523802
group_9658,0.0227825405781914
group_9661,0.01571898012868367
group_9662,0.0069064840707699915
group_9663,0.011881053968996635
group_9682,0.00918922056939242
group_9694,0.022472777361096208
group_9696,0.03219887866950222
group_970,0.02134473225018274
group_9700,0.0005573372747718075
group_9703,0.010158705372889543
group_9707,0.029955379353701517
group_9708,0.008492061878343948
group_971,0.013002608803830196
group_9711,0.04139299047808964
group_9713,0.015572162707349957
group_9716,0.00151272643668654
group_9717,0.02607732228437798
group_9736,0.00614878439492772
group_9743,0.034584918777179174
group_9745,0.03270432562726744
group_9749,0.030912799160156323
group_9754,0.022122698643040728
group_9758,0.030722327064477195
group_9771,0.020869557657061444
group_9772,0.01605566821995441
group_9778,0.029754786248472165
group_9780,0.007182088400541353
group_9787,0.00944523597937108
group_98,0.003709353073231725
group_9808,0.007676898378430996
group_9811,0.020380124895554852
group_9819,0.02903276240886088
group_982,0.019618017276193278
group_9840,0.005062774487752941
group_9848,0.029257673275319807
group_9859,0.032820778631931224
group_9860,0.015784469629000153
group_9863,0.021760472587105673
group_9873,0.013268309917140897
group_9877,0.019074949532335017
group_9882,0.0016512422383305747
group_9884,0.019492424380742834
group_9886,0.03727380853178075
group_9887,0.005764531076670298
group_9898,0.031221739419630357
group_9903,0.042668080036017075
group_9908,0.003813013572843138
group_9912,0.020759156218969066
group_9918,0.026301111281079592
group_9919,0.015460622032055227
group_9929,0.02559812158117647
group_9931,0.01713197367507857
group_9932,0.009360349508342525
group_9935,0.00036852384136398797
group_9941,0.006912831391153951
group_9953,0.03709080550375954
group_9954,0.023105563933441653
group_9957,0.011675755040472247
group_9958,0.027854309667287636
group_9963,0.02428555781440589
group_9974,0.005562758210750918
group_9979,0.03607358309530295
group_9980,0.04598540553523267
group_9986,0.003439787834216501
group_9987,0.01452306331038744
group_9990,0.011966150586648627
group_9994,0.013852166245576392
grxA,0.017667164892550602
gspA_2~~~gspA_1~~~gspA~~~gspA_3,0.0013702574551135438
gspA~~~gspA_1,0.021781445610700834
gspC,0.017163893022320575
gspC2,0.01601811724943336
gspD2_2~~~gspD2~~~gspD2_1~~~sctC~~~gspD2_3,0.031784434814301044
gspD_2~~~gspD~~~gspD_1,0.018042437933468047
gspE_1~~~gspE_2~~~gspE,0.06878908385321414
gspF_2~~~gspF_1~~~gspF,0.006701920830401331
gspG,0.015749919730726702
gspH,0.029784760322146164
gspI,0.00010347999179871614
gspK_1~~~gspK~~~gspK_2,0.029836914129509617
gspM,0.058639665841013544
gstB_1~~~gstB_2,0.003381275402995154
hcaC,0.027874761098110268
hcaF,0.03388187954146482
hcaR_1,0.03732775070265126
hcaR_1~~~hcaR_2~~~hcaR_3,0.015043947366090382
hcp1,0.036079209731754824
hcpA_1,0.016654509297410414
hcpA_1~~~hcpA_2,0.0001671157224405473
hcpA_2,0.02696896289088646
hcpA_2~~~hcpA_3~~~hcpA_1~~~hcpA_5,0.002159646839207774
hcpA_2~~~hcpA~~~hcpA_4,0.013806700017649387
hcp_1~~~hcp_2~~~hcp,0.015464914777876926
hcr,0.02309889654627817
hemR_2~~~hemR_1,0.012343777033521297
hemR~~~hemR_1~~~hemR_2,0.0005903403819176312
hemW_1~~~hemW_2,0.0013418816681136647
hicA,0.018470522544177026
higB1,0.014036913044376265
higB_1~~~higB,0.051939911274691
higB~~~higB_1,0.012900557885617614
hilA_2,0.009686669488429889
hin_1,0.005760952696130195
hin~~~hin_2~~~hin_1,0.04131011444182975
hipA_2~~~hipA~~~hipA_1,0.025897188466410537
hipB,0.03978656055435792
hlyC,0.007462354162101725
hlyD_2~~~hlyD,0.006157532032432522
hlyD_2~~~prsE,0.01651927171308909
hlyE~~~hlyE_2~~~hlyE_1,0.0395732939524478
hmuU_1,0.03517574652297273
hokC,0.010127916705464868
hokC_1,0.032793353780270706
hpaB,0.02506399413255722
hpaC,0.017991178964018806
hpcB,0.005667623361440777
hpcG,0.012419453789442203
hscC_1~~~hscC,0.0045919537267080646
hscC_2~~~hscC_1~~~hscC,0.0158138982225835
htrC,0.0027743034709963865
htrE_1~~~htrE~~~htrE_3~~~htrE_2,0.013487971151239009
htrL_1~~~htrL~~~htrL_2,0.02200123999306891
hutX,0.05164013836025294
hxlA,0.019534001715060256
hxlB,0.04555698103862649
hxlB~~~hxlB_1,0.042705331167026905
hxpB_2,0.010020019397974922
hycG_2~~~ndhK~~~hycG_1,0.010197575192818054
hyfA_5~~~hyfA_1~~~hyfA_2~~~hyfA_3,0.003277040009765253
hyfB_7~~~hyfB_3~~~hyfB_4~~~hyfB_5~~~hyfB_6~~~hyfB_1~~~hyfB_2~~~ndhB_4~~~hyfB,0.02163998908534781
hyfC_1~~~hyfC_2~~~hyfC,0.034361457581212784
hyfE_1~~~hyfE~~~hyfE_2,0.01843944081757609
hyfG_2~~~hyfG,0.02785416177725808
hyfR_1~~~hyfR_3~~~hyfR_2~~~hyfR,0.004813580312912569
hyi_2,0.02848546716586675
hypBA1~~~hypBA1_1~~~hypBA1_2,0.0007292515951669021
hyuA_2~~~hyuA_1~~~hyuA,0.04282400058910141
iaaA_2,0.026045322150545003
icd_1~~~icd_3~~~icd_2,0.028540806146867714
iclR_1~~~iclR_2,0.036019610181083905
icsA,0.022481393145155737
icsA_1~~~icsA,0.006830506530465907
icsA~~~icsA_2~~~aidAI~~~icsA_1,0.056117301185041324
idnO,0.04330625198784954
idnT_2~~~gntT_2,0.013518820955407795
imm_1~~~imm_2,0.017128215690041415
imm_3~~~imm_2~~~imm_1,0.022942334127825426
infA,0.0200189387299039
insK,0.007639579540313468
insK_5~~~insK,0.017138463863670017
intA_1~~~intA_3~~~intA~~~intA_2~~~intA_4,0.007140262512288054
intA_1~~~intA_5~~~intA_3~~~intS_1~~~intA_2~~~intA_4,0.033945455508926914
intA_1~~~intA_5~~~intS_2~~~intS_1,0.006260487727217878
intA_1~~~intA_8,0.043122389895832836
intA_2~~~intA_1,0.013243556141039559
intA_2~~~intA_1~~~intA_5~~~intA_3~~~intA_4~~~intA_7,0.021469136266011546
intA_3~~~intA_2,0.013677177380355232
intA_4~~~intA_1~~~intA_2,0.010039012890671772
intA_4~~~intA_5~~~intA_3~~~intA_2~~~intA_1,0.04314390584790684
intA_4~~~intS_2~~~intS_4~~~intA_1~~~intA_2~~~intA_3~~~intS_6~~~intS_3~~~intA_5~~~intA~~~intA_6~~~intA_7,0.00120432728289388
intA_6~~~intA_3~~~intA_2~~~intA_5,0.04235396583941675
intQ_1~~~intQ_2~~~intQ,0.014322779887089965
intQ~~~intQ_2~~~intQ_1,0.02137007297577531
intS_1~~~intA_1~~~intS_2~~~intA_5~~~intS_4~~~intA_6~~~intA_4~~~intS_3,0.057899117557113744
intS_1~~~intA_4~~~intA_2~~~intA_1,0.041189738099457474
intS_1~~~intS_5~~~intS_3~~~intS,0.03168239835788622
intS_2,0.006858483038882701
intS_2~~~intA_2,0.032582488310929136
intS_3~~~intA_1,0.02202249501162834
intS_3~~~intA_1~~~intS_1~~~intS_2~~~intS~~~intA~~~intA_2,0.014053915673410744
intS_3~~~intS_4~~~intS_1,0.029888417575945514
invA~~~invA_2~~~invA_1,0.02588505019801235
invF,0.020188961380742443
iolG~~~afr,0.015536010389916921
iolS_2~~~iolS_1,0.044643327748370876
iraD,0.020253834841746032
irtA~~~btuD_4,0.010696425742585669
iucB~~~iucB_1~~~iucB_2,0.009824392174673013
iucC~~~iucC_2~~~iucC_1,0.023481492453345743
iucD~~~iucD_2~~~iucD_1,0.01839992387378242
iutA~~~iutA_1,0.029845820435588477
kbaY_1,0.00010451164373859179
kbaY_1~~~kbaY_2,0.005319804174517717
kbaY_2~~~kbaY_3,0.0032266204457165326
kdgM,0.041709987909555934
kdgR_2,0.024312047504846834
kdsD_1,0.0017141621931280326
kduD_1,0.046605429914139185
kduD_2~~~kduD_1~~~fabG_2,0.004181285564152981
kefF_1~~~kefF_2,0.03626745462318648
kilR,0.017314270445969893
klcA_1~~~klcA_3~~~klcA_4~~~klcA,0.003147632603160755
klcA_2~~~klcA_3~~~klcA_1,0.07315093392063576
klcA_3,0.010101877159238493
klcA~~~klcA_1~~~klcA_2,0.01725473505038555
klcA~~~klcA_3,0.03394257312315241
kpsD,0.009160826243645781
kpsM,0.0074265794992158796
kpsT,0.02360303831882571
kpsU~~~kpsU_1~~~kpsU_2,0.02629559477475585
kptA_1~~~kptA~~~kptA_2,0.02610698301911407
lacA_2,0.02010031326766981
lacB,0.05428293336868051
lacI_2~~~lacI_1,0.01696184206645346
lafS,0.0046920749092542735
lafT,0.004340038030620885
ldrA_1~~~ldrA~~~ldrA_2,0.006767581335126005
ldrD_1~~~ldrD_2~~~ldrD_3~~~ldrD,0.04356277605414127
ldrD_2,0.010201106495965506
ldrD_2~~~ldrD_3~~~ldrD,0.010164229114486334
legI,0.02234549575993161
levE_1,0.010058197711282135
lexA_1,0.008475716224343843
lexA_1~~~lexA_3,0.015881142587179875
lexA_1~~~lexA_5~~~lexA_2~~~lexA_4,0.0075041806715216985
lexA_2~~~lexA_1,0.020592438040658356
lexA_3,0.008525982150389355
lexA_4~~~lexA_1~~~lexA_2,0.032895422152376286
lgoR~~~lgoR_1~~~lgoR_2,0.009442206980894596
licT,0.0008152682035866832
livF,0.02781798009308445
livH,0.020803556674563684
livJ_2~~~livJ_1~~~livJ,0.0032089496694056585
livJ_3~~~livJ,0.0065173054738523195
livK,0.018418715898684157
lldD_2~~~hmo,0.019046245192201328
lldR_3,0.0018338016050123418
lolA_1,0.014449895925610967
lpd,0.006371992837524987
lpfA_1~~~lpfA_3~~~lpfA_2,0.010539866981138513
lpfB,0.029116899814790598
lpfB~~~lpfB_2,0.07707683651732777
lpfB~~~lpfB_2~~~lpfB_1,0.021524351348906068
lpfC~~~lpfC,0.0012733496611450068
lpfD_2~~~lpfD_1~~~lpfD,0.007887392713681995
lptB_1,0.03861516265706921
lpxD_1,0.01742095263004506
lpxG,0.03483914832581303
lsrA~~~lsrA_3~~~lsrA_2~~~lsrA_1,0.009738761546632002
lsrB,0.016182708379971933
lsrG~~~lsrG_1~~~lsrG_2,0.001982577924868112
lsrG~~~lsrG_2~~~lsrG_1,0.0029638494254877745
ltaE,0.02910544939600812
ltnD_1~~~ltnD_2~~~ltnD_3~~~ltnD_4~~~ltnD,0.025935910387560934
ltrA_2,0.000820603443137724
ltxB~~~apxIB~~~lagD~~~ltxB_2,0.014885954017114456
lutA_1~~~lutA_2,0.005718996817929867
lutC_2~~~lutC_1,0.0062206910224515966
lutR_1,0.01929132145560719
lutR_2,0.032097263809906185
lutR_3~~~lutR,0.023901762496802093
luxS_2~~~luxS,0.0162896501239973
lysU_2~~~lysU_1~~~lysU,0.02545203307336963
malG_2~~~ngcG,0.02129480879664114
malX_2,0.0048045183740996755
manC1,0.0023877028972028036
manC1_2~~~manC1_1,0.0024115752123332612
manC1_2~~~manC1_1~~~manC1,0.029476008678452015
mazF,0.011235051553764475
mbtB_1~~~ppsE_1~~~COQ5~~~COQ5_1~~~eryA,0.009185140015413928
mcbR~~~mcbR_1~~~mcbR_2,0.02249052946642438
mchB,0.0056260200168860575
mchI,0.033149519751328294
mcrC,0.0336041375855316
mdoB_1,0.018019578110364476
mdoB~~~mdoB_1~~~mdoB_3~~~mdoB_2,0.01756442795322566
mdoC_1~~~mdoC,0.017138854253453406
mdtJ_2~~~emrE,0.0006938406381673534
mdtL_1,0.04092484580567679
mdtM_1~~~mdtM_3~~~mdtM~~~mdtM_2,0.016586328739233158
mepA_2,0.030168955661982633
mepM_2,0.014458435699935102
merR,0.018793499521940316
metK_2,0.02365921455448161
mexB_1~~~acrF_2~~~mexB~~~acrB_1~~~acrB_3~~~mexB_2,0.025943870858861295
mexB_2~~~mexB_1~~~ttgE,0.020514755749306612
mggB_1~~~mggB_2~~~yfkN_1,0.004984882251001244
mhpA_4~~~mhpA~~~mhpA_1~~~mhpA_2~~~mhpA_3,0.005555225609172432
mhpD_1~~~mhpD_2~~~mhpD,0.009123115029763706
mhpT_1~~~mhpT_2~~~mhpT,0.01591662335975208
mltA,0.002391854097891555
mltA_2~~~mltA_1~~~mltA,0.0001233147621426678
mltB_1~~~mltB_2~~~mltB,0.010236058288718874
mltF_2~~~mltF_1~~~mltF_3,0.030288491146650776
mmgB~~~fadB_2~~~hbd,0.002872814407233193
mngA_3~~~mngA_2~~~mngA_1~~~mngA,0.010667483198367966
mngR_2~~~mngR_1,0.03844274030152728
mngR_2~~~nagR_2,0.02939632168280748
mntB_1,0.0030673855868890154
mntB_2~~~mntB_4~~~mntB_3,0.011334788584434374
mntB_3~~~mntB_1~~~mntB_6,0.009834462406080435
moaA_1,0.0431519510952596
mprA_2,0.008069690631125281
mprA_2~~~mprA_3,0.013103937629550977
mprA_2~~~mprA_3~~~mprA_1~~~mprA_4,0.022428423073016956
mprA_2~~~mprA_5~~~mprA_4~~~mprA_3,0.005578619810115537
mprA_3~~~mprA_2,0.014476369491979169
mqsR,0.002563376996142619
mrpA~~~ybgD_1,0.013004210738761346
msbA_1,0.0007973994065160195
msbA_2,0.01551252537053105
mshA_1~~~mshA_2,0.005511988658962963
mshA_2,0.049003143351746825
mshA_2~~~mshA_1,0.038008673948568106
mshA_4~~~mshA_1,0.029420542200917943
msmX_1~~~msmX~~~msmX_2~~~btuD_3,0.0222369733143577
mtlK_1,0.013604027904410954
mtlR_2~~~manR,0.039775005602883384
mxiC,0.01898687934872134
nadC_2,0.0202513415946739
nadR_2~~~nadR_1,0.02465401149243185
nagL,0.01656535597505937
nagR_2,0.047478782331459524
nanM_2~~~nanM_1,0.035306533364553694
nanM~~~nanM_2~~~nanM_1,0.03222637237436499
nanR_1~~~lutR,0.016702023448794012
nanR_3~~~glcC,0.011623350142015099
nanS_2,0.03015205414304445
nanT_2,0.029321445811237856
ndhB_1~~~ndhB_2~~~ndhD~~~mrpA~~~nuoL_2~~~ndhB_3,0.02575999779582605
ndhF,0.04495582013318056
ndhI_2~~~ndhI_1,0.007319778628667617
ndhS,0.010411939087247024
nepI_2~~~nepI_3,0.0385704299913352
neuA~~~neuA_1~~~neuA_2,0.03001278184855405
neuO,0.011032935804146327
nhaK_2~~~nhaK_3~~~nhaK_1,0.0156633896453946
nimR_2~~~rhaR_4,0.007566160443277292
nlhH~~~aes_4~~~aes_3,0.016280480181018797
nohA_1,0.025418476717182115
nohA_1~~~nohA_2,0.003352738952690615
nohA_1~~~nohA_2~~~nohA,0.011061874070191768
norG~~~lysN_2~~~lysN_1,0.021677857752530727
norR_2,0.038360812724691495
norR_4,0.012719837949297208
nplT,0.01879222788115764
nqrC,0.03843019826640237
nupX_1~~~nupX~~~nupX_2,0.012599681613465918
oleD_1~~~oleD_3~~~menE_1~~~oleD_2~~~menE_2~~~oleD,0.016071628724712905
oleD~~~oleD_1~~~oleD_2,0.0007842090839327298
ompC_1~~~ompC_2~~~ompC,0.0535943715236189
ompG_1~~~ompG,0.057156366305197714
ompN_1~~~ompN_2~~~ompC_2,0.01106730684157231
ompT_2~~~ompT,0.015128960581254125
ompX_3~~~ompX_2~~~ompX_1~~~ompX_4,0.01513645844127387
ompX_4~~~ompX_2~~~ompX_3~~~ompX_1,0.033071227903538336
opgE_2~~~opgE_1~~~opgE_3~~~opgE_5,0.000411265101009306
opgE_3~~~opgE_2~~~opgE_1~~~opgE_4~~~opgE_6,0.009794335074710503
opgE_4~~~opgE_1~~~opgE_2~~~opgE_3,0.027004060176492706
oppA_2,0.007445778449168383
oprM_1~~~ttgC~~~oprM_2~~~oprM,0.005634724601454533
orgA,0.03026503601893471
otnK_1~~~otnK_2~~~otnK,0.03274938044199982
paaA_1~~~paaA_2~~~paaA,0.035186808634190214
paaB,0.007618554248232989
paaC,0.022065072370906158
paaD,0.020103486507918822
paaF,0.0009369500971627698
paaG_2~~~paaG_1~~~paaG,0.02849870353348183
paaI,0.012210636243557671
paaZ_2~~~paaZ,0.03286075074176109
pagN_1~~~pagN,0.010452298970963891
pagN_1~~~pagN_2~~~pagN,0.02778159786849077
pagN_2~~~pagN,0.005495744736225827
pal_1~~~pal_2~~~pal_3,0.02984193832231341
paoC_1~~~xdhA_1~~~xdhA_2,0.015302584762006743
paoC_2~~~paoC_3~~~paoC_1~~~paoC,0.05340257052613917
papA_1~~~papA,0.015379501872935464
papA~~~papA_1~~~papA_2,0.04356487180738955
papB~~~papB_1,0.06663892237899738
papC_1~~~papC_3~~~papC_2,0.030782359270474124
papC_4~~~papC_3,0.04608847203076216
papD_1~~~papD,0.011617301952487669
papF_2~~~prsF~~~papF,0.004172561277244746
papF~~~prsF~~~prsF_1,0.005176939571368111
papG,0.009896450655441535
papG_2~~~papG~~~papG_1,0.05515638075754592
papH~~~papH_2~~~papH_1,0.004218143365776861
parD1,0.03431455369492098
parM~~~parM_2,0.000801237766949292
pdeC_1~~~pdeL_1~~~pdeL_2,0.01133573242448227
pdeL_2~~~pdeG_1,0.0005162856744616029
pdeL_2~~~pdeL~~~pdeL_1,0.026692991618165518
pdeN_2~~~pdeN_1,0.030771945945397006
pdhR_1~~~pdhR_3,0.02206770890612919
pduA,0.003022003181392785
pduA_1,0.00908391940382991
pduA_3,0.005908907309445821
pduC,0.009543880352589573
pduD,0.03161788536570587
pduE,0.0608581959210972
pduF~~~pduF_2~~~pduF_1,0.03152515166808434
pduL,0.021461704514365687
pduU,0.03795241815262007
pduV_2~~~pduV_1,0.01771328625255464
pdxA2,0.011855551748961801
pdxI~~~pdxI_2~~~pdxI_1,0.06187333211297452
pelX~~~pelX_2~~~pelX_1,0.03020812577674148
pet~~~sat~~~sat_2~~~sat_3~~~sat_1,0.053688316477677356
pflD_2,0.004296990775339182
pgaA_1~~~pgaA_2~~~pgaA_3~~~pgaA_4~~~pgaA,0.018616385393706025
pgaC_2~~~pgaC~~~pgaC_1~~~pgaC_3,0.02420619006315161
pgiA,0.02572531233460884
pgrR_1,0.008687182440062946
pgrR_1~~~pgrR_2~~~pgrR_3~~~pgrR_4,0.013103783037926808
pgrR_3~~~pgrR_4~~~pgrR_2,0.01457014310917426
pgrR_5,0.0027838484233351224
pgtB,0.04870685387521312
phnJ,0.001086998057801436
phnR,0.042773750139259326
phnU~~~ydcV_3~~~ydcV_2,0.005529085162821357
php_1~~~php_2,0.02967518058184493
pic~~~pic_2~~~pic_3~~~pic_4~~~pic_5~~~pic_6~~~pic_1,0.00581726157116047
pikAV~~~lgrE~~~pikAV_1,0.0023585419299800847
pinR,0.014943711609016086
pitA_3~~~pitA_1~~~pitA_5~~~pitA_6~~~pitA_7~~~pitA_2~~~pitA_8,0.01059842296397906
pknD_2,0.006030204053780963
pksC,0.03304109034944025
pncC_1~~~cinA~~~pncC_4~~~pncC_2~~~pncC_3,0.006492102717128967
pncC_1~~~pncC_2,0.01434327391591017
por_1,0.026234547119630802
poxB_1~~~iolD_1~~~poxB_2~~~poxB,0.0004146440084853431
pphA_1~~~pphA_2,0.018012954274820414
pphA_2~~~pphA_1,0.032095189080069364
ppsB~~~dltA_2~~~dltA_1~~~srfAB~~~tdh_1~~~dltA_3,0.04319727436749066
ppsE_2~~~pksJ~~~ppsE,0.0039023321984155146
ppsE_2~~~ppsE_1~~~ppsE~~~COQ5~~~COQ5_2,0.02213936466127997
prfB_2~~~prfA_2~~~prfB_1~~~prfA_1~~~prfA_3,0.0007934827529048061
prgH~~~prgH_1,0.009824006692976894
prgI,0.024236833360206322
prgK,0.00948760118854719
prlF,0.026360575408787446
prpB_1~~~prpB_2~~~prpB,0.00011557470857770369
prsE,0.03023750075718379
prsF~~~prsF_1,0.03111778702443546
prtR,0.015149355704680234
psuT_3~~~psuT_2~~~nupX_2~~~psuT_1,0.01186378832422852
ptsG_2,0.027583736013194526
ptsI_1~~~ptsI_2,0.0012729910645683518
ptxA,0.008696993855169755
puuA_2~~~puuA_1~~~puuA,0.039820102805641966
puuB_1~~~puuB_2~~~puuB_3~~~puuB,0.015935187320451183
puuE_1~~~argD_3~~~puuE_2~~~puuE,0.005391660356353745
puuR_2~~~puuR_1~~~puuR,0.015651904485053603
qseD~~~yjiE~~~yjiE_2~~~yjiE_1,0.022667950783177293
queC_2,0.014701604502167065
queD_2,0.006803480336222023
queF,0.039735418843516834
queH,0.04050850579277521
rafA,0.026329323920110337
rafB_1~~~rafB,0.014215974195942449
rafR,0.0058162971188959744
rapA_1,0.009114061367332837
rarA_2~~~rarA_1~~~rarA,0.009844567711501329
rarA_3~~~rarA,0.018962017358482575
rayT,0.0453233146782237
rayT~~~rayT_2,0.012302185071179306
rbn_2,0.01002125712833668
rbsA_1,0.004056443186105874
rbsA_1~~~btuD_3~~~xylG_2~~~rbsA_4,0.022620356676340325
rbsA_2~~~mglA_3~~~rbsA_3~~~rbsA_1,0.004470199524146512
rbsB_1,0.004402292742749614
rbsB_1~~~rbsB_2,0.009998464714881194
rbsC_2,0.013547435068975267
rbsC_4~~~rbsC_1,0.005127115233192425
rbsK_2~~~rbsK_1~~~rbsK_3,0.03879008233663295
rbtD,0.01709899579077656
rcsA_1,0.04304016602275729
rcsB_2,0.002221558790121536
rcsB_2~~~ygeK,0.04451744200371577
recA,0.02872397411636607
recB_2,0.008436495996732463
recD2,0.0005238242602321197
recE,0.0016977388671166604
recQ_2~~~rhlE_1~~~rhlE_2,0.04598224198563172
recT~~~recT_1~~~recT_2,0.042761413255638425
recX,0.004798728169734812
relB,0.0045854675275776025
repA,0.012598913388454092
repB,0.014497823484920014
rep_3,0.03142791195268657
resA_2,0.013681712689175951
rfaL~~~yibX,0.006612356383566942
rfaY~~~rfaY_1~~~rfaY_2,0.014508982340573962
rfbA~~~rffH_1~~~rffH_2~~~rffH_3~~~rmlA,0.02711903827907136
rfbB,0.0008101522619226031
rfbB~~~rmlB~~~rffG_2~~~rffG_1~~~rfbB_2~~~rfbB_1,0.01003754061323181
rfbC,0.006467796259373326
rfbD_1~~~rfbD_2~~~rfbD,0.0524546610179526
rfbX,0.0028018649967009868
rhaB~~~rhaB_2~~~rhaB_1,0.006353234723043943
rhaR_3,0.02345388047320429
rhaR_4,0.00529332013581385
rhaR_4~~~rhaR_2,0.007405877187271148
rhaS_1~~~rhaS_4~~~rhaS_2,0.0011626542015059638
rhlE_2,0.05844679522739882
rhmR_2,0.06971704983449278
rhmR~~~rhmR_2~~~rhmR_1,0.03007471399174122
rhmT_2~~~rhmT_1~~~rhmT_3,0.025011223664714644
rhmT_2~~~rhmT_3~~~rhmT_1~~~rhmT,0.023055229775359898
rhsA~~~rhsB~~~rhsA_2,0.009209926039660754
rhsB,0.026444201953701674
rhsB_1~~~rhsA~~~rhsA_1,0.025664646591661677
rhsB~~~rhsC_2~~~rhsC_3~~~rhsC,0.015402790886832385
rhsD_1~~~rhsC_1~~~rhsC_3~~~rhsC~~~rhsD_2~~~rhsC_2~~~rhsC_5~~~rhsC_4,0.003801640283645158
rhsD_1~~~rhsD_5~~~rhsD_18~~~rhsD_17~~~rhsD_16~~~rhsD_15~~~rhsD_6~~~rhsD_2~~~rhsD_3~~~rhsD_4,0.01532437303855727
rhsD_2~~~rhsD_3~~~rhsD_4~~~rhsD_1~~~rhsD_5~~~rhsD_6,0.010602996050197877
rhsD_2~~~rhsD~~~rhsD_1~~~rhsD_3~~~rhsD_4~~~rhsD_6~~~rhsD_5,0.02892184541163756
rhsD_8~~~rhsD_4~~~rhsD_5~~~rhsD_3~~~rhsD_2~~~rhsD_1,0.0017954602224754534
rihB_2,0.013521146015191388
rimK_1~~~rimK_2~~~rimK,0.018147749028939453
rlmC_2~~~rlmC,0.013179040734185854
rlmM_1~~~rlmM_2~~~rlmM,0.016813796185462415
rnfC~~~rsxC_2~~~rsxC_1,0.008684885009048848
rob_2~~~rob_1~~~soxS_1,0.030452435687002177
rpe_1,0.07347909112440476
rpe_2,0.0006335535615871191
rpiB,0.0021967883912650255
rrrD,0.00705233279095685
rrrD_1~~~rrrD_2,0.02179995787463085
rrrD_2~~~rrrD_3,0.018842852482518824
rrrD_2~~~rrrD_3~~~rrrD_1,0.031001984931875226
rrrD_3~~~rrrD_5~~~rrrD_1~~~rrrD_2~~~rrrD_4~~~rrrD,0.019705975256208097
rrrD_3~~~rrrD~~~rrrD_4~~~rrrD_2,0.010601506817548012
rrrD~~~rrrD_1~~~rrrD_2~~~rrrD_3~~~rrrD_4,0.03755363449897953
rsmD,0.006346504335637437
rsmD_2~~~rsmD_1~~~rsmD,0.014414152347277387
rspA_1,0.012897972216026066
rspB_2~~~rspB~~~rspB_1,0.027900764739185124
rspR_1,0.026951227740768413
rtcB_1~~~rtcB_2~~~rtcB_3~~~rtcB,0.003219878754836758
rusA_1~~~rusA_3~~~rusA_4~~~rusA~~~rusA_2,0.012949207204963065
rusA_1~~~rusA~~~rusA_3~~~rusA_2,0.011990932621433803
rusA_2~~~rusA~~~rusA_4~~~rusA_3~~~rusA_1~~~rusA_7,0.0015719707678247818
rusA_3~~~rusA_1~~~rusA_2,0.033456958941000314
rusA_3~~~rusA_2~~~rusA_1,0.01620863164565023
rusA_3~~~rusA~~~rusA_4~~~rusA_2~~~rusA_1,0.0018613473390991508
rusA_4~~~rusA_1~~~rusA_3~~~rusA_2,0.01765306663507138
rusA~~~rusA_2~~~rusA_1~~~rusA_4~~~rusA_5,0.0017393208995495346
rutB_1~~~rutB_2,0.02637350741375255
sacA,0.019162518373647464
sacX,0.017703013237987175
sadB,0.00015558617934252617
safA,0.0074044359943838955
salL,0.023040400239129788
sasA~~~resE~~~kdpD_2~~~sasA_1,0.011397438918140157
sauU~~~sauU_2~~~sauU_1,0.02451525005020816
scoB,0.0015767662665104876
scrK_2,0.006492983854393897
scrK_2~~~scrK_1~~~scrK_3~~~scrK,0.05573862325569978
scrY,0.06757142667564686
scrY_1,0.03154098646106873
sctC,0.010886714069330061
sdhL,0.013605499018257694
setA_2~~~setA_1~~~setA,0.0028401207720478716
setC~~~setC_2~~~setC_1,0.00622765961394145
sfaA_1~~~sfaA~~~sfaA_2,0.008934174642248882
sfaH_1~~~sfaH,0.017993026710930504
sfaH~~~sfaH_2,0.03397857406548277
sfmA,0.005324873782438733
sfmD_1~~~sfmD~~~sfmD_2,0.009441505623102975
sfmD~~~sfmD_2~~~sfmC,0.029910522769700743
sfmF,0.00477081623634823
sfmH,0.0019175835232390082
sfmM2,0.01502458430579856
sfp,0.025264316286874866
sgrR_2~~~sgrR_1~~~sgrR_3,0.012086430849494567
shlB_1~~~shlB~~~shlB_3,0.03175979366174153
shlB~~~shlB_1,6.445109210106992e-05
siaM_2~~~dctM_3~~~dctM_2~~~siaM_1,0.004199847530121259
siaT,0.008101493374113256
sicA_1~~~sicA,0.009715668882470663
silP,0.005503227845737202
smf1,0.01502098108690575
smrA,0.0068650883444290045
sorC_1,0.029241600068279805
sorC_2,0.005729894197642693
sorC_3~~~sorC_1~~~sorC_2,0.03206941799134144
sorM,0.032234623910111226
sotB_1~~~pbuE~~~ydhP_2,0.027034619117438652
spaL_2~~~spaL_1~~~spaL,0.006549432150597445
spaO,0.03226965536960691
spaP~~~spaP_2~~~spaP_1,0.019224339275606406
srfAD~~~pikAV,0.00914063541388277
srlA,0.016445067234607924
srlA_2,0.03096011769670537
srlE_1~~~srlE_2,0.007155730484806222
srlR_5,0.025006921231947477
srmB_3~~~srmB_1~~~srmB_2,0.00725108941417707
ssb_2~~~ssb_1,0.00960568575164178
ssnA~~~ssnA_2~~~ssnA_1,0.017988584816821973
sucA_1~~~sucA_2~~~sucA_3,0.008174682945893297
sucC_2~~~sucC_3,0.046690673065753474
suyB,0.01779166417692779
syd,0.010852283688667752
symE_1~~~symE_3,0.024435605775044555
tabA_1,0.009576771466108358
tagG_1,0.01794548970245957
tam~~~tam_1~~~tam_2,0.04767710954775217
tap_2,0.030659520765582204
tdcD_2,0.03630517169877745
tetC,0.021583275936971402
tetD,0.019777169563670816
tetR,0.012793415504935624
tfaE_2,0.004780950631591008
tfaE_2~~~tfaE_1~~~tfaE_4~~~tfaE_6~~~tfaE_3~~~tfaE,0.011205149876563958
tfaE_2~~~tfaE_4~~~tfaE_1,0.0020887458008933546
thiH_2~~~thiH_1~~~thiH,0.01735395444845489
thlA_1,0.014248124100801007
tmk_1,0.019124170508235894
tmk_2,0.031755398395260315
tnpA,0.019793348281463397
tnsA,0.017147207432974376
tnsE,0.01618675177771811
tpd,0.030837373276608293
tqsA_2~~~tqsA_1,0.015248049117030149
traR_2~~~traR,0.00328922756025829
trxB,0.04682487073050079
tsaR_2~~~tsaR_1,0.038273410609614755
tsh_1~~~hbp_1~~~hbp~~~tsh_2~~~hbp_2~~~tsh_3~~~tsh,0.027005535699744287
tsh~~~pic~~~pet,0.031228006364617533
ttuB_1,0.013984925875760279
ttuB_2~~~ttuB_1~~~ttuB,0.0019043070217497071
tufB~~~tuf1,0.1898063750349237
tynA_5~~~tynA_1~~~tynA_3~~~tynA_2~~~tynA_4~~~tynA,0.004559877294428194
ugd_2~~~ugd_1~~~ugd,0.0074456697656379855
ugpA,0.00217481044907597
ugpB,0.05895129940479116
ugpB_1~~~ugpB_2~~~ugpB_3~~~ugpB,0.012904495483900824
ugpC_2,0.03300346357915496
uhpA_2,0.021255576933101095
uhpB_2~~~uhpB_1,0.010041705112124877
ulaA_1~~~ulaA_2,0.02668292504376457
ulaB_1,0.008113217482187851
ulaB_1~~~ulaB_2,0.017992413457317946
ulaB_2,0.039382443487861796
ulaC_2~~~ulaC_3,0.020774638530801415
ulaE_2~~~ulaE_1~~~sgbE_1~~~sgbE~~~sgbE_2,0.008613879413603254
umuC_2~~~umuC_3,0.03250002298795818
uxaA_1,0.02837919556384816
uxaA_2~~~uxaA_1,0.01893405758026656
uxuA,0.03641047664382935
vgrG1,0.021013504567811037
vgrG1_1,0.025669356483157157
vgrG1_1~~~vgrG1~~~vgrG1_2~~~vgrG1_3~~~vgrG1_5,0.004498115114539347
vgrG1_2~~~vgrG1_1~~~vgrG1,0.0028189939586757973
vgrG1_2~~~vgrG1_4~~~vgrG1~~~vgrG1_3~~~vgrG1_1,0.0410985027332571
vgrG1~~~vgrG1_4~~~vgrG1_2~~~vgrG1_1,0.001769861838266662
virB1,0.01869875098014484
virB9,0.030322263843624242
vnfA~~~atoC_1~~~atoC_2,0.02424906172393837
wbjC,0.011644411339247096
wbnH,0.007037966075979174
wcaJ~~~wcaJ_1~~~wcaJ_2,0.03329248209627944
wecC_2~~~wecC_1,0.024472137770663593
wzb,0.00018463045482253193
wzxC~~~wzxC_2,0.006298444791651203
wzzB~~~wzzB_1~~~wzzB_2,0.013386729726216018
xapA~~~xapA_1~~~xapA_2,0.017373926732729306
xapB~~~xapB_2~~~nupG_3~~~xapB_1,0.027645210155728295
xerC_1~~~xerC_2~~~xerC_5,0.008057539396978175
xerC_1~~~xerC_5,0.02917397022198709
xerC_2,0.03187593310874659
xerC_2~~~xerD_3~~~xerD_2,0.0034688038510124475
xerC_3~~~xerC_1,0.02335780020374001
xerC_3~~~xerC_1~~~xerC_2,0.01964523886655134
xerC_3~~~xerC_4~~~xerC_2~~~xerC_1,0.035327956482913425
xerC_4~~~xerC_2~~~xerC_1~~~xerC_3,0.008862499315991146
xerC_5,0.00236576568076452
xerC_5~~~xerC_4,0.006334211808070256
xerD_2~~~xerC_4~~~xerC_1~~~xerC_3,0.005956285819146201
xerD_3,0.012959061218067447
xerD_4,0.027912943400878465
xylB_1,0.0010449115684882937
xylB_1~~~fucK_2~~~xylB_2,0.0038282243913363434
xylE_1~~~xylE_2~~~xylE_3~~~xylE_4~~~xylE,0.008601374945905516
xylG_2~~~aldB_2~~~betB_1,0.016261289708671578
xylP,0.04449336456378461
yadC_2~~~yadC,0.0009024314934136246
yadN,0.007238828802300201
yafN,0.003752648203084963
yafO,0.010931331705597458
yagE,0.007023597853085262
yagU_2~~~yagU,0.003834764281966052
yahB_3,0.024956062914646138
yahK_2~~~yahK_1~~~yahK~~~tdh_4,0.008061861313364282
ybaQ,0.032292855749222804
ybbC_1~~~ybbC,0.02999462867113456
ybbH_2~~~ybbH_1,0.04063689106615409
ybcO_1~~~ybcO~~~ybcO_2,0.005360723168984505
ybcO_2,0.025735124082170158
ybcO_3~~~ybcO_1~~~ybcO~~~ybcO_2,0.005658006931254178
ybcO~~~ybcO_1,0.039513911153757464
ybgD,0.017112322586180673
ybgD~~~ybgD_2,0.003718470488303538
ybhA_2,0.02476949343072432
ybiA~~~ybiA_2~~~ybiA_1,0.04306768108348624
ybiI_2,0.0072666591179586515
ybiO_1~~~ybiO_2~~~ybiO,0.011461750031331208
ybiU_1~~~ybiU_2~~~ybiU~~~ybiU_3,0.010643039436653456
ybjL_3~~~ybjL_2~~~aspT_2~~~aspT_3~~~aspT_1,0.02674961898518835
ybjM,0.028316958638067158
ybjN,0.014835005272024082
ybjO,0.017593288214804215
ycbU,0.049209082501318724
ycbU~~~lpfA,0.00045144047214162875
ycgZ,0.03213388735316314
yciE,0.008541731336183744
yciF_2,0.015058734094350879
ycjM~~~ycjM_1~~~ycjM_2,0.05443678928197859
ycjO,0.03987780105430705
ycjP,0.051727429767779
ycjT_1~~~ycjT~~~ycjT_2~~~ycjT_4~~~ycjT_3,0.007916957264362923
ycjU,0.00386775147501095
ycjY_2~~~ycjY_1~~~ycjY_3,0.004388149271376207
ydaG,0.01382442469543177
ydaW_2,0.0022249357028676364
yddA_1~~~yddA_2~~~yddA_3~~~yddA_4~~~yddA,0.02311588686001964
ydeP~~~ydeP_1~~~ydeP_4~~~ydeP_2,0.00909279911350036
ydfB~~~ydfB_2~~~ydfB_1,0.0201145469568611
ydfO_3~~~ydfO_2~~~ydfO_1,0.016045952884373493
ydfR,0.027195821944269838
ydfR_2,0.00027482325664340834
ydfR~~~ydfR_2,0.023594167884367412
ydiF_3~~~ydiF_2~~~ydiF_1,0.036208501898920664
ydiO,0.02935755297297482
ydiO~~~ydiO_1,0.015081972872531768
ydiV_2,0.011313776258103259
ydjE_1~~~ydjE_2,0.0036906740830660034
ydjF_1,0.0012506103967619975
ydjF_1~~~ydjF_2,0.02129604818927855
ydjF_2,0.026298440546724366
yeaW_3~~~yeaW~~~yeaW_2~~~yeaW_1,0.03321136575364747
yeaX_2~~~yeaX~~~yeaX_1,0.023650359114034236
yedK_2,0.018334848113845892
yedY1_2~~~yedY1~~~yedY1_1,0.015298883057663026
yedZ1,0.046347145751773455
yeeR~~~yeeR_1~~~yeeR_3,0.0392914363958361
yeeW_2~~~yeeW,0.03242467685864048
yeeW~~~yeeW_1,0.03495334583209342
yefM,0.00012555284992044058
yehA_1,0.021360012350570612
yehC_2,0.01935441944011429
yfcO,0.0059762647087791
yfcO_1~~~yfcO_2~~~yfcO,0.03219904057513934
yfcP,0.024060102718937548
yfcP~~~yfcP_2~~~yfcP_1,0.02238019701276661
yfcQ,0.010337359599405183
yfcS_1~~~papD_1,0.007401719713679533
yfcS~~~yfcS_1~~~yfcS_2,0.012485755477584348
yfeW_1~~~yfeW_2~~~yfeW,0.005568797091535238
yfjZ,0.03870693859527319
yfkM,0.03474677687302519
ygbF,0.04219083954982206
ygbN_1~~~ygbN_2~~~ygbN_4~~~ygbN_3~~~ygbN,0.013900535803949676
ygcB,0.0014800986713561226
ygcP,0.02115696542919432
ygcS_3~~~ygcS_4~~~ygcS_1~~~ygcS_2~~~nanT_2,0.023324211511919213
ygdG,0.006964736522097947
ygdG~~~ygdG_1~~~ygdG_2,0.0019799103050923694
ygfK_1~~~ygfK_2~~~ygfK_3~~~ygfK,0.019069620775658214
yggF_1~~~yggF~~~yggF_2~~~yggF_3,0.0060522175686659185
yghO~~~yghO_2~~~yghO_1,0.021359251981997618
ygiW_2~~~ygiW_1,0.014053961718442975
ygiZ,0.006921698546269894
yhbO_1~~~yhbO_2~~~yhbO,0.0035602285503959497
yhcG~~~yhcG_2~~~yhcG_1,0.018649179185366904
yhdJ_1~~~yhdJ_2,0.014502953932125529
yhhW,0.01848637483479898
yhjE_1~~~ydfJ_2,0.07732371131711324
yiaO~~~yiaO_1~~~yiaO_2~~~yiaO_3~~~yiaO_4,0.0018494712552969972
yiaX1~~~yiaX1_1~~~yiaX1_2,0.013750911933543719
yibA_2,0.02763083413200751
yicI_1~~~yicI,0.025422268201445775
yigG,0.023972428988038974
yihN_3~~~yihN_2~~~yihN_1~~~yihN,0.06640354895481604
yihP_1~~~yihP_2~~~yihP_3,0.02963317749501959
yihP_4~~~yihP_2~~~yihP_1~~~yihP_3,0.019173739897089037
yihR_2~~~yihR_1~~~yihR,0.004233404717446154
yihT_2~~~yihT_1~~~yihT,0.009276983774459069
yihU_2~~~yihU_1~~~yihU,0.01932568318429051
yihV,0.044825584125967044
yjaB_1,0.015835354210254726
yjgL_2~~~yjgL_3~~~yjgL_1,0.006082109604667929
yjgL~~~yjgL_1~~~yjgL_2,0.0193724747445001
yjgN_2~~~yjgN_1~~~yjgN,0.025777522458117375
yjhB_1~~~yjhB,0.028193453228231524
yjhC_2~~~yjhC,0.007791656264496405
yjhH,0.028190472768200747
yjhP_2~~~yjhP_1~~~yjhP,0.0374144994209602
yjiA,0.03290134633614872
yjiE_2,0.0009738870231017493
yjjJ~~~yjjJ_2,0.01278087388100535
yjjP,0.0410273671478647
yjjQ~~~yjjQ_2~~~yjjQ_1,0.027632266016151874
yjmD,0.03480685649761894
yjmD_2,0.031604167016925366
ykfI~~~ypjF~~~ypjF_2,0.04663977551874954
yknY,0.0008446208604677707
ylcG,0.035841028254805174
ylcG~~~ylcG_1,0.04019657596574988
ylcG~~~ylcG_2,0.008981558803685896
ymfA,0.04213349337111505
ymgC,0.042572405677196556
ynbD~~~ynbD_1~~~ynbD_2,0.03274182772688783
ynfE~~~napA_7~~~ynfE_2~~~ynfE_1,0.020275821471511746
ynfF_2~~~ynfF_1,0.014585154122148669
ynfP~~~ydfJ_1,0.024237363048679406
yngG,0.0017759213371761895
yoaG,0.00680521342469298
yokD,0.014015987821282438
yqaA,0.010532655364965837
yqhD_1~~~yqhD_2~~~yqhD,0.004093435798275147
yqiD,0.006558289253320693
yraH_2~~~yraH_1~~~yraH,0.004689343624325826
yraJ~~~yraJ_3~~~yraJ_2,0.030903381313697187
yraK,0.013536555837355468
ysdC_1~~~ysdC,0.0011610838498097298
ytfJ_2~~~ytfJ_1,0.0004820692286602313
ythA,0.00858486057093888
yusV,0.06633559729198013
yycB~~~nimT_2,0.02729013413873771
