gene,mi_score
aaeA_2~~~aaeA_3~~~emrA_1~~~farA~~~emrA_2,0.0011249438187612704
aam,0.021998019334223295
aaxC_1,0.010073844544647992
aaxC_2~~~aaxC_3,0.013928176639502743
abaF_3~~~abaF_2~~~abaF_1,0.021080296793462683
abaQ,0.01672745825918165
abgA_1~~~abgA_2~~~abgA,7.663058493245778e-05
abgB_1~~~abgB_2~~~abgB_3~~~abgB,0.011863998269628473
abgT_1~~~abgT_2~~~abgT_3~~~abgT,0.010190500381921597
acnB,0.039472305893210935
acpP_1~~~acpP_3,0.008785598337883727
acpS_1,0.016946802996017807
acs_1~~~acsA~~~acsA_3~~~acs_2~~~acsA_1~~~acsA_2,0.006258026395835836
acs_7~~~dhbE~~~dhbE_1~~~dhbE_2,0.006252165544761157
acuI_2,0.011356831189141658
acuR_2~~~acuR,0.0140975279216915
addA~~~rep_1,0.017661329034188045
adh1,0.031659006982811544
adhE_2~~~adhE_1,0.009900015449066268
adhE_2~~~astD_2~~~astD_1,0.04722489522033402
adhE_3~~~adhE_2,0.009617480095232
adh~~~tdh_3~~~tdh_2~~~tdh_1,0.019057136508982442
adiA_2,0.006888189818651247
aes_2~~~aes_1,0.015203993249150338
afaE3,0.023030753555528305
agaC_2,0.0685034941579794
agaS_2~~~kbaZ_2,0.010877778673429317
agp_3~~~agp_4~~~agp_2,0.003942625684304701
albA,0.008566507719232508
algC~~~algC_1~~~algC_2~~~glmM_1,0.027728590228925043
alsB~~~alsB_2~~~alsB_1,0.023619418680853377
alsE_1~~~alsE_2~~~alsE,0.008252801252117692
alsK~~~alsK_2~~~alsK_1,0.0028752632715487447
alx_2,0.009626834550794827
ampC_2,0.008380260384309057
angR~~~mbtB~~~dltA~~~angR_1~~~dltA_3~~~dltA_1,0.011718310623940686
ansB~~~ansB_1~~~ansB_2,0.02454457691252876
ant1_1,0.047386801478426666
apbC_2,0.024417596515691198
aplK~~~glpK_1,0.027147181933667497
appY,0.008751567025832907
appY_2~~~appY,0.012372926076103852
aptA,0.001535586880956119
aptB,0.021909940673004558
apxIB_1~~~ltxB~~~apxIB~~~lagD~~~ltxB_2,0.015415076100387726
apxIB_2~~~apxIB,0.04488172365886456
apxIB~~~apxIB_2~~~ltxB,0.03183797089125906
araB_1,0.0006064223990178697
araB_2,0.08530971267648213
araG_2~~~araG_1~~~mglA_4~~~mglA_3~~~xylG_2~~~mglA_2~~~rbsA_1~~~rbsA_3,0.008142400225219948
araQ~~~lacG,0.01653504770526415
arcA_2~~~arcA_1,0.041092528436251774
arcA_4~~~arcA_3~~~arcA_2,0.031484595215911515
arcC1_4~~~arcC2~~~arcC1_1~~~arcC1_2~~~arcC2_1,0.0029199354304536573
arcC1_5~~~arcC1_2,0.03609774543377009
argH_2,0.008919248405326652
argK_2~~~argK,0.04398160627827519
argP_2,0.005889600976493936
argR_2,0.026129467412913776
ariR,0.05022669466964347
arnC_2,0.030553425530997824
arnC_2~~~icaA~~~arnC_4~~~arnC_1,0.01907368720029501
arnC_5~~~arnC_3,0.014097120996641399
arsA,0.024436062734588537
arsC_2,0.0055219668003057
arsD,0.013137911050669526
artJ~~~artJ_2~~~artJ_1,0.01557718652965967
artM_2~~~lptB_1,0.019410120963408994
artM_4~~~artM_2,0.05203489921086635
ascG~~~ascG_1~~~ascG_2~~~ascG_3,0.01913694667924437
aspA_1~~~aspA_2,0.00327214036514345
atoA,0.006034421080580721
atoB_1~~~atoB_2~~~atoB_3~~~atoB~~~atoB_4,0.02308775132128371
atoD,0.019260381022426776
atoS_3~~~atoS_2~~~atoS_1~~~atoS,0.006057564942828275
atsB~~~chuR_1~~~chuR_2~~~chuR_3,0.011495475939623079
atzF,0.019690284372540834
axe16A,0.02135375641159687
axeA1,0.006538024741007398
azoR1,0.010994747018503226
bacC,0.0057383746287298365
bacC~~~kduD_1~~~kduD_3~~~kduD_2,0.06499211766700386
bcgIB,0.03880948715503574
bcsE_1~~~bcsE_2~~~bcsE,0.006613710184505406
bcsQ_2~~~bcsQ~~~bcsQ_1,0.013103833903557849
bdcA,0.02083058025291029
bdhA,0.009006662605565152
benM~~~oxyR_2,0.0049292239468703425
bepC~~~oprM,0.0089373549077989
betB_3~~~betB_1~~~betB~~~betB_4~~~betB_6~~~betB_5~~~betB_2,0.0023654774421870695
betI_2~~~betI_1~~~betI,0.007850917550845216
betT_2~~~betT_1~~~betT,0.013414961183955354
bglA_3~~~bglA_1~~~bglA_2,0.032999385019906624
bglB,0.02665496934878675
bglG_2~~~bglG_1~~~bglG,0.008733481468032211
bglH_4~~~bglH_2~~~bglH_3,0.004424786244069612
bglJ~~~bglJ_1,0.030806435669296084
bigR,0.030491033182454608
bla_2~~~bla,0.010522542955504033
bla~~~bla_8,0.03965386166541385
blc_2~~~blc_1~~~blc_3,0.004955094772130186
bluF_2~~~bluF_1~~~bluF,0.009508577609727231
bshA_1,0.0160419288477629
bshA~~~mshA_2~~~glgM,0.003719893562387222
bshB1,0.034679293971889624
btuB_1~~~fcuA~~~fatA,0.015532690405734018
btuB_3~~~cirA_1,0.04761683763903668
btuB_3~~~cirA_1~~~cirA_2~~~btuB_2~~~btuB_1~~~btuB_5,0.051746136684173605
btuC_3,0.006895073214145286
btuD_1,0.009820824765151226
btuD_2~~~btuD_3~~~btuD_4,0.008847038989939993
btuF_1,0.013147148814489862
btuR_1,0.012906398955613518
cadA_2~~~cadA_1~~~cadA,0.017234038390177675
cadB_1~~~cadB_2~~~cadB_3~~~cadB_4~~~cadB,0.010092255077315038
caeB~~~caeA,0.09817575285291791
caf1M,0.010251679269325686
cai,0.029614241350828685
caiT_1~~~caiT_2,0.010203659287497224
capD,0.0007095790629150223
carA_3~~~carA_2~~~carA_1,0.012769346332637932
cas3~~~cas3_2~~~cas3_1,0.015728025733452222
cas6f,0.004839618695545944
casA,0.011039731396497388
casC,0.012539151923397052
casC~~~casC_1~~~casC_2,0.007034942396784372
casE,0.027203215247158852
catM_2,0.011182949854364077
cbdC,0.01465774523974206
cbeA_1,0.010977904221635804
cbeA_1~~~cbeA_2~~~cbeA_3~~~cbeA_4~~~cbeA~~~cbeA_5,0.01652124358610929
cbeA_2~~~cbeA_4,0.005987412759641764
cbeA_5~~~cbeA_3~~~cbeA_1~~~cbeA_4~~~cbeA,0.007627417212664467
cbeA_5~~~cbeA~~~cbeA_2,0.0439194250387247
cbeA~~~cbeA_1,0.0001172968260299001
cbeA~~~cbeA_3~~~cbeA_2~~~cbeA_1~~~cbeA_6,0.03459443879538493
cbtA_1~~~cbtA_2~~~cbtA_3,0.01649170819265411
cbtA_1~~~cbtA_4,0.0023520293444128093
cbtA_2~~~cbtA_3~~~cbtA_1~~~cbtA_4,0.04067200164996487
cbtA_2~~~cbtA_4~~~cbtA_1~~~cbtA_3~~~cbtA,0.008009354893615761
cbtA_2~~~cbtA_4~~~cbtA_3~~~cbtA_1,0.015000522867456567
cbtA_3,0.005549099126467949
cbtA_3~~~cbtA_1~~~cbtA_2,0.010707710598724773
cbtA~~~cbtA_1~~~cbtA_2~~~cbtA_3,0.05873545940968916
ccdA,0.004715314186117592
ccdB,0.019403124113235082
ccdB_2~~~ccdB_1~~~ccdB,0.004358336359689741
ccdB~~~ccdB_1,0.002751231086596473
ccpA~~~purR_1~~~purR_5~~~purR_6,0.024877079892689835
cdiA_2~~~cdiA_3,0.020171624678069655
cdiA_2~~~cdiA_7~~~cdiA~~~cdiA_1~~~cdiA1~~~cdiA_3,0.0299399529380715
cdiA_4,0.03294604758487529
cdiA_6~~~cdiA_5~~~cdiA_2,0.030279787384471124
cdiA~~~cdiA_1,0.002465490576823548
cdr,0.005447024149004331
cdsA_2,0.017614301372273822
cdtB,0.05249739945172993
cea,0.005938453376459707
cea_4~~~cea_3~~~cea_2~~~cea~~~cea_1,0.013163225809768253
cfaB,0.008710427202435644
chaC_1,0.0036299699415542896
chbA_2~~~chbA_1,0.007369225674041413
chiA_2~~~chiA_1~~~chiA,0.029989047581032047
chpB,0.04640964610448206
chpS,0.01782129623303641
cia_2~~~cia_1~~~cia,0.01720244518139502
cirA_2,0.00967137023687803
cirA_3,0.00016680487691589363
citF,0.02942634936049293
citG_2,0.012907919272816315
citX~~~citX_2,0.035699415511359245
clpP_2,0.011767957474833501
clpP_3~~~clpP_1~~~clpP_2,0.05394047519844758
clpP_3~~~clpP_2,0.008617016127534072
clpV1_2~~~clpV1_1~~~clpV1~~~clpV1_3,0.032552709309663364
clpV1~~~clpB_2~~~clpB_5~~~clpV1_1~~~clpV1_2,0.012076071215917361
clpV1~~~clpV1_2,0.026855690781687924
clsA_2~~~pld,0.011116550424420835
cmi,0.004173162854760548
cmpR,0.01275125312837
cnl,0.004400207251865851
cnl~~~cnl_2,0.011056540492916156
codB_2,0.0397440869455119
col~~~pys1,0.018239766950716385
copA_1~~~copA_2~~~copA_3~~~copA_4,0.01210888237398322
copR,0.016867305044844905
copR~~~czcR,0.03235315412927697
cotSA,0.00013696308537869406
cpdA_2,0.012642354632326658
cra_1,0.012734078663789505
cra_2,0.003948554356221434
cra_3,0.01597582069223691
crfC_1~~~crfC_2~~~der_1~~~crfC_3,0.011390826386069586
crr_2,0.00940066816762597
csbX_2,0.028996110274464915
cspJ,0.007934451804471943
csqR,0.008435291345653573
csqR_2~~~csqR_1~~~csqR,0.023802364570340684
csy2~~~csy2_1~~~csy2_2,0.0060386598831905225
csy3~~~csy3_2~~~csy3_1,0.028341843235253572
ctxB,0.023014248821759953
cusB_1,0.02789215996988781
cusS_2~~~cusS_1,0.018529910994604437
cutD_2~~~cutD_3,0.0045258021420468975
cvaA~~~cvaA_1~~~cvaA_2,0.022108299058751557
cvaC,0.025628865445900928
cynS,0.007741843850960217
cynT,0.03227863984637991
cysE_2~~~cysE_1,0.03381803710248632
cysE_3~~~cysE_2,0.001037395589665202
cysH_2~~~cysH_1,0.0014623246677347712
cysQ_1,0.009521960922499462
dam_3,0.002160997604305992
dapA_2~~~yjhH,0.0019704710734775865
dapH_1,0.017960512972528653
dapH_1~~~dapH_3,0.017138993132199687
dapH_2~~~vat~~~dapH_1,0.020095486474460467
dasR~~~nagR_2,2.5385456114745963e-05
dbpA_2~~~srmB_3~~~dbpA_1,0.001840594161523157
dctA_1,0.02151848339379092
dctD_2~~~dctD_1,0.006485830951542537
dctD~~~dctD_1,0.03958277495092255
dctM,0.04039086007042103
dctM_1~~~siaM_2~~~dctM_2~~~dctM_3~~~dctM,0.005437382076030284
dcuA_3,0.009941673447490862
dcuA_3~~~dcuA_2,0.025800954348971006
dcuB_3,0.005568842637884819
dcuD_1~~~dcuD_2,0.023083439046095666
dcuD_3~~~dcuD_1~~~dcuD_2,0.02774493782820575
ddpA,0.02267602711508232
ddpA_1~~~ddpA_2~~~ddpA_3~~~ddpA,0.00782617424707932
ddpB_1~~~ddpB_2~~~ddpB,0.03132965567706125
ddpC,0.04699566904284702
ddpF~~~btuD_7,0.014931148130536753
ddpX~~~ddpX_1~~~ddpX_2,0.02875369294325747
ddrA,0.01857841786568537
def~~~def_1~~~def_2,0.016869757688650067
degA,0.01741546479360001
deoR_1~~~deoR_2~~~deoR_3,0.04400280993252048
deoR_2~~~deoR_3~~~deoR_1,0.02633969203129305
der_1~~~der_3~~~der_2,0.024537215735301876
der_3~~~der_1~~~der_2,0.009848772603689993
dgaF,0.025672906605013424
dgcE_1~~~dgcE_2,0.014842554627589877
dgcZ_1~~~dgcZ_2~~~dgcZ,0.02324684970728974
dgcZ~~~dgcZ_2,0.010446305514045795
dgoA_2,0.011924776216173827
dgoK1_2~~~dgoK1_1,0.01641813409279891
dgoK1~~~dgoK1_2,0.012099515783808856
dgoT_2~~~dgoT,0.06774313774348828
dhaD,0.026026249953476466
dhaL_1~~~dhaL_3~~~dhaL_2,0.01662167187539132
dinG_2,0.014431607736423269
dinG_2~~~dinG_7~~~dinG_6~~~dinG_3~~~dinG_1~~~dinG_5~~~dinG_4~~~dinG,0.04137306066058044
dinI_1~~~dinI_2,0.025264031705303447
dkgB_3~~~dkgB_2~~~dkgB~~~dkgB_1,0.04671009502917811
dltA_2~~~tycC~~~dltA_3~~~angR~~~lgrD~~~grsB_1,0.019316004584998936
dltC,0.009514922104242762
dmlA_3~~~dmlA_2~~~dmlA_1~~~dmlA,0.060178904059091876
dmlR_1,0.052013092071862665
dmsC_1~~~dmsC_2,0.035770535305133855
dnaB_1~~~dnaC_3~~~dnaB_3~~~dnaB_2,0.022315095898754134
dnaB_2,0.0011501327785976567
dnaB_3,0.03147602718290332
dnaC_2~~~dnaC~~~dnaC_1,0.055101969282548735
dnaC~~~dnaC_1,0.03813917537744005
dnaJ_1~~~dnaJ_2,0.03339206569891795
dnaJ_2,0.01576952016396449
dnaQ_2~~~dnaQ_1,0.012866005992613783
dnaT_1~~~dnaT_2,0.055428944864106766
dnaT_2~~~dnaT,0.014870004483373833
dnaT_2~~~dnaT_1,0.012075174584494919
dnaT_2~~~dnaT_3~~~dnaT_1,0.013711488033435248
dosC~~~dosC_2~~~dosC_1~~~dosC_3,0.020996473058926046
dpnM,0.0034742634287736607
dpnM_1~~~dpnM,0.002973090015176316
dppB_1,0.029786333910905016
dppD_3~~~dppD_2~~~dppD_1,0.030595425459499337
dsbI,0.019766546914359973
dsbL_1~~~dsbL_2~~~dsbL,0.011912206963474059
dsdA,0.0522725289785666
dsdA_1~~~dsdA~~~dsdA_2~~~dsdA_4~~~dsdA_3,0.008378343281936873
dsdA_2~~~dsdA_1~~~dsdA,0.0067097527640591625
dsdC_2~~~dsdC_1~~~dsdC,0.05624451226197902
dsdC~~~dsdC_2~~~dsdC_1,0.018488947206186435
dsdX_1~~~dsdX~~~dsdX_2,0.054875180553849656
dsdX_2~~~dsdX~~~dsdX_3,0.008548974868047177
dsdX~~~dsdX_1~~~dsdX_2,0.020652381402402664
dtnK,0.039450173691852664
eae,0.032048028993374
ecfA1_2~~~ecfA1_1,0.0025889163929506687
ecoRIIR_1~~~ecoRIIR_2~~~ecoRIIR,0.0025776916818962547
ehaG~~~upaG~~~ehaG_2~~~ehaG_1,0.014470322553532977
elfC,0.019054704179934268
elfC_1,0.03016776962838974
elfC_1~~~elfC~~~elfC_4~~~elfC_5~~~elfC_6~~~elfC_7~~~elfC_2~~~elfC_3,0.002647696919925613
elfC_1~~~elfC~~~fimD_2~~~fimD_1,0.0006568132844395613
elfC_2~~~elfC_1~~~lpfC,0.01955684005106484
elfD,0.006409396862888439
elfG_2~~~elfG~~~lpfD,0.024929977743330944
elfG~~~elfG_2~~~elfG_1,0.018594722286503274
elmGT_1~~~elmGT_2~~~elmGT,1.5635046519912876e-05
elmGT_2~~~elmGT,0.01153924581536847
emrB~~~emrB_1,0.03016115626518112
emrB~~~emrB_4~~~emrB_1,0.027462030882756006
emrE_2,0.00044290917542322283
epsE_2~~~epsE_1~~~epsE_3,0.01787915588865574
epsF_1~~~epsF_2,0.028480081060684226
epsG,0.0038961938405204233
epsH~~~epsH_2,0.006533660769050265
epsJ~~~arnC_4~~~arnC_3~~~arnC_1,0.03289999158158907
epsM_1~~~epsM~~~epsM_2,0.018751415027357998
era_1~~~der_1~~~era_3,0.043897705834097245
era_2~~~era_1,0.010886448770154766
era_2~~~era_3,0.00915874075276224
era_2~~~era_3~~~era_1,0.014262914696039575
era_3~~~era_1~~~era_2,0.011503343988404025
esiB_1,0.003214933485125915
esiB_2,0.024303129064156437
espC,0.053619267199269016
espC_1~~~espC~~~espC_2,0.02903847066304177
espC_2~~~espC,0.029590030473916284
etk_1~~~etk_4~~~etk_3~~~etk_2~~~etk,0.009821541704588821
eutN_1~~~eutN_2,0.0064422665330530204
exuT_2~~~exuT_3,0.0024252643400592966
exuT_3,0.025772062880356383
fabF_2~~~fabF_1~~~fabF_3,0.01032560398683513
fabG_1,0.004051407488605996
fatA,0.008349293354720011
fbaA_2,0.007800118909235376
fbpC2_2~~~yusV_1,0.012044444096713791
fcl,0.009757688382079799
fcuA~~~fatA,0.017743719425733717
fdrA_1~~~fdrA_3,0.028696518188901843
fdrA_2~~~fdrA_4~~~fdrA_5~~~fdrA_1~~~fdrA_3,0.005202162441625191
fdtC,0.025789876113680332
fdtC~~~lpxD_1,0.001967808274301097
feaB~~~feaB_1~~~betB_2~~~feaB_2~~~feaB_3~~~feaB_4,0.02416579468547808
fecC~~~fecC_1~~~fecC_2~~~fecC_3~~~btuC_2,0.022959937293266064
fecE,0.0010392382658379606
fecE~~~fecE_1~~~fecE_2,0.02829400128313453
fecI~~~fecI_2~~~fecI_1,0.011805273067138966
fepA_1~~~pfeA_2~~~pfeA_1~~~fepA_2~~~pfeA~~~btuB_3,6.627942896009209e-05
fepC_2,0.016240303147610824
fepE_2,0.02978397713665415
fes_1~~~fes_2,0.015103164059710794
fes_2~~~fes_3,0.009803313068609043
feuC,0.03898374150444317
fhuA,0.005519287877056467
fhuA_2~~~fhuA_1~~~fhuA,0.00017467492042722021
fic_2,0.0023646409851387773
fimA_3~~~fimA_1~~~fim~~~fimA_2~~~fimA,0.016769085925452343
fimA~~~fimA_1~~~fimA_2~~~fim,0.008583987377601243
fimC_1~~~fimC,0.015577452161289917
fimC_2~~~fimC_1,0.009499721338141809
fimD_1~~~xerC_2~~~xerC_4,0.0024530398006252785
fimD_2~~~fimD_1~~~fimD_3,0.026606760453718348
fimD_2~~~fimD_3,0.020912940388835066
fimD_3~~~fimD_2,0.020392739572120844
fimD_4~~~fimD_1~~~fimD_2,0.021703620126978906
fimD_6~~~htrE_1~~~htrE_2,0.06298754397687256
fimD~~~fimD_2~~~fimD_1~~~fimD_3,0.0555206555973653
fimF_2~~~fimF_1~~~fimF_3,0.002948850908869316
fimF~~~fimF_3~~~fimF_1~~~fimF_2,0.0012287718757462152
fimG_2~~~fimG_1,0.017358871336998316
fimH_1~~~fimH_3~~~fimH_2,0.020034601354887327
finO~~~finO_1,0.004124959191485589
fixA_3~~~fixA_1,0.00219342161839986
fldC,0.024195859099452655
fldI,0.013725553211631603
fldP,0.04601592467475957
flgB_1~~~flgB_2,0.021532127718816962
flgE_2~~~flgE_3,0.02276296296187197
flgG_1~~~flgG_2,0.042993587218778107
flgH_1~~~flgH_2,0.047532604984718674
flgI_2,0.016710161949804236
flgL_1~~~flgL_2,0.011508747258768492
flhB_3~~~flhB_1~~~flhB_2,0.04839002694947214
fliC_2~~~fliC_1~~~fliC,0.04282855306310385
fliC~~~fliC_1,0.01772424743435841
fliC~~~fljB,0.020766472803467773
fliC~~~fljB~~~fliC2,0.016509545074034904
fliD_2~~~fliD_1,0.007072608729227214
fliE_2,0.04904164697237601
fliF_2~~~fliF_1,0.013779739570777494
fliG_2,0.00934361186961108
fliI_2~~~fliI_1,0.028115986866471765
fliN_1~~~fliN_2,0.006244176193610285
fliP_2,0.017903792476918978
fliR_2,0.027149927044772593
fliS_2,0.05072564632950738
flmC,0.015207997504682158
flmC_3~~~flmC~~~flmC_1,0.005988147485427531
flu_1~~~flu_2~~~flu~~~flu_3~~~flu_4,0.019318253775027605
flu_1~~~flu_2~~~flu~~~flu_4~~~flu_3,0.03239995981882826
flu_2,0.04307368301800962
flu_4~~~flu_1~~~flu_2~~~flu_3~~~flu,0.031917542236270524
flxA,0.04762046572161527
focC_1,0.05100119654783564
focC_1~~~focC_2,0.024836530885761432
focC_2~~~focC_1,0.03601503110192428
focC~~~focC_2,0.008578577545622856
folA,0.03446250685593277
folP1~~~folP_2,0.00020852350465339065
folP_2,0.06897306953979121
folP_2~~~folP_3,0.02318675844676732
frlA_1~~~frlA_2~~~frlA,0.0023925040476251436
frlB_1~~~frlB_2~~~frlB,0.029126428643056812
frlC_1~~~frlC_2~~~frlC,0.0043287495174753055
frlD~~~frlD_1~~~frlD_2,0.004930619724640373
frlR,0.023822838818082115
fruA_1~~~manP_2~~~manP_1,0.002276410269453022
fruA_2,0.04364317462619782
fruK_1,0.004104364262540461
frwD_1,0.03657509561310879
ftsA_2~~~mreB_1~~~ftsA_3,0.020592916443556764
ftsE,0.010451020847306092
ftsH_2,0.011732880801443857
ftsH_2~~~ftsH_1,0.017272492807451245
ftsX_1~~~ftsX_2~~~ftsX,0.029297123801125924
ftsY_2~~~ftsY_1~~~ftsY,0.003931828041124241
fucA_1~~~fucA~~~fucA_2,0.04319203886447154
fucA_2,0.016035067639272205
fucK_1~~~fucK_2~~~fucK~~~fucK_3,0.011797463198001568
fucK_2~~~fucK_1,0.01932813686920487
fucP_1~~~fucP_2~~~fucP,0.0019253201792190922
fumE,0.0065696688154210925
gadA~~~gadB_3~~~gadB_2~~~gadB,0.03423381998879638
gadB_1~~~gadB~~~gadA,0.09757203010922688
gadB~~~gadB_1~~~gadA,0.050287712482548264
gadW_2~~~gadW_1,0.0163711990344666
galE_2,0.024153356376345858
galE_2~~~galE_1~~~galE_4~~~galE_3~~~lnpD,0.022805314251677755
garD_1,0.03493938062710389
garD_1~~~garD_2~~~garD_3~~~garD_4,0.023071690248855248
garD_4~~~garD_1~~~garD_3~~~garD_2,0.0034500739952154635
gatA,0.014942553212940801
gatA_1~~~gatA_2~~~gatA_3,0.04275755510492063
gatA_2,0.05409428319918419
gatB_1~~~gatB~~~gatB_2,0.04110336887865307
gatB_2,0.02237670747647913
gatB_3,0.005819162549460355
gatC_1,0.017159302542993693
gatC_2,0.05467195316016271
gatD~~~gatD_2~~~gatD_1,0.0003172625884735325
gatY_1~~~gatY_2~~~gatY,0.011800622518880033
gatY_2,0.05155379112522951
gcl_2,0.0027342984831058015
gcvA_2~~~gcvA,0.023240506463855448
gcvT_1,0.04542556569066658
gdx_2,0.0031599025237811773
gfcA,0.03185961986911989
gfcB_1~~~gfcB_2,0.0002580555653404204
ggt~~~ggt_1,0.018374962978149334
ghoT,0.012601063874311036
ghrB_1,0.00935799838582807
glcB~~~glcB_1~~~glcB_2,0.035174952453950414
glf,0.012385698791329114
glmM_1~~~glmM_2,0.026551425873373224
glmM_3~~~glmM_2,0.00986136467330856
glmS_1~~~glmS_2,0.008558952178252088
glmU_1~~~glmU_3,0.0180753373146203
glmU_3~~~glmU_1,0.03233651306814478
gltF~~~gltF_1~~~gltF_2,0.03765661762131112
glxK_2,0.003012194382183031
gmd,0.013642335376526704
gmd_1~~~gmd_2,0.00767580413744251
gmd_2,0.0132510749457313
gmm_2~~~gmm_1,0.0015274605145569886
gnsA_2~~~gnsA_1,0.03510542362408864
gntP_3~~~gntP_2~~~gntP_1~~~gntP,0.0013411849209494786
gntR_3,0.01676431323493688
gntR~~~gntR_3~~~gntR_2~~~gntR_1,0.03183505010691978
gntU_1~~~gntU~~~gntU_2,0.010482676225193943
golD,0.04706681027997628
gpFI_1~~~gpFI~~~gpFI_2,0.005793086266944636
gpFI_2,0.0044745671531098985
gpFI_2~~~gpFI_1~~~gpFI,0.006628588171692984
gpFI~~~gpFI_2,0.003120786442106338
group_0,0.019368026827628393
group_10001,0.006317461253039891
group_10006,0.005420235537678453
group_10009,0.02523906233206552
group_10011,0.02828243417260956
group_10013,0.017274311835566714
group_10014,0.02983613336744062
group_10015,0.008956331445284738
group_10017,0.02294499975287012
group_10018,0.023139775089251025
group_10019,0.05141774334781357
group_10021,0.056665527923500436
group_10024,0.005474436857304532
group_10025,0.024347797566055096
group_10026,0.005304109301389026
group_10027,0.005169421930269591
group_10029,0.056455129886038735
group_10031,0.028396387316094396
group_10033,0.020000354445699475
group_10036,0.002449400082117803
group_10037,0.018044780035950003
group_10039,0.016018242418781137
group_1004,0.005658337557857829
group_10040,0.047528928206216126
group_10041,0.000357300655646986
group_10044,0.011928216129162061
group_10046,0.01448541792261615
group_10052,0.023359091205658267
group_10061,0.011491854007463997
group_10066,0.03581310195540155
group_1007,0.006243048462144518
group_10073,0.010025823731681482
group_10075,0.005359046177938698
group_10077,0.011019688133057759
group_10078,0.0076390472359437744
group_10082,0.008851115886912675
group_10084,0.047658764926097774
group_10093,0.027499666218135044
group_10097,0.011366297848302676
group_10099,0.001392119746669751
group_101,0.016902587796657098
group_10102,0.033408680974009064
group_10106,0.02846832565808577
group_1011,0.05419895310340128
group_10113,0.0453528871811244
group_10114,0.03848537982991007
group_10115,0.003976765000521576
group_10118,0.05207657195979909
group_10119,0.029040751558788935
group_1012,0.03265568395438967
group_10121,0.006798099882776354
group_10123,0.005518119962266699
group_10128,0.0019050643544826773
group_10137,0.016298319057130195
group_10140,0.031090274369631743
group_10143,0.022184693375276066
group_10145,0.024698736511698627
group_10146,0.06203781460943247
group_10148,0.05182136213228761
group_10149,0.029859125455183433
group_10152,0.03464075980913495
group_10156,0.04271563418745572
group_10158,0.006638169860321064
group_10160,0.041927785272136475
group_10161,0.006439277595416959
group_10162,0.008581516737476313
group_10167,0.014450772775954634
group_10174,0.03402920776561569
group_10177,0.003994988194736315
group_10178,0.0024872836739731063
group_10180,0.011215415967773312
group_10182,0.01728917411862496
group_10188,0.012851054322875921
group_10189,7.270345898513497e-05
group_1019,0.018273870571753115
group_10190,0.006962232802689927
group_10192,0.0252958606540461
group_10197,0.016915426136770106
group_10198,0.004496684603960022
group_10199,0.004965180296472527
group_102,0.09174383533018915
group_10200,0.0011428598244573873
group_10201,0.046713474997923665
group_10204,7.132726107150766e-05
group_10205,0.031239433345315204
group_10209,0.03288973630392
group_1021,0.02997342618048182
group_10211,0.07688780092316572
group_10212,0.02544335566263145
group_10214,0.015220810945657526
group_10218,0.0035225623404364637
group_10220,0.030102540107966647
group_10232,0.02828908709797595
group_10239,0.012852775075512746
group_10249,0.07110279322297419
group_10261,0.00796134966229567
group_10263,0.020579547093898976
group_10265,0.02550053993570156
group_10269,0.003283158426059307
group_10270,0.04947124562738514
group_10271,0.03490265061072462
group_10278,0.0042185906841225584
group_10279,0.006947597630213576
group_10282,0.010244597643099373
group_10284,0.05082890626445913
group_10289,0.009089824378240019
group_10293,0.021934579419639277
group_10299,0.028561768438705837
group_103,0.01917758590398999
group_10301,0.009782229054458025
group_10302,0.0022120537323955247
group_10305,0.03677742213926405
group_10307,0.004449337799978137
group_10309,0.023357276998141385
group_10310,0.018137278355356168
group_10311,0.00906187563553007
group_10314,0.001377296072147871
group_10317,0.00866684749101121
group_10320,0.03634392985753454
group_10322,0.042962032957276186
group_10324,0.09087351233128871
group_10325,0.004413440793612722
group_10329,0.014002315937477583
group_10330,0.014602606685426345
group_10331,0.012544057630950567
group_10332,0.029908770311345423
group_10334,0.007345677091445069
group_10335,0.016824422281807694
group_10338,0.021147981162392915
group_1034,0.014265675779444376
group_10340,0.017983722660887436
group_10342,0.028840798552123292
group_10343,0.013397260775396047
group_10348,0.016351677104378126
group_10349,0.03403897878742668
group_10354,0.015118474614736144
group_10355,0.003978357959164791
group_10357,0.015722289220587493
group_10358,0.027023017265355165
group_10361,0.00362733706333751
group_10362,0.007575929680329496
group_10364,0.04301412784134673
group_10369,0.0005015168550324134
group_10373,0.001432386997895163
group_10376,0.025623563285632978
group_10377,0.010784445891705463
group_10380,0.006697386763913071
group_10381,0.00824885268281661
group_10383,0.01194408254912549
group_10384,0.00014742257797184521
group_10387,0.009827844222273008
group_10390,0.01680169465335335
group_1040,0.038387763574109224
group_10402,0.022302171207801313
group_10406,0.0031396553866214205
group_10408,0.05628192759081618
group_10409,0.0028639967441845826
group_10414,0.010407316797671928
group_10415,0.018240801218553315
group_10418,0.06547582483462744
group_10419,0.006170215360977949
group_10421,0.04053801068480545
group_10424,0.005049429284834428
group_10426,0.017621120192738315
group_10429,0.005983770215266082
group_10434,0.012546029255960267
group_10438,0.02124823887633953
group_10440,0.03128521179233146
group_10442,0.02309494997170769
group_10445,0.022900554590356226
group_10446,0.027956798883814304
group_10447,0.007118463763401639
group_10448,0.009316808527937592
group_10449,0.030367838285688453
group_10450,0.03643943594203458
group_10457,0.024556012370831493
group_10462,0.040469819281136354
group_10470,0.01920939387877163
group_10473,0.038884852330075104
group_10474,0.03987121112918346
group_10481,0.007001913646851321
group_10482,0.030535532132249132
group_10483,0.04197308639806496
group_10485,0.022926293877585158
group_10489,0.03385487684008348
group_1049,0.023984161162523998
group_10495,0.02291011075038818
group_10498,0.02554756438071326
group_10501,0.025098952950611597
group_10502,0.0033668943574527432
group_10505,0.018448534462107702
group_10506,0.0017792482154281863
group_10507,0.007057788090545358
group_10510,0.0022931295592485412
group_10511,0.013124233226416981
group_10512,0.018833370862878063
group_10517,0.019282143035023624
group_10518,0.05661707275793715
group_10519,0.016129700320463014
group_10520,0.055875385196134664
group_10521,0.010778244274146198
group_10523,0.021918310895224113
group_10524,0.012097841706119716
group_10525,0.027017247673207123
group_10526,0.05755678820136634
group_10535,0.05550253550797768
group_10539,0.009852155378143879
group_10541,0.011443071041165487
group_10543,0.02589187363785328
group_10544,0.031038337734191845
group_10547,0.021578773497462178
group_10548,0.02214423259143472
group_10549,0.04268510633106248
group_1055,0.01902531681078412
group_10555,0.01631396954750186
group_10556,0.02383440227160083
group_10559,0.009573199568442714
group_10560,0.02542177167974402
group_10563,0.019721761750008504
group_10566,0.011122953842229721
group_10567,0.018742223308569894
group_10569,0.031718077772384
group_10570,0.04887415052540933
group_10572,0.015234499119762601
group_10576,0.026530574621540737
group_10577,0.030803040139064652
group_10579,0.013400877886956097
group_1058,0.0025984694611500547
group_10582,0.022388108691905773
group_10588,0.023251352146798965
group_1059,0.027006613930394163
group_10591,0.025854963509545303
group_106,0.007953300136770425
group_10601,0.02507058688354924
group_10606,0.007580007198468408
group_10607,0.0040792018991129275
group_10608,0.009664898998227534
group_10609,0.0033261934972799168
group_10611,0.04279435743949067
group_10612,0.0077280374890646986
group_10615,0.0028169833926745547
group_10616,0.03903637047764219
group_10619,0.010852362812982852
group_10620,0.030551262788045763
group_10628,0.006258342893097346
group_1063,0.02779066608020675
group_10630,0.032417745834577794
group_10631,0.008096310311512811
group_10632,0.02549652720256468
group_10634,0.028220047475803423
group_10635,0.012688272168060788
group_10637,0.010150744901588737
group_10638,0.001011499331589727
group_1064,0.02439773182438776
group_10640,0.00936632339415322
group_10645,0.01156489422816187
group_10648,0.01699931349271533
group_10650,0.01100525318604384
group_10651,0.021098306052816262
group_10654,0.03803492510246986
group_10658,0.04522278985143435
group_10659,0.09850963370612109
group_1067,0.035430161117868675
group_10671,0.023647466240885873
group_10672,0.007024211953279513
group_10676,0.020213498396114638
group_10683,0.005586670709205155
group_10687,0.01121333359146881
group_10696,0.005398055506528721
group_10699,0.02908025112742907
group_107,0.006211094373343551
group_10701,0.02185610787986425
group_10702,0.05051327329874056
group_10703,0.03905343771974512
group_10707,0.04495706895704443
group_10709,0.0013309213668977193
group_10716,0.019497077754870418
group_10719,0.01383235325104204
group_10720,0.017572067937803526
group_10722,0.018053381148240844
group_10723,0.028945030498318536
group_10732,0.004864414859673927
group_10733,0.026253356099743552
group_10737,0.01584943833839203
group_10739,0.012966457136853071
group_10740,0.012014102747635258
group_10741,0.03970831531846586
group_10743,0.03192364054777963
group_10744,0.022555369017007276
group_10746,0.013302555785219772
group_10751,0.039934316290764604
group_10753,0.008514809287877068
group_10758,0.0078013320379195505
group_10767,0.006235509876374445
group_10770,0.03514106568113107
group_10773,0.026128032492929165
group_10778,0.019236443091156685
group_10782,0.01648615818710386
group_10783,0.015273393541369362
group_10786,0.016631670628950657
group_10789,0.017649914960660595
group_10791,0.0244910945270711
group_10796,0.005096292322891882
group_10802,0.011382936561479262
group_10806,0.01577223561353125
group_10809,0.00032638166582033
group_10810,0.04671283635166401
group_10811,0.009146520866635477
group_10814,0.03859473303134586
group_10815,0.021435824118260394
group_10817,0.026566157956513292
group_10818,0.02833816960632518
group_10821,0.019802139146881004
group_10823,0.04913519252536824
group_10824,0.035860455268960756
group_10829,0.03402075925021819
group_1083,0.010566626542811042
group_10831,0.059073416482101626
group_10836,0.005448641166898582
group_10837,0.02135044050436341
group_10841,0.0077227983290393265
group_10842,0.010887527919430928
group_10844,0.028782690010112466
group_10850,0.05248788192693743
group_10852,0.012006234698854312
group_10854,0.00930143580380749
group_10859,0.02417192681991942
group_10867,0.012597471314979236
group_10869,0.01671978685759634
group_1087,0.003283197157079254
group_10870,0.02829538030691703
group_10871,0.03596698568727974
group_10873,0.03624728378447406
group_10874,0.03224173662089025
group_10878,0.011741397137682519
group_10883,0.02279324978831343
group_10887,0.04014926665045593
group_10888,0.0007951508464021373
group_10890,0.022212774029629845
group_10893,0.015871851131860293
group_10895,0.040359529046233966
group_10899,0.030839554015880122
group_10903,0.016964089043030706
group_10906,0.009161237158157753
group_10907,0.04464371409049428
group_10913,0.015929544061243694
group_10915,0.019016453225186414
group_10917,0.012979998698256168
group_10919,0.02051612064374675
group_10923,0.011475616567601321
group_10924,0.007652504651209702
group_10926,0.013189489964414491
group_10929,0.019539421398208745
group_10937,0.026369220361408763
group_10940,0.016001131785580824
group_10943,0.01947854288399342
group_10946,0.016860995501859932
group_10947,0.008298054708776759
group_10948,0.01830051547498468
group_1095,0.008097796718294692
group_10950,0.0054702703636806405
group_10954,0.01907792600290459
group_10960,0.001969680661461526
group_10964,0.0002921632252883555
group_10967,0.001338274276491136
group_10969,0.0116192187224049
group_10970,0.01800637365843971
group_10976,0.022856773945271858
group_10983,0.0291859386058253
group_10984,0.03873716753078127
group_10985,0.0016780286449540327
group_10986,0.015841327264927818
group_10989,0.04233806425795095
group_10990,0.023984874112500387
group_10991,0.021767846700792237
group_10995,0.020720399844970983
group_10996,0.00633259541134179
group_10997,0.02874343325618356
group_10999,0.03064282553503772
group_11001,0.026373105930467267
group_11002,0.0501991828459778
group_11008,0.013565487757463801
group_11009,0.02306839433267216
group_11012,0.02584054842234984
group_11016,0.015677550071978796
group_11022,0.028761252972381968
group_11025,0.011464567842075502
group_11027,0.017417156867609362
group_11029,0.0015425789105307786
group_1103,0.022628717467333193
group_11031,0.03160919706268883
group_11036,0.028573897897043343
group_11037,0.0019096535647744606
group_11039,0.03035037441893751
group_1104,0.015998443323456346
group_11044,0.02595354841704367
group_11055,0.018907825680054557
group_11058,0.03944303588071385
group_1106,0.0509672212194745
group_11061,0.010017296091969108
group_11062,0.03177374089711393
group_11064,0.03500201213335208
group_11066,0.0016593098826589436
group_11069,0.026769718556024502
group_11074,0.006826285094261086
group_11075,0.016900026606259555
group_11078,0.025431767557985152
group_11084,0.010072430779307195
group_11085,0.011068675725474098
group_11091,0.021259959023861574
group_11096,0.021523084939916615
group_11103,0.03214537085122893
group_11107,0.007073884027016142
group_11115,0.04112577070110257
group_11116,0.011446738187219196
group_11117,0.0011133012409272336
group_11125,0.015300430619143324
group_11126,0.039213315053772124
group_11134,0.035524474475929324
group_11135,0.03458854906445996
group_11137,0.02261848196199412
group_11139,0.02312606078813051
group_1114,0.05534688742239413
group_11141,0.01419309596532492
group_11142,0.029545567096818326
group_11143,0.029021419373078228
group_11145,0.016651140241103812
group_11146,0.0004909715452781072
group_11148,0.0031310927953787093
group_11150,0.010333249955604806
group_11151,0.0140001750928187
group_11152,0.0062462380657271055
group_11153,0.03126693270191483
group_11155,0.0068919591071614494
group_11156,0.0002739510458362737
group_11157,0.028756582021878474
group_11158,0.026019933717645216
group_11161,0.03820284019790354
group_11162,0.023223082159262276
group_11163,0.013371033890717143
group_11167,0.010445222996474435
group_11171,0.015287839858575403
group_11173,0.03538193054277117
group_11174,0.01605830109817097
group_11178,0.004171875422360083
group_11187,0.03681731629712082
group_11189,0.0009269695498952402
group_1119,0.01821904851469891
group_11191,0.0354427184459285
group_11204,0.033293518778790165
group_11212,0.059260045519231586
group_11216,0.003561931927878792
group_1122,0.01329913249498671
group_11226,0.03858531583496183
group_11227,0.003652903525947382
group_11231,0.005502744412268168
group_11234,0.012694307391838855
group_11243,0.0037523054418699964
group_11247,0.03526018430209121
group_11248,0.0458760741096067
group_1125,0.03797535172826394
group_11252,0.022844989444102515
group_11253,0.01774195349465435
group_11277,0.015368699610378789
group_11279,0.04461567380014664
group_11280,0.0008332068162300033
group_11285,0.04027206654681148
group_11292,0.032943260867432045
group_11295,0.020042427969263477
group_11299,0.012093397455003041
group_11309,0.017987769304445678
group_1131,0.00034192614675743194
group_11315,0.020235121110021792
group_11316,0.017329763851304136
group_11317,0.002805705273125403
group_11321,0.03970168362648252
group_11322,0.008845605379711907
group_11325,0.0011638814595320568
group_11335,0.015071423905771208
group_11336,0.011538650598244216
group_11348,0.012951973108966675
group_11350,0.0028095570105031165
group_11356,0.012187323992798538
group_11362,0.014406524497311057
group_11365,0.03199455259210815
group_11380,0.004538694584854452
group_11383,0.015861254125336455
group_11387,0.0011628106653776005
group_11394,0.024494869887262016
group_11395,0.0029422767460738353
group_11397,0.0068423190715982685
group_11398,0.011743771698281558
group_114,0.008798459486167198
group_11402,0.029266521611726715
group_11404,0.015452791802413879
group_11406,0.0240617295905885
group_11407,0.019841679318787886
group_11409,0.06095275316168158
group_11411,0.028888168374246792
group_11412,0.009817204358329779
group_11413,0.002699941575021736
group_11415,0.006597221032383027
group_11416,0.006268058228678264
group_11420,0.006584428326107394
group_11421,0.018919704799696957
group_11422,0.006796823421394649
group_11424,0.015615976604107518
group_11425,0.013456252773108579
group_11427,0.01188873874752594
group_11431,0.011703127232993715
group_11441,0.03906666316579188
group_11442,0.006847970808411263
group_11447,0.012196947736997643
group_11450,0.0186631018190615
group_11452,0.020127343320142765
group_11453,0.03485824690931816
group_11455,0.0009888556480499577
group_11457,0.015069505141123152
group_11458,0.028186242443196674
group_11460,0.00974374679844403
group_11463,0.02392576459190754
group_11464,0.006723085211199908
group_11466,0.006538157556822188
group_11469,0.007891626389940454
group_11470,0.022651601139715982
group_11471,0.008915980870311202
group_11475,0.02506371740742508
group_11476,0.011253545698890699
group_11478,0.000669526866399428
group_11479,0.007209691634907367
group_11480,0.04497355108386536
group_11481,0.02234983712494132
group_11484,0.00595965541787935
group_11488,0.015826529854359395
group_11490,0.02750731908097359
group_11493,0.025853878043622602
group_11494,0.014419596964558634
group_11499,0.020029310708064463
group_1150,0.024082603945464465
group_11500,0.06978608488978177
group_11504,0.0611155456513115
group_11506,0.005945982702936448
group_11507,0.006796865188254619
group_11510,0.024087269996629912
group_11511,0.026343058471702818
group_11517,0.011433988700107589
group_11519,0.006073316333325307
group_11521,0.0008238786246206331
group_11531,0.02273790033497658
group_11532,0.006075684411049664
group_11537,0.03226467157884749
group_11542,0.026452478922263767
group_11545,0.026989363044883197
group_11546,0.015995892625555452
group_11547,0.029512027704590382
group_11549,0.06858811823203759
group_1155,0.006864740342672038
group_11552,0.008579351291139403
group_11554,0.028552531506023104
group_11555,0.01873649045271142
group_11556,0.0113487661607099
group_11558,0.01845674643569639
group_1156,0.011471465366912126
group_11562,0.05094756992060523
group_11564,0.028017156607104576
group_11567,0.01809996359418853
group_11571,0.0295584205198951
group_11572,0.022384595516310668
group_11573,0.03717994731266505
group_11575,0.02600274761713539
group_11578,0.02909633796512856
group_11580,0.006622379738804307
group_11581,0.015860238807440696
group_11582,0.015522980721889956
group_11583,0.013608296627979799
group_11589,0.007262153852580777
group_11591,0.03401017031010567
group_11592,0.04011216454636535
group_11594,0.026048775361737553
group_11595,0.018888200443915926
group_11598,0.019484706102987692
group_1160,0.006027610737721512
group_11603,0.01412453695075322
group_11604,0.012041861252990449
group_11605,0.028529386812637725
group_11606,0.0036208553523511267
group_11612,0.00957543316807663
group_11618,0.002333839019509787
group_11621,0.011692183519537824
group_11622,0.04149651030544632
group_11625,0.00403208702631197
group_11627,0.007794846669927136
group_11628,0.00997500414540009
group_11629,0.04486089534643467
group_11631,0.04086029050421014
group_11632,0.015248515847001265
group_11636,0.027874944779556543
group_11637,0.00112501446547153
group_11638,0.026017723267385273
group_1164,0.021291148964599937
group_11640,0.02183060076049137
group_11641,0.02172840805017584
group_11643,0.06172123760244341
group_11647,0.0339634338936996
group_11649,0.03509243227588699
group_11650,0.031200688694733802
group_11651,0.02183949177363531
group_11654,0.026615927150885232
group_11658,0.012821591818871658
group_11659,0.004872135753326123
group_11660,0.005826714100979569
group_11664,8.384785284198948e-05
group_11665,0.03015997928090952
group_11670,0.014983911351694301
group_11674,0.007200210484659353
group_11675,0.0261563708437349
group_11676,0.03328772898561971
group_11679,0.005899533903942045
group_11680,0.018129683252217754
group_11683,0.01084942590457083
group_11685,0.019315727649894976
group_11686,0.03024823540012167
group_1169,0.021268886773294637
group_11691,0.04962385581953033
group_11697,0.016839643240181834
group_117,0.003919374859000957
group_1170,0.005418726523949147
group_11707,0.01964980767459812
group_11708,0.007039782278226658
group_1171,0.007266601436997533
group_11711,0.006868854807071445
group_11712,0.003314805326341874
group_11713,0.005876867613455072
group_11715,0.002640654855857294
group_11717,0.00017387154266201854
group_11723,0.035807155733811546
group_11729,0.0020033197989703933
group_11731,0.02824920844302592
group_11732,0.008358278785114193
group_11734,0.007180344629762914
group_11735,0.00647659883945928
group_11736,0.01953038945338892
group_11738,0.04027891611937329
group_11740,0.04144824875123887
group_11742,0.015185378212848377
group_11747,0.02978038545790973
group_11753,0.02533149083589903
group_11756,0.02711861543991989
group_11759,0.013437672688336955
group_11762,0.08310827415775734
group_11763,0.005352080412317051
group_11765,0.0409430521759131
group_11767,0.02115054505617553
group_11771,0.04173257894270588
group_11772,0.01424273234388207
group_11773,0.01852363516081712
group_11774,0.022287931578162556
group_1178,0.013253672749934164
group_11781,0.005047949982093236
group_11784,0.03639245994798013
group_11787,0.005338284522757641
group_1179,0.01958074145601718
group_11793,0.028412258224201903
group_11794,0.0027102421978180136
group_11798,0.016042222738077205
group_11800,0.018085786754820754
group_11801,0.007794901525019604
group_11802,0.023830406493674294
group_11803,0.037521204002010755
group_11806,0.038861749928934985
group_11807,0.028101161177058742
group_1181,0.006709898878078713
group_11810,0.0509650335773848
group_11812,0.0064641480632610104
group_11813,0.0037529003352878565
group_11816,0.00956376964557104
group_11817,0.020770481468403545
group_11818,0.033890708580437634
group_11820,0.0014810541035885638
group_11836,0.004026428806624516
group_11857,0.05266716432737706
group_11863,0.00025281018186196214
group_11889,0.006944650249465889
group_11890,0.004117869087653991
group_11891,0.004033739328191954
group_119,0.0319890231987745
group_1190,0.015613375142897734
group_1194,0.03229887568006573
group_11948,0.009353368782240912
group_1195,0.011816354128298068
group_11952,0.0349910146846526
group_11953,0.01920888522245834
group_12,0.06464856054625523
group_120,0.02290104536454063
group_12011,0.009067631929473796
group_12027,0.024650260943890556
group_12029,0.0041107478992701285
group_1203,0.016367627136800955
group_12039,0.0012257069721184344
group_12040,0.0077256481779575115
group_12041,0.02147449675731572
group_12043,0.05110355764666252
group_12047,0.03601392053564023
group_12048,0.0185478451191039
group_12049,0.011262161771661727
group_12051,0.000779905286350191
group_12052,0.011837438352420682
group_12055,0.02493566779122025
group_12056,0.0001353020959220519
group_12058,0.006198479696778003
group_12061,0.02052043432178885
group_12062,0.012276740952048781
group_12063,0.003076759823530617
group_12064,0.028506168856645253
group_121,0.022263623869325677
group_1210,0.010488159241039963
group_12127,0.030938267251049867
group_12128,0.012594900655316987
group_12140,0.0017440285863425942
group_12142,0.052478601462263574
group_12143,0.022647732027185175
group_12144,0.020444280806451998
group_12145,0.0355305094695757
group_12146,0.049175577582478924
group_12147,0.06720848888277864
group_12148,0.019289074890224356
group_12164,0.0035537268483591955
group_12165,0.000988967020510767
group_12170,0.018848016175235127
group_12173,0.011307349402209121
group_12174,0.013305017947739417
group_12175,0.028785232460540433
group_12176,0.0031372939142548795
group_12177,0.03305538085345905
group_12179,0.0035556976422312925
group_12180,0.0095240455822454
group_12181,0.036046393753090156
group_12183,0.008568300150940011
group_12187,0.042401900625249844
group_12189,0.032452248856680965
group_1219,0.010485068160946742
group_12191,0.020556016796333898
group_12195,0.011899459261121237
group_12197,0.0005456888352293188
group_12198,0.0014379115706293355
group_12199,0.03637031623317677
group_122,0.027284352411978352
group_12201,0.008910814946189616
group_12202,0.04918071443952554
group_12207,4.134596087324027e-05
group_12209,0.021616790736270097
group_1221,0.022799105818788856
group_12210,0.015418482934092648
group_12212,0.0007040137644300781
group_12213,0.05057669019518274
group_12224,0.01346645216332476
group_12225,0.01292293793225796
group_12226,0.002194116782027855
group_12245,0.0011010171909651145
group_1228,0.0026625464472067595
group_1230,0.019827336164378817
group_12309,0.0157915145189369
group_12312,0.03409505332535123
group_1232,0.019729268478287043
group_12351,0.018223148849756843
group_1237,0.0011530886369506277
group_1240,0.010241548531089162
group_12425,0.009871046308440157
group_12426,0.020203129453793656
group_12428,0.020979992594380326
group_12430,0.044694608992312146
group_12432,0.0002569500790772228
group_12434,0.018970254266204245
group_12435,0.01836787486904856
group_12436,0.01571036405591264
group_12437,0.011071802798207075
group_12438,0.014702403391788188
group_12446,0.035140311795432755
group_1245,0.0202679068352718
group_12451,0.019116676305222402
group_12454,0.031286991966943845
group_12456,0.010881704014617188
group_12457,0.021699243924629963
group_12460,0.009652520863470349
group_12461,0.0014910342396619036
group_12468,0.02819879212478882
group_12471,0.010307323776569621
group_12472,0.03302731390850422
group_12474,0.01318287626875092
group_12475,0.02822641308951024
group_12476,0.0357453576487714
group_12479,0.044334009023753396
group_12481,0.022141352200390818
group_12493,0.007059538755392891
group_12498,0.035280555987432294
group_12499,0.010580983366450747
group_12500,0.0480672213873119
group_12501,0.03347711868621128
group_12503,0.015534388752646233
group_12506,0.04612458097725791
group_12508,0.03404230084507964
group_12509,0.014884187516905456
group_12510,0.006582498257986069
group_12511,0.024716008639341203
group_12512,0.04440903981940214
group_12514,0.024411481546431357
group_12515,0.0011586790357958066
group_12516,0.019717976719330066
group_12517,0.00611873161688159
group_12518,0.029330063546284535
group_1252,0.03511957557306733
group_12521,0.030670584871530737
group_12522,0.02061884578091555
group_12524,0.020682140412617844
group_12525,0.029318231635267145
group_12526,0.010802833817425306
group_12527,0.038970606868090396
group_12529,0.04327867151220377
group_12531,0.025741348306676626
group_12533,0.011940601910386706
group_12535,0.004756789456717092
group_12537,0.01019812823188837
group_12538,0.02212393803567836
group_1254,0.004045755751793223
group_12541,0.026532337963426578
group_12544,0.020252054544650067
group_12547,0.02959865103483117
group_12549,0.027933282006936677
group_12550,0.0233054788302538
group_12551,0.030970799479281164
group_12552,0.03572572434622212
group_12555,0.00441049258172721
group_12556,0.01284349229902082
group_12558,0.0010696020118921012
group_1256,0.04893328161183996
group_12560,0.045926055244108976
group_12561,0.021946305111249842
group_12563,0.0278934287848025
group_12565,0.003652666153000972
group_12567,0.014188104860553219
group_12568,0.029882393655640938
group_1257,0.012089938084641982
group_12572,0.0230224315830434
group_12573,0.0189117451595342
group_12574,0.0190267749588815
group_12577,0.045545983799898604
group_12578,0.05117125656487809
group_12579,0.01018554829688112
group_12580,0.03410511059100907
group_12581,0.01474101427293295
group_12582,0.002486571887589717
group_12583,0.047306556955567736
group_12585,0.015592965557674754
group_12586,0.011077524533860572
group_12589,0.01679970241612705
group_1263,0.00978548487480535
group_1264,0.0052276865162086406
group_1267,0.01694027158299316
group_12725,0.03137761714679099
group_12726,0.03681767380884393
group_12729,0.003469744865191693
group_12730,0.0028197236538909376
group_1274,0.02571656930773103
group_12753,0.024006598767642107
group_12811,0.011127085471811515
group_12813,0.012483860982159145
group_1288,0.02680563451233109
group_129,0.018009106273188413
group_12923,0.014880313251320443
group_12924,0.015901641436599556
group_12931,0.018112370530056765
group_12932,0.0006304690868519369
group_12940,0.02782505689871151
group_12945,0.002449363345828681
group_12950,0.008198798906873028
group_12958,0.0009312079325609623
group_12969,0.020791060684470786
group_12972,0.0009400359454625473
group_130,0.03249151430693553
group_13007,0.008866472486970478
group_13031,0.009953577580005701
group_131,0.0009455718216704323
group_1311,0.006900043916671983
group_13120,0.003009854563142733
group_1315,0.04172342491382808
group_13160,0.012289689912224233
group_13165,0.01892435921493396
group_13259,0.025964375360017833
group_13263,0.03389099819886865
group_13268,0.02361923354710327
group_13275,0.00844624889974055
group_13276,0.037665144429885666
group_13277,0.0017760674511957397
group_13278,0.03778851220330748
group_1329,0.013986726785072845
group_133,0.0015774512902579918
group_1334,0.014874486310666457
group_1337,0.02828631232230805
group_134,0.015896769639466957
group_1340,0.056521502220890474
group_1343,0.054638557948465394
group_1351,0.008181996293329385
group_1356,0.008259904654153605
group_1364,0.018525788052599523
group_137,0.008075636258252361
group_13708,0.06308989106884111
group_13769,0.015989802048002044
group_13772,0.0406812612770826
group_1382,0.009475706277287
group_1384,0.05263325328533508
group_1389,0.010101060483268975
group_1406,0.030744910031215822
group_1407,0.004709401638273603
group_1414,0.00821016110256867
group_1417,0.041159484973465554
group_1428,0.0072223850740438245
group_143,0.01269177142428557
group_1432,0.027155391413842933
group_14336,0.00918120075485529
group_14339,0.04826733359622959
group_144,0.00348781284661559
group_1442,0.016047353683964927
group_1452,0.003250299438202431
group_14541,0.017566716994123155
group_1460,0.0060368835755555406
group_1466,0.016842004213865724
group_1467,0.00295287009559142
group_1469,0.05657333596147507
group_147,0.02272295996871221
group_1471,0.011640613372109199
group_1485,0.02725126572166281
group_1490,0.020083774081054218
group_1492,0.006197185449047682
group_1509,0.013463556811801336
group_151,0.002120093369096354
group_15113,0.009878551604955765
group_1513,0.02135127214081267
group_1516,0.04040679817820436
group_1519,0.010076611069817831
group_152,0.033116430494565696
group_153,0.04946377320018103
group_1530,0.029331554773665225
group_1538,0.024069604119657306
group_1542,0.019195072587659734
group_1543,0.03065368898929166
group_15437,0.015053343999707591
group_15438,0.019630527395628095
group_15440,0.00469992450677692
group_1546,0.02480529635229467
group_15464,0.03964508513930998
group_15471,0.01807642411036392
group_15473,0.021640732657001394
group_15474,0.014118416740951156
group_15476,0.0065472749718937795
group_15477,0.038098743091543374
group_15481,0.01828714567038836
group_15487,0.013739608249946578
group_15489,0.01924492917398113
group_15494,0.03410228837960916
group_15509,0.0016282535888736405
group_15514,0.014106406800224347
group_15519,0.05232744125343802
group_15520,0.0025030265868644097
group_15521,0.001251390126470353
group_15522,0.02987004476389865
group_15523,0.05890091185444368
group_15534,0.011800646318709695
group_15537,0.03266029494049083
group_15539,0.0438923393000219
group_15541,0.013843196939254954
group_15542,0.021239234936107465
group_15544,0.018934713817940763
group_15546,0.042248506005280406
group_15547,0.007123102177049034
group_15549,0.003339562759449688
group_15550,0.008189244645791405
group_15558,0.011692558695125976
group_15562,0.007155386559998256
group_15567,0.0076389661168976275
group_15568,0.022795618697175613
group_15571,0.01305024330396276
group_15575,0.039471387485979115
group_15576,0.050926822184794496
group_1558,0.002970939030636499
group_15594,0.0076470028866451045
group_15601,0.0252125756774646
group_1561,0.026906134116276625
group_15617,0.0012725607014325568
group_15621,0.007791506024077632
group_15623,0.024338017235500553
group_1563,0.014252939380565266
group_15661,0.019087463308775865
group_15667,0.004544781505401607
group_1567,0.013557226703003078
group_15671,0.008676958448168959
group_15672,0.03983981573118922
group_15683,0.01843069517480167
group_15692,0.02217818905734248
group_15695,0.04065440089044947
group_15697,0.009877177611744115
group_15703,0.01805478685591999
group_15706,0.0068582295418637695
group_15707,0.017382575674811607
group_15719,0.02911777865986509
group_15748,0.030431372495039355
group_15749,0.0062978885155187125
group_1575,0.04335525957131647
group_15750,0.004057956189296386
group_15752,0.02141276303733397
group_15757,0.0065321469347223715
group_15758,0.043305929838851176
group_1576,0.015920438282100546
group_15762,0.005560915744549977
group_1577,0.02674804780235429
group_15773,0.02490996734920259
group_15775,0.04668557844496002
group_15780,0.003180333552358805
group_15782,0.05898289481827601
group_15789,0.015562367675737043
group_15793,0.025640093784672136
group_15794,0.021044690851543146
group_15795,0.012135650994258285
group_15796,0.004235168059331995
group_15798,0.004574614408138666
group_1580,0.016117356927264126
group_15800,0.05879134960125709
group_15804,0.010050227931238664
group_15805,0.0022755942146495123
group_15806,0.000986577998114413
group_15813,0.02062289325561073
group_15824,0.012592179344041554
group_15826,0.0378335161524086
group_15829,0.01575141000448621
group_15830,0.053907423841567326
group_15851,0.01159364964389864
group_15854,0.011512420677725066
group_15862,0.027507770808724352
group_15866,0.03485930744110877
group_15869,0.005330830713039303
group_15875,0.005575160947186131
group_15876,0.0510323033597595
group_15878,0.020991702993056416
group_1588,0.0002493813356729824
group_159,0.04848188387548946
group_15902,0.03000284064472325
group_1591,0.0176965539239764
group_15912,0.0034674579065130384
group_15915,0.022415287894237856
group_15917,0.0214489005749694
group_15925,0.013599129510869723
group_15928,0.025068572039375292
group_15931,0.02769127945721861
group_15936,0.0033551135132894316
group_15937,0.007957972043482364
group_15938,0.013211567310680294
group_15943,0.03577309155244879
group_15944,0.034770441736168944
group_15953,0.01984766712396957
group_15954,0.002722852263756348
group_1596,0.026886166941312073
group_15960,0.02899750970049242
group_15961,0.009529217752566987
group_15967,0.004963919959163343
group_15969,0.005762962509733294
group_15974,0.025323324076204745
group_15984,0.018423288153765593
group_15989,0.011246616669558618
group_15990,0.013589725440756872
group_15995,0.010580087566165908
group_1600,0.012853357405627097
group_16000,0.04564419298938227
group_1601,0.029357646016660466
group_16010,0.027668071019941065
group_1602,0.04835127485364632
group_16028,0.01629361963797038
group_1606,0.007197508954463139
group_1607,0.03638982037691685
group_1608,0.0011961492197261059
group_1609,0.006439262634937215
group_161,0.017808424402445677
group_1616,0.012490383086440904
group_1627,0.020313257202594137
group_1634,0.00978169130832307
group_1636,0.02249729290641045
group_1641,0.006666827822967347
group_1643,0.012568783979505893
group_1644,0.011303456186682936
group_1645,0.0040468578404717626
group_165,0.03918130677478904
group_1651,0.003409414569447433
group_1652,0.004744361287466026
group_1655,0.008059760529545379
group_1657,0.0030136694854911994
group_1659,0.0011471325374876606
group_1660,0.016483962266085284
group_1664,0.03224221419265083
group_1671,0.03814544115883445
group_1673,0.0287861516989103
group_1675,0.038924323964194096
group_1678,0.027438571354384766
group_1679,0.014191092424624685
group_1705,0.010016293459860437
group_1708,0.015794218875001764
group_1721,0.012011560204489902
group_173,0.04215988477732746
group_1744,0.02385109828383314
group_1752,0.011670609344075933
group_1753,0.019281182239765604
group_1757,0.011755469131208063
group_176,0.02598722229611128
group_1761,0.03446503945519108
group_1762,0.013861138377766702
group_177,0.041442671956349875
group_1771,0.04496659662171765
group_1787,0.003011520994364858
group_1789,0.01946562583950806
group_1793,0.008966926457078417
group_1794,0.01464179300261681
group_1796,0.009588147581174322
group_18,0.016482450647754776
group_180,0.029389861747630475
group_1804,0.002131918587267023
group_1810,0.008054447896941541
group_1818,0.034457728933623866
group_1819,0.020388582719695014
group_1820,0.038170488825250315
group_1822,0.005452138760847713
group_1825,0.008848943957701083
group_183,0.034355949010067555
group_1831,0.031558104119570274
group_1836,0.021981908647244586
group_1837,0.033386900011471266
group_1845,0.009982594427939473
group_1849,0.010501480804650631
group_1851,0.03700362924818368
group_1852,0.006221550086447314
group_1854,0.028073751437270644
group_1859,0.006797365988128634
group_1864,0.009022250477599414
group_1865,0.0068587438499139175
group_1869,0.01654974305211443
group_187,0.01274825488199105
group_1874,0.007364495170329111
group_1878,0.023335524218134562
group_1884,0.04314193904349595
group_1889,0.013853772531713604
group_19,0.016262724418683927
group_1901,0.017098054776597538
group_1902,0.004819800679189745
group_193,0.0018847045443315391
group_1931,0.011048825872166601
group_1936,0.005882673320726006
group_1937,0.0035790096917673875
group_194,0.006969873119722747
group_1940,0.043882277003793435
group_1942,0.002045627248445925
group_1943,0.01703255231053169
group_1944,0.014800945911260355
group_1945,0.000435971467262819
group_1947,0.004094330767422383
group_1948,0.05398188098592982
group_1956,0.02114081675484525
group_1958,0.023609649653772546
group_1962,0.025538983049501418
group_1973,0.00816863696106851
group_1977,0.008585421256476211
group_198,0.0016563562290081713
group_199,0.011381803388248235
group_1991,0.019048817896043957
group_1993,0.009834298505712713
group_1995,0.06636476087509946
group_200,0.030101460626235532
group_2000,0.02515044791944221
group_2002,0.008019417601039303
group_201,0.015568471551494767
group_2010,0.012984409257672302
group_202,0.02061386235190077
group_2026,0.014203432991955367
group_2027,0.0027589735548354533
group_203,0.03286480386819379
group_2034,0.05043046970269871
group_2037,0.013390246970011566
group_204,0.042898637757904146
group_2041,0.028622614004869762
group_2046,0.02730134435870557
group_2049,0.03789222074268128
group_205,0.010677198533948884
group_2052,0.03640540786704638
group_2055,0.01232047808096648
group_2057,0.03521617987926784
group_2059,0.008812792710666928
group_206,0.03597446576095109
group_2070,0.02123015458978017
group_2078,0.024902744849498948
group_208,0.01818304329419651
group_2086,0.04084287462777181
group_2087,0.01841592394069891
group_2096,0.0027053579336189237
group_2098,0.0012880246844899634
group_2099,0.03537309553127144
group_2103,0.02281975161336569
group_2105,0.009184772652520934
group_2106,0.06022605462707231
group_2107,0.0033206184701088937
group_2110,0.009490712889605568
group_2112,0.024592924695092666
group_212,0.01209475303195151
group_2123,0.005185137415614882
group_2124,0.010721110866707573
group_213,0.0027353517008836814
group_2134,0.00813937571488732
group_2136,0.005417002744221744
group_214,0.042498133911551106
group_2144,0.0450252749480371
group_2154,0.05098609760048545
group_2155,0.017037527501202687
group_2156,0.02447153262363022
group_2173,0.009871297600756668
group_2177,0.0056027555521738215
group_2183,0.039339187089028727
group_2190,0.002870347091659564
group_2192,0.006791886629288646
group_2196,0.012193444823766608
group_2198,0.007497576827027785
group_2199,0.010561970923812947
group_2203,0.04032736322727448
group_2206,0.03299478272138212
group_2210,0.0006512830599680886
group_2212,0.03153231482455099
group_2213,0.014801820507452268
group_2218,0.006059981060315911
group_2219,0.011658235697462382
group_222,0.008500754249561648
group_2246,0.04195835797193115
group_2251,0.023961450489280223
group_226,0.022854923745114997
group_2261,0.027115102054352747
group_2264,0.02354291677135767
group_2267,0.016138641368100615
group_2268,0.05794813064906412
group_2283,0.027252953566950122
group_2285,0.014888895413670333
group_2288,0.029671846678291258
group_2308,0.0007019650098352148
group_2314,0.012451490659564968
group_2315,0.0034998347119821194
group_2318,0.03123667413415787
group_232,0.023213330087392237
group_2323,0.018892410567898255
group_2329,0.018976901207378827
group_2331,0.02237073807881229
group_2333,0.025256096666818495
group_2338,0.04229362989193586
group_235,0.013031350588907253
group_2360,0.0005810884887551548
group_2361,0.014509979539666151
group_2367,0.0435472943140256
group_2371,0.0010794529891566818
group_2377,0.021452187891063623
group_2378,0.014301239123366338
group_238,0.059761837920493166
group_2380,0.026665190514812753
group_2381,0.05637507868582459
group_2382,0.00039415729367764385
group_2384,0.0130579813627969
group_2386,0.014242963233953354
group_2387,0.01078156936763941
group_239,0.009069196629433396
group_2391,0.02697149401113763
group_2397,0.03945254093843942
group_2398,0.02463364891461106
group_24,0.015365855955624008
group_2401,0.015030490370767868
group_2402,0.01586979693550039
group_2406,0.029690528704297225
group_2407,0.03977945876029709
group_2414,0.01150524862370994
group_242,0.0014937648596804465
group_2424,0.002406695558761607
group_2429,0.035610745412506084
group_243,0.0035157972114714386
group_2434,0.007703797189875239
group_2438,0.012733415835795014
group_2442,0.015511388178549579
group_2445,0.06068695260054957
group_2452,0.008094555779687651
group_2454,0.014106302243093172
group_2455,0.01041513839022623
group_2456,0.01984495063329339
group_2458,0.014160363931574382
group_2468,0.026134537851972395
group_247,0.008488642577572314
group_2476,0.010515827528577937
group_2478,0.03676910195153815
group_248,0.007436760481917659
group_2481,0.00253665463087116
group_2482,0.012320404275932617
group_2487,0.013067631703404414
group_2488,0.007111772107015524
group_249,0.018900040622566783
group_2492,0.01599281525486096
group_25,0.005272394580265072
group_250,0.0008753312054252671
group_2510,0.06465081234343195
group_2518,0.008408806143356928
group_252,0.0010641141754470507
group_2521,0.033366225958210594
group_2522,0.005148510504062731
group_2527,0.051894687765694725
group_2528,0.0024233043509782615
group_2529,0.014477912416129168
group_2540,0.003217335473271188
group_2542,0.007566437378381252
group_2547,0.013503835576471834
group_2548,0.04291789405636237
group_2549,0.004321672711848246
group_2550,0.025270915520741122
group_2559,0.04680294137050178
group_256,0.01836285330089038
group_2573,0.005012253612385109
group_2584,0.004341855895143798
group_2585,0.0174007209083038
group_2586,0.017847501053195103
group_2587,0.021103861710102922
group_259,0.008109012799971005
group_2594,0.011128636873566355
group_2595,8.86970430273859e-05
group_2597,0.04202804388683101
group_2599,0.019876796175501532
group_260,0.008634101327918753
group_2604,0.011305018270745704
group_2609,0.004496582662725679
group_2613,0.003913824433507518
group_2614,0.004021484368051498
group_2618,0.006123737682132813
group_2619,0.02978413654887757
group_2620,0.012061036143691695
group_2621,0.01383589709999522
group_2637,0.007395839702691642
group_2640,0.01240233123160217
group_2644,0.019644871503658345
group_2645,0.03722032614632287
group_2647,0.015254031522186962
group_2648,0.012586258318592503
group_265,0.03769257147749938
group_2651,0.023091068059655218
group_2653,0.021915049843083123
group_2668,0.012605904586891148
group_2674,0.03503391784993504
group_2677,0.01650405944229205
group_268,0.023133649075939067
group_2686,0.005556046773285805
group_2689,0.019172685848173554
group_2690,0.007776303321445077
group_2694,0.037950998805532654
group_2697,0.013286819355202706
group_2698,0.015984936733743904
group_2699,0.006572271860166623
group_27,0.0025610190582987524
group_2700,0.015909980574266847
group_2706,0.031918748549625064
group_2708,0.011893384475185842
group_2710,0.028394865634076227
group_2713,0.002023075444999023
group_2715,0.015913975521055557
group_2718,0.044484677844303544
group_272,0.005328618008627162
group_2720,0.030248744887572565
group_2723,0.02943638539276816
group_2728,0.044221867261917014
group_273,0.001955423324213834
group_2735,0.020967544854022302
group_2739,0.008307272691518097
group_2746,0.02719723654074846
group_275,0.013567527824482006
group_2750,0.0005977837192998603
group_2760,0.05490599971797505
group_2765,0.005685720222715185
group_2767,0.0014032635980993913
group_2770,0.018910402250875036
group_2781,0.024182508865963515
group_2785,0.02353883904324716
group_279,0.0067675618865019604
group_2790,0.019826625707815904
group_2792,0.00658568583754815
group_2796,0.02287442285828467
group_2801,0.0028423540392266133
group_2802,0.018931495153825972
group_2804,0.037714829679343476
group_2810,0.0175815293651711
group_2818,0.015162733365716052
group_2822,0.020901287061289908
group_2825,0.058621708862596655
group_2826,0.024731081401477395
group_2828,0.04770390493682575
group_2829,0.00963519346954067
group_283,0.0041816588582122005
group_2833,0.004632117794367119
group_284,0.010674112685649106
group_2849,0.0010164502530376485
group_2852,0.008623176520660136
group_2857,0.014940077542245467
group_2859,0.0008757333098765585
group_2865,0.02943511520428932
group_2867,0.03603134118322737
group_287,0.027102826481995912
group_2871,0.00919799771666252
group_2872,0.028772310927911215
group_2873,0.025720373049089362
group_2878,0.01868365278519346
group_2879,0.07388730252816678
group_2885,0.00624611025119326
group_2913,0.007821175495839938
group_2916,0.005631910036522081
group_2917,0.03504369955405395
group_2919,0.028433541833900566
group_2924,0.060500179654102704
group_2927,0.017136466805844464
group_293,0.055474694040619
group_2931,0.03187620302729832
group_2932,0.03589690980254012
group_2933,0.001815116963109542
group_2945,0.0016753382082594914
group_2950,0.007210502297395172
group_2952,0.0016449205607338424
group_2953,0.035832963226373415
group_2954,0.017071804453833384
group_2966,0.04558721970282131
group_2967,0.01276461100832682
group_298,0.02547247257955254
group_2986,0.01832919803930877
group_2990,0.034205245447958665
group_2991,0.03387004176873942
group_3,0.009164740071388566
group_30,0.05238143188401456
group_3002,0.008778960994163532
group_3006,0.014513382716365486
group_3007,0.019505889643698815
group_301,0.03191716020160906
group_3017,0.0236162361318617
group_302,0.032636756287803825
group_3026,0.00843381225288442
group_3033,0.010673787710782534
group_3035,0.06714241808470822
group_304,0.02066286233835002
group_3042,0.011403130217110702
group_3047,0.009136522944213743
group_3057,0.005335683481491271
group_3060,0.027178629360885775
group_3065,0.014542788703001408
group_3067,0.012096482463416214
group_3068,0.015409199956378128
group_3070,0.014655295001862134
group_3071,0.0019503121594044437
group_3074,0.01351195994814014
group_3075,0.002837086209322548
group_308,0.008033908864198525
group_3082,0.03233193834041992
group_3083,0.019233600267539952
group_3090,0.039088669987831004
group_3092,0.020276611341101036
group_3095,0.01780752577629241
group_31,0.02273418890194656
group_3100,0.009334655881654275
group_3104,0.00485082222266775
group_3113,0.029616270656799726
group_312,0.023555086124308122
group_3126,0.01945944849117187
group_313,0.05427698526000868
group_3130,0.018954229265154776
group_3131,0.0067170713520370295
group_3139,0.013370855861007502
group_314,0.001536395910457733
group_3141,0.03616547889232136
group_3144,0.012635946726373692
group_3145,0.0008004862959249959
group_3153,0.022363157113764798
group_316,0.005840910852658476
group_3161,0.03003550801595578
group_3164,0.007891371230646094
group_3167,0.028322501329605343
group_3169,0.0440235910415947
group_3177,0.030009577515003993
group_318,9.553647570847978e-05
group_3180,0.020390361022060377
group_3181,0.004935372205384869
group_3186,0.008699124559948146
group_3189,0.0013015476284070626
group_3195,0.01455100100904505
group_32,0.02703038596656615
group_3206,0.018488427246399652
group_3214,0.03399853740262593
group_3217,0.007639391991889344
group_322,0.030920113041269737
group_3227,0.024216366636448994
group_3243,0.028493931472881373
group_3251,0.02579814909278122
group_3257,0.028588240342798166
group_326,0.016348560503981036
group_3267,0.014924133992697097
group_3272,0.047576131835781243
group_3294,0.006305051671985362
group_3304,0.05353406841874642
group_3318,0.016173571927471153
group_3327,0.03547422509389997
group_3329,0.01564610946008993
group_3332,0.015745243128485686
group_3333,0.04095300558434567
group_3335,0.004136426565478413
group_3337,0.014631475757065138
group_3352,0.01202344810442657
group_3356,0.013268624419672026
group_3357,0.018741453841225608
group_3361,0.03523397279783502
group_3362,0.0001930854530944881
group_3366,0.0371570888631263
group_3371,0.0001711700124655824
group_3375,0.0156054339102496
group_338,0.005607066375057812
group_3386,0.017597656386194593
group_3391,0.012127496369175761
group_3395,0.01414838341312441
group_3398,0.011492910882247909
group_340,0.004216466462218849
group_3403,0.038264246318372885
group_3404,0.002671485080170344
group_3408,0.013072805868456605
group_3410,0.038253674458540665
group_3415,0.01668852365425133
group_3418,0.015806132736202905
group_342,0.013913682574913544
group_3421,0.0019613443496628857
group_3422,0.04563876449617377
group_3423,0.008190422201779013
group_3426,0.013674059616365586
group_3427,0.01642879987378576
group_3432,0.005146418740276104
group_3438,0.0010261316781976504
group_3441,0.027213943074766878
group_3442,0.065705198368466
group_3444,0.013007879616168339
group_3448,0.008499116409478757
group_3449,0.04731553755816931
group_3458,0.01054902279477532
group_3459,1.3851092417693778e-05
group_346,0.0015678791203443954
group_3460,0.014592597258308304
group_3463,0.007463654061569125
group_3466,0.03260754811195632
group_3467,0.023751536506453785
group_347,0.0014306680387661252
group_3473,0.02724085498319284
group_3474,0.010086685290686015
group_3490,0.024726301195726608
group_3492,0.006856189264874191
group_3493,0.03410500969088437
group_3494,0.040070560563603363
group_3498,0.023275973107085735
group_3506,0.008814036836415573
group_351,0.010259704735599673
group_3510,0.002436858878130721
group_3512,0.012375367416435523
group_3513,0.009683250187658476
group_3517,0.000173677388880078
group_3520,0.008785000207402804
group_3522,0.023062783111638563
group_3523,0.013845085249265088
group_3524,0.023774180189993555
group_3527,0.011263611442154042
group_3528,0.02692214024612416
group_3529,0.006457182297639585
group_3531,0.002995680339671569
group_3535,0.04645319357651001
group_3536,0.021361574635855973
group_354,0.035530377715030426
group_3540,0.01385092485820838
group_3541,0.006602850162247931
group_3546,0.01492313542878887
group_3547,0.03216398118941499
group_355,0.04229873697979558
group_3552,0.002449924031366013
group_3555,0.01335386956601714
group_3556,0.028746718440609387
group_3561,0.015023033735181102
group_3563,0.037272393553264394
group_3565,0.006556760248541238
group_3568,0.029731040476253634
group_357,0.010411563246748967
group_3572,0.0052044296192248485
group_3573,0.03459158101128801
group_3576,0.04060139807148255
group_3577,0.015194767409970167
group_3578,0.016209672195138802
group_3585,0.04112198004797696
group_359,0.02934853541691873
group_3600,0.0049195199147631374
group_3605,0.026485337288954858
group_3613,0.024519217569450635
group_3618,0.01098520322975749
group_3619,0.0024538988646205517
group_3627,0.02722746810090282
group_3629,0.020124267944178653
group_3634,0.029280364998622632
group_3637,0.02362043537231351
group_3639,0.00746821584431423
group_364,0.0023419096996784017
group_3643,0.05470212536833108
group_3644,0.013813225778937621
group_3650,0.00670298763509436
group_3654,0.003478236599752993
group_3661,0.018491829591960718
group_3666,0.0013685449788594095
group_3677,0.002104992050816268
group_3681,0.04428601164887214
group_3689,0.01320750957362038
group_3693,0.0012900508321371795
group_3700,0.02735445655540225
group_3703,0.023629677746761057
group_3707,0.013262285585642353
group_371,0.011544904454999116
group_3715,0.01978437332340488
group_3716,0.01713524603069283
group_3717,0.012420009654380726
group_3719,0.0057263505586608865
group_3724,0.0083896693625094
group_3729,0.025685846256445988
group_3731,0.03173005779215132
group_3732,0.014562038518585174
group_374,0.02005812496835513
group_3741,0.05098289851622684
group_3744,0.023464320893372914
group_375,0.018326508976178824
group_3756,0.003892712370643814
group_3757,0.030240872018192366
group_3776,0.0029585163906389322
group_3777,0.03710884563769401
group_3778,0.011238509463072477
group_378,0.0009707946919275123
group_3781,0.031602162855059346
group_3783,0.010050665319675245
group_3784,0.014037215412295634
group_3787,0.007274021336294734
group_3793,0.04421027554971424
group_380,0.01780710189603152
group_382,0.02975809783378902
group_3821,0.05332218765821217
group_3829,0.002197947828449287
group_3831,0.02014898016339206
group_3833,0.010736510685928957
group_3837,0.005379324609622316
group_3838,0.01986802950056754
group_3840,0.017283999743601397
group_3843,0.005768522987618985
group_3845,0.014349463153688014
group_3846,0.02494065628009512
group_3851,0.018108119050408877
group_3858,0.0031980404437927934
group_3859,0.019076685446673958
group_386,0.058954166331403046
group_3861,0.04509693531381509
group_3867,0.0513483658574756
group_3868,0.005602645343306234
group_3870,0.00022191496257573107
group_3876,0.015914012829060686
group_3887,0.007903642603570127
group_3888,0.06692604134083657
group_389,0.007526298743537829
group_3890,0.03759325395572377
group_39,0.018305457918827317
group_3901,0.015021564082386973
group_3905,0.0011510548428359524
group_3906,0.030024958716739603
group_3909,0.00973335848623913
group_3911,0.020787579214594176
group_393,0.021560985486982043
group_3933,0.036511654867386945
group_3935,0.02007178392140596
group_3937,0.005456923787197754
group_3944,0.02537965809533982
group_3953,0.01983512026824541
group_3957,0.013647672278353395
group_3958,0.005451280527990265
group_3959,0.016017942045591926
group_396,0.0039057500963328717
group_3965,0.019222014207074256
group_397,0.010007204294723904
group_3970,0.06246010390646739
group_3974,0.08159267720218755
group_3975,0.039890958297606804
group_3976,0.037923291165808726
group_3979,0.02329053680171378
group_3981,0.023036995487643486
group_3986,0.022079925467704875
group_3989,0.010206950593053099
group_40,0.029156834155970923
group_4006,0.020102588712903158
group_4009,0.005573442819195362
group_4014,0.010740763617880678
group_4016,0.043978053330550715
group_4018,0.002448105834387926
group_402,0.008209243858929627
group_4021,0.00980494903644491
group_4025,0.024203864163481636
group_4027,0.010940642941996037
group_4030,0.003911007042706638
group_4037,0.016680614669747795
group_4049,0.020563096217857568
group_4051,0.0005221128250871843
group_4054,0.005990201891758806
group_4055,0.008029467220229902
group_4062,0.011397015037879488
group_4063,0.0028891760628222407
group_4067,0.025140670414756316
group_407,0.008603043371858021
group_4070,0.02440650498219643
group_4071,0.01936899044875484
group_4073,0.006396544813376703
group_4075,0.020659651320702688
group_4076,0.014824026773265553
group_408,0.020632049069247538
group_4080,0.008912120322873696
group_4081,0.02633702441151753
group_4084,0.008489933168295938
group_4085,0.016346194088532107
group_4089,0.022011717149526655
group_4091,0.020982880631891687
group_4094,0.0013790882938833349
group_4097,0.06851542193614724
group_4099,0.005484769894473329
group_4102,0.020101605310697934
group_4104,0.018895309908882885
group_4114,0.016076023282539875
group_4121,0.030475249255101255
group_4122,0.021660006741808013
group_413,0.012415353454384714
group_4130,0.0389695624603732
group_4136,0.012246945826710487
group_4141,0.009524190532671728
group_4146,0.043977026709181244
group_4148,0.01904447358268202
group_4154,0.021297834138111593
group_4172,0.02300021190224788
group_4173,0.007704743855791785
group_4194,0.0090568514514755
group_4197,0.04746607461120789
group_42,0.04036167304921667
group_421,0.016575288902507923
group_4210,0.015192587003153069
group_4213,0.002719601141524697
group_4215,0.01978733525343812
group_422,0.021138184707766072
group_4220,0.011637332538889433
group_4226,0.010292055277115297
group_4229,0.013371731880213567
group_4233,0.009389339261184793
group_4236,0.006389928394167743
group_4249,0.001727242546104124
group_4252,0.049685055182212556
group_4253,0.009792368270299612
group_4254,0.024392148739554642
group_4259,0.018890284683718894
group_4261,0.06291669359421781
group_4280,0.023345822301186647
group_4293,0.004040234004927257
group_4299,0.026156118799020023
group_43,0.017589526152817614
group_4314,0.015178518666633556
group_4315,0.028194301819891132
group_4316,0.05723674352138808
group_4327,0.018837503944763467
group_433,0.02077132764538958
group_4335,0.012627036430833627
group_434,0.030763815423309193
group_4341,0.012768912399984345
group_4347,0.0017319912180695507
group_4362,0.017183121062094964
group_4373,0.02445286052753337
group_4375,0.022701992025137452
group_4379,0.029499290885768303
group_4384,0.027587570917844806
group_4388,0.003037768491260362
group_4389,0.03403735274950015
group_439,0.020347201533890802
group_4399,0.03247027307651407
group_44,0.014695148223996313
group_440,0.005294430702097674
group_4404,0.021670708305462805
group_4405,0.0017052503577954514
group_4406,0.03180200962834023
group_4409,0.0017821899444394607
group_441,0.04463450056660734
group_4412,0.014272214789486704
group_4426,0.0039345521782681026
group_4435,0.0079967723427119
group_4443,0.03377516323699714
group_4444,0.0369334413698168
group_4446,0.03220179496569764
group_4451,0.0013665555675015373
group_4452,0.003315709604231998
group_4462,0.03993638695810686
group_4466,0.012944361671784144
group_447,0.024626546877390743
group_4472,0.009931764911749186
group_448,0.0009327452049743279
group_4480,0.028783102586899645
group_4483,0.04053714314320467
group_4484,0.04055798757970752
group_4498,0.0053090989538568945
group_45,0.026908296316801916
group_4504,0.014867949665847924
group_4507,0.011336959682508363
group_4510,0.03526124682861176
group_4511,0.0378866876923416
group_4513,0.0068837047455467815
group_4516,0.017009482673260967
group_4518,0.053478145340825956
group_4519,0.0060376490621874
group_4521,0.030004693793231674
group_4522,0.017589733272348917
group_4524,0.011551337706278808
group_4527,0.002804928238053339
group_4531,0.002276338249178389
group_4536,0.0017854455548149684
group_4538,0.032154996178964
group_4541,0.015821205087144463
group_4547,0.013689584498881135
group_4551,0.0050503971841333595
group_4553,0.04265562164005399
group_4554,0.02183863836137645
group_4559,0.023625836228004182
group_4563,0.026836079254947798
group_4567,0.018053404586325872
group_4575,0.003870489741496508
group_4579,0.06737236381752898
group_4582,0.008748732679821014
group_4583,0.03433056119833355
group_4596,0.01630838563153092
group_46,0.01586496648528457
group_4605,0.01641272654426218
group_4606,0.00421663518318538
group_4609,0.00920456420370086
group_4612,0.007526473116241439
group_4614,0.03981521571557489
group_4620,0.01774748654499403
group_4636,0.03261908895852761
group_464,0.04186799717263301
group_4645,0.019787651330755995
group_4649,0.0006635069355560574
group_4652,0.003283617380333892
group_466,0.0256389764030589
group_4661,0.05229663301490617
group_4689,0.010741538325767186
group_4695,0.02359855812027778
group_4697,0.007580921948694419
group_47,0.004487470068252897
group_470,0.03285111486295067
group_4706,0.04713811741220342
group_4709,0.0057418871831587115
group_4710,0.013299899678889338
group_4720,0.009362620675402944
group_473,0.03724262748859086
group_4735,0.01812419660865494
group_475,0.006536140096751852
group_4751,0.02447806079084347
group_4753,0.007123991162004462
group_4755,0.010677089488673852
group_4757,0.014903327123621413
group_4759,0.027893473998696683
group_476,0.01243615770756401
group_4771,0.060402039841682686
group_4772,0.0023443286430342436
group_478,0.0021285671073374424
group_4780,0.0010261571110135037
group_4781,0.007000438132348741
group_4784,0.007465446493276406
group_4790,0.03581476097683045
group_4798,0.04049760380243517
group_4799,0.0053769940993249055
group_4807,0.03430980885189516
group_4811,0.016637769395398072
group_4816,0.0032764978542256795
group_4818,0.003933941790692064
group_4819,0.007317238382941849
group_482,0.04320327451725525
group_4821,0.04599840312704773
group_4830,0.01376288210214116
group_4832,0.02905389425280358
group_4834,0.002802266270014675
group_484,0.027622316964631022
group_4845,0.010004872743317073
group_4847,0.007861630417973497
group_4848,0.056038493156954194
group_4849,0.024193731430514065
group_4853,0.0005293529099159588
group_4854,0.03134809385209736
group_486,0.029625149202877177
group_4861,0.004569129187590448
group_4862,0.03283561829929327
group_4864,0.04866002358398358
group_4865,0.019578115183158218
group_4866,0.006535843503052696
group_4867,0.010817265527376163
group_487,0.00040518383219900755
group_4877,0.04446126352982649
group_4879,0.008532672433210875
group_488,0.010666462228735352
group_4881,0.013360546261923512
group_4886,0.02293048891860372
group_4888,0.011533108860327657
group_489,0.046684922423546604
group_4896,0.002536949504096553
group_4898,0.0020950551339069534
group_4899,0.004970928112810746
group_490,0.01985494207284022
group_4900,0.004994094582005726
group_4901,0.015161941291424341
group_4903,0.014396018749713857
group_4909,0.03465248291413858
group_4914,0.022754982919464206
group_4915,0.02528885047637819
group_4927,0.017449386517949472
group_4928,0.006053201802009189
group_493,0.026974046628149395
group_4935,0.03589197018456569
group_4936,0.006204317940905257
group_4939,0.0002818346762631929
group_4940,0.017460620508457536
group_4942,0.010448404924299659
group_495,0.03828507925017921
group_4954,0.012104364230344444
group_4956,0.027684970124205233
group_496,0.0003140156656742388
group_4962,0.011524591692950947
group_4968,0.004684622429356411
group_497,0.025460896991422288
group_4971,0.029205960215939353
group_4973,0.0037741191599849344
group_4978,0.023767737419998936
group_498,0.01606623414192554
group_4980,0.03886440823996784
group_4981,0.03453902833653566
group_499,0.029955764502942683
group_4990,0.02308692616770891
group_4999,0.006454090797602952
group_5,0.017731167154947602
group_50,0.071164975103851
group_500,0.05323832602379319
group_5004,0.028202803195650494
group_5005,0.041489294901035034
group_5006,0.009356268954363811
group_5008,0.028221751474452494
group_5011,0.002016529310755244
group_5015,0.060817541024427824
group_5017,0.05411412314974018
group_5019,0.03806339410242621
group_502,0.020585444847490697
group_5022,0.005279501521184171
group_503,6.271684003711364e-05
group_5030,0.006972292894216192
group_5036,0.03735205034507727
group_5037,0.034804415157287716
group_5039,0.032695593282697555
group_5041,0.00427015347379478
group_5046,0.012679744528348191
group_505,0.010380332580260276
group_5051,0.011090938747916779
group_5059,0.059323712334425904
group_506,0.041330785459250174
group_5062,0.011241490544269483
group_5064,0.028863044243156333
group_507,0.02054310768702683
group_5071,0.020654442414091978
group_5075,0.01721663868726231
group_5086,0.02848627336950016
group_5087,0.038885934874349326
group_5088,0.001961456553261298
group_5090,0.004767703380445409
group_5092,0.014536227036561877
group_5094,0.009763168572057168
group_5097,0.00792395128866863
group_5099,0.005804485198929399
group_51,0.015470933877582471
group_5101,0.04611236674286823
group_5104,0.015194569599181529
group_5108,0.00986370562923855
group_5109,0.017142887178863697
group_5110,0.007370849717237338
group_5112,0.001022274367823206
group_5118,0.0277934439088503
group_512,0.0014265487537676869
group_5124,0.042491726504281235
group_513,0.0015806312233526132
group_5131,0.017305277701563426
group_5134,0.03643683717546109
group_5135,0.03903790043604283
group_5137,0.004153178313390793
group_5138,0.053467882950367196
group_5140,0.017813770324304423
group_5142,0.00450687207828504
group_5143,0.013901499853768318
group_5144,0.03812075470489229
group_5147,0.00524251688357702
group_5149,0.048679795354084954
group_515,0.024452512945719596
group_5153,0.05185514090094134
group_5154,0.019418773772469144
group_5156,0.031209837071874524
group_5159,0.05317161267074466
group_5166,0.03631645435021458
group_5168,0.03109344050583962
group_5169,0.04720306015510145
group_517,0.0128682808166809
group_5171,0.01365144763854409
group_5174,0.021035371347510656
group_5178,0.015410842415837234
group_5179,0.006922679122606912
group_5180,0.007485041064805742
group_5184,0.04561207321545502
group_5185,0.010912932476403903
group_5191,0.006387699845264994
group_5194,0.0010555009285446726
group_52,0.006010856163940259
group_5200,0.003180299851909707
group_5204,0.002974491645905797
group_5208,0.018979845141091856
group_521,0.011317796637707156
group_5215,0.01785125891574868
group_5216,0.024088318592368818
group_5222,0.0041171637841455055
group_5227,0.0011532759754033783
group_523,0.0031735599457889396
group_5230,0.007237020246519954
group_5231,0.013461703873264286
group_5238,0.04183474318436531
group_5239,0.004383329503468092
group_5241,0.014712835544323122
group_5242,0.0019528130529442578
group_5243,0.029688995211373692
group_5245,0.016658978520698087
group_5247,0.0031044307269652016
group_5249,0.03300063488488014
group_5251,0.009614423336754108
group_5255,0.01640754473274275
group_526,0.013072517629879155
group_5263,0.017437953054377564
group_5264,0.021527666576774962
group_5265,0.04759439060269255
group_5267,0.030762072361185444
group_5268,0.005057484462096307
group_5270,0.004873210003263573
group_5271,0.04085439973217575
group_5273,0.018159948302849616
group_5274,0.01967601257349605
group_5276,0.018666088350772547
group_5277,0.003888888970690285
group_528,0.04323239824950553
group_5280,0.055176238756003304
group_5281,0.024427693343506807
group_5292,0.0588131616483476
group_5296,0.04204227978072406
group_5297,0.026037637162044103
group_5301,0.018122247561302984
group_5304,0.008708574263898816
group_5306,0.015509877170089892
group_531,0.0049379728354563834
group_5310,0.0011825632755662063
group_5319,0.013625695499757562
group_532,0.0030367624821074912
group_5321,0.014028508911735793
group_5325,0.014926029319259682
group_5327,0.012020540075864616
group_5331,0.026159375905443705
group_5335,0.018179076606091638
group_5337,0.008691520148066845
group_534,0.02066112705392542
group_5346,0.026339427230800627
group_5353,0.003888317314134415
group_5358,0.03166533473208788
group_5360,0.00804493037214904
group_5364,0.03972393734018209
group_5367,0.004339886264864479
group_5369,0.006984157884516451
group_537,0.028229045040809364
group_5374,0.030570639557736312
group_5376,0.0041156281740077905
group_5380,0.006933748049154476
group_5381,0.052491381515617386
group_5383,0.0249201291719916
group_5392,0.040086545127612894
group_5393,0.011684027188435309
group_5396,0.0033411076783298466
group_5397,0.029729675669301736
group_5398,0.012780365224691836
group_5399,0.011100365844920246
group_54,0.013250151717900005
group_5404,0.02841784476481868
group_5405,0.0041083309506448895
group_5407,0.00792035960992421
group_5408,0.043315614089879606
group_5412,0.03147178073382628
group_5414,0.003489847261896495
group_5416,0.00656890354750983
group_5421,0.01865837497235545
group_5427,0.0006872535389121914
group_5429,0.029358452220294096
group_543,0.015223995996811457
group_5431,0.020759391177241238
group_5432,0.030621284771314095
group_5434,0.01330674455333547
group_5445,0.05591969364915261
group_5446,0.022930316540630935
group_5448,0.006223892731355818
group_5449,0.01543175342210068
group_5454,0.04190441779579146
group_5455,0.019995022241988458
group_5456,0.0004111181558521526
group_5457,0.015182164036877666
group_547,0.06526140014465853
group_5471,0.018811568124530442
group_5473,0.012546875021751669
group_5480,0.00569918790034496
group_5481,0.0070882552301378965
group_5482,0.021067924310442132
group_5487,0.020235514946839617
group_5488,0.028908194682476296
group_5490,0.028898140032714847
group_5492,0.02782787827897404
group_5493,0.0075014985112094035
group_550,0.005971638762197751
group_5505,0.011551327443914738
group_5506,0.0520616434394352
group_5507,0.040990087793166374
group_5512,0.031406091168569406
group_5513,0.015282575828931
group_5516,0.028558982963594826
group_5524,0.02534029624185319
group_5525,0.004045639891188557
group_5528,0.0067847145752737426
group_553,0.03833475256624852
group_5530,0.0012976665474921933
group_5532,0.048322767493163665
group_5535,0.008797275447304909
group_5539,0.017135794249163894
group_554,0.014660485290986625
group_5540,0.004989171919242086
group_5553,0.026776026725445323
group_5559,0.016570852289109705
group_5560,0.03673602923879171
group_5561,0.009906160339285375
group_5570,0.0423624224124759
group_5577,0.0015639594308931581
group_558,0.037132351631040894
group_5583,0.017241526320288525
group_5587,0.029128615865203322
group_5589,0.05285133381788398
group_5590,0.011666800694630552
group_5596,0.04125230344713926
group_5602,0.01564423873520493
group_5603,0.03505667166360338
group_5604,0.026236323759720737
group_5606,0.0013255635203992533
group_5607,0.0259711291855087
group_5608,0.005880054694334502
group_5611,0.022707598548055596
group_5612,0.004984588360686937
group_5613,0.014254914662581442
group_5614,0.033915190458295275
group_5615,0.03271052840841926
group_5619,0.003363868053612329
group_5620,0.015382139860462551
group_5621,0.042775299313565274
group_5624,0.032142706888459216
group_5627,0.010871788164863228
group_563,0.008563193806730096
group_5630,0.01203219113130416
group_5631,0.006854567216409091
group_5635,0.019535499092860453
group_5636,0.03706163102836113
group_5641,0.02067481231467405
group_5650,0.041872213368295164
group_5651,0.02557383731042484
group_5652,0.033316804555624024
group_5657,0.013992500865364743
group_5662,0.005436275166752491
group_5664,0.01165523441524341
group_5669,0.012739882997495844
group_5676,0.009741372649039404
group_5681,0.021536036104794487
group_5686,0.015058646824885669
group_5689,0.004453508781745885
group_569,0.03434176094596575
group_5691,0.02782836515947751
group_5692,0.007355751933479926
group_5693,0.004580613516793619
group_5694,0.03412880832346454
group_5708,0.007877089912886603
group_5714,0.006775069807663403
group_5715,0.021850090774889752
group_5716,0.059021549662234385
group_5718,0.009320063928341726
group_5720,0.01667046130952632
group_5723,0.00856289991641579
group_5725,0.022056094586979436
group_5726,0.015576273774164706
group_5728,0.021854271065400388
group_5731,0.014971399467661017
group_5740,0.023346195936982506
group_5743,0.028742313171185252
group_5745,0.033892263356777086
group_5747,0.015489600733136655
group_5752,0.027318520196851104
group_5756,0.016097187042172667
group_5767,0.05779060567136396
group_5771,0.008660198222651294
group_5773,0.016280409534308538
group_5775,0.010290136512467463
group_5777,0.020113608951818573
group_5782,0.038220081652188265
group_5784,0.08211857795476485
group_5786,0.002478546088860778
group_5787,0.011072202741700066
group_5789,0.0271162023000735
group_5798,0.011342470125900395
group_5799,0.025915328546848304
group_58,0.046966107344737607
group_5802,0.008103776255842465
group_5804,0.017381181358094855
group_5805,0.027484477586645406
group_5806,0.01581275657174741
group_5807,0.010363085474238698
group_5808,0.002601488319745826
group_5809,0.013030883279510963
group_5812,0.02494842093533789
group_5815,0.00958277926234019
group_5817,0.02771197150679927
group_5818,0.0010510699668833112
group_5821,0.026831546562024133
group_5823,0.011069751637687197
group_5827,0.026508475499465778
group_5836,0.023224223188932358
group_5838,0.007494657494992341
group_5839,0.01495386778006802
group_5849,0.0011813594556249196
group_5859,0.011633002477353216
group_5860,0.03424885990094184
group_5861,0.024920570007462617
group_5864,0.0025338297160859558
group_5865,0.0025216982630178464
group_5866,0.01648221610067724
group_5872,0.016608548542512258
group_5873,0.022189916000034504
group_5875,0.03239318097394661
group_5876,0.021745459340139384
group_5877,0.0027331362200528897
group_5889,0.0047883006658659966
group_5891,0.001722971046116406
group_5897,0.010214100871258847
group_5907,0.031428549767808844
group_5911,0.03074700200497449
group_5912,0.04525927181255973
group_5915,0.04701560188744747
group_5916,0.007972407285369298
group_5918,0.011519601209345476
group_5921,0.02551121606654072
group_5922,0.006355374115398993
group_5924,0.005098326738172787
group_5927,0.010516858760574399
group_5931,0.010069653781801469
group_5936,0.04752491056499175
group_5937,0.008261951414017421
group_5942,0.00376964667643076
group_5945,0.0305367367833278
group_5946,0.022684402989038732
group_5947,0.028082784574972708
group_5950,0.007415182771933093
group_5956,0.015563078963437782
group_596,0.043354639332571
group_5961,0.025617448937539367
group_5963,0.017158765733438663
group_5972,0.008676965263498815
group_5976,0.0535031977053575
group_5978,0.021757913773343907
group_5980,0.03132385217449252
group_5981,0.029878562892225125
group_5983,0.01748869268520581
group_5985,0.016124831559170216
group_5987,0.025478746838552224
group_5988,0.04494526164770507
group_5989,0.021198464499623704
group_5990,0.012578181041815073
group_5992,0.03448337651527966
group_5993,0.029057667207069038
group_5995,0.0248775659420557
group_5996,0.020526750108387226
group_6,0.03789860238468057
group_6001,0.0016240034827905703
group_6003,0.00377295206758399
group_6007,0.020940752585690392
group_6010,0.02342676481354178
group_6014,0.006167457313413616
group_6015,0.011495188532183453
group_6016,0.0070936150713669655
group_6017,0.010908100241429075
group_602,0.015255744418384731
group_6020,0.011631061936895781
group_6021,0.0017886950935106505
group_6024,0.02176252841645132
group_6025,0.013322154844892964
group_6027,0.0002577630980404866
group_6028,0.00536625579938077
group_6032,0.001323113023098177
group_6035,0.016054303325514052
group_6039,0.04439181904978451
group_6041,0.05789435679998722
group_6044,0.0024336765391106407
group_6062,0.006679254329942541
group_6063,0.0008572258665460186
group_6064,0.03196915052854865
group_6069,0.006709113286661683
group_6079,0.0017978059032242033
group_6081,0.02922755737454752
group_6082,0.023312524350105335
group_6091,0.044334384033113405
group_6098,0.014950488041454157
group_6101,0.0023107121124725793
group_6106,0.028649263186273588
group_6107,0.07661531510103381
group_6113,0.0331074555365074
group_6117,0.009761995836668813
group_6118,0.0034797569169553455
group_6125,0.02943320042910247
group_6126,0.03002255328155945
group_6128,0.008311036748235079
group_613,0.012164121618451817
group_6130,0.007794876092203751
group_6131,0.011947731576375853
group_6133,0.0042823996238749995
group_6134,0.03811427548731916
group_6136,0.0005946207414155857
group_6137,0.050224206453142184
group_6138,0.027445736094387607
group_6143,0.011307453548145885
group_6149,0.00268089804783167
group_6151,0.010452718573052522
group_6156,0.00023388492995057852
group_616,0.010505039736566912
group_6160,0.006965262133621364
group_6162,0.035652363971256484
group_6165,0.01266560670871164
group_6169,0.02443380709972387
group_617,0.03709420481348058
group_6175,0.031236103308739827
group_6177,0.04683486017531724
group_6182,0.009095133280804246
group_6188,0.016783634528368507
group_6193,0.036882957440709685
group_6195,0.04272175501842401
group_6198,0.037529824274214585
group_62,0.024130666315318905
group_6202,0.02388578524680418
group_6208,0.008745971806388031
group_6209,0.025877330952181143
group_6210,0.012839259568091288
group_6216,0.017479730692896656
group_6220,0.024234319168462637
group_6224,0.03496938914487657
group_6226,0.029400792206625948
group_6227,0.00801622562082116
group_6228,0.026648775045240214
group_6230,0.02688590214081965
group_6234,0.030641265722396005
group_6235,0.0328537115035612
group_6236,0.01510755545921394
group_6238,0.0002545076976363525
group_6240,0.04416065205816744
group_6246,0.04782788562623175
group_6252,0.0003125236071557236
group_6254,0.025280378522896108
group_626,0.012207858414914341
group_6264,0.0032245301342337385
group_6265,0.00542165412361828
group_6271,0.009570166580505246
group_6277,0.0034158018631835763
group_6280,0.0077880193718571356
group_6285,0.008859336548078245
group_6292,0.018664990330294673
group_6294,0.015276739579534349
group_6297,0.00219257323671207
group_6303,0.04042900536502736
group_6308,0.03207084788075498
group_6314,0.006135977139367199
group_6316,0.012920182920533652
group_6318,0.029663786680430793
group_6320,0.022108084082780977
group_6321,0.004926570456436741
group_6323,0.007323240317465229
group_6324,0.0493046711571683
group_6327,0.04247754746021126
group_6328,0.016819372454965453
group_6329,0.019194761532163707
group_633,0.014422206072235433
group_6330,0.04152502836877736
group_6331,0.015587033849917997
group_6333,0.01236414057371249
group_6338,0.04018336878373718
group_6339,0.018857386754870253
group_6340,0.007430890943265878
group_6341,0.01836543132401469
group_6343,0.002731548913146531
group_6344,0.0049254924707535785
group_6346,0.02691581699374046
group_635,0.0063864677666396474
group_6353,0.001804550419972628
group_6355,0.017114413728801736
group_6356,0.009455890456883997
group_6358,0.0065194079199466515
group_6361,0.024572278279349824
group_6367,0.028540348986100916
group_6369,0.008016276066509231
group_6375,0.035600554499894965
group_6381,0.01214210045709918
group_6382,0.03362268232614407
group_6384,0.021577096095221737
group_6389,0.006141298249576099
group_6391,0.0007147040246111569
group_6394,0.003177513335689275
group_64,0.005357345836295879
group_6400,0.03305844284373016
group_6401,0.004542847780274029
group_6406,0.022440011416924754
group_641,0.03152444100154983
group_6417,0.009355151284039298
group_6418,0.04422970056913922
group_6422,0.05853009013191435
group_6423,0.012291626795675636
group_6427,0.03811054844172013
group_6428,0.03876759482435599
group_6431,0.053949862733293275
group_6433,0.03362961144296439
group_6438,0.04419003019731349
group_6442,0.004424523849502426
group_6443,0.0035987457579400584
group_6445,0.0009408860917490269
group_6448,0.007544113017971199
group_645,0.0167456915932771
group_6450,0.015663148825413975
group_6456,0.013104355858075234
group_6463,0.0005803678923117506
group_6466,0.0013255070030313565
group_6467,0.06307674512901484
group_647,0.0106444289327714
group_6471,0.017250111929673073
group_6472,0.06454335869728167
group_6475,0.04046305934592698
group_6477,0.028386059930662233
group_648,0.0007121609530171824
group_6485,0.004177293443232699
group_6487,0.04274813753583695
group_649,0.06753624852389795
group_6498,0.04813581832544567
group_6501,0.0016201716052315351
group_6502,0.01527395127855491
group_6504,0.014389122799665088
group_6505,0.02893581816731383
group_6509,0.01838841714760342
group_6510,0.0016884090132316398
group_6513,0.00097041424080202
group_6514,0.018228097277791067
group_6517,0.01318162723491545
group_6518,0.013207209821597843
group_652,0.02253032899705887
group_6520,0.004759042093780197
group_6525,0.03174756687279667
group_6530,0.039311964457561244
group_6534,0.006450445427358842
group_6537,0.01062113047889901
group_6538,0.036881010329889774
group_6539,0.009525204188292058
group_654,0.03810346088892791
group_6544,0.009108095539184013
group_6546,0.021717230909490848
group_6552,0.004470557245841222
group_6554,0.020903638326827956
group_6555,0.015248786710424955
group_6556,0.001859307062109794
group_6560,0.030283506104810343
group_6565,0.050105816153832805
group_6569,0.05163409864833102
group_657,0.01164493716074233
group_6570,0.014070704157612912
group_6573,0.0019786341761653947
group_6574,0.012709491823895469
group_6575,0.019531921543457953
group_658,0.003833329571953703
group_6580,0.022158730127496806
group_6584,0.025007112892316607
group_6586,0.032341543467132805
group_6588,0.029799538362830003
group_659,0.05386031944110248
group_6591,0.0006952479206339124
group_6593,0.036432835334603286
group_6597,0.002691334189828032
group_6598,0.020931256836707268
group_660,0.021690335956275453
group_6600,0.025975243439936735
group_6608,0.007951881168925423
group_6615,0.014053995418892296
group_6617,0.04375834405669021
group_6619,0.0152129603507698
group_662,0.03678545567194891
group_6620,0.0628582376803648
group_6621,0.028130824547851763
group_6625,0.02250726072719056
group_663,0.00325916397742132
group_6630,0.03232838078206801
group_6633,0.031219236120165528
group_6638,0.026458345425075525
group_6644,0.017472796011827496
group_6646,0.008906515042287566
group_6649,0.033181297061500636
group_665,0.0062502176902916595
group_6652,0.0071510811001398444
group_6653,0.005651555473682679
group_6657,0.018578503796581325
group_6659,0.006492200458930508
group_6667,0.040372784984956445
group_6668,0.011347438002559107
group_667,0.03635081491530445
group_6673,0.03410909198017209
group_6678,0.030440330497887302
group_6679,0.031435089658439
group_6680,0.038817591745624824
group_6683,0.010414388913932537
group_669,0.007603979040159192
group_6693,0.020314221987313807
group_670,0.017558126354167758
group_6708,0.008080089826860704
group_6712,0.043592143642212644
group_6720,0.014778296575983507
group_6721,0.02269969858358456
group_6723,0.012700706820186314
group_6724,0.019373472276047687
group_6725,0.001056265907745102
group_6726,0.002606309251246941
group_6730,0.02493896192264411
group_6739,6.363372278661572e-06
group_674,0.007100581668126216
group_6744,0.013645829812152455
group_6747,0.033041507387668645
group_6749,0.033990268130114076
group_6751,0.005122237574351374
group_6754,0.01877323073145476
group_6759,0.040052177126027155
group_676,0.011060324120740317
group_6760,0.012676783018258364
group_6761,0.0011297873572098105
group_6762,0.015363205291059057
group_6763,0.01801556620836542
group_6767,0.04666132642235388
group_6769,0.008589201104810984
group_6772,0.008082717884478452
group_6776,0.02401423887470311
group_6777,0.020685697349803744
group_6778,0.04571131509798776
group_678,0.025010624781835356
group_6781,0.007348331203045122
group_6789,0.037674460154428546
group_6798,0.04768074914118947
group_6800,0.011166475041555435
group_6803,0.0530671195440644
group_6807,0.0021741257577838624
group_681,0.040939586576393516
group_6810,0.014709304993574257
group_6811,0.031077032446060304
group_6814,0.012836655692207932
group_6815,0.042515415759131425
group_6817,0.0076803368303661745
group_6818,0.010062899956310156
group_6821,0.020158082285528733
group_6825,0.030132355845521763
group_6826,0.00812692011809002
group_6827,0.02833785310906367
group_6832,0.015335401571809237
group_6837,0.00808153783507759
group_6838,0.007122303707371325
group_6841,0.03052680123998286
group_6843,0.0004800863001765965
group_6849,0.021058210969591595
group_6850,0.01000499508679642
group_6852,0.011016260687135793
group_6853,0.01366586097027045
group_6865,0.0255321427856825
group_6871,0.03659659481994426
group_6876,0.017354216921761756
group_6879,0.0028414263232514614
group_6884,0.014307048487643526
group_6886,0.04561233298537659
group_6891,0.03364457420620437
group_6896,0.027558836035585177
group_6897,0.01295418721623287
group_6898,0.015000081200847282
group_6901,0.034103925339104224
group_691,0.02180090130348389
group_6910,0.002976514967684807
group_6913,0.017880500170879277
group_6915,0.00275482559120932
group_6924,0.006111186005810065
group_6925,0.008255830583049129
group_6926,0.0431464192085127
group_6927,0.019195574761098566
group_6933,0.018874281169767748
group_6936,0.012435886214225311
group_6937,0.016353579744953217
group_694,0.013817187646443019
group_6944,0.03253248656421026
group_6946,0.03257373919221118
group_6949,0.013831155913975435
group_6956,0.007688486634850111
group_6962,0.029532720699043447
group_6966,0.00030097544657214925
group_697,0.0361995447565
group_6978,0.016538688797335777
group_6990,0.006728118082831802
group_6993,0.017745273058894062
group_6999,0.012955046280228144
group_7004,0.027773617616111412
group_7005,0.006955416808093862
group_7012,0.0031991368807344767
group_7016,0.015385876402144838
group_7023,0.0003866574389270738
group_703,0.04311999296934932
group_7036,0.00879284448564377
group_7040,0.0016453613962055247
group_7041,0.0010303224410443956
group_7048,0.025293742474532976
group_7050,0.015062994672770058
group_7051,0.013053206808782969
group_7052,0.010961755004859741
group_7053,0.024333984931256714
group_7054,0.02299345043028933
group_7055,0.03812290768416271
group_7057,0.009580533860550133
group_7059,0.0210939838477191
group_7060,0.0054993715764724005
group_7061,0.006370506430743328
group_7063,0.0038939501010060162
group_7064,0.020082225925110553
group_7066,0.029068631156542457
group_7090,0.03740743819697889
group_7094,0.02352764577848987
group_7095,0.03516172173807197
group_7096,0.0008915480330711212
group_7098,0.014339077501326791
group_71,0.02418166226903451
group_7116,0.03578272892730738
group_7127,0.023440679678285337
group_7128,0.007404339914858227
group_7134,0.005721986586703975
group_7136,0.003579950076032068
group_7146,0.017867745032030813
group_7147,0.010048640624331862
group_7149,0.008637958848265015
group_7151,0.026590275081085357
group_7152,0.00038831904954994556
group_7153,0.037146209269761865
group_7155,0.0432821105940544
group_7156,0.005583562253958396
group_716,0.00824467405458118
group_7160,0.01807742197436668
group_7166,0.03892756041465706
group_717,0.036500267037652856
group_7170,0.03384441010118455
group_7173,0.013842932471217706
group_7175,0.0005461607552532666
group_7178,0.024837473092823137
group_7181,0.007970449168535731
group_7183,0.0057531476475920496
group_7194,0.026550683501120442
group_7196,0.011220584769799702
group_7200,0.017456880720962964
group_7204,0.0029027194089845665
group_7207,0.00493249547134722
group_7208,0.0029297638007708127
group_7211,0.0049572396062507185
group_7222,0.010267144807009965
group_7224,0.05504582492905197
group_7226,0.0008799240727233038
group_7232,0.0003970227242413582
group_7235,0.007780231278529559
group_7237,0.03920627581557201
group_724,0.020015217682378905
group_7240,0.05007727648842608
group_7243,0.0021314110945471754
group_7246,0.010819107993577548
group_7248,0.0233721063243999
group_725,0.0603487018040505
group_7252,0.02769356076416063
group_7256,0.023775796796693838
group_726,0.025970944462953005
group_7262,0.015867668015481007
group_7263,0.02205220357615567
group_7265,0.005474986738050802
group_7268,0.02841852600032735
group_7270,0.025336562438550425
group_7273,0.005334151318388436
group_7277,0.012566933035699668
group_7282,0.014319542273034003
group_7283,0.002578432059418434
group_7287,0.012072533771099403
group_7295,0.007872188072310937
group_7299,0.02714709715761532
group_730,0.0023254744490270873
group_7306,0.009343151273221384
group_7307,0.013778740875637352
group_7311,0.02364732047435969
group_7312,0.017638561452541834
group_7315,0.015681907561061248
group_7316,0.031546462784068696
group_7318,0.05790726695040327
group_7322,0.00927813369292907
group_7326,0.01887267420426597
group_7328,2.4767422071247935e-05
group_7333,0.0041929592265397275
group_7337,0.046084125014015376
group_7339,0.0380579494471065
group_7345,0.0565905889292051
group_7346,0.0008041645354808225
group_7353,0.022105802985810996
group_7369,0.07575129075283948
group_7371,0.0012546285716639183
group_7380,0.04718238506073158
group_7381,0.02938280838008822
group_7389,0.009885118923132152
group_739,0.01750081732294473
group_7391,0.009439795141579665
group_7393,0.02025910907578532
group_7398,0.03464917503527731
group_7399,0.029681813516160505
group_7402,0.03060464605813773
group_7404,0.028040097339282255
group_7406,0.015026683926024464
group_7408,0.031239423704117142
group_7411,0.00802995604601442
group_7413,0.03457601413337552
group_7414,0.016050050393562554
group_7415,0.03797915941533936
group_7421,0.0003536173855205327
group_7423,0.002616656960184649
group_7425,0.001975990825612728
group_7426,0.048489666439564205
group_7428,0.01086264332224518
group_7430,0.02326158943689749
group_7432,0.013490904402644777
group_7440,0.05077614122963303
group_7442,0.011276364586271903
group_7443,0.008840022852044438
group_7444,0.030155624626444055
group_7445,0.006169155992780784
group_7446,0.021778718647688988
group_7447,0.01784717271003311
group_7449,0.03825793898009011
group_745,0.014796502814987678
group_7450,0.02854698432634173
group_7451,0.001239606465187837
group_7452,0.002164670402096558
group_7455,0.02942864679150703
group_7458,0.01962021862768193
group_7460,0.03728591771035705
group_7466,0.009273229980106157
group_7468,0.0131732598385641
group_7472,0.02812872754352269
group_7475,0.03271487827027997
group_7477,0.012330046471390244
group_7485,0.039252795261276896
group_7486,0.013909799831723024
group_7491,0.017673161385309166
group_7498,0.055183666751000615
group_75,0.02760277325873295
group_7505,0.00929767739882692
group_7507,0.001454293129780737
group_7512,0.011619512612719207
group_752,0.004983367585535525
group_7526,0.0331817516063706
group_7527,0.018045858686543292
group_7528,0.03402298603452247
group_753,0.01871013075221728
group_7530,0.004936071026018896
group_7531,0.0024494931345524495
group_7535,0.02128668974425474
group_7541,0.006092496665791813
group_7542,0.0006194829416257264
group_7544,0.03031133986750323
group_7546,0.053809481237334866
group_7547,0.017803745927957637
group_7550,0.0406153301014085
group_7558,0.018842104458528963
group_7565,0.04610035784325062
group_7568,0.06674653101434891
group_7571,0.0022432145833122252
group_7575,0.0003136260282892156
group_7579,0.003907389100008762
group_7580,0.014947763904310518
group_7581,0.005096822545042956
group_7582,0.008138575582933738
group_7585,0.00025337169853711927
group_7590,0.028360291599359044
group_7591,0.05879777472098646
group_7593,0.00022641208280282932
group_7605,0.0027255100323622106
group_7607,0.04047187206589342
group_761,0.02498284366953296
group_7612,0.0008481782670468618
group_7619,0.021145087683116515
group_762,0.00010490705534382805
group_7622,0.038046428381614206
group_7629,0.02583044529492806
group_7631,0.02975623213947509
group_7633,0.0023422231698488893
group_7634,0.009420961559789331
group_7637,0.035022726579908126
group_764,0.027286799614018475
group_7640,0.020204289100949957
group_7641,0.04668864126636918
group_7644,0.031259652433762275
group_7647,0.015924302075349672
group_7648,0.014112018974879348
group_7650,0.017300774518404616
group_7653,0.043678469722592705
group_7654,0.022765887735672674
group_7656,0.05729710386057518
group_7657,0.03030414238067225
group_7659,0.057539889517045584
group_766,0.01459628355552578
group_7662,0.004112813609075117
group_7665,0.022361931841720528
group_7669,0.0016677142252707888
group_767,0.012163918785841554
group_7670,0.03654936890713745
group_7672,0.02614290807419195
group_7675,0.004114779582348405
group_7676,0.013893894182056998
group_7679,0.01902794486840187
group_7684,0.033122291345640376
group_7687,0.006932832829535052
group_7692,0.030885919202415346
group_7693,0.024732185484886315
group_7694,0.00798757571583697
group_7696,0.01330590044981994
group_7697,0.037020825488573994
group_7698,0.07903129860902647
group_77,0.004925109482470713
group_7700,0.022864589667368485
group_7706,0.009518829860305278
group_7715,0.017010362999928752
group_7718,0.009861808334648225
group_7720,0.01439784991244153
group_7725,0.01589332511585151
group_7726,0.008487981324365235
group_7727,0.022011328343279235
group_7729,0.05692699621839359
group_7731,0.06265884839507674
group_7733,0.008853806944773002
group_7736,0.0038117145045135636
group_7737,0.001706083656520363
group_7738,0.025564576738434264
group_7739,0.02206354357609852
group_7741,0.028446217017296105
group_7744,0.006959768645439679
group_7745,0.02402180738143289
group_7748,0.01989413404176732
group_7751,0.012177389901756985
group_7758,0.04090603566197126
group_7759,0.0032041021414961346
group_776,0.003146079749102082
group_7766,0.009504587483537774
group_7767,0.04267532716410094
group_7769,0.015254437826071499
group_7772,0.019442299126951612
group_778,0.00037602022237659405
group_7781,0.006130150198713213
group_7783,0.00015118946055747706
group_7788,0.020873163465148004
group_7789,0.0187557535664995
group_7793,0.028024309518704715
group_7796,0.014769655070397292
group_7797,0.008060060491539733
group_7798,0.019082871902530663
group_7799,0.025652079954858964
group_780,0.009288493326506275
group_7802,0.012811489339319193
group_7809,0.03935491366787569
group_7810,0.006130544989152442
group_7812,0.009975189821576969
group_7817,0.0061572270486163205
group_7820,0.00033465780324459793
group_7823,0.012235388024928406
group_7824,0.008465569362034575
group_7826,0.03480306168880465
group_7827,0.0197128203255883
group_7829,0.04312711674253844
group_7830,0.017557193397650606
group_7833,0.010336721495572077
group_7834,0.012960822355250867
group_7835,0.004987840524028231
group_7838,0.02231576928657275
group_7843,0.019871605055239216
group_7845,0.02209541654585334
group_7846,0.015095251628173267
group_7847,0.03434106129419345
group_7848,0.004177124722266168
group_7849,0.019174674428393823
group_7851,0.02809678957879469
group_7855,0.004485319582395952
group_7858,0.015611865586742324
group_7859,0.008281608154651732
group_7861,0.009441442832832214
group_7866,0.0018694604072935217
group_7867,0.013313812881357467
group_7870,0.03933551911183719
group_7871,0.012909860644411575
group_7872,0.0074207242998778344
group_7879,0.023031779540693798
group_7881,0.0026169910338227353
group_7885,0.024998941810705944
group_7886,0.034330128341784505
group_789,0.007792964641568201
group_7890,0.01729107571809063
group_7891,0.019271054327397508
group_7893,0.01915025410476434
group_7895,0.014492273479369988
group_7896,0.02725968146094271
group_7897,0.011385293335730129
group_7898,0.02118526201313986
group_79,0.012893778959766289
group_790,0.050708606964183334
group_7902,0.051172291873824216
group_7903,0.014403609032253462
group_7905,0.027639190224885146
group_7906,0.02952532174441802
group_7910,0.038385765142719075
group_7911,0.022531289171151103
group_7912,0.04105558514992169
group_7919,0.009882783924690663
group_7920,0.03945478467795405
group_7926,0.005559112840506808
group_7936,0.007070825273807868
group_7946,0.020132956658390322
group_7949,0.011520595915024412
group_7951,0.006893654628205681
group_7952,0.031604489165923955
group_7959,0.021248003815743877
group_796,0.046879850205048035
group_7964,0.013063756347260425
group_7967,0.017595978773982113
group_7968,0.01035158136395653
group_797,0.014770551257854647
group_7970,0.02250284460093921
group_7971,0.019720799761867802
group_7973,0.028325017183624457
group_7975,0.04228369735552162
group_7977,0.03322504942457072
group_7978,0.028855297872944385
group_7979,0.014359819375429295
group_798,0.03308122017422299
group_7980,0.020181441744913098
group_7981,0.007416239646717004
group_7982,0.001502089868005152
group_7984,0.030752023573132448
group_7987,0.013731630823435648
group_7991,0.0065863180009335665
group_7992,0.014134464016492876
group_7994,0.010416556556223089
group_7996,0.03775262932628398
group_7998,0.015779226811968527
group_7999,0.005115406286820612
group_8000,0.010505757087199141
group_8005,0.03480983213705091
group_8007,0.015438498979958082
group_8009,0.03665405037638125
group_8016,0.04811823595851328
group_8017,0.027277646836221914
group_8018,0.014712900329324707
group_8019,0.029276566200346466
group_8020,0.0070347219790485305
group_8022,0.02427428563530465
group_8027,0.03354734288967265
group_8032,0.006832796726206958
group_8034,0.00023901711817053695
group_8041,0.04816621438345359
group_8045,0.01037223646727603
group_8047,0.006873661609230863
group_8050,0.03370928169337062
group_8051,0.003917197689246921
group_8052,0.039134210141905434
group_8054,0.024028375530747104
group_8058,0.02622296471617136
group_8063,0.059399200710785305
group_8064,0.01686907183376518
group_8065,0.027079224619094733
group_8066,0.035486706607741114
group_8072,0.05523143968939559
group_8073,0.025513102084360417
group_8076,0.02061223407998236
group_8080,0.01070532440219707
group_8081,0.0039770928012567985
group_8082,0.03646482112912297
group_8087,0.0107166307016906
group_8088,0.027855138267896873
group_8090,0.004985995643153496
group_8091,0.008506236434269843
group_8093,0.01071942265967607
group_810,0.00735035452482391
group_8100,0.03497678161662754
group_8106,0.0006985477037944055
group_8108,0.02522513865726106
group_8109,0.0004301023398058934
group_811,0.02221673390240486
group_8110,0.017488552222923337
group_8114,0.02607276698450689
group_8115,0.006083177782925775
group_8116,0.010097697699865682
group_8117,0.002277569496665466
group_8118,0.015170758831989817
group_8121,0.03289240282438732
group_8122,0.003932195404016792
group_8125,0.0289345648553061
group_8126,0.010979637100134942
group_8132,0.002092624887077399
group_8133,0.05447533516814995
group_8137,0.0028445016992153516
group_8144,0.03568029851159071
group_8147,0.004517758058286914
group_8150,0.03338452670691994
group_8159,0.0040676505802053065
group_8160,0.034036120670875025
group_8161,0.017368594940212922
group_8165,0.03750677312319772
group_8166,0.0347562819307512
group_8168,0.016292256738260846
group_8169,0.017688579542054272
group_8174,0.024570620115761832
group_8176,0.03510861543237298
group_8179,0.022186047797380537
group_8181,0.04672446962075516
group_8188,0.00645855704324938
group_8190,0.013037019070958777
group_8192,0.02505168182391082
group_8193,0.0021291387638933124
group_8195,0.00968010782199058
group_8204,0.0031314177702457258
group_8205,0.001139918095446557
group_821,0.028051098112532813
group_8211,0.01952764600455925
group_8212,0.01536016548779151
group_8213,0.030266446127269697
group_8214,0.011660289893822284
group_8215,0.09817883891118906
group_8217,0.007690947966231931
group_8218,0.037287180751051086
group_8219,0.00010186359507002862
group_8220,0.053533092567227936
group_8224,0.012287651839937297
group_8227,0.009633310610044132
group_8234,0.03479793964046474
group_8238,0.028870500213832306
group_8239,0.040138738269208885
group_8252,0.0045757187015191825
group_8256,0.01624168383366853
group_8258,0.006805317981823933
group_826,0.006973459977868135
group_8262,0.007021163462435087
group_8263,0.02297364840677374
group_8266,0.008766787153069
group_8270,0.029018732182195306
group_8271,0.04264677060026245
group_8274,0.022829506721075754
group_8275,0.010336319058665833
group_8276,0.016344642686777044
group_8277,0.036848942252731165
group_8280,0.0074645167825704295
group_8283,0.011488378189324022
group_8285,0.04709580003281877
group_8289,0.007034995467118055
group_829,0.03182518948845714
group_8290,0.0062245398552209785
group_8291,1.086257472482366e-05
group_8292,0.031086144113614322
group_8293,0.0174931402783709
group_8297,0.02176521498616779
group_8299,0.01870238058806084
group_83,0.024843909018198662
group_8300,0.021671397817353943
group_8303,0.009010529606587658
group_8304,0.034341198598152545
group_8307,0.026283547266602092
group_8309,0.03045905233149404
group_8311,0.03377630750372984
group_8316,0.06047377191384551
group_8317,0.017918558966575793
group_8322,0.014238039740051889
group_8323,0.044581487275304754
group_8324,0.01662109211722651
group_8326,0.04015687816637814
group_8331,0.008145375864651694
group_8332,0.011633986710696265
group_8334,0.002047567456448185
group_8335,0.015637301228267342
group_8337,0.020107229952419203
group_8340,0.012618935086055938
group_8341,0.00016513761455594356
group_8347,0.011487863881274096
group_8351,0.012833601759598467
group_8354,0.001255611973869586
group_8356,0.006417523229287347
group_8359,0.02535146407379485
group_8371,0.009596730574662038
group_8377,0.02360597436256895
group_8379,0.05797780751989379
group_8383,0.026338744534239344
group_8387,0.022164568371624283
group_8388,0.006370543998170275
group_8394,0.019186599593068454
group_8395,0.019284272908664413
group_8397,0.048625044631625425
group_8400,0.012612087586964194
group_8403,0.014396770430710415
group_8407,0.025245737033241067
group_8409,0.05014616473407596
group_841,0.0002682196422814087
group_8410,0.01646762248508926
group_8415,0.03143525680461812
group_842,0.028839029348529
group_8423,0.03553716545094221
group_8428,0.025702591731455726
group_8430,0.010520532389502568
group_8432,0.012219466251189859
group_8434,0.008659963675573534
group_8437,2.3411337691348066e-05
group_8438,0.01427289566325074
group_8439,0.009336123548466357
group_8446,0.03843492960125228
group_8447,0.009307389908539632
group_8449,0.005277082695950952
group_8450,0.03078342462286332
group_8453,0.038036917260956704
group_8454,0.012575751739858143
group_846,0.035169224998116144
group_8460,0.021159663302384946
group_8462,0.0035105495738412262
group_8463,0.04150247695598441
group_8467,0.04192227645298141
group_8470,0.011708095319623357
group_8471,0.04200956828045088
group_8472,0.029933636445405254
group_8476,0.02638703746171056
group_848,0.009050074809065611
group_8480,0.03559349369585707
group_8486,0.03361809498809931
group_8487,0.014321163490361277
group_8489,0.03355530231986403
group_849,0.002394123270222037
group_8491,0.00878092518267759
group_8492,0.014571557390239187
group_8495,0.01230431943296395
group_8498,0.01620745691553105
group_8500,0.004601123669686569
group_8503,0.03552388952116936
group_8507,0.0024657025169538827
group_8510,0.006213716779225109
group_8512,0.025461079509276008
group_8514,0.04264467966761343
group_8515,0.024357707886556
group_8516,0.04542466926921551
group_852,0.001221026712871387
group_8522,0.002335308471081321
group_8525,0.0032137922542330166
group_8526,0.0016021086543784868
group_8528,0.0011993791873141646
group_853,0.045020292110899085
group_8532,0.0637281182777556
group_8533,0.03334181045517992
group_8537,0.023459077787630234
group_8538,0.007799622308794385
group_8540,0.010534294368641506
group_8546,0.015802029164082576
group_8549,0.044681246081784476
group_8550,0.009788460426748857
group_8551,0.059183669732704836
group_8553,0.05530465927791606
group_8554,0.013133296407562112
group_8555,0.03350349534191577
group_856,0.01630316060084791
group_8564,0.02917719570143129
group_8567,0.03802214935140502
group_8571,0.013529471023516315
group_8578,0.0008687497579069614
group_8581,0.01435827559343883
group_8582,0.0007046826641046167
group_8583,0.0074918223178428445
group_8584,0.005142263550125925
group_8586,0.027110439992648505
group_8587,0.007550426007991051
group_8588,0.011219005109360358
group_859,0.002123633972237915
group_8596,0.00013351614708945192
group_8598,0.002755090391701742
group_8601,0.03267518560471672
group_8603,0.033984240351580874
group_8610,0.0024524802786805022
group_862,0.03696671618027292
group_8621,0.010940805390059927
group_8622,0.001497791932130843
group_8625,0.014578120535685413
group_8631,0.047255694482577715
group_8632,0.0078036322948022985
group_8633,0.007272075144100443
group_8634,0.040960915399986364
group_8636,0.022821808845565394
group_8637,0.01711772282070534
group_8638,0.008757631339432415
group_8642,0.017920599453536523
group_8643,0.005302172750393019
group_8652,0.027256938662568952
group_8654,0.02575338733722532
group_8655,0.03554217863727538
group_8656,0.02270612282358142
group_8657,0.006655320886816529
group_8663,0.01297864793315795
group_8664,0.03406300997235401
group_8666,0.009943302722480452
group_867,0.02407273100600249
group_8671,0.0014144144748309273
group_8676,0.05458526300598909
group_8677,0.009842210937250684
group_8679,0.015241896412112599
group_868,0.00614949933963449
group_8682,0.04451232760184376
group_8683,0.01225522865698081
group_8685,0.009964101945088677
group_8687,0.04054294747691101
group_8692,0.049720888494135806
group_8693,0.028619066772583857
group_8694,0.005610432605496207
group_8695,0.01871558384710359
group_8698,0.04707126667445305
group_8702,0.018034239546794506
group_8703,0.00706963957267015
group_8706,0.0385685394853712
group_8709,0.02486855707357627
group_871,0.011945172503192936
group_8714,0.001503516931550486
group_8715,0.030519295141619107
group_8719,0.004357165619031322
group_872,0.02401276543367037
group_8720,0.015130630879453877
group_8721,0.020815162516108376
group_8727,0.012631455677826642
group_8730,0.022781797374800128
group_8731,0.026185283755703503
group_8732,0.008111419398743491
group_8736,0.014806040951997002
group_8739,0.008315252943897233
group_8740,0.0400478966523381
group_8741,0.0348743551903723
group_8742,0.0005323397653331785
group_8745,0.004220874816932785
group_8746,0.004141288432701673
group_8751,0.017570000233267713
group_8752,0.004864182097355174
group_8753,0.002649025078077072
group_8761,0.005133325118384713
group_8762,0.013847195543049695
group_8764,0.011917588038085736
group_8765,0.006184613160508112
group_8768,0.017624813812716633
group_8771,0.009347628822341525
group_8772,0.02053823223288842
group_8775,0.02751278264819601
group_8777,0.052033150085810664
group_8781,0.04044219396475257
group_8783,0.026618866054027857
group_8785,0.023950618935678847
group_8788,0.014053483936710798
group_8789,0.008847833058962307
group_879,0.013406798081267324
group_8790,0.029289139320024304
group_8791,0.03246169939176946
group_8795,0.004626194774187242
group_8796,0.025585397649364072
group_8798,0.03133418836998514
group_8799,0.026940176933024196
group_8801,0.028280471025204923
group_8805,0.0015470364686003268
group_8807,0.04077284317523877
group_8812,0.017358848730051113
group_8815,0.011331081045085512
group_8816,0.05178399850021931
group_8820,0.031034878040124836
group_8828,0.03320981696778924
group_8829,0.03225105068315748
group_8832,0.018147443835151433
group_8833,0.015646897877375388
group_8837,0.01865622690117208
group_8841,0.035390948536724975
group_8842,0.00421152622307841
group_8844,0.015635906485317985
group_8847,0.0032688397508446876
group_8848,0.012852331615395673
group_8860,0.001576636276563681
group_8861,0.012377382260609249
group_8865,0.018733775125628016
group_8869,0.0506198757373344
group_8877,0.0011704459518397936
group_8884,0.05031052530699798
group_889,0.0073086786175673435
group_8892,0.05213242400651752
group_8893,0.0003474174302371402
group_8896,0.010901787251409445
group_8900,0.025872528775104042
group_8901,0.0009769926524803019
group_8907,0.024143559921719238
group_8910,0.005813971639169413
group_8919,0.022954810336839104
group_892,0.015888972447368088
group_8922,0.012354611412991101
group_8923,9.011646010526064e-05
group_8929,0.0105825254594627
group_8935,0.01072257350294925
group_8936,0.04331158639626298
group_8937,0.01622206100345469
group_8942,0.013696044662594886
group_8943,0.006499841607101153
group_8944,0.04133775697017228
group_8948,0.0014620755713719014
group_8949,0.028660502286091738
group_8953,0.03128233168999861
group_8956,0.017265234315107847
group_8957,0.007442421317501724
group_896,0.0030664163140257106
group_8960,0.02481739190021126
group_8963,0.004889056222205257
group_8966,0.01684517063878488
group_8967,0.0016600722459625405
group_8971,0.02578648590273036
group_8974,0.0044129773511942805
group_8978,0.07298599079690105
group_898,0.010780082750885933
group_8986,0.02463371894015487
group_8988,0.023891320081902867
group_8992,0.04131389607492353
group_8995,0.03112666307709988
group_9002,0.004844181431912897
group_9012,0.004146548826109653
group_9013,0.004470622240814626
group_9014,0.023163863260939443
group_9018,0.006262691283408284
group_9019,0.030407822634659354
group_9020,0.04347552266898069
group_9021,0.032558897961473265
group_9029,0.03213628934130863
group_9031,0.009528731703201121
group_9035,0.007851131074511741
group_9038,0.023637993113888145
group_9040,0.03622680483861673
group_9042,0.007154137526162785
group_9052,0.012529860800532422
group_9056,0.0334118820617475
group_9057,0.038174065211059816
group_9058,0.020182230372170373
group_9059,0.045788192428038554
group_9065,0.01827533396039316
group_9066,0.025648637635945715
group_9067,0.021325175246080352
group_9069,0.04002212945729111
group_9072,0.03799138694793358
group_9075,0.029922634021747108
group_9076,0.02921780509270544
group_9077,0.05123229772837967
group_9079,0.029542023457836963
group_9080,0.005242641011815152
group_9083,0.04983795408232883
group_9085,0.04707719140065225
group_9089,0.05269080138677551
group_9091,0.026461531342362177
group_9100,0.002397014133601383
group_9101,0.012328746449439931
group_9102,0.01864114000094519
group_9112,0.01022017083659521
group_9117,0.05116648042732819
group_9118,0.005121216272263807
group_9119,0.005023995095613021
group_9120,0.010731644540533214
group_9123,0.003399874647679546
group_9134,0.021022017247043445
group_9142,0.01706240644665158
group_9143,0.029926814052835926
group_9146,0.000796246662177591
group_9151,0.03782544746697081
group_9154,0.021946949409246574
group_9155,0.027426595324079095
group_9163,0.0009235505819589207
group_9168,0.0027534296122166957
group_9170,0.03328172684112496
group_9171,0.016075758482047453
group_9172,0.009014124111200283
group_9174,0.02009693132435375
group_9177,0.018491103343780235
group_9178,0.023338244984396628
group_9179,0.006492420045528302
group_9182,0.03337040824345183
group_9185,0.0153474151695423
group_9190,0.02162816768247411
group_9192,0.04170776677698851
group_9193,0.006290195250635566
group_9194,0.00965252259482341
group_92,0.01788903732930658
group_9200,0.019173669250379
group_9201,0.0059560201875159535
group_9202,0.022965626548056006
group_9208,0.04841868470214661
group_9213,0.005897880770924457
group_9216,0.05914870891991941
group_9220,0.047236760210634055
group_9225,0.015932134913178908
group_9226,0.020691980086408712
group_923,0.010857189396220823
group_9232,0.027774611910595715
group_9234,0.025082127730120307
group_9247,0.0004692095326810364
group_9250,0.021986989969833504
group_9257,0.0172598320858528
group_9262,0.03235436160622385
group_9264,0.007406462142031334
group_9265,0.028210327319623696
group_9270,0.031611724552637055
group_9273,0.020418819129737864
group_9276,0.012244016564766369
group_9278,0.013827363598574394
group_9279,0.017194990339316263
group_9282,0.018977297248898628
group_9286,0.01698172707251344
group_9287,0.023462557551487295
group_9290,0.008753309755501704
group_9291,0.01058528151229643
group_9292,0.012925886476598869
group_9296,0.012893560204305876
group_9298,0.014567858976364478
group_9302,0.0175660490480698
group_9306,0.04258457968652185
group_9307,0.00024818988701791334
group_9308,0.015165534133761538
group_9317,0.005679276411610701
group_9323,0.013917353377973507
group_9325,0.005307760895086666
group_9329,0.019959360736321985
group_9331,0.06499498553894467
group_9335,0.02824673580817061
group_9338,0.019322608140781794
group_9341,0.009928907748818494
group_9342,0.01793267218453476
group_9348,0.00850064121482541
group_9352,0.026263702435116887
group_9354,0.05844239441523458
group_9355,0.011293338746650727
group_9356,0.0016671092794604547
group_9357,0.01271319632740453
group_9358,0.04302959132572126
group_936,0.0047482994867547035
group_9361,0.02087554201520847
group_9363,0.03261427367876335
group_9365,0.009981853219279468
group_9371,0.013700888201043426
group_9376,0.012408656146261743
group_9378,0.016759450746547166
group_9379,0.04384512248598682
group_9385,0.00889213054096194
group_9387,0.021796934195436046
group_9394,0.010265006064729798
group_9402,0.04552964807580784
group_9404,0.02589622368169109
group_9406,0.020392647149601206
group_9417,0.0017573553817469278
group_9418,0.008905209491083976
group_9419,0.020534954225537083
group_9422,0.021472795785757892
group_9423,0.023649381363565647
group_9439,0.02930333930876583
group_9440,0.024098875295747835
group_9441,0.02085384134057855
group_9442,0.013703926219551743
group_9450,0.0007691698122747059
group_9457,0.046628755463102634
group_9459,0.02877080744343563
group_9461,0.028928501994010203
group_9464,0.007134333009233718
group_9466,0.01421773304968399
group_9472,0.03296630257847388
group_9482,0.006742227643784737
group_9483,0.0016557351591248715
group_9489,0.03546520753784388
group_9496,0.013289614970194208
group_9500,0.010958303788397794
group_9501,0.02167129263905676
group_9503,0.017883524060045897
group_9509,0.013078539555452906
group_9517,0.05353482461458925
group_9519,0.006006731559660139
group_9520,0.002308544671405066
group_9526,0.007994302113781604
group_9527,0.016990768486598196
group_9529,0.013125677866338448
group_953,0.003419848506741374
group_9533,0.03931542499151486
group_954,0.017599558816797645
group_9550,0.047944142683605584
group_9553,0.010269030101340615
group_9555,0.012144765181015815
group_9556,0.0010603953326242532
group_9564,0.016058623247169335
group_9568,0.007764226933440588
group_9571,0.032493362626096145
group_9572,0.004174837763587735
group_9574,0.007913944267475825
group_9576,0.004155037734802525
group_9577,0.0022806736737404076
group_9578,0.01813667727652324
group_9581,0.0014614108711299423
group_9582,0.017196589982056976
group_9584,0.013044716736497763
group_9586,0.0016933389900077866
group_9587,0.03986234837472358
group_9588,0.053417213056371926
group_959,8.211360077847729e-05
group_9590,0.030518650394389946
group_9593,0.028922448983883742
group_9595,0.015690478962364418
group_9596,0.004127835925523016
group_9598,0.008187394034440354
group_960,0.007673881715788422
group_9602,0.0020666430218119203
group_9605,0.002437189837189324
group_9607,0.008389590238194078
group_9611,0.0384409713079048
group_9613,0.0015519317038179548
group_9621,0.03052151381965129
group_9622,0.002497958973674441
group_9633,0.01613941565604393
group_9636,0.02777656782272775
group_9637,0.0060350088612095565
group_964,0.02247716028299429
group_9641,0.03401257893289822
group_9644,0.007400301748905491
group_9651,0.021473756581016135
group_9659,0.010241328113353543
group_966,0.016853837527736948
group_9660,0.00682184366026406
group_9661,0.0020424919868187175
group_9662,0.004985068137149717
group_9664,0.024062603375802682
group_9668,0.050121181584645846
group_9672,0.003026001575216597
group_9674,0.018101447956789585
group_9675,0.03072552823095487
group_968,0.0004940302984863809
group_9687,0.003076710121492132
group_9689,0.0018733468074900728
group_9691,0.004497314562642574
group_9692,0.005559620665682274
group_9697,0.07965107854023579
group_970,0.006848078191410645
group_9700,0.00750949633996556
group_9702,0.006223720353383255
group_9704,0.008679630057405907
group_9706,0.02719503801512846
group_9707,0.0195432063995975
group_9708,0.023305264064254816
group_971,0.06385681573477209
group_9715,0.005931994654325479
group_9716,0.016761771204452547
group_9719,0.009537350601840133
group_972,0.014761516569387068
group_9721,0.008683246635288189
group_9722,0.03602993693660128
group_9725,0.025815686432111074
group_9728,0.005136733115682857
group_9730,0.017975331493996105
group_9732,0.011537724667028071
group_9741,0.00014578606770943026
group_9742,0.06707782310915689
group_9743,0.02596612978640067
group_9747,0.019626598607405343
group_9749,0.034681475542299056
group_9751,0.011797287994160577
group_9758,0.016899658622200997
group_9759,0.008965468308980373
group_9760,0.027305546967452576
group_9763,0.004400164863839873
group_9766,0.020540235773588655
group_9779,0.0005963029642548356
group_9785,0.07381096518653574
group_9794,0.003437041510068628
group_9795,0.048515391981942546
group_9798,0.027980496616269113
group_9801,0.01836070082030261
group_9802,0.011380896284489905
group_9804,0.007518253496185068
group_9806,0.005673535078147163
group_9811,0.008471525671468916
group_9813,0.004269431092592368
group_9815,0.010186185280865345
group_9818,0.018542083173423096
group_9821,0.0020800308227280073
group_9824,0.024598380414624366
group_9829,0.0226231506290564
group_9833,0.023717190901843432
group_9835,0.0069357487639860604
group_9836,0.010185773535215992
group_9838,0.004440056615771404
group_9839,0.008865877392329358
group_984,0.014666700206749761
group_9842,0.014763191218792882
group_9852,0.022237682064901065
group_9854,0.01973213935061624
group_9860,0.012055889073731008
group_9863,0.003727713903860508
group_9872,0.003993129193267997
group_9873,0.011143223796308055
group_9879,0.04902077621688039
group_9881,0.012491250628041461
group_9885,0.0038858794208374015
group_9888,0.019218266274429574
group_9894,0.0031788951853402025
group_9897,0.0021005090599310883
group_9898,0.005303835402125534
group_9899,0.014082241968344178
group_9905,0.03596435074434168
group_9911,0.011325675158824211
group_9914,0.02338589739336072
group_9916,0.024005203409815268
group_9923,0.009935052017871593
group_993,0.022772160542368525
group_9935,0.018463404181661813
group_994,0.02210168349084074
group_9941,0.03488141986138804
group_9942,0.009463507834514662
group_9944,0.009046915488187368
group_9947,0.021937047566350953
group_9953,0.005691431302764061
group_9954,0.031648869761700116
group_9959,0.029469064454551885
group_9961,0.020906463498447936
group_9964,0.014737916911188087
group_9965,0.023642860422876666
group_9966,0.007437832317181314
group_9967,0.016651010872323235
group_9969,0.05733701946178593
group_9981,0.007218419138337762
group_9982,0.018034349755662316
group_9992,0.0023894690649568506
group_9993,0.026384415055829447
group_9996,0.012189394190747382
group_9998,0.041199106836135035
grsB,0.062012874658471384
gshA,0.03368099516181777
gspA_2~~~gspA_1~~~gspA,0.028772174665061767
gspB,0.050278245823387246
gspC,0.016623925133620432
gspC2~~~gspK_1,0.019680556569893426
gspD2_1~~~gspD2_2~~~sctC~~~gspD2~~~gspD2_3,0.023266710741587593
gspE_1~~~gspE_2~~~gspE,0.008411629728321657
gspF_2~~~gspF_1~~~gspF,0.008204641971599536
gspG,0.020173231976026385
gspH,0.04968546473190871
gspI,0.009744317203918884
gspK_2~~~gspK_1~~~gspK_3,0.014882193617403283
gspK~~~gspK_2~~~gspK_1,0.03550821725498787
gspL_2~~~gspL_1~~~gspL,0.04247254103580178
gspO_3~~~gspO~~~gspO_2~~~gspO_1,0.003862362753931814
hcaB_3~~~hcaB_2~~~hcaB_1~~~hcaB,0.048545838287934906
hcaC,0.018479734254015723
hcaD,0.009667151425319265
hcaE_3~~~hcaE_2~~~hcaE_1~~~hcaE,0.0012230099300656327
hcaR_1~~~hcaR_2~~~hcaR_3,0.0541737195508365
hcaR_2~~~hcaR_4,0.00549356117108557
hcaR_2~~~hdfR_4~~~hdfR_3~~~hcaR_1,0.03979348960812912
hcp1,0.038324429668960214
hcpA_1~~~hcpA_2,0.03626845718530469
hcpA_2,0.04566546978375108
hcpA_2~~~hcpA_3~~~hcpA_1~~~hcpA_5,0.03194001582527961
hcpA_2~~~hcpA~~~hcpA_3~~~hcpA_4,0.027816493896274386
hcpA_3,0.012745705948688402
hcr,0.02025892705661425
hemR_2~~~hemR_1,0.010563030624465286
hemR_2~~~hemR_3~~~hemR_1,0.017714560987376338
hemR_3~~~hemR_2~~~hemR_4,0.0073077282946452105
hemW_1~~~hemW_2,0.018761016715785228
hexR_1,0.00942096438565776
hha_1~~~hha_2,0.0012807113370543188
hicA,0.016389954323079436
higA,0.020044104540366092
higB1,0.00749182314898067
higB2,0.006353557703179691
higB2_1,0.048691862139405684
higB_2,0.03002820846540666
hilA_1~~~hilA~~~hilA_2,0.009895177352382989
hilA_2,0.01526784835641859
hin_1~~~hin~~~hin_3,0.03835175016471237
hin_2,0.007304541546220733
hin_2~~~hin,0.017079946821821457
hin_5~~~hin,0.013849038009250636
hipA_2~~~hipA~~~hipA_1,0.015979720180665957
hipB,0.025053320659989886
hipO~~~hipO_2~~~hipO_1,0.02335482896496388
hlyA_2~~~hlyA_1~~~hlyA,0.0456456636920346
hlyA~~~hlyA_1,0.02110866568639347
hlyB_1~~~hlyB_3~~~hlyB_2~~~hlyB,0.007818600919750285
hlyC,0.050025373199019674
hlyD_2~~~hlyD,0.05863526621561732
hmuU_1,0.06026953450877093
hns_1,0.006331060964797075
hns_1~~~hns_2,0.0002144805227419777
hns_2,0.029025604694159712
hns_4~~~hns_2,0.024098417505065806
hokC_1,0.03892079079754818
hokC_2~~~hokC_3,0.03260284021519144
hokE_1~~~hokE_2~~~hokE_3,0.01764240966414521
hokE_3,0.011350477805826431
hokE~~~hokE_2,0.01514761496974204
hosA,0.05073853174701326
hpaB,0.0018600482707702426
hpcG,0.017041539403201522
hpcH,0.0017247230845285344
hscC_2~~~hscC_1~~~hscC,0.023661396124891487
hsdM,0.0007551549078332886
hsdR~~~hsdR_2,0.03653467073363248
htrL_1~~~htrL~~~htrL_2,0.020053828353552294
hutX,0.010807023749134004
hxlB,0.004092003914131004
hxlB~~~hxlB_1,0.06286411395560676
hxpB_2,0.007362249768538831
hybF_2,0.048086813132972805
hyfB_7~~~hyfB_3~~~hyfB_4~~~hyfB_5~~~hyfB_6~~~hyfB_2~~~ndhB_4~~~hyfB~~~hyfB_1,0.003661159882292875
hyfC_1~~~hyfC_2~~~hyfC,0.02334333898402363
hyfE_1~~~hyfE~~~hyfE_2,0.00891716511914531
hyfR_1~~~hyfR_2~~~hyfR_3~~~hyfR,0.012904663872412181
iadA~~~iadA_1~~~iadA_2~~~iadA_3,0.024012144285048054
icd_1~~~icd_3~~~icd_2,0.009392355293912136
iclR_1~~~iclR_2,0.020552806639113852
icsA,0.024295608395966672
icsA_2~~~icsA_3~~~icsA_4,0.014984946890772344
idnD,0.028858335891452924
idnT_1,0.023388904117344955
idnT_2~~~idnT_1~~~gntT_2~~~gntT_1,0.004646122798188879
ifcA,0.0017590398092885984
imm_1~~~imm_2,0.007898447826301558
imm_1~~~imm_3~~~imm_2,0.007214672211350637
imm_4,0.041952946433933214
imm_4~~~imm_2~~~imm_3,0.00921120582559376
imm~~~imm_2,0.050423347062011015
insK_2,0.018220023439299293
insK~~~insK_2,0.011646606417832883
insK~~~insK_6~~~insK_2,0.038240000367447013
intA_1~~~intA_5~~~intS_2,0.0038490696589768003
intA_1~~~intA_6~~~intA_7~~~intS_3~~~intS_1~~~intS_4~~~intA_5,0.0222227978048104
intA_1~~~intA_8,0.011101604406420273
intA_1~~~intA~~~intA_5~~~intA_6~~~intA_4~~~intA_3,0.015292576367249566
intA_2~~~intA_4~~~intA_7~~~intA_1~~~intA_5,0.04552114566768828
intA_2~~~intA~~~intA_1~~~intA_3~~~intA_5,0.018573622900677655
intA_2~~~intS_1~~~intA_5~~~intA_4~~~intA_3~~~intA_1,0.020853982843970664
intA_3~~~intA_1~~~intA_2~~~intA_5~~~intS_1~~~intS_3~~~intS_2,0.003062788730129773
intA_3~~~intA_2,0.011132893614296924
intA_3~~~intA_4~~~intA_1~~~intA_2,0.0279934362677019
intA_4~~~intA_1~~~intA_2,0.006846443054712603
intA_4~~~intA_3~~~intA_2~~~intA_1,0.0030024225292339946
intA_4~~~intA_5~~~intA_3~~~intA_2~~~intA_1,0.006465157440708635
intA_4~~~intS_2~~~intA_3~~~intA_6~~~intS_1~~~intA_5~~~intA_1~~~intS_3,0.04899662710917374
intQ_1~~~intQ,0.0023103073921244555
intQ_2,0.007582363972719275
intQ_2~~~intQ,0.02371911270233129
intQ~~~intQ_2~~~intQ_1,0.026581495939085098
intS,0.018857671756384864
intS_1~~~intS_2~~~intS_3,0.01080458868170564
intS_1~~~intS_5~~~intS_3~~~intS~~~intS_4~~~intS_2,0.035321047855826126
intS_1~~~intS~~~intS_2,0.010275868702883884
intS_2~~~intS_3~~~intA_1,0.04361523506325571
iolG~~~afr,0.015377437195490895
iolS_1~~~iolS,0.007245997199309295
iraM,0.01566298837208091
irtA~~~btuD_4,0.055898269909626874
iucA_1~~~iucA_2~~~iucA,0.008366881559680683
iucA~~~iucA_2~~~iucA_1,0.003064545799112528
iucB_1~~~iucB_2~~~iucB,0.022541224714496044
iucC_1~~~iucC,4.458889421110612e-05
iucC~~~iucC_2~~~iucC_1,0.05165293210763777
iucD~~~iucD_2~~~iucD_1,0.013371522765951438
kbaY_3~~~kbaY_2~~~kbaY_1,0.003691798778691746
kdgR_2,0.014074317402195335
kdsD_1,0.04077828662892702
kduD_2~~~kduD_1~~~fabG_2,0.030854992566121897
kduD_3~~~kduD_4,0.04037721099937608
kefF_1~~~kefF_2,0.03607874429460578
kfoC,0.022388482248962394
klcA_1~~~klcA_2~~~klcA_3~~~klcA~~~klcA_4~~~klcA_5,0.022818188908136916
klcA_1~~~klcA_2~~~klcA~~~klcA_3,0.005181016057146159
klcA_1~~~klcA_3~~~klcA_6~~~klcA_2~~~klcA_5,0.015184690573204707
klcA_1~~~klcA~~~klcA_3~~~klcA_2~~~klcA_5~~~klcA_6,0.006794177577428284
klcA_2~~~klcA_3~~~klcA_1~~~klcA~~~klcA_4,0.0057954995585636215
klcA_2~~~klcA_4~~~klcA_1~~~klcA_6,0.01705848069426885
klcA_3~~~klcA_6~~~klcA~~~klcA_2~~~klcA_4,0.01157083986403773
klcA_5~~~klcA,0.04378925789346244
klcA_5~~~klcA_4~~~klcA~~~klcA_1~~~klcA_3,0.005491916515673045
korB,0.004523598795827866
kpsD,0.05121827660048517
kpsD_2~~~kpsD_1~~~kpsD,0.000493672244336496
kpsF,0.04010995179562271
kpsT,0.033999559585434325
kpsU~~~kpsU_1~~~kpsU_2,0.008774721360416127
kptA~~~kptA_1~~~kptA_2,0.008327681113148522
lacA_2,0.027876372053073473
lacB,0.061868414083838585
lacI_2~~~lacI_1,0.04958098573353098
lafS,0.05385692590560165
lafT,0.009605226747917195
ldh,0.010166510421427688
ldrD_1~~~ldrD_2~~~ldrD_3~~~ldrD,0.040462881316217336
ldrD_2,0.0699037238605078
ldrD_2~~~ldrD,0.01497439488817176
leuO_1~~~ybdO_2~~~ybdO_1,0.0005344107944198484
lexA_1,0.008345997770992097
lexA_1~~~lexA_2~~~lexA_4,0.000670125119363929
lexA_1~~~lexA_3,0.03506111421744884
lexA_1~~~lexA_4,0.027772542123841282
lexA_1~~~lexA_4~~~lexA_2,0.051610781244517234
lexA_5,0.00777269787510293
lgoD_2~~~lgoD_1~~~lgoD_3~~~lgoD_4,0.032348602486411915
lgoT_1~~~lgoT_2~~~lgoT_3~~~lgoT,0.017439049491319247
licT,0.008641751078764859
ligA_2,0.04049180452858869
livJ_2~~~livJ_1~~~livJ,0.002694224843236004
livJ_3~~~livJ,0.008756772275437141
livK_2~~~livK_1~~~livK,0.015643340109051662
lktA,0.027260278217858813
lldD_2~~~hmo,0.0322367404855477
lolA_1,0.032122845052313664
lpfA_2~~~lpfA_1~~~lpfA_3,0.0167234523413744
lpfA_2~~~lpfA_3,0.007644611370835719
lpfB~~~lpfB_2,0.051010544674500835
lpfC~~~lpfC,0.0235026969873926
lpfD_2~~~lpfD_1~~~lpfD,0.03929936234429876
lptG_2~~~lptG_1,0.03830102865268725
lsrB_4~~~lsrB_2~~~lsrB_1,0.02332918786618232
lsrD,0.02630596246599537
lsrD_2~~~lsrD_1,0.0030803421935319264
lsrG~~~lsrG_1~~~lsrG_2,0.0004470823618933917
ltnD_1~~~ltnD_2~~~ltnD_3~~~ltnD_4~~~ltnD,0.0043589829848720285
ltrA,0.03848339806501966
ltrA~~~ltrA_1,0.015019167947201373
ltxB_2~~~ltxB,0.0022609853061268392
lutA_1~~~lutA_2,0.0074121404752522935
lutB_2~~~lutB_1,0.027141232649534386
lutB_2~~~lutB_1~~~lutB,0.006607241561751742
lutC~~~lutC_1,0.004242924236969259
lutP,0.010658200220653224
lutR_1,0.014068986650787929
lutR_2,0.004806534381866401
lutR_3~~~lutR,0.023351043132437077
macB_2,0.035583875393423225
malF_1~~~malF_2,0.011843281828341823
malG_2~~~ngcG,0.026934605982802395
malI_2,0.016476301059420217
malY_1~~~malY_2~~~malY_3,0.04851907608320616
manC1_1~~~manC1_2,0.03755043844181194
manC1_1~~~manC1_2~~~manC1,0.011327515630294549
manC1_2~~~manC1_1,0.02919573044982493
manC1_2~~~manC1_1~~~manC1,0.0035788488184913536
manZ_1,0.005735800262611557
mazF_2,0.009345728885151283
mazF~~~mazF_1,0.03800613515514639
mbeA,0.007490992343669456
mbeC,0.009236694327480643
mbeC~~~mbeC_2,0.011678962821056738
mcbB,0.0007666203802894067
mcbR~~~mcbR_1~~~mcbR_2,0.03734040066320232
mchB,0.012280955152980333
mchI,0.02428679670836087
mcjA,0.025704132450903083
mcpU~~~aer_2~~~mcpQ,0.052101366129196025
mcr11,0.0497901872650639
mcrC,0.0008690214948430253
mdoB_1,0.005193651757122941
mdoB~~~mdoB_5~~~mdoB_1~~~mdoB_6~~~mdoB_2,0.03245200101139911
mdtH_2,0.03697832442774285
mdtJ_2~~~emrE_1~~~emrE,0.015574954093618754
mdtL_1,0.02152927359172674
melB~~~melB_1~~~melB_2~~~melB_3~~~melB_4,0.04247863117066486
mepA_2,0.024615305572870838
mepM_2,0.012654645165163458
merC,0.010976302785387304
merP,0.010177573075072166
metG_1~~~metG_2~~~metG,0.005602279505750651
mexB_2~~~mexB_1~~~ttgE,0.024147653773902045
mggB_1~~~mggB_2~~~yfkN_1,0.00202682254650588
mggB~~~mggB_2,0.004443269829371932
mhbM~~~mhbM_2~~~mhbM_1,0.00827662897451975
mhpA_4~~~mhpA~~~mhpA_1~~~mhpA_2~~~mhpA_3,0.004029597436245869
mhpD_1~~~mhpD_2~~~mhpD,0.038271905252891925
mhpF_1~~~mhpF_2~~~mhpF_3~~~mhpF,0.02484391550107312
mhpT_1~~~mhpT_2~~~mhpT,0.0008555509577190534
mipA_1,0.012144775723341938
mltA,0.00317126251477462
mltA_2~~~mltA_1~~~mltA,0.008307391587962787
mltC_2,0.023934194988501467
mltF_2~~~mltF_1,0.0028980179950943707
mmgB~~~fadB_2~~~hbd,0.04192601046625577
mmr~~~emrE,0.022133071242367297
mmuM,0.0333852587536434
mngA_3~~~mngA_2~~~mngA_1~~~mngA,0.030831644830154215
mngR_1~~~mngR_2~~~mngR_3,0.009509050693343735
mntB_2,0.026212828326197757
mntB_3~~~mntB_4~~~mntB_1~~~mntB~~~mntB_2,0.05694557065142858
mntB_5~~~mntB_2,0.044501342821433365
mntH_2,0.006091546010414506
mocA,0.027856181345793818
mopA,0.015396312334169604
mprA_2~~~mprA_3~~~mprA_1~~~mprA_4,0.012214900688954478
mprA_3~~~mprA_1~~~mprA_2,0.028860361829128323
mqsA,0.02673829689407703
mqsR,0.0002363608018687291
mrpA~~~ybgD_1,0.0007506095085816344
mrr,0.04882903145935291
msbA_2,0.011329389181047977
mshA_1~~~mshA_2,0.03394613089147591
mshA_2,0.020996874332239512
mshA_2~~~mshA_1,0.015905212503127375
mshA_3~~~mshA_1,0.004518726998695266
mshA_4~~~mshA_1,0.006198530982352679
msmE,0.022847363173563506
msmX_1~~~msmX~~~msmX_2~~~btuD_3,0.006817257275840705
mtlA_3~~~mtlA_2~~~mtlA_1,0.017987429036643743
mtlK_1,0.00643013873699072
mtlR_2~~~manR,0.0027562540283190273
mtnA_2~~~mtnA_1~~~mtnA,0.018734656796570937
mxiC,0.0011149083289128114
nadC_2,0.01940517569369793
nagL,0.03390799496619468
nanC,0.011499673185344061
nanE_2,0.027568710240962968
nanM~~~nanM_2~~~nanM_1,0.02583747952926041
nanR_1~~~lutR,0.0074817404505069796
nanR_3,0.04492360951152086
nanR_3~~~pdhR_1~~~lldR_3,0.012983107153502926
nanS_1~~~nanS,0.037728690773847884
nanS_2,0.0027307633217297234
nanT_2~~~lgoT_1~~~lgoT~~~lgoT_2,0.004236518824429769
ndhF,0.02577965494765455
ndhI_2~~~ndhI_1,0.03480654303619768
ndhS,0.047591195376662565
neo,0.011031613297732168
neo_2~~~neo,0.029228770293259876
neuA~~~neuA_1~~~neuA_2,0.022222026132763695
neuC_1~~~neuC_2~~~neuC,0.006365610241904296
nfaA,0.018620788096683105
nfsA~~~nfsA_2~~~nfsA_1,0.07484925190421698
ngcG,0.02713465768489076
nlhH~~~aes_2~~~aes_1,0.011880475908305765
noc_1~~~noc,0.008155495299414728
nohA_1,0.027063875333049436
nohA_1~~~nohA,0.013806763017892187
nohA_2,0.03638042008629383
nohA_2~~~nohA_1,0.014507197100395608
nohA_2~~~nohA~~~nohA_1,0.02298548513838994
norR_4,0.00020985415621765924
norR_5~~~atoC_2~~~atoC_1~~~atoC,0.010815185688229478
nplT,0.0014110878065505261
nqrC_2~~~nqrC_1~~~nqrC,0.00262950397912598
nrdA_2,0.00164462985803282
ntdB,0.010386817659541414
ntdC,0.020906288837033715
nupX_1~~~nupX~~~nupX_2,0.02468702893889141
ogl,0.009646703441531068
oleD~~~oleD_1~~~oleD_2,0.04039526842513497
ompD_1~~~ompD_2~~~ompD,0.016828923890179093
ompD_2~~~ompD~~~ompD_1,0.028121939807610907
ompG_2~~~ompG,0.019787024740748782
ompN_1~~~ompN_2~~~ompC_1,0.014375737702133629
ompP~~~ompT_2~~~ompT,0.013928410169909311
ompT_1~~~ompT_2,0.024631110654866895
ompT_3~~~ompT_2~~~ompT_1~~~ompT,0.008432880879903237
ompX_2~~~ompX_1~~~ompX_3~~~ompX_4~~~ail,0.03846678299989992
ompX_3~~~ompX_1~~~ompX_2~~~ompX_4,0.06116468094757255
ompX_4~~~ompX_2~~~ompX_3,0.00930100344594087
opgE_2~~~opgE_3,0.005819875499436522
orgA,0.01348486951132144
otnC,0.005451945359844501
otnI,0.0003890585959347437
otnK_1~~~otnK_2~~~otnK,0.012870325083131684
paaC,0.0067529905454064565
paaE_1~~~paaE~~~paaE_2~~~paaE_3,0.010820345723939084
paaF,0.007818849596169963
paaG_2~~~paaG_1~~~paaG,0.02447782782730168
paaH_3~~~paaH_1~~~paaH_2~~~paaH,0.014420745098269183
paaI,0.03321282955348215
paaX,0.025070719699364252
pagN~~~pagN_2,0.04535739747707246
pal_1~~~ompA_2~~~ompA_1,0.015429129143972098
pal_1~~~pal_2~~~pal_3,0.008110510300254337
panZ,0.03008324246259164
paoB,0.040688523128971976
paoC_1~~~xdhA_1~~~xdhA_2,0.028674447115539348
papA_2~~~papA~~~papA_1,0.012201568031841914
papA~~~papA_1~~~papA_2,0.013173415471298133
papA~~~papA_2~~~papA_1,0.053953233381884846
papB~~~papB_1,0.029347981546711255
papC_2~~~papC_4~~~papC_5~~~papC_3,0.030879854556360664
papC_3~~~papC_1~~~papC_2~~~papC_4,0.016717072781593956
papD,0.03697240444340322
papD_1,0.025807870080098994
papD_2~~~papD~~~papD_1,0.03048053674360096
papE~~~papE_2~~~papE_1,0.008954464377406435
papG,0.02441659898414361
papG_2~~~papG~~~papG_1,0.014424497851513118
papH_1~~~papH_2~~~papH~~~papH_3,0.013938227236753198
papH_2~~~papH,0.029238561096150084
papH_2~~~papH~~~papH_1,0.017270825545091073
papK,0.0007969585710445592
papK_2~~~papK,0.006009578871420951
parA,0.07378860624820804
parD1,0.0009785977457350548
parM_1~~~parM_2,0.015994304487511046
parM_1~~~parM_2~~~parM,0.06311737546496099
parM_1~~~parM~~~parM_2,0.016074923687275033
patB,0.021204371366440933
patB~~~malY_2,0.02382998826515026
pcoC,0.03045339826701965
pdeC_1~~~pdeL_1~~~pdeL_2,0.015124420241863223
pdeL_2~~~pdeL_1~~~pdeG_1,0.02364153675286973
pdeL_2~~~pdeL~~~pdeL_1,0.016568088589808294
pduA_1,0.025244369645387454
pduC,0.03286286366019131
pduD,0.07455828960957267
pduE,0.03412885291619272
pduF~~~pduF_2~~~pduF_1,0.022571155070323368
pduL,0.06525761913273098
pduV_2~~~pduV_1,0.008297601146817213
pelX~~~pelX_2~~~pelX_1,0.01987398643116811
pet~~~sat~~~sat_1~~~sat_2~~~sat_3,0.010497969825008946
pfeA~~~fepA_2,0.026568412999501412
pflD_2,0.0030017499725532026
pgaA_1~~~pgaA_2~~~pgaA_3~~~pgaA_4~~~pgaA,0.022577029298342044
pgaB_1~~~pgaB_2~~~pgaB_3~~~pgaB_4~~~pgaB,0.015052082210094353
pgaD,0.03258653611807971
pgiA,0.06470983991384105
pgrR_1~~~pgrR_4~~~pgrR_2~~~argP_2~~~pgrR_3,0.02392406749607634
pgrR_2~~~pgrR_1~~~pgrR_3,0.009215585921623415
pgrR_3,0.0013792041544882228
pgrR_5,0.020487689581710766
pgrR_6,0.002601849199763917
pgtP,0.01259599426639002
pheA2,0.014335618638397607
phnR,0.013198927411270267
phoP_2,0.007274909490111892
php_1~~~php_2,0.05512890579265273
pikAV~~~lgrE~~~pikAV_1,0.034026566619765
pinR,0.025547681072455752
pksC,0.003079970010039901
pld1,0.021519004718393298
pncC_1~~~cinA~~~pncC_4~~~pncC_2~~~pncC_3,0.02122720521430188
pncC_1~~~pncC_2,0.024707527788310646
pndA,0.005514986905342134
pndA_2,0.03265114843559758
potF_1~~~potF_2~~~potF,0.02034216982585213
potH_1~~~potH_2~~~potH,0.04409355870692799
poxB_1~~~iolD_1~~~poxB_2~~~poxB,0.0069181975052858835
pphA_2,0.016101576446945653
prgI,0.008062152377810383
proA_2,0.049192569998599556
proP_2,0.011221262978216906
proP_2~~~kgtP_2~~~proP_1,0.0280612797164006
proQ_2,0.017319662202889052
prpD_1~~~prpD_3~~~prpD_2~~~prpD,0.0017837102616418132
prsE~~~hlyD_2,0.04048783864233263
prsF,0.003934068954770442
prsF~~~prsF_1,0.0010685951716016273
psiB,0.02590872532352062
psiB_1~~~psiB,0.03477658778998105
psiB_3~~~psiB_1~~~psiB,0.011400791981606595
psiB~~~psiB_2,0.02884831515211239
pspA_3~~~pspA_2,0.005445871815860759
pspC_2,0.0103192853450782
pspD_2,0.005401963472563276
pspF_2,0.004677382554499454
psuG_1,0.035512911442354245
psuK_2,0.02289132824420048
psuT_2~~~psuT_3~~~nupX_2~~~psuT_1,0.0172741572439421
ptlA,0.004741450643007683
ptsP_4~~~ptsP_2,0.019091984698225817
ptxA,0.05861800800734507
puuA_2~~~puuA_1~~~puuA,0.005053290873381355
puuB_1~~~puuB_2~~~puuB_3~~~puuB,0.024664449419186996
puuC_1~~~puuC_2~~~puuC_3~~~puuC,0.03005016546292394
puuD,0.001918865895779387
puuE_1~~~argD_3~~~puuE_2~~~puuE,0.025840804745236978
puuP~~~puuP_2~~~puuP_1,0.017280518273724788
puuR_2~~~puuR_1~~~puuR,0.034282699465135735
qseD~~~yjiE~~~yjiE_2~~~yjiE_1,0.01867573710784365
queC_2,0.015627644614756964
queF,0.011587747235935586
rafA,0.028364105426558428
rafB,0.03725739588807686
rafB~~~rafB_1,0.06911664040007115
rafR,0.025789854337870954
rapA_1,0.012105870794201667
rapA_3~~~rapA_1,0.0006649207008970759
rbsA_1,0.003532286486077618
rbsB_1,0.010465308437968668
rbsC_1,0.0017407636405208926
rbsC_4~~~rbsC_1,0.01975683074764123
rbsK_2~~~rbsK_1~~~rbsK_3,0.01889269431833185
rbtD,0.01901496848067996
rclC_1~~~rclC_2~~~rclC,0.010232950787093076
rcsA_1,0.012461756208347108
rcsA~~~rcsA_1~~~rcsA_3,0.006034121538529558
rcsB_2,0.011047291215650734
rdmC~~~rutD_2,0.04738250499485619
recA_2~~~recA_1,0.023133471588656418
recE,0.03393103531242114
recE_3~~~recE_2~~~recE~~~recE_1,0.010703756045231438
recQ_2~~~rhlE_1~~~rhlE_2,0.004489439698532438
recX,0.020924842946562938
relE,0.0019648936403813266
relE2,0.004585065423126533
relE_1~~~relE,0.01896439391381244
relE~~~relE_2,0.00501223383130589
repA_2~~~repA,0.016906347242746866
repA_3~~~repA_1~~~repA,0.03355188551250543
repA~~~repA_1,0.0304802174204708
repB,0.023669786959327865
repB_1,0.009395781619985222
repE,0.02528556519305325
repE_2~~~repE,0.010078380063440306
repE~~~repE_2~~~repE_1,0.014399606771452467
rep_2~~~rep_1,0.029788993053075474
rfaL,0.0174445599347115
rfaL~~~yibX,0.0220425812842604
rfbA~~~rffH_2~~~rffH_1~~~rffH_3~~~rmlA,0.015932200377545502
rfbB,0.019347786295826674
rfbB~~~rmlB~~~rffG_2~~~rffG_1~~~rfbB_2~~~rfbB_1,0.015720678475595662
rfbC~~~rfbC_2,0.014157843256956237
rfbD_1~~~rfbD_2~~~rfbD,0.009839229234887226
rfbD~~~rfbD_2,0.033746285477781246
rhaR_1~~~rhaR_2,0.03903898640064862
rhaR_3,0.01787092695985648
rhaS_1~~~rhaS_4~~~rhaS_2,0.0024886518142248626
rhaS_6,0.045191807030227515
rhlE_4,0.06983300140936732
rhmD_1~~~rhmD_2~~~rhmD,0.0469087165733022
rhmT_2~~~rhmT_1~~~rhmT_3,0.03443526569446753
rhmT_2~~~rhmT_3~~~rhmT_1~~~rhmT,0.019663361160641157
rhsA~~~rhsB~~~rhsA_2,0.0019441630697525358
rhsB,0.03851417260310197
rhsB~~~rhsC,0.05187517797021757
rhsC~~~rhsC_1~~~rhsC_4~~~rhsC_5~~~rhsC_3~~~rhsC_2,0.010941112036151557
rhsC~~~rhsC_2~~~rhsC_3~~~rhsC_4~~~rhsC_1~~~rhsC_9~~~rhsD_1,0.02011027623856121
rhsD_1~~~rhsC_8,0.06602710999383987
rhsD_1~~~rhsD_8~~~rhsC_3~~~rhsD_3~~~rhsD_2,0.011764134906017576
rhsD_2~~~rhsD_12~~~rhsD_1~~~rhsD_4~~~rhsD_6~~~rhsD_5,0.0014456827087467872
rhsD_2~~~rhsD_8~~~rhsD_3~~~rhsD_5~~~rhsD_1,0.002510851416481774
rhsD_4~~~rhsD_5~~~rhsD_18~~~rhsD_17~~~rhsD_16~~~rhsD_15~~~rhsD_6~~~rhsD_1,0.013487903330397177
rhsD_7~~~rhsD_1~~~rhsD_5~~~rhsD_3~~~rhsD_10~~~rhsD_9~~~rhsD_8~~~rhsD_2~~~rhsD_4,0.03998462370066469
rhsD~~~rhsD_1~~~rhsD_3~~~rhsD_6~~~rhsD_2~~~rhsD_4,0.013665017458631246
rhtC_2~~~leuE_1~~~leuE_2~~~rhtC_1,0.0006125773503784515
rihB_2,0.05805414794369601
rlmM,0.0011657154481277132
rlmM_1~~~rlmM_2~~~rlmM,0.030161000842418906
rob_2~~~rob_1~~~soxS_1,0.012569083521556834
rocC,0.03043160763006192
rop_1,0.04866113813972839
rop_2,0.005360920559829729
rpe_1,0.023350653293829238
rpiR_2~~~rpiR_1~~~rpiR,0.028312933770319182
rpnA_2,0.02472984932285205
rpoH,0.0032127660440579575
rpoS_2,0.0037529816555568196
rrrD_1~~~rrrD_3~~~rrrD~~~rrrD_2,0.016239165153780766
rrrD_2,0.004358335528551693
rrrD_2~~~rrrD_1~~~rrrD_4,0.0018847633158518562
rrrD_2~~~rrrD_3,0.0036904415307188465
rrrD_2~~~rrrD_3~~~rrrD~~~rrrD_1,0.010643384192599026
rrrD_5~~~rrrD_3,0.014035274612417048
rrrD_6~~~rrrD~~~rrrD_2~~~rrrD_3~~~rrrD_4~~~rrrD_1,0.0036340719388872067
rrrD~~~rrrD_3~~~rrrD_1~~~rrrD_2,0.011826089454929134
rsmD,0.014741324077348406
rsmD_2~~~rsmD_1~~~rsmD,0.01575348701776469
rsxC_2~~~rnfC~~~rsxC_1,0.030904485577788465
rtcB_1~~~rtcB_2~~~rtcB_3~~~rtcB,0.03700470390931576
rusA_1~~~rusA_2~~~rusA~~~rusA_3,0.025887833057226528
rusA_1~~~rusA_3~~~rusA_2,0.030948136014662397
rusA_2~~~rusA_5~~~rusA_1~~~rusA_3~~~rusA_4,0.0017625049451208685
rusA~~~rusA_4~~~rusA_2~~~rusA_1,0.07739920073458184
rutB_2~~~rutB_1,0.030492999033244317
sacA_1~~~sacA,0.03741315044062077
sacA_2~~~sacA,0.027583829468075027
sacX,0.0033170369312451875
sadB,0.022531532816999933
safA,0.019880017665484973
salL,0.023243518008438935
sapB_3~~~sapB_2,0.014326445869550675
sasA~~~resE~~~kdpD_2~~~sasA_1,0.05722161194969333
scoA,0.002765518677258605
scpC,0.007865592285479117
scrK_2~~~scrK_1~~~scrK_3~~~scrK,0.0010222868348894742
scrK~~~scrK_1~~~scrK_2,0.009175636829935163
sdaB_3~~~sdaB_2~~~sdaB_1~~~sdaB,0.001874720179535938
sdaC_1~~~sdaC_2~~~sdaC,0.013612331968063884
sdgD~~~nagI,0.007846518837329342
sdhL,0.028204359085549413
sfaA_2~~~sfaA~~~sfaA_1,0.0012300265613187644
sfaA~~~sfaA_2,0.010985466866657134
sfaG,0.039149395905151874
sfaH_1~~~sfaH,0.0007171088386248581
sfaH~~~sfaH_2,0.01624690886435176
sfaS_1~~~sfaS,0.02914279324699809
sfmA,0.0483379613564463
sfmD~~~sfmD_2~~~sfmC,0.023583422270410992
sfmF,0.009054804691611462
sfmH,0.005341184694880097
sgbH~~~lyx~~~xylB_3,0.00584236941195071
sgrR_2~~~sgrR_1~~~sgrR_3,0.03349171231054804
siaM_1~~~dctM_3~~~dctM_1,0.00909457658472812
siaM_2~~~dctM_3~~~dctM_2~~~siaM~~~siaM_1,0.009144924250985786
siaP,0.008990166398851862
siaT,0.032832377028231496
sicA_2~~~ipgC,0.001803866349846306
silE_1,0.012635396513172248
smc_1,0.01597464147397365
smf1,0.0025048492719867976
smrA,0.045509033365783935
sopB,0.008060935259664781
sorB_4~~~sorB_3~~~sorB~~~sorB_2,0.004672388413887729
sorC_1,0.02227031963195114
sorC_3~~~sorC_1~~~sorC_2,0.01156160126033079
spaO,0.004816240076248812
spaP~~~spaP_2~~~spaP_1,0.0005241754990521486
speA_2~~~speA,0.009684536167754887
speF_1~~~speF_3~~~speF~~~speF_2,0.024283834034678042
srfAA_1~~~srfAA,0.00836883057774318
srfAD~~~pikAV,0.02269605487561588
srlA,0.03568171992339897
srlA_2,0.0018000062136032113
srlA~~~srlA_1~~~srlA_2,0.007473909969153203
srlD,0.01289523228726508
srlE_2~~~srlE_1~~~srlE,3.8814813919207936e-05
srlR_4~~~srlR_1,0.04340820366821263
srlR_5,0.028180940492900097
srmB_3~~~srmB_1~~~srmB_2,0.039244680530806875
srpC,0.025380949184746315
ssb_1~~~ssb_3,0.028810067023232744
ssb_2~~~ssb_3,0.012039900730231423
ssb_4~~~ssb_2,0.0016414582507700004
ssuB_1,0.02737643919570698
stbB,0.019531337962262585
sucB_1~~~sucB_2~~~odhB,0.03659451435963046
sucC_2~~~sucC_3,0.02858395798856983
sucD_2,0.0032062976312761116
symE_1~~~symE_3,0.03207305205811206
tabA_1,0.02728366427365203
tagD~~~tagD_2,0.019604087949652405
tagG_1,0.03950426929075501
tam~~~tam_2~~~tam_1,0.01050072255329182
tcdA,0.038085025343388645
tcpE,0.003699535175250679
tdcD_2,0.00018072531465707087
tdh_2,0.0016341426986323793
tetA_2~~~tetA_1~~~tetA,0.006782170462570125
tetA~~~tetA_2~~~tetA_1,0.0066731634199341805
tetC,0.01620017968321874
tetD,0.04568840170586852
tfaE_1~~~tfaE,0.010603803417424507
tfaE_1~~~tfaE_2~~~tfaE,0.00011388172469106728
tfaE_2~~~tfaE~~~tfaE_3,0.007507543454925214
tfaE_3~~~tfaE_2~~~tfaE_7~~~tfaE_1~~~tfaE~~~tfaE_4~~~tfaE_6,0.009644381741294117
tktA_3~~~tktA_2~~~tktA_1,0.009893043439830995
tmk_1,0.002039943053516291
tmk_2,0.025923660038047913
tmrB,0.042646371321679366
tnpR_1~~~tnpR,0.05715590955562533
tnpR~~~tnpR_1,0.018748630383385034
tnsB~~~tnsB_2,0.009539498261829094
tnsE,0.0006325164678819828
topB_2~~~topB_3~~~topB_1,0.014208940819450788
tqsA_2~~~tqsA_1,0.03604897323726708
traA,0.028234251121551424
traA_1~~~traA~~~traA_2,0.005610961874025655
traA~~~traA_2~~~traA_1,0.01797382530613567
traC_1~~~traC_3,0.0028106566057681803
traC_2~~~traC_3~~~traC_5~~~traC_1~~~traC_4~~~traC,0.001777157072807567
traC~~~traC_2~~~traC_6~~~traC_3~~~traC_1,0.010048831952245596
traD_4~~~traD_3~~~traD_2,0.012163324434850464
traJ,0.04756739026120771
traJ~~~traJ_2,0.014524881174910353
traM_1~~~traM_2~~~traM,0.024640602335649353
traM~~~traM_2~~~traM_3~~~traM_1,0.046718312053497746
traN~~~traN_2~~~traN_1,0.034311562885037894
traN~~~traN_3~~~traN_2~~~traN_1,0.005577738139172839
traR,0.00705471217215492
traR_1~~~traR_2~~~traR,0.01596455008792308
traS,0.0027886590924719457
traV,0.0015359590644474785
traY,0.035157090970892035
trfA,0.0024849834170901364
trfB,0.005984725358787246
tsaR_1,0.04283550490935495
tsh~~~hbp_1~~~hbp~~~tsh_2~~~hbp_2~~~tsh_3~~~tsh_1,0.017946006626406108
tsh~~~pic~~~pet,0.009272775846430603
tsr_1~~~tsr_2~~~tsr~~~tsr_3,0.04625781240498239
tsx_2~~~tsx_1,0.004583117236201639
ttgR,0.004430045596368171
ttuB_2~~~ttuB_1~~~ttuB,0.012836331548478963
tuaB,0.04727100753101654
tufB_3~~~tufB_2~~~tufB~~~tuf1~~~tufB_1~~~tuf1_2,0.018123790485452984
tufB~~~tuf1,0.12011923374115097
ugd_2~~~ugd_1,0.08692750035331742
ugpA,0.035706731684663096
ugpB_1~~~ugpB_2~~~ugpB_3~~~ugpB,0.02347280980206512
ugpC,0.0020730735347120888
ugpC_2,0.03662221613764616
uhpA_2,0.0007003570907122558
uhpB_2~~~uhpB_1,0.011414789750155085
uhpC_1,0.03101797170058762
ulaA_1~~~ulaA_2,0.002457488137440178
ulaB_1,0.012221120215345271
ulaB_1~~~ulaB_2,0.027453182257638264
ulaB_2,0.010304137859282969
ulaC_2~~~ulaC_3,0.06717948720529598
ulaE_2~~~ulaE_1~~~sgbE_1~~~sgbE~~~sgbE_2,0.0015410295035065413
umuC_1~~~umuC_2~~~umuC_3,0.0752988294488588
umuD_2,0.0022157742374939726
uvrD_2~~~yjcD,0.036794026110881894
uxaA_1,0.03867786103053805
uxaA_2~~~uxaA_1,0.019886157014810113
uxuA,0.002448026710072382
vapB~~~vapB_2,0.05734460953435394
vapC_2,0.03593065067131129
vapC~~~vapC_2,0.02977329838991838
vapC~~~vapC_2~~~vapC_1,0.005951311459613251
vdcD,0.023221016781912462
vgrG1,0.005546777093775379
vgrG1_1~~~vgrG1_4~~~vgrG1_2~~~vgrG1~~~vgrG1_3,0.030977935216949914
vgrG1_1~~~vgrG1~~~vgrG1_2~~~vgrG1_3,0.01377982684024337
vgrG1~~~vgrG1_3~~~vgrG1_2~~~vgrG1_1,0.06421030527378746
virB,0.030702192209655532
virB1,0.004277810413583216
virB4_1,0.0038405205759100003
virB4_3,0.005207628502260642
virB4~~~virB4_1,0.0015508304462772404
virB6,0.0115831069500405
virB9_1,0.00011816602990610825
virB9_1~~~virB9,0.03837142785001846
virD4,0.022277684436894596
virF,0.058399743793349446
vnfA~~~atoC_1~~~atoC_2,0.012728916633348852
wbbD,0.010522273124441206
wbbL_2~~~wbbL,0.041136694677223584
wbjC,0.025589435272889816
wcaJ~~~wcaJ_2~~~wcaJ_1,0.009466214185310129
wecC_2~~~wecC_1,0.011642871240965746
wecD_1,0.03222203529627632
wfgD,0.01962390356008381
wzb,0.017429760030729824
xapA~~~xapA_2~~~xapA_1,0.004171433423295845
xcpW,0.0019949741784286434
xerC_1,0.03579970558109946
xerC_10~~~xerC_3~~~xerC_8~~~xerC_6,0.03466289088168195
xerC_1~~~xerC_2~~~xerC_5,0.005257420303580007
xerC_1~~~xerC_3,0.03626956272101767
xerC_2~~~xerC_1,0.007960804269693256
xerC_3~~~intQ~~~intQ_1~~~intQ_2,0.02211808724574471
xerC_3~~~xerC_2~~~xerC_6,0.014764240706530929
xerC_3~~~xerC_5~~~xerC_4,0.030755445795553005
xerC_3~~~xerC_7~~~xerC_5~~~xerC_6~~~xerC_4~~~xerC_1,0.0018139131431684774
xerC_4~~~xerC_3,0.024230586826212708
xerC_4~~~xerC_7~~~xerC_3~~~xerC_5~~~xerC_2,0.018281056545139007
xerC_5,0.001989049163518608
xerC_5~~~xerC_1~~~xerC_4~~~xerC_3~~~xerC_2~~~xerC_6,0.02945579138351251
xerD_3,0.032711661590398844
xerD_3~~~xerC_3~~~xerC_2~~~xerC_4~~~xerD_2~~~xerC_7~~~xerC_6~~~xerC_5~~~xerC_1,0.023117472974043762
xerD_3~~~xerD_1,0.004708783604230549
xerD_5,0.012525003963879566
xylB_1,0.015976122850184682
xylG_2~~~aldB_2~~~betB_2~~~betB_1,0.04073943376420863
xylP,0.0062517218834212684
xynR,0.03261965895280783
yadA,0.022944349803136532
yadC,0.014210479284745947
yadC_2~~~yadC,0.009468235932301727
yadK,0.0102235545646705
yadM,0.007769290889624747
yadN,0.019692623027988354
yafN,0.042097633722204986
yafQ,0.03527962993373279
yagE,0.015627731527518174
yagU_1~~~yagU_3~~~yagU_2,0.04166215044558097
yahB_3,0.01843526900467074
yahK_2~~~yahK_1~~~yahK~~~tdh_1,0.006586121021282976
ybbA,0.033698347446136534
ybbC_1~~~ybbC,0.01640802575153777
ybbC~~~ybbC_2,0.03472685250603025
ybbH_1~~~murR_1~~~ybbH,0.03599944194951932
ybbH_2~~~ybbH_1,0.03050446902313375
ybcO_1~~~ybcO~~~ybcO_2~~~ybcO_3,0.00649177857340022
ybcO_3~~~ybcO_1~~~ybcO,0.03151158874206628
ybcO~~~ybcO_1,0.013620082493964736
ybcO~~~ybcO_2~~~ybcO_1,0.011018162164118106
ybdM_4~~~ybdM_3~~~ybdM_1~~~ybdM_2,0.00978625309106862
ybeT,0.0029179008052009348
ybgD~~~ybgD_2,0.012684158534798984
ybhA_2,0.005541565037590068
ybiI_2,0.04978885628104446
ybiO_1~~~ybiO,0.011757922816122646
ybjL_3~~~ybjL_2~~~aspT_2~~~aspT_3~~~aspT_1,0.024108764172894315
ybjM,0.014446423143311238
ybjN,0.004803257205652667
ybjO,0.035128799207545525
ybjP,0.008297751098524708
ycaM_2~~~ycaM_1~~~ycaM,0.00633265392344029
ycbV~~~fimF_3~~~fimF_1~~~fimF_2,0.001608461206555889
yceD_2,0.016038681303797375
yceD_3,0.0010406905522273302
yceD_5,0.03993364503461505
ycfH_2,0.020654516927780087
ycfZ~~~ycfZ_1~~~ycfZ_2,0.02284326703793882
ycgZ,0.03459756137997361
yciC,0.038889343580301494
yciF_2,0.00640090147132133
ycjM_1~~~ycjM~~~ycjM_2,0.04886808296599754
ycjO,0.009033739627401394
ycjY_2~~~ycjY_1~~~ycjY_3,0.013602112796768928
ydaW,0.0020003893734330536
yddA_1~~~yddA_2~~~yddA_3~~~yddA_4~~~yddA,0.008288616308299579
ydeO_2~~~gadW_1,0.006896254427139148
ydfB~~~ydfB_2,0.01363334512553327
ydfJ_1,0.028432799461647784
ydfJ_1~~~ynfP,0.016985441094737208
ydfR,0.02950196959904572
ydiF_2~~~ydiF_1~~~ydiF_3,0.017251897878505673
ydiV_2~~~pdeH_2,0.0018871963885496168
ydjE_5~~~ydjE_3~~~ydjE_4~~~ydjE_2~~~ydjE_1,0.019231862568441782
ydjF_1,0.006318723223335043
ydjF_2,0.07926344789803808
ydjJ_2~~~ydjJ_1~~~tdh_7~~~ydjJ,0.030804380641798357
yeaR_2~~~yeaR_1,0.03841923190225538
yeaW_3~~~yeaW~~~yeaW_2~~~yeaW_1,0.0034106918619671855
yeaX_2~~~yeaX~~~yeaX_1,0.0017839306793776544
yedK_3~~~yedK_2,0.00039246177263363435
yedR,0.0265832035947402
yedS,0.03681258924044295
yedY1~~~yedY1_2,0.030996098056108368
yeeD,0.01834809861080311
yeeR~~~yeeR_1~~~yeeR_3,0.01822104474138686
yeeW,0.011096028968054394
yeeW_1,0.0102543668801518
yeeW_2~~~yeeW,0.017935752381097236
yehA_1,0.00867105803493673
yehA_1~~~yehA~~~yehA_2,0.007946228440453229
yehB_2~~~yehB_1~~~yehB_3,0.0017308650701397532
yehC_2,0.0014823766100027225
yehD_2,0.04003735806213293
yfcO,0.03053426497960987
yfcO_1~~~yfcO_2~~~yfcO,0.007271744517496792
yfcS_1~~~yfcS_2~~~papD_1,0.019637747699377872
yfcS~~~yfcS_1~~~yfcS_2,0.0290940894050149
yfdG,0.00453082736721111
yfdH,0.0011772675981727154
yfiZ,0.0030864898308802236
ygbF,0.016049122677587402
ygbN_4~~~ygbN_3~~~ygbN_2~~~ygbN_1~~~ygbN,0.0010929239038495187
ygbT,0.011510946947981493
ygcB,0.02265177351768899
ygcS_3~~~ygcS_2~~~ygcS_4~~~ygcS_1~~~nanT_2,0.0007801390022903476
ygdG~~~ygdG_1~~~ygdG_2,0.0027370819634859878
ygeK~~~rcsB_2,0.007127370900618324
ygfF~~~ygfF_1~~~ygfF_2,0.007289089697774864
yggF_1~~~yggF_2~~~yggF~~~yggF_3,0.022643852608545956
yggP_1~~~yggP_3~~~yggP_2~~~yggP,0.009311371557124248
yggR,0.019186521299890735
yggR_2,0.022224574856094526
yghO~~~yghO_2~~~yghO_1,0.0060089769614501964
ygiW_2~~~ygiW_1,0.05137113567902185
ygiZ,0.007950981551112957
yhaI,0.00406268270354726
yhbO_1~~~yhbO_2~~~yhbO,0.019249256742104093
yhbX_2~~~yhbX_1~~~yhbX_3~~~yhbX,0.002577719940580314
yhcH_1~~~yhcH_2,0.01927963200160332
yhcR,0.03430213661917203
yhcR_1~~~yhcR,0.0037534357892323733
yhdJ_2~~~yhdJ_1,0.018215504044579944
yhdJ_2~~~yhdJ_3~~~yhdJ,0.03369929161863938
yhdJ_3,0.04799083450728303
yhhX~~~yhhX_2~~~yhhX_1,0.019345486458887562
yhjR,0.0062058891237393166
yhjV~~~yhjV_1,0.0042893908223125
yiaJ_2~~~yiaJ_1~~~yiaJ,0.04166961921577883
yiaO_2~~~yiaO_1~~~yiaO~~~yiaO_3~~~yiaO_4,0.01781732023618865
yiaV_2~~~yiaV_1~~~yiaV,0.0215649812649088
yiaX1~~~yiaX1_1~~~yiaX1_2,0.022924065098550273
yibA~~~yibA_2~~~yibA_1,0.002489555672171795
yicI_1~~~yicI,0.026775090531864887
yidI,0.027114207085205955
yihP_1~~~yihP_2~~~yihP_3,0.018369763380281734
yihP_4~~~yihP_2~~~yihP_1~~~yihP_3,0.02018513798078847
yihS_2~~~yihS_1~~~yihS,0.00994350136440647
yihT_2~~~yihT_1~~~yihT,0.02005760570847359
yihU_2~~~yihU_1~~~yihU,0.007987513546731995
yihV_3~~~yihV_2~~~yihV_1~~~yihV,0.04233696740981485
yjaB_1,0.020960485624771596
yjcS_2,0.024517366625644188
yjeO_1~~~yjeO,0.011046765604127096
yjgH,0.04689459338169
yjgL~~~yjgL_2~~~yjgL_1,0.024441485576060407
yjgN,0.01298015046401213
yjgN_2~~~yjgN_1~~~yjgN,0.04823238126104967
yjhB_2~~~yjhB,0.01984657633876452
yjhG,0.0210775813438957
yjhH,0.0022607216692269727
yjiG_2~~~yjiG_1~~~yjiG,0.0020677269916871133
yjiK_1~~~yjiK~~~yjiK_2,0.002911220452288532
yjjQ~~~yjjQ_2~~~yjjQ_1,0.04784760358234963
yjmC~~~yjmC_1~~~yjmC_2,0.001932146646151267
yjmD,0.0053241164497057625
yjmD_2,0.010514286389187166
yknY,0.008652661631611602
yldA,0.005014158247690803
ylpA_2~~~ylpA_1~~~ylpA,0.0027389490313649567
ynfE_2~~~ynfE~~~ynfE_1,0.03589615645926836
ynfE~~~napA_7~~~ynfE_2~~~ynfE_1,0.052773526357184464
ynfF_1~~~ynfF_3~~~ynfF_2~~~ynfF,0.02418325007462352
ynfF_2~~~ynfF_1,0.044738475568749436
yodB_1~~~yodB_2~~~yodB,0.016980628850812973
yoeB,0.0110352586679765
yohK_2,0.011735424083009205
yokD,0.011511086036699592
yqiD,0.003655107703304017
yqiK_1~~~yqiK_2,0.0022531519989044124
yqjE_2,0.038563265916242484
yraJ_1~~~yraJ,0.015753623029941766
yraJ~~~lpfC,0.03333926738358595
yraJ~~~yraJ_1,0.013582643394587146
yraK,0.007725788097813657
ysdC,0.014601329392906814
ysdC~~~ysdC_1,0.00760358779907766
ythA,0.011939646766865541
yusV,0.027665183393624337
yusV_2~~~btuD_5~~~btuD_4~~~fepC_2,0.07097964942197077
