,0
COQ3,0.004065006858140407
COQ3~~~ubiG_1~~~ubiG,0.002036659877800407
COQ5_1,0.002036659877800407
COQ5_3,0.008096762126439167
COQ5~~~COQ5_2,0.1268298765534727
IMPDH_1,0.002036659877800407
IMPDH_2,0.002036659877800407
RBKS,0.0020366598778004067
RBKS_1,0.004065006858140407
RBKS_1~~~psuK_1,0.039153747038530286
RBKS_1~~~rbsKrbiA~~~RBKS~~~rbsK_2~~~RBKS_2,0.23375036368926388
RBKS_2,0.002036659877800407
RBKS_3~~~yihV_1~~~rbsK_2,0.10902365019327487
aaaT~~~aaaT_2~~~aaaT_1,0.002036659877800407
aacA4,0.053884201338376486
aacA4_1,0.002036659877800407
aadB,0.002036659877800407
aaeA_1~~~mdtN,0.006085040941019992
aaeA_2~~~aaeA_3~~~emrA_1~~~farA~~~emrA_2,0.19214431189991268
aaeA_4~~~aaeA_3~~~aaeA_2,0.0
aaeA_5~~~aaeA_2~~~aaeA_1,0.0
aaeB_1,0.002036659877800407
aaeB_2,0.002036659877800407
aaeB_5~~~aaeB_3~~~aaeB_4~~~aaeB_2,0.0
aaeB_6~~~aaeB_1~~~aaeB_2,0.0
aaeX,0.0
aam,0.20067334469429327
aar,0.002036659877800407
aas_1~~~aas_2~~~aas_3~~~aas_4~~~aas,0.0
aat,0.002036659877800407
aat_2~~~aat_1~~~aat,0.004065006858140406
aaxC_1,0.18504509746872275
aaxC_2~~~aaxC_3,0.18813749532399518
abaF_2,0.004065006858140406
abaF_3~~~abaF_2~~~abaF_1,0.2502099006608753
abaF~~~abaF_1~~~abaF_2,0.008096762126439165
abaQ,0.016060517893511785
abgA_1~~~abgA_2~~~abgA,0.20424789060226944
abgB_1~~~abgB_2~~~abgB_3~~~abgB,0.20424789060226944
abgT_1~~~abgT_2~~~abgT_3~~~abgT,0.20424789060226944
accA_1~~~accA_2~~~accA,0.0
accB,0.0
accC_1~~~accC_2~~~accC,0.0
accD_3~~~accD_2~~~accD_1~~~accD,0.0
aceA_1~~~aceA_2~~~aceA,0.0
aceB_2~~~aceB~~~aceB_1,0.0
aceE,0.0
aceF_1~~~aceF_2~~~aceF_4~~~aceF,0.0
aceK_1,0.002036659877800407
aceK_2,0.002036659877800407
aceK_3~~~aceK_4~~~aceK,0.0
ackA,0.0
acm,0.002036659877800407
acnA_1,0.002036659877800407
acnA_1~~~acnA_2~~~acnA_3~~~acnA_4~~~acnA,0.0
acnB,0.012095265804896293
acnB_1~~~acnB~~~acnB_2,0.0
acnB_2,0.002036659877800407
acnR,0.004065006858140407
acpH,0.0
acpP_1~~~acpP_3,0.14870942266927137
acpP_2,0.002036659877800407
acpP_2~~~acpP_1,0.03727503221247766
acpS_1,0.01010017041439794
acpS_1~~~acpS,0.0
acr3,0.02389126730121784
acrA,0.0
acrB_7~~~acrB_6~~~acrB_2~~~acrB_5~~~acrB_1,0.0
acrE_2,0.004065006858140406
acrF_1~~~acrF_4~~~acrF_5~~~acrF~~~acrF_2~~~acrF_3,0.008096762126439169
acrR_1~~~acrR_2,0.008096762126439169
acrR_1~~~acrR_2~~~acrR_3,0.0
acrZ,0.0
acs_1~~~acsA~~~acsA_3~~~acs_2~~~acsA_1~~~acsA_2,0.027756764620308412
acs_6~~~acs_5~~~acs_4~~~acs_3~~~acs_1~~~acs_2~~~acs,0.0
acs_7~~~dhbE~~~dhbE_1~~~dhbE_2,0.11955609127561416
actP_2~~~actP_1~~~actP,0.0
acuI_2,0.16251714535101208
acuI_4~~~acuI_3~~~acuI~~~acuI_2~~~acuI_1,0.002036659877800407
acuR_1,0.002036659877800407
acuR_2~~~acuR,0.13666403424913753
ada~~~ada_2~~~ada_1,0.0
addA~~~rep_1,0.012095265804896295
add_1,0.002036659877800407
add_4~~~add_3~~~add_2~~~add_1~~~add,0.0
ade,0.0
adeP_1~~~adeP_2~~~adeP_3~~~adeP,0.0
adeQ_1,0.002036659877800407
adeQ_2,0.002036659877800407
adeQ_3~~~adeQ~~~adeQ_2~~~adeQ_1,0.0
adh1,0.19790514983997667
adh2,0.008096762126439165
adhB~~~adhB_2~~~adhB_1,0.002036659877800407
adhE_1~~~proA_1~~~sucD_1~~~adhE_3~~~proA_2,0.0020366598778004067
adhE_2~~~adhE_1,0.18504509746872275
adhE_2~~~astD_2~~~astD_1,0.18504509746872275
adhE_3,0.09648780082297684
adhE_3~~~adhE_2,0.09648780082297684
adhE_5~~~adhE_2~~~adhE_3~~~adhE_4~~~adhE,0.002036659877800407
adhP_1~~~adhP_2~~~adhP~~~tdh_1,0.0
adh~~~tdh_3~~~tdh_2~~~tdh_1,0.10125109106779168
adiA_1~~~adiA_2~~~adiA_3~~~adiA,0.0
adiA_2,0.18504509746872275
adiC_2~~~adiC~~~adiC_1,0.0
adk,0.0020366598778004067
aer_1~~~aer~~~aer_2,0.0
aer_2,0.0040650068581404054
aer_3,0.002036659877800407
aes_2~~~aes_1,0.24759133796084626
aes~~~aes_3~~~aes_2,0.0
afaD,0.05927095889272205
afaE3,0.021946049295481933
agaA_1~~~agaA_2~~~agaA,0.0
agaC_1,0.01999251839228563
agaC_1~~~agaC_2~~~agaC_3,0.002036659877800407
agaC_2,0.10593956523546282
agaS_1~~~agaS_2~~~agaS,0.0
agaS_2~~~kbaZ_2,0.09967164055031381
aggB,0.002036659877800407
aglB_1~~~aglB_2~~~aglB_3~~~aglB~~~aglB_4,0.1960181221164637
agp_3~~~agp_2~~~agp_1~~~agp,0.002036659877800407
agp_3~~~agp_4~~~agp_2,0.22290203250342908
ahpC,0.0
ahpF,0.0
ahr,0.002036659877800407
ahr_2,0.03538800448896462
aidA,0.01803067459162891
aidB,0.002036659877800407
aidB_4~~~aidB_3~~~aidB_1~~~aidB_2~~~aidB,0.0
ail,0.0020366598778004067
ais_1,0.002036659877800407
ais_2,0.09327070950579826
ais~~~ais_1~~~ais_2,0.0040650068581404054
alaA_2~~~alaA_1~~~alaA,0.0
alaC_1~~~alaC_2~~~alaC,0.002036659877800407
alaE_1~~~alaE_2~~~alaE,0.0020366598778004067
alaS_1~~~alaS~~~alaS_2,0.014082048297934241
albA,0.027756764620308415
aldA,0.004065006858140407
aldA_1~~~aldA_2~~~aldA_3~~~aldA,0.0
aldB_1~~~aldB_2~~~aldB_3~~~aldB,0.002036659877800407
algC_2,0.00608504094101999
algC_2~~~algC~~~algC_1~~~glmM_1,0.21795585851448518
algC~~~algC_1,0.04288623799825429
algC~~~algC_1~~~algC_2~~~glmM_1,0.07498233509289662
alkA_1~~~alkA_2~~~alkA,0.0020366598778004067
alkB~~~alkB_2~~~alkB_1,0.0020366598778004067
allA_2~~~allA_1~~~allA,0.0
allB_1~~~allB~~~allB_2,0.0040650068581404054
allB_2,0.002036659877800407
allB_3,0.004065006858140406
allC_1,0.004065006858140406
allC_3~~~allC_2~~~allC_1~~~allC,0.0020366598778004067
allD~~~allD_1~~~allD_2,0.002036659877800407
allE_2~~~allE_1~~~allE,0.0020366598778004067
allR,0.0
allS_1~~~allS_2~~~allS_3~~~allS,0.0
alr_1~~~alr~~~alr_2,0.0
alsB~~~alsB_2~~~alsB_1,0.14740429776798705
alsC,0.006085040941019989
alsC_1~~~alsC_2~~~alsC,0.14870942266927137
alsE_1~~~alsE_2~~~alsE,0.14870942266927137
alsK~~~alsK_2~~~alsK_1,0.14870942266927137
alsT,0.004065006858140407
alx_1~~~alx_2~~~alx,0.0
alx_2,0.014082048297934243
amiA_1~~~amiA~~~amiA_2,0.0
amiB,0.004065006858140406
amiB_3~~~amiB_2~~~amiB_1~~~amiB,0.002036659877800407
amiC,0.0
amiC_2,0.006085040941019988
amiD,0.010100170414397938
amn_1~~~amn_2~~~amn,0.008096762126439165
ampC_2,0.01803067459162891
ampC_2~~~ampC_3,0.010100170414397938
ampC~~~ampC_2~~~ampC_1,0.002036659877800407
ampD,0.0
ampE_1~~~ampE_2~~~ampE,0.0
ampG_2,0.11955609127561416
ampG_3,0.004065006858140406
ampG_3~~~ampG_1~~~ampG~~~ampG_2,0.0
ampH_2,0.002036659877800407
ampH_2~~~ampH_1~~~ampH,0.0
ampR,0.010100170414397938
amsI,0.004065006858140407
amtB_2~~~amtB_1~~~amtB,0.0
amyA_1~~~amyA_2~~~amyA,0.004065006858140406
angR~~~mbtB~~~dltA~~~angR_1~~~dltA_3~~~dltA_1,0.11955609127561416
anmK_2~~~anmK_1~~~anmK,0.0
ansA~~~ansA_1~~~ansA_2,0.0
ansB_1~~~ansB_2~~~ansB_3~~~ansB,0.002036659877800407
ansB~~~ansB_1~~~ansB_2,0.025828172409493335
ansP2,0.0020366598778004067
ansP2~~~ansP1,0.0
ant1,0.1253917452928218
ant1_1,0.027756764620308412
ant1_1~~~ant1,0.033492663867991185
ant1_2~~~ant1_1,0.012095265804896293
ant1~~~ant1_1,0.03538800448896462
apaG,0.0
apaH,0.0
apbC_2,0.03158901034955734
apbC_2~~~apbC_1~~~apbC,0.0
apbE_1~~~apbE_2~~~apbE_3~~~apbE,0.0
aphA_1,0.002036659877800407
aphA_2,0.01010017041439794
aphA_2~~~aphA~~~aphA_1,0.0
aplIM,0.004065006858140408
aplK~~~glpK_1,0.23529656261690013
appA~~~appA_1~~~appA_2,0.002036659877800407
appB_3~~~appB_2~~~appB_1~~~appB,0.002036659877800407
appC_1~~~appC_2~~~appC_3~~~appC_4~~~appC,0.002036659877800407
appX,0.14343904567937155
appY,0.05025146514817741
appY_2~~~appY,0.018030674591628906
appY~~~gadX_1~~~rhaR_6,0.1950621389085166
aptA,0.23529656261690013
aptB,0.23529656261690013
apt_1~~~apt_2~~~apt,0.0
apxIB,0.004065006858140407
apxIB_1,0.004065006858140407
apxIB_1~~~ltxB~~~apxIB~~~lagD~~~ltxB_2,0.13666403424913753
apxIB_2,0.004065006858140406
apxIB_2~~~apxIB,0.06982002576998211
apxIB~~~apxIB_2~~~ltxB,0.12102747412610665
apxIC~~~ltxC,0.027756764620308415
aqpZ,0.0
araA_2~~~araA_1~~~araA,0.0
araB_1,0.016060517893511785
araB_2,0.01209526580489629
araB_4~~~araB_3~~~araB_2~~~araB_1~~~araB,0.0
araC_3~~~araC_1~~~araC_2~~~araC,0.0020366598778004067
araD_1,0.002036659877800407
araD_2~~~araD_1~~~araD,0.0
araE_3~~~araE_2~~~araE_1~~~araE,0.0
araF_3~~~araF_1~~~araF_2~~~araF,0.002036659877800407
araG_1,0.002036659877800407
araG_2,0.002036659877800407
araG_2~~~araG_1~~~mglA_4~~~mglA_3~~~xylG_2~~~mglA_2~~~rbsA_1~~~rbsA_3,0.1921443118999127
araG_3,0.002036659877800407
araG_4,0.004065006858140406
araG_5~~~araG,0.002036659877800407
araH,0.002036659877800407
araJ_1,0.002036659877800407
araJ_2,0.004065006858140407
araJ_3,0.002036659877800407
araJ~~~araJ_1~~~araJ_2,0.002036659877800407
araQ~~~lacG,0.04288623799825429
arcA_1~~~arcA_2~~~arcA,0.0
arcA_2,0.002036659877800407
arcA_2~~~arcA_1,0.24073319755600817
arcA_4~~~arcA_3~~~arcA_2,0.03915374703853028
arcB_1~~~arcB_2~~~arcB,0.0
arcC1_1~~~arcC1_2,0.012095265804896291
arcC1_3,0.1901575294068748
arcC1_4~~~arcC2~~~arcC1_1~~~arcC1_2~~~arcC2_1,0.02389126730121784
arcC1_5~~~arcC1_2,0.03915374703853028
arcC2_1~~~arcC1_2~~~arcC1_1,0.0
arcC2_2,0.00608504094101999
arfA,0.0
argA,0.00608504094101999
argA_1~~~argA_3~~~argA_2~~~argA,0.0
argB_2~~~argB_1~~~argB,0.0
argC_3~~~argC_2~~~argC_1~~~argC,0.0
argE_3~~~argE_1~~~argE_2,0.0
argE_4~~~argE_1,0.01010017041439794
argF,0.002036659877800407
argG_1~~~argG_2~~~argG,0.0
argH_2,0.021946049295481933
argH_3~~~argH_1~~~argH_2~~~argH,0.0
argI,0.002036659877800407
argI_1,0.002036659877800407
argI_2~~~argF,0.03727503221247766
argK_1,0.002036659877800407
argK_2~~~argK,0.19696579242695042
argK_3,0.002036659877800407
argO_3~~~argO_2~~~argO~~~argO_1,0.0
argP_2,0.03158901034955734
argP_2~~~argP_1~~~argP,0.0
argR,0.0
argR_2,0.24073319755600817
argS_1,0.002036659877800407
argS_2,0.002036659877800407
argS_3~~~argS_4~~~argS_5~~~argS,0.0
argT_1~~~argT_2~~~argT,0.0
ariR,0.027756764620308412
arnA_3~~~arnA_1~~~arnA_2~~~arnA,0.002036659877800407
arnB_2~~~arnB_1~~~arnB_3~~~arnB,0.0040650068581404054
arnC_1~~~arnC_3,0.008096762126439167
arnC_1~~~arnC_4,0.0
arnC_1~~~epsJ,0.006085040941019991
arnC_2,0.02582817240949334
arnC_2~~~arnC_3,0.0040650068581404054
arnC_2~~~icaA~~~arnC_4~~~arnC_1,0.1979051498399767
arnC_3,0.002036659877800407
arnC_4,0.004065006858140407
arnC_5,0.006085040941019988
arnC_5~~~arnC_3,0.2502764038405586
arnD~~~arnD_2~~~arnD_1,0.002036659877800407
arnE,0.002036659877800407
arnF,0.002036659877800407
arnT_2~~~arnT~~~arnT_1,0.002036659877800407
arnT_3~~~arnT_2~~~arnT_1,0.0040650068581404054
arnT_4,0.002036659877800407
aroA~~~aroA_1~~~aroA_2,0.0020366598778004067
aroB_1~~~aroB_2~~~aroB,0.0020366598778004067
aroC_2~~~aroC_1~~~aroC,0.0
aroD,0.0
aroE~~~aroE_2~~~aroE_1,0.0
aroF,0.0
aroG,0.0
aroH_2,0.07668647907228064
aroH_2~~~aroH_1~~~aroH,0.0020366598778004067
aroK,0.0020366598778004067
aroL,0.0
aroP_1,0.002036659877800407
aroP_2,0.002036659877800407
aroP_3~~~aroP,0.0
arsA,0.046585477368136674
arsA_1,0.006085040941019991
arsA_2,0.006085040941019991
arsB_2,0.0020366598778004067
arsB_2~~~arsB~~~arsB_1,0.19696579242695042
arsB_3,0.006085040941019991
arsB_4~~~arsB,0.004065006858140406
arsC_1~~~arsC_3,0.006085040941019991
arsC_2,0.02389126730121784
arsC_4~~~arsC_1,0.004065006858140406
arsC~~~arsC_1,0.0
arsD,0.046585477368136674
arsD_2~~~arsD,0.006085040941019991
arsH,0.0020366598778004067
arsR2,0.0020366598778004067
artI,0.010100170414397938
artJ~~~artJ_2~~~artJ_1,0.010100170414397938
artM_2~~~lptB_1,0.04288623799825429
artM_4~~~artM_2,0.010100170414397938
artP,0.010100170414397938
artQ,0.010100170414397938
ascD,0.002036659877800407
ascG~~~ascG_1~~~ascG_2~~~ascG_3,0.23212934868448395
asd_2~~~asd_1~~~asd,0.0
asnA_1~~~asnA_2~~~asnA,0.0
asnB~~~asnB_1~~~asnB_2,0.0
asnC,0.0
asnS,0.002036659877800407
aspA_1,0.008096762126439167
aspA_1~~~aspA_2,0.01999251839228563
aspA_1~~~aspA_2~~~aspA,0.002036659877800407
aspC_2~~~aspC_1~~~aspC,0.002036659877800407
aspS_1~~~aspS_2~~~aspS,0.0
asr,0.002036659877800407
asrA,0.0020366598778004067
asrB,0.0020366598778004067
asrC,0.004065006858140407
assT~~~assT_1~~~assT_2,0.21941061557005695
astA_1~~~astA_2~~~astA,0.0
astA_3,0.004065006858140406
astB_1~~~astB~~~astB_3~~~astB_2,0.0
astC_1~~~argD~~~argD_1,0.0
astC_2~~~astC_3~~~astC_4~~~astC~~~astC_1,0.0
astD_2,0.20157945051747786
astD~~~astD_1~~~astD_2~~~astD_3,0.0
astE~~~astE_1~~~astE_2,0.0
atl,0.0
atm1_2,0.01209526580489629
atoA,0.08174903362567024
atoB_1~~~atoB_2~~~atoB_3~~~atoB~~~atoB_4,0.08006982833866745
atoD,0.08174903362567024
atoE_3~~~atoE_1~~~atoE_2~~~atoE,0.08006982833866745
atoS_3~~~atoS_2~~~atoS_1~~~atoS,0.08006982833866745
atpA_2~~~atpA_1~~~atpA,0.0
atpA_3,0.004065006858140406
atpB_1~~~atpB_2~~~atpB,0.0
atpC_2~~~atpC_1~~~atpC,0.0
atpD_3~~~atpD_2~~~atpD_1~~~atpD,0.0
atpE,0.0
atpF_1,0.002036659877800407
atpF_2~~~atpF,0.0
atpG_3~~~atpG_2~~~atpG_1~~~atpG,0.0
atpH,0.0
atpI,0.0
atsB~~~chuR_1~~~chuR_2~~~chuR_3,0.01010017041439794
atzF,0.1901575294068748
avtA_1~~~avtA_2~~~avtA,0.004065006858140406
axe16A,0.11055322332599027
axeA1,0.2186873934910013
azoR,0.004065006858140407
azoR1,0.033492663867991185
azoR_1,0.002036659877800407
azoR_1~~~kefG~~~azoR_2,0.12968120038239328
azoR_2,0.002036659877800407
azoR_2~~~azoR~~~azoR_1,0.002036659877800407
bacC,0.1224905440791388
bacC_2~~~gno,0.18080551976391374
bacC~~~kduD_1~~~kduD_3~~~kduD_2,0.04102414896712249
baeR_2~~~baeR_1~~~baeR,0.0
baeS_1~~~baeS_2~~~baeS,0.0
bamA_5~~~bamA_4~~~bamA_3~~~bamA_2~~~bamA_1~~~bamA,0.0
bamB_1,0.002036659877800407
bamB_2,0.002036659877800407
bamB_2~~~bamB_1~~~bamB,0.002036659877800407
bamC_2~~~bamC_1~~~bamC,0.0
bamD_1~~~bamD_2~~~bamD,0.0
bamE,0.0
barA,0.008096762126439167
barA_1~~~barA_2~~~barA_3~~~barA_4~~~barA_5~~~barA~~~barA_6,0.006085040941019991
basR_2~~~basR_1~~~basR,0.0
basS_2~~~basS_1~~~basS,0.0
bcgIA,0.016060517893511785
bcgIB,0.016060517893511785
bcp_1~~~bcp_2~~~bcp,0.0
bcr_1~~~bcr_2~~~bcr_3~~~bcr,0.0
bcr_2,0.004065006858140408
bcr_2~~~mdtL_2,0.16251714535101205
bcr_3,0.004065006858140406
bcs1,0.04842262770688723
bcsA_1,0.004065006858140406
bcsA_2,0.002036659877800407
bcsA_2~~~bcsA_3~~~bcsA_4~~~bcsA_1~~~bcsA,0.004065006858140406
bcsB_1,0.004065006858140406
bcsB_1~~~bcsB_2~~~bcsB,0.004065006858140406
bcsB_2,0.004065006858140406
bcsB~~~bcsB_1~~~bcsB_2,0.016060517893511785
bcsC_1~~~bcsC_2~~~bepA_1~~~bcsC_5~~~bcsC_4~~~bcsC_3~~~bcsC,0.0
bcsC~~~bcsC_1,0.006085040941019991
bcsE_1~~~bcsE_2~~~bcsE,0.042886237998254306
bcsG_2~~~bcsG~~~bcsG_1,0.0
bcsQ_2~~~bcsQ~~~bcsQ_1,0.04842262770688724
bcsZ,0.008096762126439167
bdcA,0.24227939648364433
bdcR,0.24227939648364433
bdhA,0.02582817240949334
bdm,0.002036659877800407
benM,0.002036659877800407
benM~~~oxyR_2,0.20247724344320212
bepA_1~~~bepA_2~~~bepA,0.0
bepC~~~oprM,0.09808387713537554
betA_2~~~betA_1~~~betA,0.016060517893511785
betB_1,0.002036659877800407
betB_3~~~betB_1~~~betB~~~betB_4~~~betB_6~~~betB_5~~~betB_2,0.016060517893511785
betI_2,0.16251714535101205
betI_2~~~betI_1~~~betI,0.016060517893511785
betI_3,0.1500062346730953
betT_2~~~betT_1~~~betT,0.016060517893511785
bfd,0.0
bfpA_1,0.002036659877800407
bfpA_2,0.002036659877800407
bfpB,0.004065006858140407
bfpB_1,0.002036659877800407
bfr,0.0
bglA_1~~~bglA_2,0.0
bglA_2,0.002036659877800407
bglA_3~~~bglA_1~~~bglA_2,0.23770730288041894
bglB,0.11509206533937402
bglB_3~~~bglH_5~~~lacG~~~bglH_2~~~bglH_3~~~bglH,0.2315723845546365
bglC,0.002036659877800407
bglF_1,0.002036659877800407
bglF_1~~~bglF_2~~~bglF_4,0.23212934868448395
bglF_1~~~lacG_2~~~bglF_2~~~bglF,0.10748576416309906
bglF_2,0.002036659877800407
bglF_3,0.002036659877800407
bglG_2~~~bglG_1~~~bglG,0.10593956523546283
bglH_1,0.002036659877800407
bglH_1~~~bglH_2~~~bglH_3,0.23770730288041894
bglH_2,0.002036659877800407
bglH_3,0.002036659877800407
bglH_4,0.002036659877800407
bglH_4~~~bglH_2~~~bglH_3,0.10902365019327487
bglJ_2~~~bglJ,0.006085040941019991
bglJ~~~bglJ_1,0.01999251839228563
bglY_1~~~bglY_2~~~bglY,0.006085040941019992
bhsA_1~~~bhsA_2,0.002036659877800407
bhsA_2,0.033492663867991185
bhsA_2~~~bhsA_1,0.0
bhsA_2~~~bhsA_3,0.0
bigR,0.01010017041439794
bigR_1,0.002036659877800407
bin3,0.004065006858140406
bin3~~~bin3_2,0.004065006858140406
bioA~~~bioA_2~~~bioA_1~~~bioA_3,0.0
bioB_1~~~bioB_2~~~bioB_3~~~bioB,0.0
bioC~~~bioF_1~~~bioF_2~~~bioC_1~~~bioC_2~~~bioC_3~~~bioF_3,0.0
bioD1_1~~~bioD1~~~bioD1_2,0.0
bioD~~~bioD1_1~~~bioD1_2,0.0
bioF_2~~~bioF_1,0.03727503221247766
bioH~~~menH_1,0.0020366598778004067
bioP_1~~~bioP_2~~~bioP,0.0
birA_3~~~birA_2~~~birA_1~~~birA,0.002036659877800407
bisC_3~~~bisC_2~~~bisC~~~bisC_1,0.008096762126439169
bla,0.004065006858140406
blaNDM1,0.008096762126439169
bla_2~~~bla,0.05207198969200715
bla_2~~~bla_1,0.08838272579907729
bla~~~bla_5,0.004065006858140406
bla~~~bla_8,0.24227939648364435
blc_1~~~blc~~~blc_2,0.002036659877800407
blc_2,0.01803067459162891
blc_2~~~blc_1~~~blc_3,0.10438505341036618
ble,0.004065006858140406
ble_2,0.008096762126439169
bluF_2~~~bluF_1~~~bluF,0.025828172409493335
bluR,0.0040650068581404054
bolA,0.0
brnQ,0.0
bshA,0.02582817240949334
bshA_1,0.012095265804896291
bshA_2~~~wbnH,0.014082048297934238
bshA~~~mshA_2~~~glgM,0.05927095889272205
bshB1,0.19115507710212393
bsmA,0.002036659877800407
bspRIM,0.01010017041439794
bssS,0.002036659877800407
btsR_2~~~btsR_1~~~btsR,0.0
btsS_1,0.004065006858140406
btsS_2,0.002036659877800407
btsS_3~~~btsS_2~~~btsS_1~~~btsS,0.0
btsT,0.002036659877800407
btsT_1~~~btsT~~~btsT_2,0.02194604929548193
btuB_1~~~fcuA~~~fatA,0.2504592875846877
btuB_2~~~btuB_1~~~btuB_3,0.1268298765534727
btuB_3,0.004065006858140406
btuB_3~~~btuB_2~~~btuB_1~~~btuB~~~btuB_7~~~btuB_6,0.0
btuB_3~~~cirA_1,0.13939897751361238
btuB_3~~~cirA_1~~~cirA_2~~~btuB_2~~~btuB_1~~~btuB_5,0.24527203956939192
btuC,0.0
btuC_2,0.1268298765534727
btuC_3,0.21260235254998133
btuD_1,0.1268298765534727
btuD_10~~~btuD_1,0.0
btuD_11~~~gltK,0.0
btuD_12,0.002036659877800407
btuD_1~~~hmuV,0.1253917452928218
btuD_1~~~phnC~~~artM_1,0.004065006858140406
btuD_1~~~scaC,0.012095265804896295
btuD_2,0.03158901034955734
btuD_2~~~btuD_3~~~btuD_4,0.03158901034955734
btuD_2~~~oppF_1,0.0
btuD_3~~~oppF~~~oppF_1,0.0
btuD_4,0.002036659877800407
btuD_5~~~fbpC2~~~malK_2,0.0
btuD_8~~~btuD_3,0.002036659877800407
btuD_9~~~glnQ_1~~~glnQ_2,0.0
btuE_2~~~btuE~~~btuE_1,0.0
btuF_1,0.24996051373706307
btuF_2~~~btuF_1~~~btuF_3~~~btuF,0.0
btuR_1,0.10748576416309906
btuR_1~~~btuR_2~~~btuR_3~~~btuR,0.0
btuR_2,0.002036659877800407
bvgA,0.1979051498399767
cadA_2~~~cadA_1~~~cadA,0.03727503221247766
cadB_1~~~cadB_2~~~cadB,0.19883619435554262
cadB_1~~~cadB_2~~~cadB_3~~~cadB_4~~~cadB,0.21260235254998136
cadC_1~~~cadC_3~~~cadC_2~~~cadC,0.00608504094101999
cadC_2~~~cadC,0.018030674591628913
caeA,0.016060517893511785
caeB~~~caeA,0.11807639552766114
caf1A,0.05927095889272205
caf1A_1,0.004065006858140408
caf1M,0.05927095889272205
cah,0.0020366598778004067
cai,0.01999251839228563
caiA_3~~~caiA_2~~~caiA_1,0.004065006858140406
caiA_4,0.002036659877800407
caiA_5~~~caiA_2,0.0
caiB~~~caiB_1~~~caiB_2,0.0020366598778004067
caiC~~~caiC_1~~~caiC_2~~~caiC_3,0.0020366598778004067
caiD_2~~~caiD_1~~~caiD,0.004065006858140406
caiE,0.248763456502764
caiT_1~~~caiT_2,0.1224905440791388
caiT_1~~~caiT_2~~~betL~~~betT1~~~ectT,0.19696579242695042
caiT_2,0.002036659877800407
caiT_5~~~caiT_4~~~caiT_3~~~caiT_2~~~caiT,0.0
can,0.0
capD,0.057483685938733944
carA_1,0.002036659877800407
carA_2,0.002036659877800407
carA_3~~~carA_1~~~carA_2,0.0
carA_3~~~carA_2~~~carA_1,0.24689305457417185
carB_1~~~carB~~~carB_2~~~carB_4~~~carB_5~~~carB_3,0.0
cas1,0.13528409327070956
cas3~~~cas3_2~~~cas3_1,0.13389583939482103
cas6f,0.13389583939482103
casA,0.1512947337794588
casA_1,0.002036659877800407
casA~~~casA_2,0.033492663867991185
casB,0.033492663867991185
casC,0.15511035371378692
casC~~~casC_1~~~casC_2,0.033492663867991185
casD,0.033492663867991185
casE,0.033492663867991185
catM,0.002036659877800407
catM_2,0.01010017041439794
cat_2~~~cat_1~~~cat,0.0502514651481774
cat_3~~~cat_2~~~cat,0.01999251839228563
cba,0.006085040941019989
cbdC,0.03538800448896462
cbeA_1,0.04288623799825429
cbeA_1~~~cbeA_2~~~cbeA_3~~~cbeA_4~~~cbeA~~~cbeA_5,0.1576125358493703
cbeA_1~~~cbeA_2~~~cbeA_4~~~cbeA,0.12539174529282182
cbeA_2~~~cbeA_1~~~cbeA_3~~~cbeA_6,0.08838272579907729
cbeA_2~~~cbeA_4,0.15129473377945882
cbeA_3~~~cbeA_1~~~cbeA~~~cbeA_2~~~cbeA_5~~~cbeA_4,0.23529656261690013
cbeA_3~~~cbeA~~~cbeA_1~~~cbeA_5,0.08673677210191613
cbeA_5~~~cbeA_3~~~cbeA_1~~~cbeA_4~~~cbeA,0.2248971278939274
cbeA_5~~~cbeA~~~cbeA_2,0.09164969450101831
cbeA~~~cbeA_1,0.07668647907228064
cbeA~~~cbeA_1~~~cbeA_2~~~cbeA_3~~~cbeA_5,0.24937861091483432
cbeA~~~cbeA_3~~~cbeA_2~~~cbeA_1~~~cbeA_6,0.2255455338958394
cbl~~~cbl_1~~~cbl_2,0.002036659877800407
cbpA_3~~~cbpA_2~~~cbpA_1~~~cbpA,0.002036659877800407
cbpM,0.002036659877800407
cbrA_1~~~cbrA_2~~~cbrA,0.0
cbrB,0.10902365019327487
cbtA_1~~~cbtA_2~~~cbtA_3,0.04102414896712249
cbtA_1~~~cbtA_4,0.05025146514817741
cbtA_2~~~cbtA_3~~~cbtA_1~~~cbtA_4,0.15257491998836195
cbtA_2~~~cbtA_4~~~cbtA,0.12102747412610665
cbtA_2~~~cbtA_4~~~cbtA_1~~~cbtA_3~~~cbtA,0.21099796334012216
cbtA_2~~~cbtA_4~~~cbtA_3~~~cbtA_1,0.23770730288041897
cbtA_3,0.07326987821605217
cbtA_3~~~cbtA_1~~~cbtA_2,0.06458290036992395
cbtA~~~cbtA_1~~~cbtA_2~~~cbtA_3,0.2399102207074276
cbtA~~~cbtA_3~~~cbtA_2~~~cbtA_1~~~cbtA_5,0.2255455338958394
cca_1,0.002036659877800407
cca_2,0.002036659877800407
cca_3,0.002036659877800407
cca_4~~~cca,0.0
ccdA,0.014082048297934243
ccdA_2~~~ccdA,0.24759133796084626
ccdB,0.09488341161311774
ccdB_2~~~ccdB_1~~~ccdB,0.23628579741468894
ccdB~~~ccdB_1,0.16251714535101205
ccmA,0.0
ccmB~~~ccmB_1~~~ccmB_2,0.0
ccmC,0.0
ccmD,0.0
ccmE,0.0
ccmF_2~~~ccmF~~~ccmF_1,0.0
ccmF_4~~~ccmF_3~~~ccmF_2~~~ccmF_1,0.0020366598778004067
ccmH_2~~~ccmH_1,0.0
ccmH_3~~~ccmH_1~~~ccmH_2,0.0
ccmL,0.18504509746872275
ccmM,0.00608504094101999
ccpA,0.021946049295481933
ccpA~~~ccp,0.0
ccpA~~~purR_1~~~purR_5~~~purR_6,0.09808387713537554
cdaR_3~~~cdaR_2~~~cdaR_1~~~cdaR,0.0
cdd_1~~~cdd_2~~~cdd,0.0
cdgI_1,0.016060517893511785
cdgI_2~~~cdgI_1~~~cdgI,0.0
cdgJ,0.0020366598778004067
cdhR,0.002036659877800407
cdh_1~~~cdh_2~~~cdh,0.0020366598778004067
cdiA,0.06982002576998213
cdiA1,0.04288623799825429
cdiA1_1~~~cdiA1~~~cdiA_1~~~cdiA1_2~~~cdiA,0.09164969450101831
cdiA2,0.01010017041439794
cdiA_1,0.006085040941019991
cdiA_2,0.0020366598778004067
cdiA_2~~~cdiA_3,0.039153747038530286
cdiA_2~~~cdiA_7~~~cdiA~~~cdiA_1~~~cdiA1~~~cdiA_3,0.11358743089903986
cdiA_3,0.006085040941019993
cdiA_4,0.039153747038530286
cdiA_6~~~cdiA_5~~~cdiA_2,0.10902365019327485
cdiA_9~~~cdiA~~~cdiA_3,0.046585477368136674
cdiA~~~cdiA_1,0.06982002576998211
cdiA~~~cdiA_1~~~cdiA_3~~~cdiA_4~~~cdiA_2,0.15384679329980466
cdiA~~~cdiA_4~~~cdiA_2,0.09648780082297682
cdiA~~~cdiA_4~~~cdiA_8,0.0663369217340704
cdiI_1,0.09002036659877798
cdiI_2,0.04288623799825429
cdr,0.01010017041439794
cdsA,0.0
cdsA_2,0.22290203250342905
cdtA,0.0020366598778004067
cdtB,0.04288623799825429
cea,0.08673677210191615
ceaC,0.004065006858140406
cea_4~~~cea_3~~~cea_2~~~cea~~~cea_1,0.0502514651481774
cecR,0.0
cedA,0.0040650068581404054
celA,0.002036659877800407
cesT,0.004065006858140406
cfaB,0.1637225154827715
cfaD,0.0020366598778004067
cfaD_1,0.016060517893511785
cfaD_2~~~cfaD_1,0.01010017041439794
cfaE,0.006085040941019991
cfa_3~~~cfa_2~~~cfa_1~~~cfa,0.0
cfxP_3~~~cfxP_1~~~cfxP_2~~~cfxP,0.0
chaA_2~~~chaA_1~~~chaA,0.002036659877800407
chaB,0.002036659877800407
chaC_1,0.012095265804896295
chaC~~~chaC_2~~~chaC_1,0.002036659877800407
chbA_2,0.002036659877800407
chbA_2~~~chbA_1,0.2440251049503304
chbA_3,0.002036659877800407
chbA~~~chbA_2~~~chbA_1,0.004065006858140407
chbB,0.0
chbC_2,0.002036659877800407
chbC_4~~~chbC_3~~~chbC_2~~~chbC_1~~~chbC,0.004065006858140407
chbF_2~~~chbF_1~~~chbF,0.0
chbG_2~~~chbG_1~~~chbG,0.0
chbR_2~~~chbR_1~~~chbR,0.004065006858140407
cheA_3~~~cheA_2~~~cheA_1~~~cheA,0.0
cheB_2~~~cheB_1~~~cheB,0.0
cheR_2~~~cheR_1~~~cheR,0.0
cheW,0.0
cheY,0.0
cheZ,0.0
chiA_1,0.0020366598778004067
chiA_2~~~chiA_1~~~chiA,0.14210066918824552
chiP_1~~~chiP_2~~~chiP,0.0
chiQ,0.0
cho~~~cho_2~~~cho_1,0.0
chpB,0.2186873934910013
chpS,0.2186873934910013
chrR~~~chrR_1~~~chrR_2,0.0
chuR_1,0.002036659877800407
chuR~~~chuR_2~~~chuR_1,0.0
chuW~~~chuW_1~~~chuW_2,0.1253917452928218
cia_2~~~cia_1~~~cia,0.11807639552766115
cia~~~cia_2,0.01408204829793424
cidA,0.20247724344320212
cirA_1,0.004065006858140407
cirA_1~~~btuB_4~~~cirA_2~~~cirA_3~~~cirA,0.0
cirA_2,0.24736688972941526
cirA_3,0.10593956523546284
citC,0.006085040941019991
citC_3~~~citC_2~~~citC_1~~~citC,0.0
citD,0.002036659877800407
citE,0.002036659877800407
citF,0.012095265804896293
citF_3~~~citF_2~~~citF_1~~~citF,0.002036659877800407
citG,0.002036659877800407
citG_2,0.010100170414397938
citX,0.002036659877800407
citX~~~citX_2,0.010100170414397938
clcA_1~~~clcA,0.0
clcA_2,0.002036659877800407
clcB_5~~~clcB_4~~~clcB_1~~~clcB~~~clcB_2~~~clcB_3,0.0
clcD,0.0
clpA_1~~~clpA_2~~~clpA_3~~~clpA,0.0
clpB_4~~~clpB_1~~~clpB_2~~~clpB_3~~~clpB,0.0
clpC_1,0.004065006858140406
clpP_1~~~clpP_2~~~clpP,0.0
clpP_2,0.06458290036992395
clpP_3,0.002036659877800407
clpP_3~~~clpP_1~~~clpP_2,0.08508250550729456
clpP_3~~~clpP_2,0.1891516688141652
clpS,0.0
clpV1,0.24556299098050624
clpV1_2,0.004065006858140407
clpV1_2~~~clpV1_1~~~clpV1~~~clpV1_3,0.2068415146099173
clpV1~~~clpB_2~~~clpB_5~~~clpV1_1~~~clpV1_2,0.2492372916580074
clpV1~~~clpV1_2,0.04842262770688723
clpX_1~~~clpX,0.0
clpX_2,0.014082048297934241
clsA_2~~~clsA_1~~~clsA,0.002036659877800407
clsA_2~~~pld,0.09002036659877798
clsA_3,0.002036659877800407
clsB_2,0.008096762126439167
clsB_3~~~clsB_1~~~clsB_2~~~clsB,0.0
clsC_1~~~clsC_2~~~clsC,0.008096762126439169
clsC_2~~~clsC,0.014082048297934241
clsC_3~~~ymdB,0.006085040941019991
cma,0.01999251839228563
cmi,0.021946049295481926
cmk,0.0
cmoA_2,0.016060517893511785
cmoA_2~~~cmoA_1~~~cmoA,0.0
cmoB_1~~~cmoB~~~cmoB_2,0.0
cmoM_1~~~cmoM_2~~~cmoM,0.0
cmoM_2,0.004065006858140406
cmpR,0.012095265804896295
cmtB~~~cmtB_2~~~cmtB_1,0.0020366598778004067
cna,0.012095265804896293
cnl,0.023891267301217843
cnl~~~cnl_2,0.029677043933663067
cnoX,0.0
cntE~~~yfcJ_2,0.09002036659877799
cntO_1~~~cntO_2~~~btuB_5~~~cntO~~~btuB_4~~~btuB_3~~~fyuA_1,0.0
cntO_2,0.0020366598778004067
cntO_2~~~cntO_1,0.21260235254998133
cnu,0.0
coaA_1~~~coaA_2,0.002036659877800407
coaA_2~~~coaA_1,0.01010017041439794
coaBC~~~coaBC_1~~~coaBC_2,0.0
coaD,0.0
coaE_2~~~coaE_1~~~coaE,0.0
cobB_1~~~cobB_2~~~cobB,0.002036659877800407
cobC,0.0
cobS_2,0.002036659877800407
cobS~~~cobS_1~~~cobS_2,0.006085040941019991
cobT_1~~~cobT_2~~~cobT,0.006085040941019991
cobU,0.008096762126439169
codA_1~~~codA_2~~~codA,0.012095265804896293
codB_1,0.00608504094101999
codB_2,0.1901575294068748
codB~~~codB_1,0.012095265804896293
cof_1~~~pldB,0.0
cof_2~~~cof_1,0.008096762126439167
cof_3~~~cof_2~~~cof~~~cof_1,0.004065006858140406
colE7_1,0.008096762126439167
col_1,0.00608504094101999
col~~~col_2~~~colE7,0.021946049295481933
col~~~pys1,0.20247724344320212
comEC,0.0
comM_1~~~comM~~~comM_2,0.0
comR,0.002036659877800407
cooF~~~hyfA_1,0.0020366598778004067
cooF~~~hyfA_5~~~hyfA_4~~~hyfA_1,0.01010017041439794
copA_1~~~copA_2~~~copA_3~~~copA_4,0.02389126730121784
copA_7~~~copA_6~~~copA_5~~~copA_4~~~copA_3~~~copA_1~~~copA_2~~~copA,0.0
copB,0.02389126730121784
copD,0.02389126730121784
copR,0.02389126730121784
copR~~~czcR,0.01010017041439794
corA_1~~~corA_2~~~corA,0.0
corA~~~corA_1,0.006085040941019991
corC_2~~~corC_1~~~corC,0.0
cotSA,0.029677043933663074
cpdA,0.002036659877800407
cpdA_1,0.002036659877800407
cpdA_2,0.03538800448896462
cpdB,0.002036659877800407
cpdB_1,0.0020366598778004067
cpdB_5~~~cpdB_4~~~cpdB_2~~~cpdB~~~cpdB_3~~~cpdB_1,0.0
cph2,0.11055322332599028
cpoB_2~~~cpoB_1~~~cpoB,0.0
cpxA_2~~~cpxA_1~~~cpxA,0.0020366598778004067
cpxP,0.0020366598778004067
cpxR,0.0020366598778004067
cpxR_1,0.002036659877800407
cra_1,0.016060517893511785
cra_2,0.25020990066087534
cra_3,0.01209526580489629
cra~~~cra_1~~~cra_2,0.0
crcB,0.0020366598778004067
crcB_2,0.06808263020075646
creB,0.0
creC_2~~~creC~~~creC_1,0.0
creD~~~creD_1~~~creD_2~~~creD_3,0.0
crfC_1~~~crfC_2,0.008096762126439169
crfC_1~~~crfC_2~~~crfC_3~~~crfC_4~~~crfC_5~~~crfC,0.0
crfC_1~~~crfC_2~~~der_1~~~crfC_3,0.2461199551103537
crfC_2~~~der_3~~~crfC_3,0.09648780082297684
crh~~~ptsH_2,0.24190531609792598
crl,0.0
crp_2~~~crp_1~~~crp,0.0
crr,0.0
crr_2,0.016060517893511785
crt,0.002036659877800407
crt_2~~~crt,0.24689305457417185
crt~~~crt_2,0.21018329938900202
csbX_1,0.01803067459162891
csbX_2,0.01999251839228563
cscB_1~~~cscB~~~cscB_2,0.23948626293694666
csdA,0.0020366598778004067
csdA_1~~~csdA_2~~~csdA,0.0
csdE,0.0
cse3~~~casE,0.15636560123030882
csgA,0.008096762126439169
csgB,0.008096762126439169
csgC,0.008096762126439169
csgD~~~csgD_2,0.008096762126439169
csgE,0.01010017041439794
csgF_1~~~csgF~~~csgF_2,0.008096762126439169
csgG_1~~~csgG_2~~~csgG,0.0040650068581404054
cshA,0.01803067459162891
csoA,0.006085040941019991
cspA,0.008096762126439169
cspB,0.006085040941019991
cspB~~~cspC,0.0
cspD,0.0
cspE,0.0
cspE_1~~~cspG_2,0.14343904567937152
cspG,0.002036659877800407
cspJ,0.20247724344320212
csqR,0.2502099006608753
csqR_2~~~csqR_1~~~csqR,0.2501350845837317
csrA,0.016060517893511785
csrD_2~~~csrD_1,0.004065006858140406
csrD_3~~~csrD_2~~~csrD,0.002036659877800407
cstA,0.0
csy1,0.13389583939482103
csy2~~~csy2_1~~~csy2_2,0.13389583939482103
csy3~~~csy3_2~~~csy3_1,0.13389583939482103
ctxB,0.012095265804896293
cueO,0.0
cueR,0.0
cugP,0.002036659877800407
curA_2,0.002036659877800407
curA~~~curA_2~~~curA_1,0.19696579242695042
cusA_1,0.002036659877800407
cusA_2,0.002036659877800407
cusA_2~~~cusA,0.002036659877800407
cusA_2~~~cusA_1,0.02775676462030841
cusA_3,0.002036659877800407
cusA_4,0.002036659877800407
cusB,0.002036659877800407
cusB_1,0.02775676462030841
cusB_1~~~cusB,0.002036659877800407
cusC_1,0.008096762126439169
cusC_2~~~cusC_1~~~arpC,0.0
cusC_3,0.002036659877800407
cusC_4,0.002036659877800407
cusC_4~~~cusC_3~~~cusC_2,0.02775676462030841
cusC_5,0.002036659877800407
cusC_6,0.002036659877800407
cusF_1,0.002036659877800407
cusF_2,0.002036659877800407
cusF_2~~~cusF_1,0.02775676462030841
cusF~~~cusF_1,0.004065006858140406
cusR,0.008096762126439169
cusR_1,0.02775676462030841
cusR_2,0.002036659877800407
cusR_3,0.002036659877800407
cusS_1,0.002036659877800407
cusS_1~~~sasA,0.02389126730121784
cusS_2,0.002036659877800407
cusS_2~~~cusS_1,0.02775676462030841
cusS~~~cusS_2~~~cusS_1,0.008096762126439169
cutA,0.002036659877800407
cutA_2,0.002036659877800407
cutC_1~~~cutD_2~~~cutD_1~~~bssD~~~cutD_3,0.002036659877800407
cutC_2~~~cutC_3,0.002036659877800407
cutC_4~~~cutC_5~~~cutC_1~~~cutC_2,0.0020366598778004067
cutC_4~~~cutC_5~~~cutC_3,0.09648780082297684
cutD_1,0.002036659877800407
cutD_2~~~cutD_3,0.20157945051747786
cutD_2~~~cutD~~~cutD_1~~~cutD_3,0.0
cutD_2~~~pflA,0.0020366598778004067
cutD_3~~~cutD_2,0.09648780082297684
cvaA,0.006085040941019991
cvaA_1,0.06982002576998211
cvaA_2,0.004065006858140406
cvaA~~~cvaA_1~~~cvaA_2,0.11207448356124523
cvaC,0.06982002576998211
cvpA,0.0
cvrA_1,0.002036659877800407
cvrA_2,0.002036659877800407
cvrA_2~~~cvrA_1~~~cvrA,0.0040650068581404054
cvrA_3,0.002036659877800407
cvrA_4,0.002036659877800407
cvrA_5,0.002036659877800407
cyaA_2~~~cyaA_1~~~cyaA,0.0
cyaY,0.0
cybB,0.0
cybC,0.002036659877800407
cybC_1~~~cybC_2~~~cybC,0.0
cycA,0.0
cycB_1,0.002036659877800407
cycB_2~~~cycB,0.006085040941019992
cydA_2,0.004065006858140406
cydA_2~~~cydA_1~~~cydA,0.0
cydB_2,0.004065006858140406
cydB_2~~~cydB_1~~~cydB,0.0
cydD_2~~~cydD_1~~~cydD,0.00608504094101999
cydD_3~~~cydD,0.002036659877800407
cydX,0.0
cynR_1~~~gltC_1~~~gltC,0.002036659877800407
cynR_2~~~hdfR_3~~~cynR,0.0
cynR_3~~~hdfR_7~~~cynR_2,0.1960181221164637
cynS,0.1960181221164637
cynT,0.1960181221164637
cyoA,0.0
cyoB_1~~~cyoB_2~~~cyoB,0.0
cyoC_2~~~cyoC_1~~~cyoC,0.0
cyoD,0.0
cyoE_1,0.002036659877800407
cyoE_2~~~cyoE_1~~~cyoE,0.0
cyoE_3,0.002036659877800407
cyoE_4,0.002036659877800407
cysA_1,0.002036659877800407
cysA_2,0.002036659877800407
cysA_3~~~cysA,0.004065006858140406
cysA_4~~~btuD_1~~~cysW,0.0
cysB_1~~~cysB_2~~~cysB_3~~~cysB,0.0
cysB_2~~~cysB_1,0.23321833825179775
cysC,0.0
cysD_1,0.004065006858140406
cysD_1~~~cysD_2~~~cysD,0.0
cysE_1,0.004065006858140406
cysE_2,0.006085040941019991
cysE_2~~~cysE_1,0.0428862379982543
cysE_3~~~cysE_2,0.023891267301217843
cysG_1~~~cysG_2~~~cysG,0.0
cysH_1,0.004065006858140406
cysH_2,0.24664366765035964
cysH_2~~~cysH_1,0.09808387713537556
cysH_2~~~cysH_1~~~cysH,0.0
cysH_3~~~cysH_2,0.06633692173407038
cysI_1~~~cysI_2~~~cysI_3~~~cysI,0.0
cysJ_4~~~cysJ_3~~~cysJ_2~~~cysJ_1~~~cysJ,0.0
cysK,0.0
cysL,0.0
cysL_2~~~dmlR_3,0.0
cysM,0.002036659877800407
cysN_1,0.002036659877800407
cysN~~~cysN_2,0.0
cysP_3~~~cysP_2~~~cysP_1~~~cysP,0.0
cysQ,0.0
cysQ_1,0.016060517893511785
cysS_2,0.00608504094101999
cysS_2~~~cysS_1~~~cysS,0.0
cysT,0.0
cysW_1,0.002036659877800407
cysW_2,0.002036659877800407
cysZ_2~~~cysZ_1~~~cysZ,0.0
cytR_1,0.24689305457417185
cytR_2,0.03727503221247766
cytR_2~~~cytR_1,0.0020366598778004067
czcR,0.004065006858140408
daaE,0.004065006858140406
dacA_1~~~dacA_2~~~dacA,0.0
dacB_1~~~dacB_2~~~dacB_3~~~dacB,0.0
dacC_3~~~dacC~~~dacC_2~~~dacC_1,0.0
dacC_4,0.002036659877800407
dacD_2~~~dacD_1~~~dacD,0.0
dadA_1,0.002036659877800407
dadA_1~~~dadA_2,0.0020366598778004067
dadA_2,0.002036659877800407
dadA_2~~~dadA_1,0.0040650068581404054
dadA_3,0.035388004488964626
dadX,0.0040650068581404054
damX_3~~~damX_1~~~damX_2~~~damX,0.0020366598778004067
damX_4,0.002036659877800407
dam_1,0.0020366598778004067
dam_1~~~dam_2,0.006085040941019991
dam_1~~~dam_3,0.006085040941019991
dam_2~~~dam_1~~~dam_3,0.16962467267966252
dam_3,0.012095265804896293
dam_3~~~dam_1,0.004065006858140406
dam~~~dam_2,0.0020366598778004067
dan,0.008096762126439167
dapA_1,0.002036659877800407
dapA_1~~~dapA_2,0.11658838688224782
dapA_1~~~dapA_3,0.18399767238871106
dapA_2~~~dapA_1,0.19790514983997667
dapA_2~~~dapA_3,0.0
dapA_2~~~yjhH,0.03538800448896462
dapB,0.002036659877800407
dapD_1~~~dapD,0.0
dapD_2,0.002036659877800407
dapE_3~~~dapE_2~~~dapE_1~~~dapE,0.0
dapF~~~dapF_1~~~dapF_2,0.0
dapH,0.010100170414397938
dapH_1,0.03915374703853028
dapH_1~~~dapH_3,0.021946049295481933
dapH_1~~~lpxD_1~~~lpxD_2~~~dapH_2,0.023891267301217843
dapH_2,0.004065006858140407
dapH_2~~~dapH_1,0.004065006858140407
dapH_2~~~vat~~~dapH_1,0.027756764620308415
dapH_3,0.0020366598778004067
dapH_3~~~dapH_1,0.09002036659877799
dapH~~~dapH_1~~~lacA_1~~~dapH_2,0.04842262770688724
dasR~~~nagR_2,0.10902365019327487
dauA_1,0.002036659877800407
dauA_2,0.002036659877800407
dauA_3~~~dauA_4~~~dauA,0.002036659877800407
dauR,0.0
dbpA_1,0.004065006858140407
dbpA_2,0.002036659877800407
dbpA_2~~~srmB_3~~~dbpA_1,0.06982002576998211
dbpA_3~~~dbpA_4~~~dbpA_5~~~dbpA_1~~~dbpA_2~~~dbpA,0.0
dcd_2~~~dcd_1~~~dcd,0.0
dcm_1,0.0020366598778004067
dcm_2,0.012095265804896293
dcm~~~dcm_2~~~dcm_1,0.004065006858140406
dcp,0.002036659877800407
dcp_1~~~dcp_2~~~dcp_3~~~dcp,0.0
dctA,0.0
dctA_1,0.10748576416309906
dctB~~~kinA,0.19790514983997667
dctD_2~~~dctD_1,0.16962467267966252
dctD~~~dctD_1,0.19696579242695042
dctM,0.09967164055031381
dctM_1~~~siaM_2~~~dctM_2~~~dctM_3~~~dctM,0.19409784280310902
dctM_2,0.002036659877800407
dctM_2~~~dctM~~~dctM_1~~~siaT,0.21180431439378192
dctM_3,0.008096762126439167
dctM~~~siaT~~~siaM~~~dctM_2~~~siaM_2,0.012095265804896291
dctR~~~dctR_2~~~dctR_1,0.0
dcuA_1~~~dcuA_2~~~dcuA_3~~~dcuA,0.002036659877800407
dcuA_2,0.029677043933663074
dcuA_3,0.023891267301217843
dcuA_3~~~dcuA_2,0.025828172409493335
dcuB_2,0.021946049295481933
dcuB_3,0.021946049295481933
dcuB~~~dcuB_2~~~dcuB_1,0.0
dcuD_1,0.002036659877800407
dcuD_1~~~dcuD_2,0.021946049295481933
dcuD_2,0.006085040941019989
dcuD_3~~~dcuD_1~~~dcuD_2,0.19883619435554262
dcuD_5~~~dcuD_4~~~dcuD_2~~~dcuD_1~~~dcuD,0.0
dcuR_1~~~dcuR_2,0.025828172409493335
dcuR_2~~~dcuR~~~dcuR_1,0.0
dcuS_1~~~dcuS_2~~~dcuS,0.0
dcyD_2~~~dcyD_1~~~dcyD,0.004065006858140405
ddlA_2~~~ddlA_1~~~ddlA,0.0
ddlB_1~~~ddlB_2~~~ddlB,0.0
ddpA,0.19696579242695042
ddpA_1~~~ddpA_2~~~ddpA_3~~~ddpA,0.1960181221164637
ddpB_1~~~ddpB_2~~~ddpB,0.1960181221164637
ddpC,0.19696579242695042
ddpD,0.19696579242695042
ddpF~~~btuD_7,0.19696579242695042
ddpX~~~ddpX_1~~~ddpX_2,0.1960181221164637
ddrA,0.18504509746872275
deaD_1,0.01999251839228563
deaD_2~~~deaD_1~~~deaD,0.0
decR_1,0.002036659877800407
decR_2~~~decR,0.008096762126439167
dedA,0.0
dedD~~~dedD_2~~~dedD_1,0.0
def_1~~~def_2~~~def,0.0
def~~~def_1~~~def_2,0.01999251839228563
degA,0.23905399226900534
degP_2~~~degP~~~degP_1,0.0
degQ_1,0.002036659877800407
degQ~~~degQ_2,0.0
degS_1~~~degS_2~~~degS,0.0
degS_2,0.002036659877800407
denK,0.0020366598778004067
deoA_2~~~deoA_1~~~deoA,0.0
deoB_2~~~deoB_3~~~deoB_1,0.0
deoC,0.0
deoD,0.0
deoR_1~~~deoR_2~~~deoR_3,0.07668647907228064
deoR_2~~~deoR_1,0.2386134087036036
deoR_2~~~deoR_3~~~deoR_1,0.2500519556091276
deoR~~~deoR_2,0.0
der_1,0.002036659877800407
der_1~~~der_3~~~der_2,0.0732698782160522
der_2,0.002036659877800407
der_2~~~der_3~~~der_1,0.16008146639511198
der_3~~~der_1~~~der_2,0.24073319755600817
der_4,0.006085040941019989
dfrD,0.002036659877800407
dgaE_1~~~dgaE_2~~~dgaE,0.01999251839228563
dgaF,0.01999251839228563
dgaR,0.027756764620308412
dgcC~~~dgcC_1~~~dgcC_2,0.0
dgcE_1~~~dgcE_2,0.010100170414397938
dgcE_3,0.004065006858140406
dgcE_4~~~dgcE_5~~~dgcE_1~~~dgcE_2~~~dgcE,0.0
dgcJ_2~~~dgcJ~~~dgcJ_1,0.0
dgcM_1~~~dgcM_2~~~dgcM,0.004065006858140406
dgcN~~~dgcN_3~~~dgcN_1~~~dgcN_2,0.0020366598778004067
dgcP_1~~~dgcP_2~~~dgcP,0.0
dgcQ_2,0.002036659877800407
dgcQ_3,0.002036659877800407
dgcQ~~~dgcQ_1~~~dgcQ_2,0.004065006858140406
dgcT_1~~~dgcT_2~~~dgcT,0.13389583939482105
dgcT_2,0.002036659877800407
dgcT_2~~~dgcT~~~cdgI_2~~~cdgI_3,0.04102414896712249
dgcZ_1,0.0
dgcZ_1~~~dgcZ_2~~~dgcZ,0.018030674591628913
dgcZ_2~~~dgcZ_1~~~dgcZ,0.006085040941019992
dgcZ~~~dgcZ_2,0.010100170414397938
dgkA,0.0
dgoA_1,0.20768943015087912
dgoA_2,0.01999251839228563
dgoA~~~dgoA_2,0.006085040941019991
dgoD_1~~~dgoD_2~~~dgoD,0.008096762126439169
dgoD_2~~~dgoD,0.018030674591628913
dgoK1_2~~~dgoK1_1,0.20768943015087912
dgoK1~~~dgoK1_1~~~dgoK1_2,0.008096762126439169
dgoK1~~~dgoK1_2,0.01999251839228563
dgoT_1,0.0020366598778004067
dgoT_1~~~dgoT_2~~~dgoT_3~~~dgoT,0.006085040941019991
dgoT_2~~~dgoT,0.018030674591628913
dgt_1,0.004065006858140406
dgt_3~~~dgt_2~~~dgt_1~~~dgt,0.0
dhaD,0.1224905440791388
dhaK_2,0.002036659877800407
dhaL_1,0.002036659877800407
dhaL_1~~~dhaL_3~~~dhaL_2,0.1224905440791388
dhaL_2~~~dhaL_1~~~dhaK~~~dhaL,0.002036659877800407
dhaM,0.002036659877800407
dhaR_1~~~dhaR_2,0.1224905440791388
dhaR_2,0.002036659877800407
dhaR_3~~~dhaR_2~~~dhaR_1~~~dhaR,0.002036659877800407
dhbF,0.006085040941019991
dhfrI,0.1500062346730953
diaA,0.0
dinB_1,0.0020366598778004067
dinB_2~~~dinB_1~~~dinB_3~~~dinB,0.0
dinB_4,0.002036659877800407
dinB_5,0.004065006858140406
dinF_2~~~dinF_1~~~dinF,0.0
dinG_1,0.002036659877800407
dinG_2,0.08508250550729454
dinG_2~~~dinG,0.09648780082297684
dinG_2~~~dinG_7~~~dinG_6~~~dinG_3~~~dinG_1~~~dinG_5~~~dinG_4~~~dinG,0.055688100087285426
dinI_1~~~dinI,0.002036659877800407
dinI_1~~~dinI_2,0.16372251548277153
dinI_1~~~dinI_3~~~dinI_2,0.14210066918824552
dinI_2,0.006085040941019991
dinJ,0.13389583939482105
djlA_1~~~djlA_2~~~djlA,0.0
dkgA_2~~~dkgA_1~~~dkgA,0.0
dkgB_3~~~dkgB_2~~~dkgB~~~dkgB_1,0.012095265804896295
dksA_1,0.00608504094101999
dksA_2~~~dksA_1~~~dksA,0.0
dld~~~dld_2~~~dld_1,0.0
dlgD~~~dlgD_2~~~dlgD_3,0.01010017041439794
dlsT_1~~~dlsT_2~~~dlsT_5~~~dlsT_4~~~dlsT_3~~~dlsT,0.002036659877800407
dlsT_2~~~dlsT,0.11955609127561413
dltA_1~~~dltA_2,0.1960181221164637
dltA_2,0.004065006858140406
dltA_2~~~tycC~~~dltA_3~~~angR~~~lgrD~~~grsB_1,0.20067334469429327
dltA_4,0.006085040941019991
dltC,0.20067334469429327
dmlA_3~~~dmlA_2~~~dmlA_1~~~dmlA,0.19696579242695042
dmlR_1,0.1960181221164637
dmlR_1~~~dmlR_2~~~dmlR_4~~~yahB_3~~~dmlR_6,0.0020366598778004067
dmlR_1~~~dmlR_2~~~dmlR_5~~~dmlR_3~~~dmlR_4,0.0
dmlR_3,0.04474001413192567
dmlR_4,0.008096762126439167
dmlR_5,0.008096762126439165
dmsA_1,0.012095265804896293
dmsA_2,0.0020366598778004067
dmsA_3~~~dmsA_1~~~dmsA_2~~~dmsA,0.0020366598778004067
dmsB_1,0.0020366598778004067
dmsB_1~~~dmsB~~~dmsB_3~~~dmsB_2,0.08508250550729457
dmsB_2,0.0020366598778004067
dmsB_4,0.008096762126439169
dmsC_1~~~dmsC_2,0.08508250550729457
dmsC_3~~~dmsC_2~~~dmsC_1,0.0020366598778004067
dmsD,0.0
dnaA_3~~~dnaA_2~~~dnaA_1~~~dnaA,0.0
dnaB_1,0.004065006858140407
dnaB_1~~~dnaB_3,0.004065006858140407
dnaB_1~~~dnaC_3~~~dnaB_3~~~dnaB_2,0.06808263020075646
dnaB_2,0.03538800448896462
dnaB_2~~~dnaB_1,0.014082048297934241
dnaB_2~~~dnaB_1~~~dnaB,0.0
dnaB_3,0.05927095889272205
dnaC_1,0.002036659877800407
dnaC_2,0.008096762126439169
dnaC_2~~~dnaC~~~dnaC_1,0.22744087451681286
dnaC~~~dnaC_1,0.01999251839228563
dnaE1~~~dnaE2~~~dnaE_1,0.033492663867991185
dnaE2,0.004065006858140407
dnaE_1~~~dnaE_2~~~dnaE2~~~dnaE_3~~~dnaE_4~~~dnaE,0.0
dnaG_1~~~dnaG_2~~~dnaG_3,0.014082048297934241
dnaG_1~~~dnaG_2~~~dnaG_3~~~dnaG_4~~~dnaG,0.0
dnaJ_1~~~dnaJ_2,0.018030674591628906
dnaJ_1~~~dnaJ_2~~~dnaJ,0.0
dnaJ_2,0.010100170414397938
dnaK_1,0.0020366598778004067
dnaK_1~~~dnaK_2~~~dnaK_3,0.0
dnaK_2~~~dnaK_3~~~dnaK_1,0.0020366598778004067
dnaN_2~~~dnaN_1~~~dnaN,0.0
dnaQ,0.0020366598778004067
dnaQ_2~~~dnaQ_1,0.029677043933663074
dnaT,0.0020366598778004067
dnaT_1,0.002036659877800407
dnaT_1~~~dnaT_2,0.1500062346730953
dnaT_2,0.004065006858140406
dnaT_2~~~dnaT,0.01999251839228563
dnaT_2~~~dnaT_1,0.08838272579907727
dnaT_2~~~dnaT_3~~~dnaT_1,0.0502514651481774
dnaX_2~~~dnaX_1~~~dnaX,0.0
dosC_2~~~dosC_1,0.006085040941019992
dosC~~~dosC_2~~~dosC_1~~~dosC_3,0.19696579242695042
dosP_1~~~dosP_2~~~dosP,0.008096762126439167
dpiA,0.0
dpiB_1~~~dpiB_2~~~dpiB_3~~~dpiB,0.0
dpnA,0.008096762126439169
dpnA_1,0.002036659877800407
dpnA~~~dpnA_1,0.016060517893511782
dpnM,0.03158901034955734
dpnM_1~~~dpnM,0.14343904567937155
dpnM~~~dam_2,0.023891267301217843
dppA_1~~~dppA_2~~~dppA_3~~~dppA_4~~~dppA,0.008096762126439169
dppB_1,0.19790514983997667
dppB_1~~~dppB_2~~~dppB_3,0.008096762126439169
dppC_1~~~dppC_2~~~dppC,0.008096762126439169
dppD_2~~~dppD_3~~~dppD_1,0.008096762126439169
dppD_3~~~dppD_2~~~dppD_1,0.19696579242695042
dps_1~~~dps_2~~~dps,0.0
drdK~~~mtnK,0.2500519556091276
dsbA,0.0
dsbA_1,0.0020366598778004067
dsbA_2,0.004065006858140404
dsbA_3,0.0020366598778004067
dsbB,0.002036659877800407
dsbC_2,0.010100170414397938
dsbC_2~~~dsbC_1~~~dsbC,0.0
dsbD_1~~~dsbD_2~~~dsbD_3~~~dsbD,0.002036659877800407
dsbD_4~~~dsbD_2,0.008096762126439169
dsbE,0.0
dsbG,0.0
dsbI,0.21941061557005695
dsbL_1~~~dsbL_2~~~dsbL,0.21941061557005695
dsdA,0.053884201338376486
dsdA_1~~~dsdA~~~dsdA_2~~~dsdA_4~~~dsdA_3,0.2440251049503304
dsdA_2~~~dsdA_1~~~dsdA,0.2495116172742009
dsdC_2~~~dsdC_1~~~dsdC,0.02194604929548193
dsdC~~~dsdC_1~~~dsdC_2,0.07498233509289662
dsdC~~~dsdC_2~~~dsdC_1,0.24073319755600817
dsdX_1~~~dsdX~~~dsdX_2,0.16728874849328734
dsdX_2~~~dsdX~~~dsdX_3,0.05748368593873395
dsdX~~~dsdX_1~~~dsdX_2,0.15000623467309532
dsrB,0.004065006858140406
dtd,0.0
dtd3,0.002036659877800407
dtd3~~~ycfH,0.002036659877800407
dtnK,0.19790514983997667
dtpA_2~~~dtpA_1~~~dtpA,0.0
dtpB,0.006085040941019992
dtpB_1~~~dtpB_2~~~dtpB_3~~~dtpB,0.0040650068581404054
dtpC,0.002036659877800407
dtpC~~~dtpC_1~~~dtpC_2,0.004065006858140406
dtpD_1~~~dtpD_2~~~dtpD_3~~~dtpD_4~~~dtpD,0.0
dusA_1~~~dusA_2~~~dusA,0.0
dusB_1~~~dusB_2~~~dusB,0.0
dusC,0.0
dut,0.0
dut_2,0.006085040941019991
dxr_1~~~dxr_2~~~dxr~~~dxr_3,0.0
dxs_1~~~dxs_2~~~dxs,0.0
dxs_2,0.002036659877800407
dxs_3,0.002036659877800407
eae,0.01010017041439794
eaeB,0.004065006858140406
eamA,0.002036659877800407
eamA~~~eamA_2~~~eamA_1~~~eamA_3,0.0
eamB,0.0
eatA~~~espP~~~sepA_2~~~pic_2~~~pic_3~~~pic_4~~~pic_5~~~pic_6~~~pic_1~~~pic,0.11807639552766115
ebgA_1~~~ebgA_2~~~ebgA_4~~~ebgA~~~ebgA_3,0.0
ebgC,0.0
ecdB,0.16372251548277153
ecfA1_2~~~ecfA1_1,0.09327070950579826
ecoRIIR,0.04288623799825429
ecoRIIR_1~~~ecoRIIR_2~~~ecoRIIR,0.03158901034955734
eco_1~~~eco_2~~~eco,0.0
ecpA_2~~~ecpA_1~~~ecpA,0.006085040941019991
ecpB,0.006085040941019991
ecpC_2~~~ecpC_1~~~ecpC,0.01010017041439794
ecpC_3,0.002036659877800407
ecpC_4,0.002036659877800407
ecpD_2~~~ecpD_1~~~ecpD,0.01010017041439794
ecpE~~~ecpE_2,0.008096762126439167
ecpR~~~ecpR_2~~~ecpR_1,0.006085040941019991
eda~~~eda_2,0.0
edcC_1~~~edcC_2~~~edcC,0.16372251548277153
edd_1~~~edd_2~~~edd_4~~~edd_3~~~edd,0.0
efeB_2~~~efeB_1~~~efeB,0.0040650068581404054
efeB_3,0.002036659877800407
efeB_4,0.002036659877800407
efeO,0.006085040941019991
efeU,0.002036659877800407
efeU~~~efeU_2~~~efeU_1,0.006085040941019991
efp_2~~~efp_1~~~efp,0.002036659877800407
ehaG~~~upaG~~~ehaG_2~~~ehaG_1,0.033492663867991185
ehpR,0.0020366598778004067
elaA_2~~~elaA_1~~~elaA,0.0
elaB,0.002036659877800407
elaD~~~elaD_1~~~elaD_2,0.24876345650276396
elbB_1~~~elbB_2~~~elbB,0.0
elfA~~~elfA_1~~~elfA_2,0.16372251548277153
elfC,0.01010017041439794
elfC_1,0.01010017041439794
elfC_1~~~elfC~~~elfC_4~~~elfC_5~~~elfC_6~~~elfC_7~~~elfC_2~~~elfC_3,0.16372251548277153
elfC_1~~~elfC~~~fimD_2~~~fimD_1,0.24821480527037698
elfC_2,0.002036659877800407
elfC_2~~~elfC_1~~~lpfC,0.13939897751361238
elfC_3,0.002036659877800407
elfD,0.16372251548277153
elfG_2~~~elfG~~~lpfD,0.13803566233010514
elfG~~~elfG_2~~~elfG_1,0.16491957271707056
elmGT_1~~~elmGT_2~~~elmGT,0.18187788353630654
elmGT_2~~~elmGT,0.03915374703853028
emrA_2~~~emrA_1~~~emrA_3,0.0040650068581404054
emrB_2~~~emrB_3~~~emrB_1,0.19214431189991268
emrB_2~~~emrB_4~~~emrB_3~~~emrB_1,0.0040650068581404054
emrB_4~~~emrB_1,0.00608504094101999
emrB~~~emrB_1,0.023891267301217843
emrB~~~emrB_4~~~emrB_1,0.01010017041439794
emrD_1~~~emrD_2~~~emrD_3~~~mdtL_2~~~emrD,0.0
emrE,0.021946049295481933
emrE_1~~~emrE,0.13939897751361238
emrE_2,0.09648780082297684
emrE~~~emrE_2,0.019992518392285632
emrK_1~~~emrK_2~~~emrK,0.0
emrK_3,0.002036659877800407
emrY~~~emrY_2~~~emrY_1,0.0
emtA,0.0040650068581404054
emtA_1,0.002036659877800407
emtA_2,0.002036659877800407
endA,0.0
engB,0.0
eno_1~~~eno,0.006085040941019991
eno_1~~~eno_2~~~eno,0.002036659877800407
eno_2,0.06982002576998211
entA,0.0
entB~~~entB_1~~~entB_2,0.0
entC_1,0.002036659877800407
entC_2~~~entC,0.0
entD,0.0
entE_1~~~entE_2~~~entE,0.0
entE_2,0.002036659877800407
entE_3,0.002036659877800407
entE_4,0.002036659877800407
entF~~~entF_3~~~entF_2~~~entF_1,0.0
entH,0.0
entS_1~~~entS_2~~~entS~~~entS_3,0.0
envC,0.0
envZ_2~~~envZ~~~envZ_1,0.0020366598778004067
epd_2~~~epd_1~~~epd,0.0
epmA_1~~~epmA_2~~~epmA_3~~~epmA,0.002036659877800407
epmB,0.002036659877800407
epmC,0.0
epsE_1,0.004065006858140407
epsE_1~~~epsE_2,0.0
epsE_2,0.004065006858140406
epsE_2~~~epsE_1~~~epsE_3,0.1239453011347105
epsF_1,0.004065006858140407
epsF_1~~~epsF_2,0.11955609127561415
epsF_2,0.004065006858140406
epsF_2~~~epsF~~~epsF_1,0.0
epsG,0.11955609127561415
epsH_1,0.02582817240949334
epsH~~~epsH_2,0.12102747412610664
epsJ~~~arnC_4~~~arnC_3~~~arnC_1,0.2484060019119664
epsK,0.0020366598778004067
epsM_1,0.008096762126439167
epsM_1~~~epsM~~~epsM_2,0.05568810008728543
epsM_2,0.0020366598778004067
eptA_2~~~eptA_1~~~eptA,0.0
eptB~~~eptB_1~~~eptB_2~~~eptB_3,0.008096762126439169
eptC,0.002036659877800407
eptC_1,0.002036659877800407
eptC_2,0.002036659877800407
era_1,0.008096762126439167
era_1~~~der_1~~~era_3,0.027756764620308415
era_1~~~era_2~~~era_3,0.224240408994555
era_1~~~era_3,0.1797248430940604
era_2,0.002036659877800407
era_2~~~era_1,0.012095265804896293
era_2~~~era_1~~~era_3,0.06808263020075646
era_2~~~era_3,0.18294193441123907
era_2~~~era_3~~~era_1,0.13249927262147224
era_3~~~era_1~~~era_2,0.24876345650276396
era_3~~~era_1~~~era_2~~~mnmE_2,0.23267799991687094
era_3~~~era_2,0.008096762126439167
era_3~~~era_2~~~era_1~~~era,0.0
era_4,0.0020366598778004067
erfK_1~~~erfK~~~erfK_2,0.004065006858140406
erm,0.004065006858140406
erpA,0.0
eryD,0.01803067459162891
esaR,0.004065006858140407
esiB,0.010100170414397938
esiB_1,0.21494658963381688
esiB_1~~~esiB,0.1282596949166632
esiB_2,0.052071989692007145
esiB~~~esiB_2~~~esiB_1,0.24923729165800734
espC,0.15761253584937032
espC_1~~~espC~~~espC_2,0.22357537719772222
espC_2~~~espC,0.057483685938733944
espP,0.0020366598778004067
etfA~~~fixB_2~~~fixB_1~~~fixB_3,0.03915374703853028
etk_1~~~etk_4~~~etk_3~~~etk_2~~~etk,0.15885115757097132
etp_1,0.004065006858140406
etp_1~~~etp_2~~~amsI~~~wzb,0.008096762126439167
etp_2~~~etp_1~~~etp,0.15885115757097132
ettA_1,0.002036659877800407
ettA_2~~~ettA_1~~~ettA,0.0
eutB_2~~~eutB_1~~~eutB,0.004065006858140406
eutB_3~~~eutB~~~eutB_2,0.008096762126439167
eutC_1~~~eutC~~~eutC_2,0.0020366598778004067
eutD_1~~~eutD_2,0.012095265804896293
eutD_2~~~eutD~~~eutD_1,0.0
eutK,0.0020366598778004067
eutL,0.0020366598778004067
eutM,0.0
eutN_1~~~eutN_2,0.2006733446942932
eutN_2~~~eutN_1~~~eutN,0.0
eutQ~~~eutQ_2~~~eutQ_1,0.0020366598778004067
eutS_1~~~eutS_2~~~eutS,0.0020366598778004067
evgA_1~~~evgA_2~~~evgA,0.00608504094101999
evgS_1,0.008096762126439169
evgS_3~~~evgS_2~~~evgS_1~~~evgS,0.004065006858140407
evgS_4,0.004065006858140406
exbB,0.0
exbD,0.0
exoX,0.0
exuT_1,0.07154910844174737
exuT_1~~~exuT_2,0.004065006858140406
exuT_2,0.002036659877800407
exuT_2~~~exuT_1~~~exuT,0.0
exuT_2~~~exuT_3,0.018030674591628906
exuT_3,0.03727503221247766
exuT_3~~~exuT_2,0.24300261856270003
fabA_2~~~fabA_1~~~fabA,0.002036659877800407
fabB,0.0
fabD_1~~~fabD_2~~~fabD,0.002036659877800407
fabF_1~~~fabF_2~~~fabF,0.002036659877800407
fabF_2~~~fabF_1~~~fabF_3,0.14870942266927137
fabF_3,0.004065006858140407
fabF_3~~~fabB_2~~~fabF_2,0.14870942266927137
fabG,0.002036659877800407
fabG_1,0.23529656261690013
fabG_2,0.002036659877800407
fabG_2~~~fabG_1,0.08508250550729456
fabG_4,0.008096762126439169
fabH_1~~~fabH_2~~~fabH,0.002036659877800407
fabH_2,0.21941061557005695
fabI,0.0
fabR_1,0.002036659877800407
fabR_2,0.002036659877800407
fabR_3~~~fabR,0.0
fabZ_2~~~fabZ_1~~~fabZ,0.0
fadA_1,0.002036659877800407
fadA_4~~~fadA_3~~~fadA_2~~~fadA~~~fadA_1,0.0
fadB_1,0.004065006858140406
fadB_2,0.004065006858140406
fadB_4~~~fadB_3~~~fadB_1~~~fadB_2~~~fadB,0.0
fadD_1~~~fadD_2~~~fadD_3~~~fadD,0.0
fadE_1~~~fadE_2~~~fadE_3~~~fadE_4~~~fadE_5~~~fadE_6~~~fadE,0.0
fadH_1~~~fadH_2~~~fadH,0.008096762126439169
fadH_3~~~fadH_1~~~fadH_2~~~fadH,0.0
fadI_1,0.002036659877800407
fadI_2~~~fadI,0.0
fadJ_6~~~fadJ_5~~~fadJ_4~~~fadJ_3~~~fadJ_2~~~fadJ_1~~~fadJ,0.0
fadK_2~~~fadK_1~~~fadK,0.0020366598778004067
fadL_1~~~fadL_2~~~fadL,0.0
fadM,0.0
fadR_1~~~nagR,0.002036659877800407
fadR_3~~~fadR_2~~~fadR,0.002036659877800407
faeE,0.01999251839228563
faeE_1,0.0020366598778004067
faeE~~~faeE_1~~~faeE_2,0.006085040941019989
faeG,0.0020366598778004067
farR,0.14870942266927137
fas2,0.004065006858140407
fas3,0.004065006858140407
fatA,0.01803067459162891
fbaA_1,0.0
fbaA_2,0.18399767238871106
fbaB~~~fbaB_2~~~fbaB_1,0.002036659877800407
fbp,0.002036659877800407
fbpC2_2~~~yusV_1,0.01999251839228563
fbp_1~~~fbp_2~~~fbp,0.0
fcl,0.24264516397190242
fcl_1,0.02194604929548193
fcuA~~~fatA,0.03538800448896463
fdhD_1~~~fdhD_3~~~fdhD~~~fdhD_2,0.0
fdhE,0.0
fdhF_1~~~fdhF_2,0.0
fdhF_3~~~fdhF_2~~~fdhF_1,0.0
fdnG_3~~~fdnG_2~~~fdnG_1,0.0
fdnG_4~~~fdnG_1,0.0
fdnH_2,0.0
fdnH_2~~~fdnH_1,0.0
fdnI,0.0
fdoG_1~~~fdoG_2,0.0
fdoG_4~~~napA_1~~~fdoG_1~~~fdoG_2~~~fdoG_3,0.0
fdoH_2~~~fdoH~~~fdoH_1,0.0
fdoI_2~~~fdoI_1~~~fdoI,0.0
fdrA_1~~~fdrA_2~~~fdrA_3,0.0
fdrA_1~~~fdrA_3,0.1901575294068748
fdrA_2,0.002036659877800407
fdrA_2~~~fdrA_4~~~fdrA_5~~~fdrA_1~~~fdrA_3,0.02389126730121784
fdrA_3,0.00608504094101999
fdrA_4,0.00608504094101999
fdtA,0.057483685938733944
fdtB,0.057483685938733944
fdtC,0.057483685938733944
fdtC~~~lpxD_1,0.046585477368136674
fdx,0.0
feaB~~~feaB_1~~~betB_2~~~feaB_2~~~feaB_3~~~feaB_4,0.15384679329980466
feaR_1~~~feaR~~~feaR_2,0.2471341286005238
fecA,0.0020366598778004067
fecA_1~~~fecA_2~~~fecA_3~~~fecA_4~~~fecA,0.24908765950372003
fecB,0.0020366598778004067
fecC,0.004065006858140406
fecC~~~fecC_1~~~fecC_2~~~fecC_3~~~btuC_2,0.2495116172742009
fecD,0.004065006858140406
fecD~~~fecD_1~~~fecD_2,0.2495116172742009
fecE,0.012095265804896291
fecE~~~fecE_1~~~fecE_2,0.2495116172742009
fecI,0.002036659877800407
fecI~~~fecI_2~~~fecI_1,0.24908765950372003
fecR,0.002036659877800407
fecR_1~~~fecR_2~~~fecR_3~~~fecR,0.24908765950372003
fenF,0.20067334469429327
feoA,0.0020366598778004067
feoB_2~~~feoB_3~~~feoB_5~~~feoB_4~~~feoB_1~~~feoB,0.0020366598778004067
feoC,0.0020366598778004067
fepA_1~~~pfeA_2~~~pfeA_1~~~fepA_2~~~pfeA~~~btuB_3,0.18294193441123907
fepA_4~~~fepA_3~~~fepA_2~~~btuB_6~~~fepA~~~fepA_1,0.0
fepB,0.0
fepB_2,0.006085040941019991
fepC_2,0.06282056610831709
fepC_2~~~fepC_1~~~fepC,0.0
fepD,0.0
fepE_2,0.01010017041439794
fepE~~~fepE_1~~~fepE_2~~~fepE_3,0.0
fepG_1~~~fepG~~~fepG_2,0.0
fepG_2,0.006085040941019991
fes_1~~~fes_2,0.18080551976391374
fes_2,0.023891267301217847
fes_2~~~fes_3,0.016060517893511785
fes~~~fes_1~~~fes_2~~~ybdZ,0.0
fetA_2~~~fetA_1~~~fetA,0.0
fetB,0.0
feuC,0.21339207780872024
ffh_2~~~ffh_1~~~ffh,0.0
fhlA_2~~~fhlA_1~~~fhlA,0.0020366598778004067
fhuA,0.02582817240949334
fhuA_2~~~fhuA_1~~~fhuA,0.02389126730121784
fhuB_5~~~fhuB_4~~~fhuB_3~~~fhuB_2~~~fhuB~~~fhuB_1,0.0
fhuC_3~~~fhuC_2~~~fhuC_1~~~fhuC,0.0
fhuD_2~~~fhuD_1~~~fhuD,0.0
fhuE_2~~~fhuE_1~~~fhuE,0.002036659877800407
fhuF,0.002036659877800407
fic_2,0.09164969450101831
fic~~~pabA~~~carA_1,0.0
fieF_1~~~fieF_2~~~fieF,0.0020366598778004067
fimA_1,0.002036659877800407
fimA_2,0.002036659877800407
fimA_3~~~fimA_1~~~fim~~~fimA_2~~~fimA,0.044740014131925666
fimA~~~fimA_1~~~fimA_2~~~fim,0.09488341161311774
fimC_1~~~fimC,0.24821480527037698
fimC_2,0.002036659877800407
fimC_2~~~fimC_1,0.1871150089363648
fimC_3~~~fimC_2,0.044740014131925666
fimD_1~~~fimD_2,0.01999251839228563
fimD_1~~~xerC_2~~~xerC_4,0.16610831705390913
fimD_2,0.002036659877800407
fimD_2~~~fimD_1~~~fimD_3,0.035388004488964626
fimD_2~~~fimD_3,0.1960181221164637
fimD_3,0.0020366598778004067
fimD_3~~~fimD_2,0.010100170414397938
fimD_4~~~fimD_1~~~fimD_2,0.11955609127561416
fimD_6~~~htrE_1~~~htrE_2,0.15129473377945882
fimD~~~fimD_2~~~fimD_1~~~fimD_3,0.01408204829793424
fimF_1,0.002036659877800407
fimF_2~~~fimF_1~~~fimF_3,0.033492663867991185
fimF~~~fimF_3~~~fimF_1~~~fimF_2,0.02389126730121784
fimG_1,0.002036659877800407
fimG_2~~~fimG_1,0.033492663867991185
fimG~~~fimG_1~~~fimG_2,0.031589010349557335
fimH_1,0.002036659877800407
fimH_1~~~fimH_3~~~fimH_2,0.033492663867991185
fimH~~~fimH_2~~~fimH_1,0.012095265804896291
finO,0.0020366598778004067
finO~~~finO_1,0.2051207448356125
fis,0.0
fiu_1~~~fiu_2~~~fiu_3~~~fiu,0.0020366598778004067
fixA_1~~~fixA_2,0.0020366598778004067
fixA_3~~~fixA_1,0.03915374703853028
fixA_4~~~fixA_2~~~fixA_3,0.0
fixB_2~~~carE~~~fixB_1,0.0020366598778004067
fixB_3~~~fixB_4~~~fixB_2,0.0
fixX_1~~~fixX_2,0.0020366598778004067
fixX_1~~~fixX_2~~~fixX_3,0.03727503221247766
fixX_2~~~fixX_3,0.0
fklB,0.002036659877800407
fklB_3~~~fklB_2~~~fklB_1~~~fklB,0.0
fkpA,0.0
fkpB_2~~~fkpB_1~~~fkpB,0.0
flaB2~~~fliC1,0.2452720395693919
fldA,0.0
fldB,0.0
fldC,0.01999251839228563
fldI,0.018030674591628906
fldP,0.19790514983997667
flgA,0.002036659877800407
flgB_1~~~flgB_2,0.2452720395693919
flgB_2~~~flgB_1~~~flgB,0.002036659877800407
flgC,0.002036659877800407
flgC_2~~~flgC_1,0.2452720395693919
flgD,0.002036659877800407
flgE_1~~~flgE_2~~~flgE_3~~~flgE_4~~~flgE,0.002036659877800407
flgE_2~~~flgE_3,0.2452720395693919
flgF_1~~~flgF_2,0.2452720395693919
flgF_2~~~flgF_1~~~flgF,0.002036659877800407
flgG_1~~~flgG_2,0.2452720395693919
flgG_2~~~flgG_1~~~flgG,0.002036659877800407
flgH,0.002036659877800407
flgH_1~~~flgH_2,0.2452720395693919
flgI_2,0.2452720395693919
flgI_3~~~flgI_2~~~flgI_1~~~flgI,0.002036659877800407
flgJ~~~flgJ_1~~~flgJ_2,0.002036659877800407
flgK_2~~~flgK_1~~~flgK,0.002036659877800407
flgL,0.002036659877800407
flgL_1~~~flgL_2,0.2452720395693919
flgM,0.002036659877800407
flgN,0.002036659877800407
flhA_2~~~flhA_1,0.0
flhA_2~~~flhA_1~~~flhA_6~~~flhA_3,0.002036659877800407
flhA_3,0.004065006858140406
flhA_4,0.002036659877800407
flhA_5,0.002036659877800407
flhB_3~~~flhB_1~~~flhB_2,0.2452720395693919
flhB_3~~~flhB_2~~~flhB_1~~~flhB,0.0
flhC_2~~~flhC_1~~~flhC,0.0
flhD_1~~~flhD_2~~~flhD,0.0
flhE,0.002036659877800407
fliA_2~~~fliA~~~fliA_1,0.004065006858140406
fliC,0.0020366598778004067
fliC_2~~~fliC_1~~~fliC,0.016060517893511785
fliC~~~fliC_1,0.02582817240949334
fliC~~~fljB,0.19506213890851656
fliC~~~fljB~~~fliC2,0.24611995511035373
fliD,0.03727503221247766
fliD_2~~~fliD_1,0.2455629909805062
fliD~~~fliD_2~~~fliD_1,0.035388004488964626
fliE_1~~~fliE,0.004065006858140406
fliE_2,0.24497277526081718
fliF_1~~~fliF_2~~~fliF_5~~~fliF_3~~~fliF_4~~~fliF,0.008096762126439169
fliF_2~~~fliF_1,0.24497277526081718
fliG_1~~~fliG_2~~~fliG,0.008096762126439169
fliG_2,0.24497277526081718
fliH,0.008096762126439169
fliI_1~~~fliI_2~~~fliI_4~~~fliI_3~~~fliI,0.008096762126439169
fliI_2~~~fliI_1,0.24497277526081718
fliJ,0.008096762126439169
fliK,0.008096762126439169
fliM~~~fliM_1~~~fliM_2,0.008096762126439169
fliN,0.008096762126439169
fliN_1~~~fliN_2,0.2452720395693919
fliO,0.008096762126439169
fliP_2,0.24466519805478204
fliP~~~fliP_1~~~fliP_2,0.008096762126439169
fliQ,0.008096762126439169
fliR_2,0.2452720395693919
fliR_2~~~fliR_1~~~fliR~~~fliR_3,0.008096762126439169
fliS,0.004065006858140406
fliS_2,0.2455629909805062
fliT,0.004065006858140406
fliY,0.004065006858140405
fliY_1,0.002036659877800407
fliY_2,0.002036659877800407
fliZ_2~~~fliZ~~~fliZ_1,0.004065006858140406
fljB,0.09648780082297682
flk~~~flk_1~~~flk_2,0.0
flmC,0.021946049295481933
flmC_1,0.002036659877800407
flmC_1~~~flmC,0.0732698782160522
flmC_3~~~flmC~~~flmC_1,0.24821480527037704
flp,0.20067334469429327
flu_1~~~flu_2~~~flu~~~flu_3~~~flu_4,0.24584562949416025
flu_1~~~flu_2~~~flu~~~flu_4~~~flu_3,0.2430026185627
flu_1~~~flu~~~flu_2~~~flu_3~~~flu_4,0.13249927262147224
flu_1~~~flu~~~flu_2~~~flu_4~~~flu_3~~~flu_9~~~flu_8~~~flu_7~~~flu_6,0.24996051373706304
flu_2,0.027756764620308415
flu_4~~~flu_1~~~flu_2~~~flu_3~~~flu,0.1253917452928218
flxA,0.0663369217340704
fmt,0.0
fnr_3~~~fnr_1~~~fnr_2~~~fnr,0.0
focA_2~~~focA_1~~~focA,0.0020366598778004067
focB_1~~~focB_2~~~focB,0.19696579242695042
focC_1,0.06104991894924976
focC_1~~~focC_2,0.13939897751361238
focC_2~~~focC_1,0.08508250550729456
focC~~~focC_2,0.08174903362567025
fokIM,0.006085040941019991
folA,0.014082048297934243
folA_2,0.008096762126439167
folB,0.0
folC_1,0.002036659877800407
folC_2~~~folC,0.0
folD,0.0
folE,0.0
folE2,0.00608504094101999
folK,0.0
folM,0.0
folP1~~~folP_2,0.16491957271707058
folP_1~~~folP_3,0.014082048297934241
folP_2,0.014082048297934243
folP_2~~~folP_1~~~folP,0.0
folP_2~~~folP_3,0.18187788353630654
folP_3,0.014082048297934238
folP_5~~~folP_2,0.008096762126439169
folX,0.0
fosA,0.008096762126439169
fpr~~~fpr_2~~~fpr_1,0.0020366598778004067
fptA,0.00608504094101999
frc_4~~~frc_3~~~frc~~~frc_2~~~frc_1,0.0
frdA~~~frdA_1~~~frdA_2,0.002036659877800407
frdB,0.002036659877800407
frdC_1~~~frdC,0.002036659877800407
frdC_2,0.002036659877800407
frdD,0.008096762126439167
fre_1~~~fre_2~~~fre,0.0
frlA_1~~~frlA_2~~~frlA,0.11955609127561416
frlB_1~~~frlB_2~~~frlB,0.11955609127561416
frlC_1~~~frlC_2~~~frlC,0.11955609127561416
frlD~~~frlD_1~~~frlD_2,0.11955609127561416
frlR,0.11955609127561416
frmA_1~~~frmA_2~~~frmA,0.004065006858140407
frmA_2,0.008096762126439169
frmB_2,0.002036659877800407
frmB~~~frmB_1~~~frmB_2,0.004065006858140407
frmR,0.004065006858140407
frmR_2,0.002036659877800407
frr,0.0
frsA_1~~~frsA_2~~~frsA_3,0.0
fruA_1~~~fruA_2~~~manP_1~~~manP,0.0
fruA_1~~~manP_2~~~manP_1,0.17863585352674674
fruA_2,0.18399767238871106
fruA_2~~~fruA_3,0.18399767238871106
fruA_2~~~fruA_4~~~manP_2~~~manP_1~~~fruA_1,0.1797248430940604
fruA_3~~~fruA_4~~~fruA_1,0.0
fruA_4,0.002036659877800407
fruB_2~~~fruB_1~~~fruB,0.0
fruK_1,0.21018329938900202
fruK_1~~~fruK_2~~~fruK_3,0.0
fruK_2,0.002036659877800407
frwD,0.002036659877800407
frwD_1,0.18399767238871106
frwD_2,0.0040650068581404054
fryA_1~~~fryA_2,0.0020366598778004067
fryA_2~~~fryA_1,0.0
fryA_3,0.002036659877800407
fryA_4,0.002036659877800407
fryA_4~~~fryA_1,0.004065006858140406
fryB_1,0.0
fryB_2,0.004065006858140406
fryC,0.0
fsaA_1~~~fsaA~~~fsaA_2~~~fsa,0.0
fsaB~~~fsaB_1~~~fsaB_2,0.0
fsr_1~~~fsr_2~~~fsr_3~~~fsr,0.0
ftnA_2~~~ftnA_1~~~ftnA_3,0.002036659877800407
ftnA_3~~~ftnA_2~~~ftnA_1,0.002036659877800407
ftsA_1~~~ftsA_2~~~mdh_1,0.006085040941019991
ftsA_2~~~mreB_1~~~ftsA_3,0.2006733446942932
ftsA_4~~~ftsA_3~~~ftsA_2~~~ftsA_1,0.0
ftsB,0.0
ftsE,0.021946049295481933
ftsE_1,0.002036659877800407
ftsE_2~~~ftsE,0.023891267301217843
ftsH4_2~~~ftsH_3,0.004065006858140406
ftsH_1,0.002036659877800407
ftsH_2,0.012095265804896291
ftsH_2~~~ftsH_1,0.016060517893511782
ftsH_2~~~ftsH_1~~~ftsH,0.0
ftsH_4~~~ftsH4_2,0.004065006858140406
ftsI_1,0.004065006858140406
ftsI_2,0.004065006858140406
ftsI_2~~~ftsI_3~~~ftsI_4~~~ftsI_5~~~ftsI,0.0
ftsK_2~~~ftsK~~~ftsK_1~~~ftsK_5,0.016060517893511785
ftsL,0.0
ftsN_1~~~ftsN_2~~~ftsN,0.0020366598778004067
ftsP_1~~~ftsP_2~~~ftsP,0.0
ftsQ,0.0
ftsW_1~~~ftsW_2~~~ftsW~~~ftsW_3,0.0
ftsX,0.021946049295481933
ftsX_1~~~ftsX_2~~~ftsX,0.023891267301217843
ftsY,0.021946049295481933
ftsY_2~~~ftsY_1~~~ftsY,0.023891267301217843
ftsZ_2~~~ftsZ_1~~~ftsZ,0.0
fucA,0.2500519556091276
fucA_1~~~fucA~~~fucA_2,0.24996051373706304
fucA_2,0.2501350845837317
fucI_1~~~fucI_2~~~fucI_3~~~fucI,0.24996051373706304
fucI_2~~~fucI_1~~~fucI,0.2500519556091276
fucK_1~~~fucK_2~~~fucK~~~fucK_3,0.24996051373706304
fucK_2~~~fucK_1,0.2500519556091276
fucO,0.24996051373706304
fucO_1~~~fucO_2~~~fucO,0.24986075896753818
fucO_2~~~mdh_4~~~mdh_2~~~mdh_1~~~fucO_1,0.0
fucP_1~~~fucP_2~~~fucP,0.2500519556091276
fucP_2,0.24801529573132716
fucP_3~~~fucP_2,0.01803067459162891
fucP~~~fucP_2~~~fucP_1,0.2504592875846877
fucU,0.2500519556091276
fucU_1~~~fucU_2~~~fucU,0.24996051373706304
fumA,0.0
fumA_1,0.10748576416309906
fumB_1~~~fumB_2~~~fumB,0.0
fumC_1~~~fumC_3~~~fumC_2~~~fumC,0.0
fumC_2,0.006085040941019989
fumD,0.0
fumE,0.01010017041439794
fur,0.0
fusA_2~~~fusA_1~~~fusA,0.0
fyuA_2,0.004065006858140406
fyuA_2~~~fyuA_1~~~fyuA,0.11955609127561416
gabD_1~~~gabD~~~gabD_2,0.006085040941019991
gabP_2~~~gabP_1~~~gabP,0.008096762126439167
gabR~~~gabR_2~~~gabR_1,0.24584562949416025
gabT_1~~~gabT_2~~~gabT_3~~~gabT~~~argD_2,0.006085040941019991
gadA_1,0.004065006858140406
gadA~~~gadB_3~~~gadB_2~~~gadB,0.06458290036992394
gadB_1~~~gadB~~~gadA,0.21018329938900207
gadB_2~~~gadB_3~~~gadB_4~~~gadB_1~~~gadB~~~gadA,0.23676794546739263
gadB~~~gadB_1~~~gadA,0.17643293569973809
gadC_1,0.004065006858140406
gadC_2~~~gadC_1~~~gadC,0.004065006858140407
gadE_1~~~gadE,0.008096762126439169
gadE_2~~~gadE,0.002036659877800407
gadW_1~~~gadW,0.002036659877800407
gadW_2,0.002036659877800407
gadW_2~~~gadW_1,0.09648780082297684
gadX_2~~~gadX_1,0.0
galE_1,0.008096762126439167
galE_1~~~galE,0.0
galE_1~~~lnpD~~~galE_2,0.021946049295481933
galE_2,0.06982002576998211
galE_2~~~galE_1~~~galE_4~~~galE_3~~~lnpD,0.053884201338376486
galF_2~~~galF_1,0.006085040941019992
galF~~~galF_1,0.029677043933663078
galK_1~~~galK_2~~~galK,0.0
galM,0.0
galP_1~~~galP_2~~~galP,0.0
galR_1~~~galR_2~~~galR,0.0
galS,0.0
galT,0.0
galU_1~~~galU,0.002036659877800407
galU_2,0.002036659877800407
gamA,0.002036659877800407
gamA~~~nagB_3,0.10902365019327487
ganB,0.006085040941019992
gap,0.004065006858140407
gapA_3~~~gapA_2~~~gapA_1~~~gapA,0.0
gap_1~~~gap_2~~~gap_3~~~gapA1~~~gap,0.0
gap_2,0.008096762126439167
garD_1,0.14343904567937152
garD_1~~~garD_2~~~garD_3~~~garD,0.004065006858140407
garD_1~~~garD_2~~~garD_3~~~garD_4,0.12102747412610665
garD_4~~~garD_1~~~garD_3~~~garD_2,0.1239453011347105
garK~~~garK_1~~~garK_2,0.0
garL,0.0
garP_1~~~garP_2~~~garP,0.0
garP_2,0.027756764620308415
garR_1~~~garR,0.0
garR_2,0.004065006858140406
gatA,0.01999251839228563
gatA_1~~~gatA_2~~~gatA_3,0.14740429776798702
gatA_2,0.14740429776798702
gatB_1~~~gatB~~~gatB_2,0.01999251839228563
gatB_2,0.24190531609792598
gatB_3,0.24996051373706304
gatC_1,0.14740429776798702
gatC_1~~~gatC_3~~~gatC~~~gatC_2,0.01999251839228563
gatC_2,0.14740429776798702
gatC_3,0.24996051373706304
gatD~~~gatD_2~~~gatD_1,0.01999251839228563
gatY_1~~~gatY_2~~~gatY,0.01999251839228563
gatY_2,0.194097842803109
gatZ_2~~~gatZ_1~~~gatZ~~~gatZ_3,0.01999251839228563
gbpR~~~gbpR_1,0.018030674591628913
gcd_5~~~gcd_4~~~gcd_3~~~gcd_2~~~gcd_1~~~gcd,0.0
gcl,0.01010017041439794
gcl_2,0.1224905440791388
gcl_4~~~gcl_3~~~gcl_2~~~gcl_1~~~gcl,0.0020366598778004067
gcvA,0.2500519556091276
gcvA_1~~~dmlR_5~~~dmlR_1~~~dmlR_4~~~dmlR_2,0.0
gcvA_2~~~gcvA,0.24996051373706304
gcvA_3~~~gcvA_2~~~gcvA_1,0.10748576416309906
gcvH_2~~~gcvH_1~~~gcvH,0.0
gcvP_1,0.002036659877800407
gcvP_2,0.002036659877800407
gcvP_3~~~gcvP_4~~~gcvP_2~~~gcvP_1~~~gcvP,0.0
gcvR_1~~~gcvR_2~~~gcvR,0.0
gcvT_1,0.01010017041439794
gcvT~~~gcvT_2~~~gcvT_1,0.0
gdh,0.23529656261690013
gdhA_1~~~gdhA_3~~~gdhA_2~~~gdhA,0.0
gdx,0.002036659877800407
gdx_2,0.01803067459162891
gfcA,0.15257491998836195
gfcB_1~~~gfcB,0.0
gfcB_1~~~gfcB_2,0.15511035371378695
ggt_1~~~ggt_2~~~ggt,0.09488341161311774
ggt~~~ggt_1,0.08174903362567024
ghoS,0.004065006858140406
ghoT,0.21018329938900202
ghrA~~~ghrA_1~~~ghrA_2,0.0040650068581404054
ghrB_1,0.1901575294068748
ghrB_1~~~ghrB_2~~~ghrB,0.008096762126439169
ghxP_1~~~ghxP_2~~~ghxP_3~~~ghxP,0.0
ghxQ_3~~~ghxQ_2~~~ghxQ_1~~~ghxQ,0.008096762126439167
glaH_2~~~glaH_1~~~glaH,0.006085040941019991
glaR,0.006085040941019989
glcA~~~glcA_1~~~glcA_2,0.04102414896712249
glcB~~~glcB_1~~~glcB_2,0.039153747038530286
glcR_1,0.19790514983997667
glcR_2,0.07498233509289662
gldA_2~~~gldA_1~~~gldA,0.0
glf,0.0428862379982543
glfT1,0.002036659877800407
glgA,0.002036659877800407
glgA_1,0.004065006858140406
glgA_2,0.002036659877800407
glgA_3,0.002036659877800407
glgB_1~~~glgB_2~~~glgB,0.0
glgB_3,0.002036659877800407
glgB_4,0.002036659877800407
glgB_5,0.002036659877800407
glgC,0.002036659877800407
glgC_1,0.002036659877800407
glgC_2,0.002036659877800407
glgM,0.0020366598778004067
glgS,0.0020366598778004067
glgX,0.002036659877800407
glgX~~~glgX_2~~~glgX_1,0.002036659877800407
glk_1~~~glk,0.0
glk_2,0.002036659877800407
glk_3,0.002036659877800407
glmE,0.10748576416309906
glmM_1,0.002036659877800407
glmM_1~~~glmM_2,0.02194604929548193
glmM_2,0.02194604929548193
glmM_3,0.004065006858140406
glmM_3~~~glmM,0.0
glmM_3~~~glmM_2,0.03727503221247766
glmS_1~~~glmS_2,0.10748576416309906
glmS_1~~~glmS_2~~~glmS_3~~~glmS,0.0
glmU_1,0.008096762126439167
glmU_1~~~glmU_2,0.0
glmU_1~~~glmU_3,0.19696579242695042
glmU_2~~~glmU_1~~~glmU_3,0.04288623799825428
glmU_3~~~fdtC,0.10748576416309907
glmU_3~~~glmU_1,0.04474001413192569
glnA_1~~~glnA_2~~~glnA,0.0
glnB,0.0
glnD_3~~~glnD_2~~~glnD_1~~~glnD,0.0
glnE_1~~~glnE_2~~~glnE~~~glnE_3,0.0
glnG~~~glnG_2~~~glnG_1~~~norR_4,0.0
glnH_2~~~glnH_1~~~glnH,0.0
glnK_2~~~glnK_1~~~glnK,0.0
glnL_2~~~glnL_1~~~glnL,0.0
glnP,0.0
glnQ_3~~~btuD_1~~~glnQ_1~~~glnQ_2,0.002036659877800407
glnQ_4~~~glnQ~~~glnQ_3~~~glnQ_2~~~glnQ_1,0.0020366598778004067
glnS_2~~~glnS_1~~~glnS,0.0020366598778004067
gloA,0.0
gloB,0.0020366598778004067
gloC_2~~~gloC~~~gloC_1,0.0
glpA_1~~~glpA_2~~~glpA,0.002036659877800407
glpB,0.002036659877800407
glpC_1~~~glpC_2~~~glpC,0.002036659877800407
glpD,0.002036659877800407
glpD_1,0.002036659877800407
glpD_2,0.002036659877800407
glpD_3,0.002036659877800407
glpE,0.002036659877800407
glpE_1,0.002036659877800407
glpE_2,0.002036659877800407
glpF_2~~~glpF_1~~~glpF,0.0020366598778004067
glpG_1,0.002036659877800407
glpG_2,0.002036659877800407
glpG_2~~~glpG_1~~~aarA,0.10593956523546284
glpG_3,0.002036659877800407
glpK_2~~~glpK_1~~~glpK,0.0020366598778004067
glpQ_3~~~glpQ~~~glpQ_1~~~glpQ_2,0.002036659877800407
glpR,0.002036659877800407
glpR_2,0.010100170414397938
glpT_1~~~glpT~~~glpT_2,0.002036659877800407
glpX~~~glpX_2~~~glpX_1,0.0020366598778004067
glrK~~~qseE,0.0
glsA1~~~glsA1_2~~~glsA1_1,0.0
glsA2,0.002036659877800407
glsA2_2~~~glsA2_1~~~glsA2,0.002036659877800407
gltA_2~~~gltA_1~~~gltA,0.0
gltB_2~~~gltB_6~~~gltB_1~~~gltB,0.0
gltB_4~~~gltB_3~~~gltB_2~~~gltB,0.008096762126439169
gltB_5,0.002036659877800407
gltD_1~~~gltD_2~~~gltD,0.004065006858140406
gltD_4~~~gltD_5~~~gltD_2,0.01010017041439794
gltD_6~~~gltD_2,0.0
gltD~~~gltD_3,0.0020366598778004067
gltF_1,0.033492663867991185
gltF~~~gltF_1~~~gltF_2,0.03158901034955734
gltI_3~~~gltI_2~~~gltI_1~~~gltI,0.0
gltJ_1~~~gltJ_2,0.0
gltJ_3~~~gltJ_2~~~gltJ~~~gltJ_1,0.0
gltP_1~~~gltP,0.0
gltP_2,0.002036659877800407
gltR,0.002036659877800407
gltS_1~~~gltS_2~~~gltS,0.0
gltS_2,0.021946049295481933
gltX,0.014082048297934241
gltX_2~~~gluQ_1~~~gltX_1~~~gltX,0.012095265804896291
gluQ~~~gluQ_2~~~gluQ_1,0.0
glvC~~~glvC_1~~~malP_1~~~glvC_2~~~malP_2~~~malP_3,0.19696579242695042
glxK_1,0.002036659877800407
glxK_2,0.1224905440791388
glxK_2~~~glxK~~~glxK_4~~~glxK_3~~~glxK_1,0.0040650068581404054
glxR_1,0.0040650068581404054
glxR_2,0.002036659877800407
glxR~~~glxR_2~~~glxR_1,0.006085040941019991
glyA_3~~~glyA_2~~~glyA_1~~~glyA,0.0
glyE,0.23676794546739263
glyG,0.18187788353630657
glyQ,0.004065006858140406
glyS_1~~~glyS_2~~~glyS,0.004065006858140406
gmd,0.010100170414397938
gmd_1,0.004065006858140407
gmd_1~~~gmd_2,0.02194604929548193
gmd_2,0.014082048297934243
gmd_2~~~gmd~~~gmd_1,0.053884201338376486
gmd~~~rffG_1~~~wbgU~~~fcl,0.039153747038530286
gmhA_1~~~gmhA_2~~~gmhA,0.0
gmhB~~~gmhB_2~~~gmhB_1,0.0
gmk,0.0
gmm,0.004065006858140407
gmm_2,0.00608504094101999
gmm_2~~~gmm_1,0.02194604929548193
gmuD,0.002036659877800407
gnd_1~~~gnd_2~~~gnd,0.002036659877800407
gnsA_2~~~gnsA,0.0040650068581404054
gnsA_2~~~gnsA_1,0.20424789060226944
gntK,0.14075397979965917
gntK_1,0.002036659877800407
gntK~~~gntK_1,0.13939897751361238
gntP_1,0.004065006858140406
gntP_3~~~gntP_2~~~gntP_1~~~gntP,0.13109439295066297
gntR_1,0.002036659877800407
gntR_2,0.21018329938900202
gntR_3,0.016060517893511785
gntR_3~~~gntR_2~~~gntR_1,0.23905399226900534
gntR~~~gntR_3~~~gntR_2~~~gntR_1,0.13249927262147224
gntT_1~~~gntT_2~~~gntT,0.0
gntU,0.1797248430940604
gntU_1~~~gntU~~~gntU_2,0.17863585352674677
gnu_2~~~gnu_1~~~gnu,0.09808387713537556
golD,0.01209526580489629
gor,0.004065006858140406
gor_2~~~gor_1~~~gor_3~~~gor,0.0
gpFI,0.006085040941019991
gpFI_1,0.006085040941019988
gpFI_1~~~gpFI,0.1960181221164637
gpFI_1~~~gpFI~~~gpFI_2,0.15636560123030888
gpFI_2,0.1576125358493703
gpFI_2~~~gpFI_1~~~gpFI,0.11509206533937402
gpFI~~~gpFI_2,0.09488341161311774
gph,0.0020366598778004067
gph_2,0.006085040941019991
gpmA,0.0
gpmI_4~~~gpmI_3~~~gpmI_2~~~gpmI_1~~~gpmI,0.0
gppA_3~~~gppA_2~~~gppA_1~~~gppA,0.0
gpr,0.004065006858140406
gpr~~~gpr_1,0.0
gpsA_2~~~gpsA_1~~~gpsA,0.0
gpt,0.0
grcA,0.0
greA_1~~~greA_2~~~greA,0.0
greB_1~~~greB,0.0020366598778004067
greB_2,0.002036659877800407
groL_1~~~groL_2~~~groL,0.002036659877800407
groL_2,0.002036659877800407
groS,0.002036659877800407
groS_2,0.002036659877800407
group_0,0.01999251839228563
group_1,0.002036659877800407
group_10,0.03727503221247766
group_100,0.012095265804896293
group_1000,0.0020366598778004067
group_10000,0.008096762126439165
group_10001,0.02389126730121784
group_10002,0.02967704393366307
group_10003,0.002036659877800407
group_10004,0.008096762126439169
group_10005,0.1352840932707095
group_10006,0.016060517893511782
group_10007,0.08006982833866745
group_10008,0.004065006858140408
group_10009,0.016060517893511785
group_1001,0.004065006858140406
group_10010,0.0020366598778004067
group_10011,0.13389583939482103
group_10012,0.025828172409493335
group_10013,0.24073319755600817
group_10014,0.24032586558044808
group_10015,0.12682987655347272
group_10016,0.06282056610831706
group_10017,0.01803067459162891
group_10018,0.16962467267966252
group_10019,0.11358743089903987
group_1002,0.0020366598778004067
group_10020,0.0020366598778004067
group_10021,0.044740014131925666
group_10022,0.07326987821605219
group_10023,0.0020366598778004067
group_10024,0.15885115757097137
group_10025,0.1447691092730371
group_10026,0.05388420133837649
group_10027,0.1224905440791388
group_10028,0.0020366598778004067
group_10029,0.22744087451681286
group_1003,0.004065006858140406
group_10030,0.006085040941019989
group_10031,0.010100170414397938
group_10032,0.029677043933663074
group_10033,0.031589010349557335
group_10034,0.07154910844174737
group_10035,0.2347894758718152
group_10036,0.1891516688141652
group_10037,0.18399767238871106
group_10038,0.03158901034955734
group_10039,0.24466519805478204
group_1004,0.016060517893511785
group_10040,0.03915374703853028
group_10041,0.025828172409493342
group_10042,0.008096762126439167
group_10043,0.03727503221247766
group_10044,0.055688100087285426
group_10045,0.09488341161311774
group_10046,0.11055322332599027
group_10047,0.00608504094101999
group_10048,0.023891267301217847
group_10049,0.004065006858140407
group_1005,0.004065006858140407
group_10050,0.14870942266927137
group_10051,0.002036659877800407
group_10052,0.22866287044349307
group_10053,0.01803067459162891
group_10054,0.016060517893511785
group_10055,0.05568810008728542
group_10056,0.07154910844174737
group_10057,0.002036659877800407
group_10058,0.002036659877800407
group_10059,0.025828172409493335
group_1006,0.01803067459162891
group_10060,0.09002036659877799
group_10061,0.08508250550729456
group_10062,0.012095265804896291
group_10063,0.002036659877800407
group_10064,0.0020366598778004067
group_10065,0.10125109106779166
group_10066,0.16846086703520513
group_10067,0.004065006858140406
group_10068,0.02389126730121784
group_10069,0.15636560123030885
group_1007,0.014082048297934241
group_10070,0.002036659877800407
group_10071,0.006085040941019991
group_10072,0.09164969450101831
group_10073,0.02389126730121784
group_10074,0.01803067459162891
group_10075,0.016060517893511785
group_10076,0.004065006858140406
group_10077,0.012095265804896295
group_10078,0.15257491998836195
group_10079,0.14075397979965917
group_1008,0.016060517893511785
group_10080,0.14075397979965917
group_10081,0.01408204829793424
group_10082,0.05927095889272205
group_10083,0.0040650068581404054
group_10084,0.13803566233010514
group_10085,0.09967164055031381
group_10086,0.08508250550729456
group_10087,0.0040650068581404054
group_10088,0.002036659877800407
group_10089,0.002036659877800407
group_1009,0.002036659877800407
group_10090,0.004065006858140406
group_10091,0.004065006858140407
group_10092,0.04102414896712249
group_10093,0.07154910844174737
group_10094,0.016060517893511785
group_10095,0.002036659877800407
group_10096,0.16962467267966252
group_10097,0.15257491998836195
group_10098,0.002036659877800407
group_10099,0.03538800448896462
group_101,0.14075397979965917
group_1010,0.002036659877800407
group_10100,0.002036659877800407
group_10101,0.002036659877800407
group_10102,0.06982002576998211
group_10103,0.014082048297934241
group_10104,0.019992518392285625
group_10105,0.002036659877800407
group_10106,0.14210066918824554
group_10107,0.004065006858140406
group_10108,0.14210066918824554
group_10109,0.004065006858140406
group_1011,0.21721601064050883
group_10110,0.004065006858140406
group_10111,0.008096762126439167
group_10112,0.002036659877800407
group_10113,0.016060517893511785
group_10114,0.1960181221164637
group_10115,0.010100170414397938
group_10116,0.004065006858140407
group_10117,0.002036659877800407
group_10118,0.059270958892722055
group_10119,0.15129473377945882
group_1012,0.012095265804896291
group_10120,0.004065006858140408
group_10121,0.06982002576998211
group_10122,0.0020366598778004067
group_10123,0.02775676462030841
group_10124,0.008096762126439167
group_10125,0.22866287044349312
group_10126,0.01209526580489629
group_10127,0.008096762126439167
group_10128,0.17306621222827215
group_10129,0.17643293569973806
group_1013,0.07498233509289662
group_10130,0.0020366598778004067
group_10131,0.031589010349557335
group_10132,0.06458290036992395
group_10133,0.002036659877800407
group_10134,0.19115507710212393
group_10135,0.004065006858140406
group_10136,0.03158901034955734
group_10137,0.0502514651481774
group_10138,0.004065006858140406
group_10139,0.002036659877800407
group_1014,0.002036659877800407
group_10140,0.20936032254042145
group_10141,0.002036659877800407
group_10142,0.23478947587181517
group_10143,0.01010017041439794
group_10144,0.002036659877800407
group_10145,0.16491957271707058
group_10146,0.160081466395112
group_10147,0.012095265804896291
group_10148,0.02194604929548193
group_10149,0.0715491084417474
group_1015,0.20067334469429327
group_10150,0.002036659877800407
group_10151,0.01999251839228563
group_10152,0.0663369217340704
group_10153,0.016060517893511785
group_10154,0.2466436676503596
group_10155,0.20936032254042145
group_10156,0.012095265804896293
group_10157,0.004065006858140406
group_10158,0.0502514651481774
group_10159,0.002036659877800407
group_1016,0.004065006858140406
group_10160,0.12539174529282182
group_10161,0.2315723845546365
group_10162,0.02582817240949334
group_10163,0.018030674591628913
group_10164,0.03727503221247766
group_10165,0.15129473377945882
group_10166,0.09648780082297684
group_10167,0.01408204829793424
group_10168,0.033492663867991185
group_10169,0.016060517893511785
group_1017,0.002036659877800407
group_10170,0.10748576416309907
group_10171,0.002036659877800407
group_10172,0.002036659877800407
group_10173,0.04288623799825429
group_10174,0.1253917452928218
group_10175,0.14740429776798705
group_10176,0.00608504094101999
group_10177,0.24986075896753818
group_10178,0.2337503636892639
group_10179,0.002036659877800407
group_1018,0.002036659877800407
group_10180,0.0428862379982543
group_10181,0.002036659877800407
group_10182,0.019992518392285625
group_10183,0.13249927262147224
group_10184,0.004065006858140407
group_10185,0.004065006858140406
group_10186,0.11955609127561415
group_10187,0.16008146639511198
group_10188,0.016060517893511785
group_10189,0.24996051373706304
group_1019,0.025828172409493335
group_10190,0.033492663867991185
group_10191,0.002036659877800407
group_10192,0.014082048297934243
group_10193,0.002036659877800407
group_10194,0.002036659877800407
group_10195,0.006085040941019989
group_10196,0.002036659877800407
group_10197,0.08006982833866745
group_10198,0.061049918949249764
group_10199,0.07668647907228064
group_102,0.16491957271707058
group_1020,0.004065006858140406
group_10200,0.04842262770688723
group_10201,0.016060517893511782
group_10202,0.004065006858140406
group_10203,0.04658547736813668
group_10204,0.22357537719772222
group_10205,0.24497277526081715
group_10206,0.002036659877800407
group_10207,0.07668647907228063
group_10208,0.004065006858140406
group_10209,0.06282056610831707
group_1021,0.018030674591628913
group_10210,0.002036659877800407
group_10211,0.2255455338958394
group_10212,0.09164969450101831
group_10213,0.10902365019327487
group_10214,0.023891267301217843
group_10215,0.02194604929548193
group_10216,0.002036659877800407
group_10217,0.03158901034955734
group_10218,0.09327070950579824
group_10219,0.03158901034955734
group_1022,0.029677043933663074
group_10220,0.17753855106197264
group_10221,0.002036659877800407
group_10222,0.002036659877800407
group_10223,0.0
group_10224,0.002036659877800407
group_10225,0.07154910844174736
group_10226,0.0020366598778004067
group_10227,0.15129473377945882
group_10228,0.004065006858140407
group_10229,0.15129473377945882
group_1023,0.004065006858140406
group_10230,0.0
group_10231,0.002036659877800407
group_10232,0.029677043933663074
group_10233,0.002036659877800407
group_10234,0.004065006858140406
group_10235,0.002036659877800407
group_10236,0.04102414896712249
group_10237,0.002036659877800407
group_10238,0.002036659877800407
group_10239,0.24152292281474708
group_1024,0.002036659877800407
group_10240,0.031589010349557335
group_10241,0.002036659877800407
group_10242,0.0020366598778004067
group_10243,0.002036659877800407
group_10244,0.002036659877800407
group_10245,0.02389126730121784
group_10246,0.002036659877800407
group_10247,0.15885115757097137
group_10248,0.002036659877800407
group_10249,0.21417349016999873
group_1025,0.002036659877800407
group_10250,0.002036659877800407
group_10251,0.0834199260152126
group_10252,0.002036659877800407
group_10253,0.002036659877800407
group_10254,0.002036659877800407
group_10255,0.002036659877800407
group_10256,0.002036659877800407
group_10257,0.03158901034955734
group_10258,0.002036659877800407
group_10259,0.04842262770688723
group_1026,0.002036659877800407
group_10260,0.002036659877800407
group_10261,0.09327070950579824
group_10262,0.07838231015420423
group_10263,0.14740429776798705
group_10264,0.002036659877800407
group_10265,0.01999251839228563
group_10266,0.008096762126439167
group_10267,0.002036659877800407
group_10268,0.002036659877800407
group_10269,0.12102747412610664
group_1027,0.002036659877800407
group_10270,0.2059852861714951
group_10271,0.09967164055031381
group_10272,0.002036659877800407
group_10273,0.03727503221247766
group_10274,0.03538800448896462
group_10275,0.24497277526081715
group_10276,0.04102414896712248
group_10277,0.002036659877800407
group_10278,0.016060517893511785
group_10279,0.03158901034955734
group_1028,0.002036659877800407
group_10280,0.11509206533937404
group_10281,0.09967164055031379
group_10282,0.18080551976391374
group_10283,0.004065006858140407
group_10284,0.07498233509289665
group_10285,0.006085040941019991
group_10286,0.002036659877800407
group_10287,0.002036659877800407
group_10288,0.09648780082297684
group_10289,0.11055322332599027
group_1029,0.002036659877800407
group_10290,0.05568810008728542
group_10291,0.006085040941019991
group_10292,0.07838231015420424
group_10293,0.02582817240949334
group_10294,0.002036659877800407
group_10295,0.021946049295481933
group_10296,0.002036659877800407
group_10297,0.008096762126439169
group_10298,0.012095265804896293
group_10299,0.10282222868780913
group_103,0.027756764620308412
group_1030,0.004065006858140406
group_10300,0.01999251839228563
group_10301,0.04102414896712249
group_10302,0.15636560123030882
group_10303,0.004065006858140406
group_10304,0.006085040941019992
group_10305,0.1741967662828879
group_10306,0.021946049295481933
group_10307,0.14476910927303713
group_10308,0.008096762126439165
group_10309,0.033492663867991185
group_1031,0.0020366598778004067
group_10310,0.010100170414397938
group_10311,0.059270958892722055
group_10312,0.006085040941019988
group_10313,0.03158901034955734
group_10314,0.1352840932707095
group_10315,0.01999251839228563
group_10316,0.019992518392285625
group_10317,0.01209526580489629
group_10318,0.12968120038239328
group_10319,0.0020366598778004067
group_1032,0.0020366598778004067
group_10320,0.01010017041439794
group_10321,0.004065006858140406
group_10322,0.07668647907228063
group_10323,0.016060517893511782
group_10324,0.22489712789392743
group_10325,0.09648780082297684
group_10326,0.006085040941019991
group_10327,0.0020366598778004067
group_10328,0.00608504094101999
group_10329,0.016060517893511785
group_1033,0.0020366598778004067
group_10330,0.012095265804896295
group_10331,0.18080551976391374
group_10332,0.06458290036992395
group_10333,0.0020366598778004067
group_10334,0.16130346232179224
group_10335,0.03538800448896462
group_10336,0.012095265804896291
group_10337,0.021946049295481933
group_10338,0.14870942266927137
group_10339,0.014082048297934241
group_1034,0.046585477368136674
group_10340,0.14343904567937152
group_10341,0.05568810008728542
group_10342,0.03727503221247765
group_10343,0.06982002576998211
group_10344,0.004065006858140406
group_10345,0.006085040941019991
group_10346,0.002036659877800407
group_10347,0.006085040941019994
group_10348,0.012095265804896291
group_10349,0.01803067459162891
group_1035,0.004065006858140407
group_10350,0.01010017041439794
group_10351,0.057483685938733944
group_10352,0.004065006858140407
group_10353,0.16962467267966252
group_10354,0.021946049295481933
group_10355,0.016060517893511785
group_10356,0.004065006858140406
group_10357,0.023891267301217843
group_10358,0.16251714535101208
group_10359,0.002036659877800407
group_1036,0.002036659877800407
group_10360,0.027756764620308415
group_10361,0.09488341161311774
group_10362,0.21941061557005695
group_10363,0.13249927262147224
group_10364,0.14343904567937152
group_10365,0.0020366598778004067
group_10366,0.008096762126439167
group_10367,0.039153747038530286
group_10368,0.019992518392285625
group_10369,0.03727503221247766
group_1037,0.002036659877800407
group_10370,0.10438505341036618
group_10371,0.006085040941019991
group_10372,0.0
group_10373,0.10593956523546283
group_10374,0.004065006858140406
group_10375,0.0020366598778004067
group_10376,0.1253917452928218
group_10377,0.01803067459162891
group_10378,0.0020366598778004067
group_10379,0.008096762126439167
group_1038,0.016060517893511785
group_10380,0.11955609127561416
group_10381,0.232129348684484
group_10382,0.004065006858140406
group_10383,0.04658547736813667
group_10384,0.11358743089903987
group_10385,0.15636560123030885
group_10386,0.002036659877800407
group_10387,0.224240408994555
group_10388,0.22805602892888313
group_10389,0.002036659877800407
group_1039,0.004065006858140407
group_10390,0.02967704393366307
group_10391,0.16610831705390913
group_10392,0.002036659877800407
group_10393,0.06982002576998211
group_10394,0.1931252338002411
group_10395,0.008096762126439167
group_10396,0.006085040941019992
group_10397,0.0020366598778004067
group_10398,0.2495116172742009
group_10399,0.10282222868780912
group_104,0.004065006858140407
group_1040,0.027756764620308412
group_10400,0.06458290036992395
group_10401,0.004065006858140407
group_10402,0.01010017041439794
group_10403,0.03727503221247766
group_10404,0.008096762126439165
group_10405,0.002036659877800407
group_10406,0.04842262770688723
group_10407,0.249636310736107
group_10408,0.19696579242695042
group_10409,0.10902365019327485
group_1041,0.16130346232179227
group_10410,0.002036659877800407
group_10411,0.008096762126439169
group_10412,0.07326987821605219
group_10413,0.002036659877800407
group_10414,0.12249054407913877
group_10415,0.22618562700029096
group_10416,0.03538800448896462
group_10417,0.03915374703853028
group_10418,0.05207198969200714
group_10419,0.0732698782160522
group_1042,0.004065006858140407
group_10420,0.002036659877800407
group_10421,0.2059852861714951
group_10422,0.006085040941019991
group_10423,0.0020366598778004067
group_10424,0.20157945051747786
group_10425,0.002036659877800407
group_10426,0.021946049295481933
group_10427,0.08006982833866745
group_10428,0.002036659877800407
group_10429,0.04658547736813668
group_1043,0.012095265804896291
group_10430,0.0020366598778004067
group_10431,0.04288623799825429
group_10432,0.002036659877800407
group_10433,0.03538800448896462
group_10434,0.17643293569973806
group_10435,0.033492663867991185
group_10436,0.002036659877800407
group_10437,0.08838272579907729
group_10438,0.12968120038239328
group_10439,0.004065006858140406
group_1044,0.004065006858140406
group_10440,0.07668647907228064
group_10441,0.1224905440791388
group_10442,0.07498233509289662
group_10443,0.002036659877800407
group_10444,0.002036659877800407
group_10445,0.1753190074400432
group_10446,0.06104991894924976
group_10447,0.016060517893511785
group_10448,0.03915374703853028
group_10449,0.19790514983997673
group_1045,0.0020366598778004067
group_10450,0.07326987821605219
group_10451,0.004065006858140406
group_10452,0.0
group_10453,0.00608504094101999
group_10454,0.0020366598778004067
group_10455,0.004065006858140406
group_10456,0.004065006858140406
group_10457,0.023891267301217843
group_10458,0.006085040941019991
group_10459,0.008096762126439169
group_1046,0.0020366598778004067
group_10460,0.002036659877800407
group_10461,0.006085040941019991
group_10462,0.13803566233010514
group_10463,0.033492663867991185
group_10464,0.002036659877800407
group_10465,0.014082048297934241
group_10466,0.006085040941019991
group_10467,0.002036659877800407
group_10468,0.002036659877800407
group_10469,0.05568810008728542
group_1047,0.0020366598778004067
group_10470,0.08174903362567024
group_10471,0.008096762126439169
group_10472,0.00608504094101999
group_10473,0.1253917452928218
group_10474,0.1661083170539091
group_10475,0.0020366598778004067
group_10476,0.033492663867991185
group_10477,0.033492663867991185
group_10478,0.008096762126439169
group_10479,0.04658547736813667
group_1048,0.004065006858140407
group_10480,0.06982002576998211
group_10481,0.03158901034955734
group_10482,0.09002036659877799
group_10483,0.10438505341036618
group_10484,0.0040650068581404054
group_10485,0.012095265804896295
group_10486,0.13109439295066294
group_10487,0.002036659877800407
group_10488,0.02582817240949334
group_10489,0.10902365019327487
group_1049,0.021946049295481933
group_10490,0.006085040941019992
group_10491,0.002036659877800407
group_10492,0.029677043933663074
group_10493,0.002036659877800407
group_10494,0.004065006858140406
group_10495,0.03727503221247766
group_10496,0.008096762126439165
group_10497,0.027756764620308412
group_10498,0.01209526580489629
group_10499,0.00608504094101999
group_105,0.002036659877800407
group_1050,0.004065006858140406
group_10500,0.10438505341036618
group_10501,0.04658547736813667
group_10502,0.13528409327070956
group_10503,0.17306621222827215
group_10504,0.0020366598778004067
group_10505,0.1407539797996592
group_10506,0.025828172409493342
group_10507,0.1931252338002411
group_10508,0.004065006858140406
group_10509,0.12825969491666322
group_1051,0.008096762126439169
group_10510,0.11207448356124523
group_10511,0.16728874849328734
group_10512,0.10593956523546283
group_10513,0.17643293569973814
group_10514,0.023891267301217843
group_10515,0.004065006858140407
group_10516,0.11055322332599027
group_10517,0.018030674591628913
group_10518,0.016060517893511785
group_10519,0.06282056610831709
group_1052,0.08508250550729457
group_10520,0.18399767238871106
group_10521,0.21180431439378195
group_10522,0.00608504094101999
group_10523,0.09327070950579824
group_10524,0.09002036659877799
group_10525,0.05568810008728542
group_10526,0.07668647907228064
group_10527,0.004065006858140406
group_10528,0.006085040941019991
group_10529,0.004065006858140407
group_1053,0.00809676212643917
group_10530,0.002036659877800407
group_10531,0.00608504094101999
group_10532,0.008096762126439167
group_10533,0.0020366598778004067
group_10534,0.004065006858140406
group_10535,0.010100170414397938
group_10536,0.021946049295481933
group_10537,0.006085040941019991
group_10538,0.006085040941019991
group_10539,0.01408204829793424
group_1054,0.0040650068581404054
group_10540,0.033492663867991185
group_10541,0.033492663867991185
group_10542,0.008096762126439167
group_10543,0.17078016542665944
group_10544,0.027756764620308412
group_10545,0.18813749532399518
group_10546,0.006085040941019991
group_10547,0.03727503221247766
group_10548,0.02389126730121784
group_10549,0.15885115757097137
group_1055,0.04102414896712249
group_10550,0.004065006858140406
group_10551,0.004065006858140406
group_10552,0.023891267301217847
group_10553,0.0020366598778004067
group_10554,0.004065006858140406
group_10555,0.010100170414397938
group_10556,0.016060517893511785
group_10557,0.053884201338376486
group_10558,0.01803067459162891
group_10559,0.014082048297934243
group_1056,0.0020366598778004067
group_10560,0.25050916496945014
group_10561,0.0020366598778004067
group_10562,0.016060517893511785
group_10563,0.05927095889272205
group_10564,0.004065006858140406
group_10565,0.002036659877800407
group_10566,0.03727503221247766
group_10567,0.10748576416309907
group_10568,0.004065006858140408
group_10569,0.2501350845837317
group_1057,0.004065006858140406
group_10570,0.03158901034955734
group_10571,0.002036659877800407
group_10572,0.09967164055031381
group_10573,0.18608420965127392
group_10574,0.09327070950579824
group_10575,0.03158901034955734
group_10576,0.15257491998836195
group_10577,0.08341992601521261
group_10578,0.0020366598778004067
group_10579,0.01999251839228563
group_1058,0.016060517893511785
group_10580,0.004065006858140404
group_10581,0.06282056610831709
group_10582,0.2255455338958394
group_10583,0.08673677210191616
group_10584,0.0020366598778004067
group_10585,0.2059852861714951
group_10586,0.002036659877800407
group_10587,0.002036659877800407
group_10588,0.11807639552766115
group_10589,0.0020366598778004067
group_1059,0.14870942266927137
group_10590,0.04102414896712249
group_10591,0.10902365019327487
group_10592,0.002036659877800407
group_10593,0.002036659877800407
group_10594,0.1901575294068748
group_10595,0.044740014131925666
group_10596,0.11807639552766114
group_10597,0.002036659877800407
group_10598,0.002036659877800407
group_10599,0.01803067459162891
group_106,0.18080551976391374
group_1060,0.17192734527619602
group_10600,0.006085040941019992
group_10601,0.014082048297934247
group_10602,0.002036659877800407
group_10603,0.06458290036992395
group_10604,0.1625171453510121
group_10605,0.057483685938733944
group_10606,0.06458290036992395
group_10607,0.2347894758718152
group_10608,0.03538800448896462
group_10609,0.10593956523546284
group_1061,0.004065006858140406
group_10610,0.002036659877800407
group_10611,0.21018329938900202
group_10612,0.023891267301217847
group_10613,0.002036659877800407
group_10614,0.002036659877800407
group_10615,0.01999251839228563
group_10616,0.01408204829793424
group_10617,0.07326987821605219
group_10618,0.002036659877800407
group_10619,0.03158901034955734
group_1062,0.004065006858140406
group_10620,0.029677043933663074
group_10621,0.002036659877800407
group_10622,0.002036659877800407
group_10623,0.002036659877800407
group_10624,0.002036659877800407
group_10625,0.002036659877800407
group_10626,0.00608504094101999
group_10627,0.14740429776798705
group_10628,0.0663369217340704
group_10629,0.02194604929548193
group_1063,0.07838231015420423
group_10630,0.035388004488964626
group_10631,0.08174903362567025
group_10632,0.012095265804896293
group_10633,0.06104991894924976
group_10634,0.03538800448896462
group_10635,0.2286628704434931
group_10636,0.0020366598778004067
group_10637,0.2006733446942932
group_10638,0.023891267301217843
group_10639,0.002036659877800407
group_1064,0.10438505341036618
group_10640,0.24937861091483438
group_10641,0.00608504094101999
group_10642,0.05568810008728542
group_10643,0.008096762126439167
group_10644,0.021946049295481933
group_10645,0.21721601064050877
group_10646,0.002036659877800407
group_10647,0.006085040941019991
group_10648,0.044740014131925666
group_10649,0.002036659877800407
group_1065,0.006085040941019991
group_10650,0.02194604929548193
group_10651,0.027756764620308415
group_10652,0.004065006858140407
group_10653,0.002036659877800407
group_10654,0.02194604929548193
group_10655,0.11207448356124526
group_10656,0.012095265804896293
group_10657,0.17078016542665944
group_10658,0.053884201338376486
group_10659,0.14343904567937155
group_1066,0.006085040941019988
group_10660,0.21941061557005695
group_10661,0.002036659877800407
group_10662,0.053884201338376486
group_10663,0.002036659877800407
group_10664,0.006085040941019991
group_10665,0.004065006858140406
group_10666,0.23375036368926388
group_10667,0.0020366598778004067
group_10668,0.002036659877800407
group_10669,0.004065006858140407
group_1067,0.02582817240949334
group_10670,0.002036659877800407
group_10671,0.16372251548277153
group_10672,0.10125109106779166
group_10673,0.002036659877800407
group_10674,0.004065006858140406
group_10675,0.019992518392285625
group_10676,0.012095265804896293
group_10677,0.0020366598778004067
group_10678,0.002036659877800407
group_10679,0.002036659877800407
group_1068,0.0834199260152126
group_10680,0.006085040941019991
group_10681,0.10748576416309907
group_10682,0.002036659877800407
group_10683,0.033492663867991185
group_10684,0.00608504094101999
group_10685,0.002036659877800407
group_10686,0.0020366598778004067
group_10687,0.059270958892722055
group_10688,0.08508250550729457
group_10689,0.004065006858140406
group_1069,0.002036659877800407
group_10690,0.006085040941019991
group_10691,0.002036659877800407
group_10692,0.09164969450101831
group_10693,0.2051207448356125
group_10694,0.0
group_10695,0.01408204829793424
group_10696,0.248214805270377
group_10697,0.002036659877800407
group_10698,0.20247724344320212
group_10699,0.17192734527619602
group_107,0.012095265804896293
group_1070,0.0020366598778004067
group_10700,0.04102414896712249
group_10701,0.13666403424913753
group_10702,0.052071989692007145
group_10703,0.2059852861714951
group_10704,0.22489712789392743
group_10705,0.10125109106779168
group_10706,0.008096762126439167
group_10707,0.18711500893636476
group_10708,0.002036659877800407
group_10709,0.21260235254998133
group_1071,0.0020366598778004067
group_10710,0.13939897751361238
group_10711,0.03158901034955734
group_10712,0.053884201338376486
group_10713,0.03915374703853027
group_10714,0.07326987821605219
group_10715,0.07668647907228064
group_10716,0.23100710752732864
group_10717,0.053884201338376486
group_10718,0.004065006858140406
group_10719,0.11055322332599027
group_1072,0.004065006858140406
group_10720,0.2386134087036036
group_10721,0.0
group_10722,0.24664366765035958
group_10723,0.17192734527619602
group_10724,0.004065006858140406
group_10725,0.006085040941019991
group_10726,0.008096762126439167
group_10727,0.11055322332599027
group_10728,0.008096762126439169
group_10729,0.0040650068581404054
group_1073,0.002036659877800407
group_10730,0.002036659877800407
group_10731,0.02582817240949334
group_10732,0.08838272579907729
group_10733,0.012095265804896293
group_10734,0.1931252338002411
group_10735,0.0502514651481774
group_10736,0.06104991894924976
group_10737,0.05927095889272205
group_10738,0.21018329938900202
group_10739,0.20424789060226942
group_1074,0.0020366598778004067
group_10740,0.021946049295481933
group_10741,0.02194604929548193
group_10742,0.008096762126439167
group_10743,0.03915374703853028
group_10744,0.10902365019327485
group_10745,0.002036659877800407
group_10746,0.15129473377945882
group_10747,0.02389126730121784
group_10748,0.04842262770688724
group_10749,0.008096762126439169
group_1075,0.004065006858140406
group_10750,0.15511035371378695
group_10751,0.05927095889272205
group_10752,0.002036659877800407
group_10753,0.1268298765534727
group_10754,0.03727503221247766
group_10755,0.13249927262147224
group_10756,0.002036659877800407
group_10757,0.1950621389085166
group_10758,0.02194604929548193
group_10759,0.0663369217340704
group_1076,0.006085040941019991
group_10760,0.006085040941019988
group_10761,0.006085040941019993
group_10762,0.00608504094101999
group_10763,0.002036659877800407
group_10764,0.00608504094101999
group_10765,0.014082048297934243
group_10766,0.02582817240949334
group_10767,0.021946049295481933
group_10768,0.004065006858140406
group_10769,0.008096762126439167
group_1077,0.02582817240949334
group_10770,0.031589010349557335
group_10771,0.004065006858140406
group_10772,0.01010017041439794
group_10773,0.044740014131925666
group_10774,0.004065006858140406
group_10775,0.002036659877800407
group_10776,0.008096762126439167
group_10777,0.18399767238871106
group_10778,0.08508250550729456
group_10779,0.014082048297934241
group_1078,0.008096762126439165
group_10780,0.002036659877800407
group_10781,0.0020366598778004067
group_10782,0.01999251839228563
group_10783,0.0502514651481774
group_10784,0.004065006858140406
group_10785,0.004065006858140406
group_10786,0.15257491998836195
group_10787,0.15129473377945882
group_10788,0.0020366598778004067
group_10789,0.029677043933663074
group_1079,0.002036659877800407
group_10790,0.014082048297934243
group_10791,0.016060517893511785
group_10792,0.0
group_10793,0.20157945051747786
group_10794,0.19115507710212393
group_10795,0.19214431189991268
group_10796,0.1881374953239952
group_10797,0.002036659877800407
group_10798,0.004065006858140408
group_10799,0.11207448356124526
group_108,0.002036659877800407
group_1080,0.029677043933663074
group_10800,0.01010017041439794
group_10801,0.002036659877800407
group_10802,0.033492663867991185
group_10803,0.0020366598778004067
group_10804,0.019992518392285625
group_10805,0.004065006858140406
group_10806,0.15761253584937027
group_10807,0.0020366598778004067
group_10808,0.0040650068581404054
group_10809,0.039153747038530286
group_1081,0.002036659877800407
group_10810,0.01408204829793424
group_10811,0.22083212103578706
group_10812,0.05207198969200715
group_10813,0.008096762126439169
group_10814,0.16372251548277147
group_10815,0.01408204829793424
group_10816,0.008096762126439167
group_10817,0.025828172409493335
group_10818,0.09488341161311774
group_10819,0.002036659877800407
group_1082,0.004065006858140408
group_10820,0.002036659877800407
group_10821,0.01999251839228563
group_10822,0.06982002576998213
group_10823,0.2286628704434931
group_10824,0.10902365019327487
group_10825,0.014082048297934243
group_10826,0.008096762126439167
group_10827,0.13528409327070956
group_10828,0.0040650068581404054
group_10829,0.0502514651481774
group_1083,0.05388420133837649
group_10830,0.23579533646452472
group_10831,0.023891267301217843
group_10832,0.002036659877800407
group_10833,0.002036659877800407
group_10834,0.002036659877800407
group_10835,0.002036659877800407
group_10836,0.01408204829793424
group_10837,0.01999251839228563
group_10838,0.006085040941019991
group_10839,0.002036659877800407
group_1084,0.006085040941019991
group_10840,0.05207198969200715
group_10841,0.06982002576998213
group_10842,0.18813749532399518
group_10843,0.06808263020075646
group_10844,0.24892971445197223
group_10845,0.002036659877800407
group_10846,0.22424040899455497
group_10847,0.002036659877800407
group_10848,0.07154910844174737
group_10849,0.002036659877800407
group_1085,0.012095265804896293
group_10850,0.012095265804896291
group_10851,0.23816451224074145
group_10852,0.16251714535101208
group_10853,0.006085040941019991
group_10854,0.15384679329980466
group_10855,0.033492663867991185
group_10856,0.008096762126439169
group_10857,0.014082048297934241
group_10858,0.004065006858140407
group_10859,0.06282056610831706
group_1086,0.002036659877800407
group_10860,0.008096762126439165
group_10861,0.008096762126439169
group_10862,0.00608504094101999
group_10863,0.0020366598778004067
group_10864,0.002036659877800407
group_10865,0.1268298765534727
group_10866,0.004065006858140407
group_10867,0.1500062346730953
group_10868,0.06458290036992395
group_10869,0.031589010349557335
group_1087,0.016060517893511785
group_10870,0.053884201338376486
group_10871,0.029677043933663074
group_10872,0.002036659877800407
group_10873,0.01408204829793424
group_10874,0.1576125358493703
group_10875,0.002036659877800407
group_10876,0.0020366598778004067
group_10877,0.004065006858140407
group_10878,0.01408204829793424
group_10879,0.002036659877800407
group_1088,0.002036659877800407
group_10880,0.006085040941019991
group_10881,0.002036659877800407
group_10882,0.04102414896712249
group_10883,0.14740429776798702
group_10884,0.002036659877800407
group_10885,0.23676794546739263
group_10886,0.250426035994846
group_10887,0.23676794546739263
group_10888,0.012095265804896293
group_10889,0.027756764620308415
group_1089,0.006085040941019992
group_10890,0.12968120038239328
group_10891,0.002036659877800407
group_10892,0.06808263020075646
group_10893,0.07498233509289662
group_10894,0.01999251839228563
group_10895,0.23043351760256037
group_10896,0.008096762126439169
group_10897,0.004065006858140408
group_10898,0.03158901034955734
group_10899,0.08673677210191613
group_109,0.002036659877800407
group_1090,0.002036659877800407
group_10900,0.012095265804896291
group_10901,0.008096762126439167
group_10902,0.03727503221247766
group_10903,0.05388420133837648
group_10904,0.0020366598778004067
group_10905,0.05927095889272205
group_10906,0.02582817240949334
group_10907,0.014082048297934241
group_10908,0.0020366598778004067
group_10909,0.0834199260152126
group_1091,0.004065006858140406
group_10910,0.0020366598778004067
group_10911,0.004065006858140407
group_10912,0.01999251839228563
group_10913,0.027756764620308415
group_10914,0.004065006858140406
group_10915,0.10902365019327487
group_10916,0.004065006858140406
group_10917,0.014082048297934245
group_10918,0.004065006858140408
group_10919,0.018030674591628906
group_1092,0.014082048297934238
group_10920,0.006085040941019988
group_10921,0.006085040941019991
group_10922,0.0
group_10923,0.061049918949249764
group_10924,0.021946049295481933
group_10925,0.002036659877800407
group_10926,0.06458290036992395
group_10927,0.24713412860052378
group_10928,0.008096762126439167
group_10929,0.04102414896712249
group_1093,0.004065006858140408
group_10930,0.053884201338376486
group_10931,0.05568810008728542
group_10932,0.006085040941019991
group_10933,0.002036659877800407
group_10934,0.14870942266927137
group_10935,0.016060517893511785
group_10936,0.012095265804896291
group_10937,0.08838272579907729
group_10938,0.006085040941019991
group_10939,0.002036659877800407
group_1094,0.002036659877800407
group_10940,0.016060517893511785
group_10941,0.0
group_10942,0.021946049295481933
group_10943,0.17972484309406042
group_10944,0.061049918949249764
group_10945,0.008096762126439167
group_10946,0.23628579741468894
group_10947,0.02582817240949334
group_10948,0.016060517893511782
group_10949,0.014082048297934241
group_1095,0.03727503221247766
group_10950,0.03349266386799119
group_10951,0.00608504094101999
group_10952,0.0663369217340704
group_10953,0.0020366598778004067
group_10954,0.0663369217340704
group_10955,0.13803566233010514
group_10956,0.14740429776798705
group_10957,0.012095265804896291
group_10958,0.1921443118999127
group_10959,0.008096762126439169
group_1096,0.0020366598778004067
group_10960,0.03538800448896462
group_10961,0.05568810008728542
group_10962,0.01010017041439794
group_10963,0.24300261856270003
group_10964,0.02194604929548193
group_10965,0.004065006858140406
group_10966,0.004065006858140407
group_10967,0.0663369217340704
group_10968,0.023891267301217843
group_10969,0.012095265804896295
group_1097,0.20157945051747786
group_10970,0.023891267301217843
group_10971,0.002036659877800407
group_10972,0.004065006858140406
group_10973,0.012095265804896291
group_10974,0.004065006858140406
group_10975,0.002036659877800407
group_10976,0.17643293569973809
group_10977,0.10125109106779166
group_10978,0.004065006858140406
group_10979,0.01803067459162891
group_1098,0.0020366598778004067
group_10980,0.008096762126439169
group_10981,0.0
group_10982,0.01999251839228563
group_10983,0.03538800448896462
group_10984,0.03538800448896462
group_10985,0.15257491998836195
group_10986,0.09488341161311775
group_10987,0.15129473377945882
group_10988,0.01999251839228563
group_10989,0.01999251839228563
group_1099,0.004065006858140407
group_10990,0.027756764620308412
group_10991,0.15636560123030885
group_10992,0.031589010349557335
group_10993,0.01010017041439794
group_10994,0.027756764620308412
group_10995,0.07326987821605219
group_10996,0.12102747412610666
group_10997,0.019992518392285632
group_10998,0.008096762126439169
group_10999,0.018030674591628902
group_11,0.004065006858140406
group_110,0.006085040941019991
group_1100,0.0020366598778004067
group_11000,0.029677043933663074
group_11001,0.03158901034955734
group_11002,0.06808263020075646
group_11003,0.2315723845546365
group_11004,0.0
group_11005,0.002036659877800407
group_11006,0.002036659877800407
group_11007,0.027756764620308415
group_11008,0.02582817240949334
group_11009,0.01999251839228563
group_1101,0.0040650068581404054
group_11010,0.010100170414397938
group_11011,0.006085040941019991
group_11012,0.023891267301217847
group_11013,0.0020366598778004067
group_11014,0.0020366598778004067
group_11015,0.0
group_11016,0.033492663867991185
group_11017,0.008096762126439167
group_11018,0.002036659877800407
group_11019,0.02194604929548193
group_1102,0.0020366598778004067
group_11020,0.0020366598778004067
group_11021,0.006085040941019992
group_11022,0.14210066918824554
group_11023,0.24527203956939192
group_11024,0.0
group_11025,0.025828172409493335
group_11026,0.004065006858140406
group_11027,0.2255455338958394
group_11028,0.006085040941019991
group_11029,0.09327070950579823
group_1103,0.10902365019327487
group_11030,0.006085040941019991
group_11031,0.016060517893511785
group_11032,0.05927095889272205
group_11033,0.008096762126439169
group_11034,0.002036659877800407
group_11035,0.01999251839228563
group_11036,0.15636560123030885
group_11037,0.15511035371378695
group_11038,0.002036659877800407
group_11039,0.04658547736813667
group_1104,0.10438505341036618
group_11040,0.008096762126439169
group_11041,0.004065006858140406
group_11042,0.004065006858140408
group_11043,0.00608504094101999
group_11044,0.09164969450101831
group_11045,0.1380356623301051
group_11046,0.014082048297934243
group_11047,0.008096762126439167
group_11048,0.0040650068581404054
group_11049,0.0040650068581404054
group_1105,0.16962467267966252
group_11050,0.06982002576998211
group_11051,0.004065006858140406
group_11052,0.0020366598778004067
group_11053,0.002036659877800407
group_11054,0.006085040941019992
group_11055,0.07154910844174737
group_11056,0.004065006858140407
group_11057,0.10438505341036618
group_11058,0.035388004488964626
group_11059,0.008096762126439167
group_1106,0.0502514651481774
group_11060,0.006085040941019991
group_11061,0.07326987821605219
group_11062,0.016060517893511785
group_11063,0.02582817240949334
group_11064,0.033492663867991185
group_11065,0.002036659877800407
group_11066,0.029677043933663074
group_11067,0.243692589051914
group_11068,0.057483685938733944
group_11069,0.016060517893511785
group_1107,0.0020366598778004067
group_11070,0.24264516397190242
group_11071,0.0020366598778004067
group_11072,0.2443493079512864
group_11073,0.002036659877800407
group_11074,0.03158901034955734
group_11075,0.018030674591628913
group_11076,0.021946049295481933
group_11077,0.0020366598778004067
group_11078,0.09488341161311774
group_11079,0.1576125358493703
group_1108,0.029677043933663074
group_11080,0.002036659877800407
group_11081,0.250426035994846
group_11082,0.24190531609792598
group_11083,0.0020366598778004067
group_11084,0.014082048297934241
group_11085,0.01999251839228563
group_11086,0.002036659877800407
group_11087,0.0
group_11088,0.002036659877800407
group_11089,0.24073319755600817
group_1109,0.029677043933663074
group_11090,0.006085040941019991
group_11091,0.12825969491666322
group_11092,0.004065006858140406
group_11093,0.010100170414397938
group_11094,0.010100170414397938
group_11095,0.17192734527619608
group_11096,0.1338958393948211
group_11097,0.006085040941019991
group_11098,0.006085040941019991
group_11099,0.05568810008728542
group_111,0.002036659877800407
group_1110,0.002036659877800407
group_11100,0.0040650068581404054
group_11101,0.09002036659877799
group_11102,0.004065006858140406
group_11103,0.03158901034955734
group_11104,0.01999251839228563
group_11105,0.00809676212643917
group_11106,0.002036659877800407
group_11107,0.06282056610831706
group_11108,0.008096762126439165
group_11109,0.004065006858140406
group_1111,0.008096762126439167
group_11110,0.002036659877800407
group_11111,0.008096762126439165
group_11112,0.008096762126439165
group_11113,0.01010017041439794
group_11114,0.0
group_11115,0.01010017041439794
group_11116,0.160081466395112
group_11117,0.2255455338958394
group_11118,0.004065006858140406
group_11119,0.002036659877800407
group_1112,0.006085040941019991
group_11120,0.002036659877800407
group_11121,0.008096762126439169
group_11122,0.002036659877800407
group_11123,0.006085040941019994
group_11124,0.008096762126439169
group_11125,0.016060517893511785
group_11126,0.021946049295481933
group_11127,0.2411322166341078
group_11128,0.0020366598778004067
group_11129,0.004065006858140406
group_1113,0.0020366598778004067
group_11130,0.008096762126439167
group_11131,0.008096762126439167
group_11132,0.002036659877800407
group_11133,0.0020366598778004067
group_11134,0.05927095889272205
group_11135,0.014082048297934243
group_11136,0.023891267301217847
group_11137,0.19975892597364814
group_11138,0.014082048297934243
group_11139,0.016060517893511782
group_1114,0.07154910844174737
group_11140,0.012095265804896293
group_11141,0.14870942266927137
group_11142,0.14870942266927137
group_11143,0.23100710752732861
group_11144,0.0
group_11145,0.2452720395693919
group_11146,0.13109439295066294
group_11147,0.01999251839228563
group_11148,0.04658547736813667
group_11149,0.00608504094101999
group_1115,0.08673677210191615
group_11150,0.11955609127561416
group_11151,0.03538800448896462
group_11152,0.19696579242695042
group_11153,0.012095265804896295
group_11154,0.0020366598778004067
group_11155,0.05207198969200715
group_11156,0.24736688972941523
group_11157,0.01010017041439794
group_11158,0.016060517893511785
group_11159,0.018030674591628906
group_1116,0.004065006858140406
group_11160,0.00608504094101999
group_11161,0.10748576416309907
group_11162,0.014082048297934241
group_11163,0.14343904567937155
group_11164,0.004065006858140406
group_11165,0.19696579242695042
group_11166,0.06458290036992395
group_11167,0.055688100087285426
group_11168,0.033492663867991185
group_11169,0.01803067459162891
group_1117,0.002036659877800407
group_11170,0.006085040941019991
group_11171,0.10748576416309907
group_11172,0.07326987821605219
group_11173,0.07326987821605219
group_11174,0.08174903362567024
group_11175,0.004065006858140407
group_11176,0.061049918949249764
group_11177,0.002036659877800407
group_11178,0.13939897751361238
group_11179,0.20336672347146598
group_1118,0.016060517893511785
group_11180,0.004065006858140407
group_11181,0.13249927262147224
group_11182,0.03158901034955734
group_11183,0.006085040941019991
group_11184,0.160081466395112
group_11185,0.008096762126439169
group_11186,0.1296812003823933
group_11187,0.23100710752732861
group_11188,0.00608504094101999
group_11189,0.15511035371378695
group_1119,0.016060517893511785
group_11190,0.002036659877800407
group_11191,0.010100170414397938
group_11192,0.00608504094101999
group_11193,0.00608504094101999
group_11194,0.008096762126439167
group_11195,0.004065006858140406
group_11196,0.008096762126439167
group_11197,0.08838272579907727
group_11198,0.002036659877800407
group_11199,0.002036659877800407
group_112,0.016060517893511785
group_1120,0.01999251839228563
group_11200,0.002036659877800407
group_11201,0.0040650068581404054
group_11202,0.0040650068581404054
group_11203,0.002036659877800407
group_11204,0.19115507710212395
group_11205,0.0020366598778004067
group_11206,0.002036659877800407
group_11207,0.00809676212643917
group_11208,0.07154910844174737
group_11209,0.002036659877800407
group_1121,0.0020366598778004067
group_11210,0.052071989692007145
group_11211,0.010100170414397938
group_11212,0.03158901034955734
group_11213,0.0020366598778004067
group_11214,0.018030674591628906
group_11215,0.004065006858140406
group_11216,0.14343904567937155
group_11217,0.019992518392285625
group_11218,0.006085040941019992
group_11219,0.052071989692007145
group_1122,0.01999251839228563
group_11220,0.0020366598778004067
group_11221,0.006085040941019988
group_11222,0.0020366598778004067
group_11223,0.016060517893511785
group_11224,0.0020366598778004067
group_11225,0.021946049295481933
group_11226,0.01209526580489629
group_11227,0.09327070950579824
group_11228,0.006085040941019991
group_11229,0.006085040941019991
group_1123,0.0020366598778004067
group_11230,0.21018329938900202
group_11231,0.01010017041439794
group_11232,0.002036659877800407
group_11233,0.20067334469429324
group_11234,0.17306621222827218
group_11235,0.004065006858140406
group_11236,0.006085040941019988
group_11237,0.008096762126439167
group_11238,0.00809676212643917
group_11239,0.0020366598778004067
group_1124,0.06458290036992395
group_11240,0.006085040941019994
group_11241,0.0020366598778004067
group_11242,0.008096762126439167
group_11243,0.1881374953239952
group_11244,0.004065006858140406
group_11245,0.0020366598778004067
group_11246,0.002036659877800407
group_11247,0.010100170414397938
group_11248,0.010100170414397938
group_11249,0.01209526580489629
group_1125,0.1447691092730371
group_11250,0.002036659877800407
group_11251,0.016060517893511785
group_11252,0.02582817240949334
group_11253,0.22985161478033167
group_11254,0.002036659877800407
group_11255,0.006085040941019991
group_11256,0.033492663867991185
group_11257,0.002036659877800407
group_11258,0.002036659877800407
group_11259,0.008096762126439169
group_1126,0.002036659877800407
group_11260,0.008096762126439169
group_11261,0.002036659877800407
group_11262,0.002036659877800407
group_11263,0.004065006858140407
group_11264,0.00608504094101999
group_11265,0.00608504094101999
group_11266,0.00608504094101999
group_11267,0.00608504094101999
group_11268,0.006085040941019991
group_11269,0.008096762126439167
group_1127,0.002036659877800407
group_11270,0.0040650068581404054
group_11271,0.0040650068581404054
group_11272,0.002036659877800407
group_11273,0.0040650068581404054
group_11274,0.002036659877800407
group_11275,0.002036659877800407
group_11276,0.24975269130055278
group_11277,0.014082048297934243
group_11278,0.002036659877800407
group_11279,0.12968120038239328
group_1128,0.002036659877800407
group_11280,0.14343904567937155
group_11281,0.004065006858140406
group_11282,0.002036659877800407
group_11283,0.006085040941019991
group_11284,0.0
group_11285,0.20067334469429324
group_11286,0.002036659877800407
group_11287,0.008096762126439169
group_11288,0.008096762126439169
group_11289,0.00608504094101999
group_1129,0.0020366598778004067
group_11290,0.002036659877800407
group_11291,0.0
group_11292,0.10125109106779168
group_11293,0.033492663867991185
group_11294,0.002036659877800407
group_11295,0.04658547736813668
group_11296,0.04102414896712249
group_11297,0.002036659877800407
group_11298,0.0
group_11299,0.08508250550729457
group_113,0.01010017041439794
group_1130,0.002036659877800407
group_11300,0.00608504094101999
group_11301,0.0020366598778004067
group_11302,0.006085040941019991
group_11303,0.00608504094101999
group_11304,0.0040650068581404054
group_11305,0.0040650068581404054
group_11306,0.002036659877800407
group_11307,0.03158901034955734
group_11308,0.002036659877800407
group_11309,0.20157945051747786
group_1131,0.010100170414397938
group_11310,0.002036659877800407
group_11311,0.002036659877800407
group_11312,0.002036659877800407
group_11313,0.002036659877800407
group_11314,0.006085040941019991
group_11315,0.01803067459162891
group_11316,0.24073319755600817
group_11317,0.03727503221247766
group_11318,0.002036659877800407
group_11319,0.07154910844174737
group_1132,0.002036659877800407
group_11320,0.24190531609792598
group_11321,0.01999251839228563
group_11322,0.1165883868822478
group_11323,0.02389126730121784
group_11324,0.01999251839228563
group_11325,0.15636560123030885
group_11326,0.002036659877800407
group_11327,0.008096762126439167
group_11328,0.008096762126439167
group_11329,0.004065006858140407
group_1133,0.006085040941019991
group_11330,0.00608504094101999
group_11331,0.002036659877800407
group_11332,0.0040650068581404054
group_11333,0.0040650068581404054
group_11334,0.0040650068581404054
group_11335,0.016060517893511785
group_11336,0.0502514651481774
group_11337,0.07838231015420424
group_11338,0.00608504094101999
group_11339,0.002036659877800407
group_1134,0.002036659877800407
group_11340,0.016060517893511785
group_11341,0.016060517893511785
group_11342,0.006085040941019991
group_11343,0.23991022070742757
group_11344,0.002036659877800407
group_11345,0.0
group_11346,0.0040650068581404054
group_11347,0.0040650068581404054
group_11348,0.03538800448896462
group_11349,0.004065006858140407
group_1135,0.004065006858140406
group_11350,0.09648780082297682
group_11351,0.008096762126439167
group_11352,0.0040650068581404054
group_11353,0.12249054407913877
group_11354,0.021946049295481933
group_11355,0.008096762126439169
group_11356,0.15257491998836195
group_11357,0.14870942266927137
group_11358,0.004065006858140406
group_11359,0.008096762126439169
group_1136,0.0020366598778004067
group_11360,0.0
group_11361,0.002036659877800407
group_11362,0.13389583939482105
group_11363,0.18080551976391374
group_11364,0.0
group_11365,0.01010017041439794
group_11366,0.006085040941019992
group_11367,0.004065006858140408
group_11368,0.0
group_11369,0.0020366598778004067
group_1137,0.03538800448896462
group_11370,0.004065006858140406
group_11371,0.021946049295481933
group_11372,0.008096762126439169
group_11373,0.0020366598778004067
group_11374,0.0020366598778004067
group_11375,0.0
group_11376,0.0020366598778004067
group_11377,0.0020366598778004067
group_11378,0.002036659877800407
group_11379,0.002036659877800407
group_1138,0.008096762126439169
group_11380,0.08508250550729457
group_11381,0.19214431189991268
group_11382,0.01408204829793424
group_11383,0.010100170414397938
group_11384,0.002036659877800407
group_11385,0.23529656261690013
group_11386,0.002036659877800407
group_11387,0.02582817240949334
group_11388,0.002036659877800407
group_11389,0.002036659877800407
group_1139,0.0020366598778004067
group_11390,0.11358743089903987
group_11391,0.004065006858140406
group_11392,0.033492663867991185
group_11393,0.002036659877800407
group_11394,0.08006982833866745
group_11395,0.010100170414397938
group_11396,0.04288623799825429
group_11397,0.1224905440791388
group_11398,0.08174903362567024
group_11399,0.027756764620308412
group_114,0.016060517893511785
group_1140,0.0020366598778004067
group_11400,0.08673677210191613
group_11401,0.008096762126439167
group_11402,0.03727503221247765
group_11403,0.01010017041439794
group_11404,0.05748368593873395
group_11405,0.08838272579907727
group_11406,0.18813749532399518
group_11407,0.01999251839228563
group_11408,0.004065006858140406
group_11409,0.15885115757097132
group_1141,0.0020366598778004067
group_11410,0.006085040941019989
group_11411,0.2051207448356125
group_11412,0.014082048297934238
group_11413,0.027756764620308415
group_11414,0.07498233509289662
group_11415,0.0663369217340704
group_11416,0.2399102207074276
group_11417,0.004065006858140405
group_11418,0.008096762126439169
group_11419,0.006085040941019989
group_1142,0.0020366598778004067
group_11420,0.04658547736813668
group_11421,0.1576125358493703
group_11422,0.019992518392285625
group_11423,0.031589010349557335
group_11424,0.033492663867991185
group_11425,0.06808263020075647
group_11426,0.002036659877800407
group_11427,0.016060517893511785
group_11428,0.08508250550729454
group_11429,0.0020366598778004067
group_1143,0.002036659877800407
group_11430,0.008096762126439169
group_11431,0.1500062346730953
group_11432,0.0020366598778004067
group_11433,0.0020366598778004067
group_11434,0.002036659877800407
group_11435,0.016060517893511785
group_11436,0.008096762126439167
group_11437,0.04474001413192567
group_11438,0.0020366598778004067
group_11439,0.004065006858140406
group_1144,0.004065006858140408
group_11440,0.19975892597364814
group_11441,0.24073319755600817
group_11442,0.04474001413192567
group_11443,0.006085040941019991
group_11444,0.002036659877800407
group_11445,0.006085040941019991
group_11446,0.2068415146099173
group_11447,0.012095265804896293
group_11448,0.01803067459162891
group_11449,0.002036659877800407
group_1145,0.006085040941019992
group_11450,0.02194604929548193
group_11451,0.17863585352674674
group_11452,0.21646784986907183
group_11453,0.15384679329980466
group_11454,0.002036659877800407
group_11455,0.018030674591628906
group_11456,0.021946049295481933
group_11457,0.02582817240949334
group_11458,0.21868739349100133
group_11459,0.04102414896712249
group_1146,0.0020366598778004067
group_11460,0.22153040442246147
group_11461,0.012095265804896293
group_11462,0.08508250550729457
group_11463,0.13249927262147224
group_11464,0.029677043933663074
group_11465,0.018030674591628906
group_11466,0.019992518392285625
group_11467,0.0502514651481774
group_11468,0.1500062346730953
group_11469,0.08006982833866745
group_1147,0.004065006858140407
group_11470,0.0732698782160522
group_11471,0.08673677210191613
group_11472,0.2505008520719897
group_11473,0.004065006858140407
group_11474,0.004065006858140406
group_11475,0.010100170414397938
group_11476,0.02582817240949334
group_11477,0.004065006858140407
group_11478,0.1797248430940604
group_11479,0.05207198969200714
group_1148,0.004065006858140407
group_11480,0.07838231015420423
group_11481,0.18294193441123904
group_11482,0.0040650068581404054
group_11483,0.02582817240949334
group_11484,0.010100170414397938
group_11485,0.15129473377945882
group_11486,0.004065006858140406
group_11487,0.008096762126439165
group_11488,0.04658547736813667
group_11489,0.006085040941019991
group_1149,0.00608504094101999
group_11490,0.20067334469429327
group_11491,0.006085040941019991
group_11492,0.004065006858140407
group_11493,0.016060517893511785
group_11494,0.10282222868780913
group_11495,0.09648780082297682
group_11496,0.012095265804896295
group_11497,0.18608420965127392
group_11498,0.021946049295481926
group_11499,0.01010017041439794
group_115,0.08341992601521263
group_1150,0.021946049295481933
group_11500,0.19214431189991268
group_11501,0.004065006858140407
group_11502,0.01010017041439794
group_11503,0.03538800448896462
group_11504,0.012095265804896295
group_11505,0.12394530113471049
group_11506,0.01010017041439794
group_11507,0.048422627706887225
group_11508,0.02389126730121784
group_11509,0.035388004488964626
group_1151,0.006085040941019988
group_11510,0.016060517893511785
group_11511,0.15257491998836195
group_11512,0.018030674591628913
group_11513,0.0040650068581404054
group_11514,0.03349266386799119
group_11515,0.0020366598778004067
group_11516,0.004065006858140406
group_11517,0.033492663867991185
group_11518,0.0020366598778004067
group_11519,0.04842262770688724
group_1152,0.06104991894924976
group_11520,0.002036659877800407
group_11521,0.1447691092730371
group_11522,0.0663369217340704
group_11523,0.004065006858140406
group_11524,0.0020366598778004067
group_11525,0.0020366598778004067
group_11526,0.02775676462030841
group_11527,0.06458290036992395
group_11528,0.14343904567937152
group_11529,0.0020366598778004067
group_1153,0.018030674591628906
group_11530,0.07668647907228066
group_11531,0.01209526580489629
group_11532,0.03915374703853028
group_11533,0.0020366598778004067
group_11534,0.014082048297934241
group_11535,0.24937861091483435
group_11536,0.006085040941019992
group_11537,0.012095265804896291
group_11538,0.004065006858140407
group_11539,0.008096762126439167
group_1154,0.0020366598778004067
group_11540,0.029677043933663074
group_11541,0.002036659877800407
group_11542,0.1891516688141652
group_11543,0.052071989692007145
group_11544,0.004065006858140406
group_11545,0.1960181221164637
group_11546,0.1576125358493703
group_11547,0.06458290036992395
group_11548,0.006085040941019991
group_11549,0.13109439295066294
group_1155,0.01999251839228563
group_11550,0.002036659877800407
group_11551,0.16372251548277153
group_11552,0.0502514651481774
group_11553,0.004065006858140406
group_11554,0.01999251839228563
group_11555,0.2466436676503596
group_11556,0.03915374703853028
group_11557,0.0040650068581404054
group_11558,0.1576125358493703
group_11559,0.014082048297934241
group_1156,0.023891267301217847
group_11560,0.19790514983997667
group_11561,0.0020366598778004067
group_11562,0.23628579741468894
group_11563,0.05568810008728542
group_11564,0.06982002576998213
group_11565,0.04842262770688724
group_11566,0.008096762126439169
group_11567,0.01010017041439794
group_11568,0.07838231015420423
group_11569,0.10282222868780912
group_1157,0.07154910844174737
group_11570,0.002036659877800407
group_11571,0.0502514651481774
group_11572,0.033492663867991185
group_11573,0.053884201338376486
group_11574,0.004065006858140407
group_11575,0.10902365019327487
group_11576,0.0020366598778004067
group_11577,0.002036659877800407
group_11578,0.03727503221247766
group_11579,0.023891267301217847
group_1158,0.004065006858140406
group_11580,0.014082048297934241
group_11581,0.18080551976391374
group_11582,0.01010017041439794
group_11583,0.0502514651481774
group_11584,0.004065006858140406
group_11585,0.008096762126439167
group_11586,0.23628579741468894
group_11587,0.002036659877800407
group_11588,0.002036659877800407
group_11589,0.23100710752732861
group_1159,0.006085040941019991
group_11590,0.09648780082297684
group_11591,0.10438505341036618
group_11592,0.06808263020075646
group_11593,0.002036659877800407
group_11594,0.01010017041439794
group_11595,0.12394530113471049
group_11596,0.006085040941019988
group_11597,0.14476910927303713
group_11598,0.021946049295481933
group_11599,0.00608504094101999
group_116,0.04288623799825429
group_1160,0.01803067459162891
group_11600,0.0040650068581404054
group_11601,0.002036659877800407
group_11602,0.01999251839228563
group_11603,0.15885115757097137
group_11604,0.025828172409493342
group_11605,0.03349266386799119
group_11606,0.016060517893511785
group_11607,0.07668647907228064
group_11608,0.2495116172742009
group_11609,0.053884201338376486
group_1161,0.002036659877800407
group_11610,0.1500062346730953
group_11611,0.05748368593873395
group_11612,0.08006982833866745
group_11613,0.21868739349100133
group_11614,0.0834199260152126
group_11615,0.004065006858140408
group_11616,0.03158901034955734
group_11617,0.002036659877800407
group_11618,0.10902365019327485
group_11619,0.002036659877800407
group_1162,0.016060517893511785
group_11620,0.002036659877800407
group_11621,0.20157945051747786
group_11622,0.08838272579907727
group_11623,0.023891267301217847
group_11624,0.002036659877800407
group_11625,0.03158901034955734
group_11626,0.1447691092730371
group_11627,0.06282056610831707
group_11628,0.2222203749116754
group_11629,0.220832121035787
group_1163,0.00608504094101999
group_11630,0.2495116172742009
group_11631,0.010100170414397938
group_11632,0.12102747412610665
group_11633,0.002036659877800407
group_11634,0.002036659877800407
group_11635,0.008096762126439167
group_11636,0.17531900744004322
group_11637,0.052071989692007145
group_11638,0.04288623799825429
group_11639,0.002036659877800407
group_1164,0.014082048297934241
group_11640,0.17643293569973809
group_11641,0.01408204829793424
group_11642,0.006085040941019991
group_11643,0.08006982833866745
group_11644,0.1696246726796625
group_11645,0.002036659877800407
group_11646,0.03915374703853028
group_11647,0.160081466395112
group_11648,0.1901575294068748
group_11649,0.08508250550729457
group_1165,0.002036659877800407
group_11650,0.08838272579907727
group_11651,0.016060517893511785
group_11652,0.008096762126439167
group_11653,0.13249927262147224
group_11654,0.20598528617149506
group_11655,0.04474001413192567
group_11656,0.002036659877800407
group_11657,0.23043351760256037
group_11658,0.07154910844174737
group_11659,0.2411322166341078
group_1166,0.021946049295481933
group_11660,0.012095265804896295
group_11661,0.03538800448896462
group_11662,0.04474001413192568
group_11663,0.22866287044349312
group_11664,0.24951161727420093
group_11665,0.12102747412610664
group_11666,0.0732698782160522
group_11667,0.03727503221247766
group_11668,0.0040650068581404054
group_11669,0.004065006858140407
group_1167,0.1871150089363648
group_11670,0.15384679329980466
group_11671,0.23991022070742757
group_11672,0.06982002576998211
group_11673,0.006085040941019991
group_11674,0.1500062346730953
group_11675,0.053884201338376486
group_11676,0.02194604929548193
group_11677,0.033492663867991185
group_11678,0.029677043933663074
group_11679,0.12539174529282182
group_1168,0.002036659877800407
group_11680,0.0732698782160522
group_11681,0.01010017041439794
group_11682,0.006085040941019991
group_11683,0.06282056610831706
group_11684,0.2455629909805062
group_11685,0.24923729165800737
group_11686,0.24951161727420093
group_11687,0.008096762126439165
group_11688,0.03727503221247766
group_11689,0.09002036659877799
group_1169,0.01209526580489629
group_11690,0.004065006858140407
group_11691,0.010100170414397938
group_11692,0.029677043933663074
group_11693,0.004065006858140407
group_11694,0.008096762126439167
group_11695,0.03538800448896462
group_11696,0.008096762126439165
group_11697,0.027756764620308415
group_11698,0.15885115757097137
group_11699,0.004065006858140406
group_117,0.1797248430940604
group_1170,0.012095265804896291
group_11700,0.03158901034955734
group_11701,0.008096762126439167
group_11702,0.053884201338376486
group_11703,0.006085040941019993
group_11704,0.004065006858140407
group_11705,0.014082048297934241
group_11706,0.023891267301217843
group_11707,0.24073319755600817
group_11708,0.09164969450101831
group_11709,0.006085040941019991
group_1171,0.06458290036992395
group_11710,0.008096762126439167
group_11711,0.14609085996924226
group_11712,0.07498233509289662
group_11713,0.023891267301217847
group_11714,0.06458290036992395
group_11715,0.24032586558044808
group_11716,0.029677043933663074
group_11717,0.035388004488964626
group_11718,0.09488341161311775
group_11719,0.0020366598778004067
group_1172,0.09002036659877798
group_11720,0.24073319755600817
group_11721,0.24527203956939195
group_11722,0.012095265804896293
group_11723,0.033492663867991185
group_11724,0.19883619435554262
group_11725,0.0663369217340704
group_11726,0.04102414896712249
group_11727,0.008096762126439167
group_11728,0.09808387713537554
group_11729,0.24300261856270003
group_1173,0.0020366598778004067
group_11730,0.02967704393366307
group_11731,0.19883619435554262
group_11732,0.06982002576998211
group_11733,0.027756764620308415
group_11734,0.033492663867991185
group_11735,0.012095265804896291
group_11736,0.15511035371378695
group_11737,0.008096762126439169
group_11738,0.12102747412610664
group_11739,0.008096762126439167
group_1174,0.004065006858140406
group_11740,0.2502764038405586
group_11741,0.004065006858140406
group_11742,0.2475913379608463
group_11743,0.0020366598778004067
group_11744,0.10125109106779168
group_11745,0.006085040941019991
group_11746,0.004065006858140406
group_11747,0.014082048297934241
group_11748,0.21646784986907183
group_11749,0.029677043933663074
group_1175,0.004065006858140406
group_11750,0.01999251839228563
group_11751,0.006085040941019992
group_11752,0.14740429776798705
group_11753,0.09488341161311774
group_11754,0.01999251839228563
group_11755,0.02582817240949334
group_11756,0.029677043933663074
group_11757,0.0020366598778004067
group_11758,0.02582817240949334
group_11759,0.09164969450101831
group_1176,0.14740429776798705
group_11760,0.010100170414397936
group_11761,0.0020366598778004067
group_11762,0.14740429776798702
group_11763,0.01999251839228563
group_11764,0.008096762126439167
group_11765,0.1165883868822478
group_11766,0.10593956523546283
group_11767,0.01209526580489629
group_11768,0.004065006858140406
group_11769,0.008096762126439169
group_1177,0.08508250550729454
group_11770,0.16962467267966252
group_11771,0.09648780082297682
group_11772,0.21018329938900202
group_11773,0.1500062346730953
group_11774,0.016060517893511785
group_11775,0.01803067459162891
group_11776,0.0834199260152126
group_11777,0.08508250550729454
group_11778,0.0040650068581404054
group_11779,0.016060517893511785
group_1178,0.09327070950579826
group_11780,0.09164969450101831
group_11781,0.039153747038530286
group_11782,0.14609085996924226
group_11783,0.07668647907228064
group_11784,0.17192734527619608
group_11785,0.0020366598778004067
group_11786,0.13249927262147224
group_11787,0.11955609127561416
group_11788,0.02582817240949334
group_11789,0.0020366598778004067
group_1179,0.07326987821605217
group_11790,0.004065006858140406
group_11791,0.07326987821605219
group_11792,0.01999251839228563
group_11793,0.025828172409493335
group_11794,0.18608420965127392
group_11795,0.01803067459162891
group_11796,0.01803067459162891
group_11797,0.033492663867991185
group_11798,0.027756764620308412
group_11799,0.0020366598778004067
group_118,0.1931252338002411
group_1180,0.0020366598778004067
group_11800,0.15511035371378695
group_11801,0.15885115757097137
group_11802,0.20424789060226942
group_11803,0.2493786109148343
group_11804,0.06282056610831709
group_11805,0.24986075896753818
group_11806,0.014082048297934238
group_11807,0.08006982833866745
group_11808,0.019992518392285625
group_11809,0.01010017041439794
group_1181,0.029677043933663074
group_11810,0.010100170414397938
group_11811,0.17863585352674674
group_11812,0.021946049295481926
group_11813,0.08508250550729454
group_11814,0.13389583939482105
group_11815,0.0020366598778004067
group_11816,0.19115507710212393
group_11817,0.053884201338376486
group_11818,0.09648780082297684
group_11819,0.014082048297934241
group_1182,0.012095265804896291
group_11820,0.02582817240949334
group_11821,0.012095265804896295
group_11822,0.00608504094101999
group_11823,0.004065006858140407
group_11824,0.0020366598778004067
group_11825,0.0020366598778004067
group_11826,0.0020366598778004067
group_11827,0.0020366598778004067
group_11828,0.0020366598778004067
group_11829,0.004065006858140408
group_1183,0.002036659877800407
group_11830,0.004065006858140407
group_11831,0.0020366598778004067
group_11832,0.008096762126439165
group_11833,0.00608504094101999
group_11834,0.00608504094101999
group_11835,0.00608504094101999
group_11836,0.01999251839228563
group_11837,0.006085040941019991
group_11838,0.004065006858140406
group_11839,0.0040650068581404054
group_1184,0.002036659877800407
group_11840,0.0020366598778004067
group_11841,0.006085040941019991
group_11842,0.002036659877800407
group_11843,0.004065006858140406
group_11844,0.0020366598778004067
group_11845,0.006085040941019991
group_11846,0.0020366598778004067
group_11847,0.006085040941019991
group_11848,0.004065006858140406
group_11849,0.004065006858140406
group_1185,0.002036659877800407
group_11850,0.006085040941019991
group_11851,0.004065006858140406
group_11852,0.0020366598778004067
group_11853,0.0020366598778004067
group_11854,0.008096762126439167
group_11855,0.004065006858140407
group_11856,0.008096762126439167
group_11857,0.010100170414397938
group_11858,0.004065006858140407
group_11859,0.008096762126439167
group_1186,0.0020366598778004067
group_11860,0.004065006858140407
group_11861,0.0020366598778004067
group_11862,0.004065006858140406
group_11863,0.01010017041439794
group_11864,0.008096762126439167
group_11865,0.008096762126439167
group_11866,0.002036659877800407
group_11867,0.004065006858140407
group_11868,0.0020366598778004067
group_11869,0.0020366598778004067
group_1187,0.0020366598778004067
group_11870,0.0020366598778004067
group_11871,0.0020366598778004067
group_11872,0.0020366598778004067
group_11873,0.006085040941019991
group_11874,0.008096762126439167
group_11875,0.004065006858140407
group_11876,0.004065006858140407
group_11877,0.0020366598778004067
group_11878,0.0020366598778004067
group_11879,0.004065006858140407
group_1188,0.15129473377945882
group_11880,0.00608504094101999
group_11881,0.0020366598778004067
group_11882,0.0020366598778004067
group_11883,0.0020366598778004067
group_11884,0.0020366598778004067
group_11885,0.0020366598778004067
group_11886,0.0020366598778004067
group_11887,0.0020366598778004067
group_11888,0.008096762126439167
group_11889,0.012095265804896293
group_1189,0.014082048297934243
group_11890,0.01010017041439794
group_11891,0.01010017041439794
group_11892,0.004065006858140407
group_11893,0.004065006858140407
group_11894,0.004065006858140407
group_11895,0.004065006858140407
group_11896,0.004065006858140407
group_11897,0.004065006858140407
group_11898,0.006085040941019989
group_11899,0.006085040941019989
group_119,0.03349266386799119
group_1190,0.014082048297934243
group_11900,0.008096762126439165
group_11901,0.008096762126439165
group_11902,0.008096762126439165
group_11903,0.006085040941019989
group_11904,0.002036659877800407
group_11905,0.006085040941019988
group_11906,0.006085040941019988
group_11907,0.006085040941019988
group_11908,0.006085040941019988
group_11909,0.006085040941019988
group_1191,0.004065006858140406
group_11910,0.006085040941019988
group_11911,0.006085040941019988
group_11912,0.006085040941019988
group_11913,0.006085040941019988
group_11914,0.006085040941019988
group_11915,0.006085040941019988
group_11916,0.006085040941019988
group_11917,0.006085040941019988
group_11918,0.006085040941019988
group_11919,0.006085040941019988
group_1192,0.006085040941019991
group_11920,0.006085040941019988
group_11921,0.006085040941019988
group_11922,0.006085040941019988
group_11923,0.006085040941019988
group_11924,0.006085040941019988
group_11925,0.006085040941019988
group_11926,0.006085040941019988
group_11927,0.006085040941019988
group_11928,0.006085040941019988
group_11929,0.006085040941019988
group_1193,0.15257491998836195
group_11930,0.006085040941019988
group_11931,0.006085040941019988
group_11932,0.006085040941019988
group_11933,0.006085040941019988
group_11934,0.006085040941019988
group_11935,0.006085040941019988
group_11936,0.006085040941019988
group_11937,0.006085040941019988
group_11938,0.006085040941019988
group_11939,0.006085040941019988
group_1194,0.012095265804896295
group_11940,0.006085040941019988
group_11941,0.006085040941019988
group_11942,0.006085040941019988
group_11943,0.006085040941019988
group_11944,0.006085040941019988
group_11945,0.006085040941019988
group_11946,0.006085040941019988
group_11947,0.006085040941019988
group_11948,0.010100170414397942
group_11949,0.004065006858140407
group_1195,0.03158901034955734
group_11950,0.004065006858140407
group_11951,0.006085040941019988
group_11952,0.010100170414397942
group_11953,0.012095265804896288
group_11954,0.008096762126439165
group_11955,0.008096762126439165
group_11956,0.008096762126439165
group_11957,0.006085040941019988
group_11958,0.006085040941019988
group_11959,0.006085040941019988
group_1196,0.002036659877800407
group_11960,0.006085040941019988
group_11961,0.006085040941019988
group_11962,0.008096762126439165
group_11963,0.006085040941019988
group_11964,0.006085040941019988
group_11965,0.006085040941019988
group_11966,0.006085040941019988
group_11967,0.006085040941019988
group_11968,0.006085040941019988
group_11969,0.006085040941019988
group_1197,0.002036659877800407
group_11970,0.006085040941019988
group_11971,0.006085040941019988
group_11972,0.006085040941019988
group_11973,0.006085040941019988
group_11974,0.006085040941019988
group_11975,0.006085040941019988
group_11976,0.006085040941019988
group_11977,0.006085040941019988
group_11978,0.006085040941019988
group_11979,0.006085040941019988
group_1198,0.0040650068581404054
group_11980,0.006085040941019988
group_11981,0.006085040941019988
group_11982,0.006085040941019988
group_11983,0.006085040941019988
group_11984,0.006085040941019988
group_11985,0.006085040941019988
group_11986,0.006085040941019988
group_11987,0.006085040941019988
group_11988,0.006085040941019988
group_11989,0.006085040941019988
group_1199,0.002036659877800407
group_11990,0.006085040941019988
group_11991,0.006085040941019988
group_11992,0.006085040941019988
group_11993,0.006085040941019988
group_11994,0.006085040941019988
group_11995,0.006085040941019988
group_11996,0.006085040941019988
group_11997,0.006085040941019988
group_11998,0.006085040941019988
group_11999,0.006085040941019988
group_12,0.06282056610831706
group_120,0.09488341161311774
group_1200,0.0020366598778004067
group_12000,0.006085040941019988
group_12001,0.006085040941019988
group_12002,0.006085040941019988
group_12003,0.006085040941019988
group_12004,0.006085040941019988
group_12005,0.006085040941019988
group_12006,0.006085040941019988
group_12007,0.006085040941019988
group_12008,0.006085040941019988
group_12009,0.006085040941019988
group_1201,0.012095265804896293
group_12010,0.006085040941019988
group_12011,0.01010017041439794
group_12012,0.006085040941019988
group_12013,0.006085040941019988
group_12014,0.006085040941019988
group_12015,0.008096762126439165
group_12016,0.006085040941019988
group_12017,0.004065006858140408
group_12018,0.004065006858140408
group_12019,0.006085040941019988
group_1202,0.004065006858140406
group_12020,0.008096762126439167
group_12021,0.008096762126439165
group_12022,0.006085040941019988
group_12023,0.008096762126439165
group_12024,0.008096762126439165
group_12025,0.008096762126439165
group_12026,0.006085040941019988
group_12027,0.012095265804896291
group_12028,0.0020366598778004067
group_12029,0.01803067459162891
group_1203,0.03727503221247765
group_12030,0.0020366598778004067
group_12031,0.006085040941019988
group_12032,0.006085040941019988
group_12033,0.006085040941019988
group_12034,0.006085040941019988
group_12035,0.008096762126439165
group_12036,0.008096762126439165
group_12037,0.006085040941019988
group_12038,0.01010017041439794
group_12039,0.027756764620308415
group_1204,0.002036659877800407
group_12040,0.03158901034955734
group_12041,0.01209526580489629
group_12042,0.02775676462030841
group_12043,0.11207448356124525
group_12044,0.016060517893511785
group_12045,0.03538800448896462
group_12046,0.027756764620308412
group_12047,0.057483685938733944
group_12048,0.02775676462030841
group_12049,0.012095265804896293
group_1205,0.002036659877800407
group_12050,0.012095265804896293
group_12051,0.012095265804896293
group_12052,0.010100170414397942
group_12053,0.01999251839228563
group_12054,0.01999251839228563
group_12055,0.01803067459162891
group_12056,0.012095265804896293
group_12057,0.04842262770688723
group_12058,0.012095265804896293
group_12059,0.05025146514817741
group_1206,0.002036659877800407
group_12060,0.012095265804896293
group_12061,0.021946049295481933
group_12062,0.06982002576998211
group_12063,0.02775676462030841
group_12064,0.057483685938733944
group_12065,0.02582817240949334
group_12066,0.008096762126439165
group_12067,0.008096762126439165
group_12068,0.008096762126439165
group_12069,0.008096762126439165
group_1207,0.002036659877800407
group_12070,0.012095265804896291
group_12071,0.004065006858140407
group_12072,0.004065006858140407
group_12073,0.004065006858140407
group_12074,0.004065006858140407
group_12075,0.004065006858140407
group_12076,0.004065006858140407
group_12077,0.004065006858140407
group_12078,0.004065006858140407
group_12079,0.004065006858140407
group_1208,0.002036659877800407
group_12080,0.004065006858140407
group_12081,0.0020366598778004067
group_12082,0.01209526580489629
group_12083,0.0020366598778004067
group_12084,0.004065006858140407
group_12085,0.0020366598778004067
group_12086,0.008096762126439167
group_12087,0.008096762126439167
group_12088,0.00608504094101999
group_12089,0.00608504094101999
group_1209,0.0020366598778004067
group_12090,0.008096762126439167
group_12091,0.0020366598778004067
group_12092,0.004065006858140407
group_12093,0.0020366598778004067
group_12094,0.0020366598778004067
group_12095,0.0020366598778004067
group_12096,0.0020366598778004067
group_12097,0.004065006858140406
group_12098,0.0020366598778004067
group_12099,0.0020366598778004067
group_121,0.1380356623301051
group_1210,0.012095265804896291
group_12100,0.0020366598778004067
group_12101,0.0020366598778004067
group_12102,0.0020366598778004067
group_12103,0.0020366598778004067
group_12104,0.0020366598778004067
group_12105,0.004065006858140406
group_12106,0.004065006858140406
group_12107,0.004065006858140406
group_12108,0.0020366598778004067
group_12109,0.008096762126439167
group_1211,0.0040650068581404054
group_12110,0.006085040941019991
group_12111,0.002036659877800407
group_12112,0.002036659877800407
group_12113,0.002036659877800407
group_12114,0.002036659877800407
group_12115,0.002036659877800407
group_12116,0.002036659877800407
group_12117,0.002036659877800407
group_12118,0.006085040941019991
group_12119,0.006085040941019991
group_1212,0.002036659877800407
group_12120,0.002036659877800407
group_12121,0.002036659877800407
group_12122,0.0040650068581404054
group_12123,0.008096762126439167
group_12124,0.002036659877800407
group_12125,0.004065006858140406
group_12126,0.004065006858140406
group_12127,0.012095265804896291
group_12128,0.016060517893511785
group_12129,0.006085040941019991
group_1213,0.004065006858140407
group_12130,0.0020366598778004067
group_12131,0.006085040941019991
group_12132,0.0020366598778004067
group_12133,0.0020366598778004067
group_12134,0.0020366598778004067
group_12135,0.0020366598778004067
group_12136,0.0020366598778004067
group_12137,0.008096762126439167
group_12138,0.0020366598778004067
group_12139,0.006085040941019989
group_1214,0.0020366598778004067
group_12140,0.016060517893511785
group_12141,0.006085040941019989
group_12142,0.1730662122282722
group_12143,0.1881374953239952
group_12144,0.16846086703520513
group_12145,0.17863585352674677
group_12146,0.18504509746872272
group_12147,0.018030674591628906
group_12148,0.19214431189991268
group_12149,0.00608504094101999
group_1215,0.002036659877800407
group_12150,0.00608504094101999
group_12151,0.004065006858140408
group_12152,0.004065006858140408
group_12153,0.004065006858140408
group_12154,0.004065006858140407
group_12155,0.004065006858140407
group_12156,0.004065006858140407
group_12157,0.004065006858140406
group_12158,0.0020366598778004067
group_12159,0.0020366598778004067
group_1216,0.002036659877800407
group_12160,0.0020366598778004067
group_12161,0.004065006858140407
group_12162,0.006085040941019991
group_12163,0.0020366598778004067
group_12164,0.031589010349557335
group_12165,0.031589010349557335
group_12166,0.031589010349557335
group_12167,0.031589010349557335
group_12168,0.031589010349557335
group_12169,0.031589010349557335
group_1217,0.004065006858140406
group_12170,0.031589010349557335
group_12171,0.0020366598778004067
group_12172,0.02967704393366308
group_12173,0.031589010349557335
group_12174,0.031589010349557335
group_12175,0.018030674591628906
group_12176,0.031589010349557335
group_12177,0.031589010349557335
group_12178,0.031589010349557335
group_12179,0.02194604929548194
group_1218,0.002036659877800407
group_12180,0.031589010349557335
group_12181,0.01408204829793424
group_12182,0.031589010349557335
group_12183,0.031589010349557335
group_12184,0.031589010349557335
group_12185,0.031589010349557335
group_12186,0.031589010349557335
group_12187,0.031589010349557335
group_12188,0.031589010349557335
group_12189,0.01408204829793424
group_1219,0.11955609127561415
group_12190,0.031589010349557335
group_12191,0.01408204829793424
group_12192,0.031589010349557335
group_12193,0.004065006858140407
group_12194,0.031589010349557335
group_12195,0.031589010349557335
group_12196,0.02775676462030841
group_12197,0.031589010349557335
group_12198,0.031589010349557335
group_12199,0.031589010349557335
group_122,0.2500519556091276
group_1220,0.002036659877800407
group_12200,0.031589010349557335
group_12201,0.031589010349557335
group_12202,0.01010017041439794
group_12203,0.031589010349557335
group_12204,0.031589010349557335
group_12205,0.0020366598778004067
group_12206,0.035388004488964626
group_12207,0.02389126730121784
group_12208,0.02967704393366308
group_12209,0.035388004488964626
group_1221,0.09164969450101831
group_12210,0.035388004488964626
group_12211,0.002036659877800407
group_12212,0.02389126730121784
group_12213,0.035388004488964626
group_12214,0.008096762126439167
group_12215,0.00608504094101999
group_12216,0.004065006858140407
group_12217,0.004065006858140407
group_12218,0.004065006858140407
group_12219,0.004065006858140407
group_1222,0.002036659877800407
group_12220,0.004065006858140407
group_12221,0.004065006858140407
group_12222,0.004065006858140407
group_12223,0.004065006858140407
group_12224,0.014082048297934241
group_12225,0.01803067459162891
group_12226,0.012095265804896291
group_12227,0.008096762126439169
group_12228,0.008096762126439169
group_12229,0.008096762126439167
group_1223,0.0020366598778004067
group_12230,0.008096762126439167
group_12231,0.008096762126439167
group_12232,0.008096762126439167
group_12233,0.008096762126439167
group_12234,0.008096762126439167
group_12235,0.002036659877800407
group_12236,0.0020366598778004067
group_12237,0.0020366598778004067
group_12238,0.004065006858140406
group_12239,0.0020366598778004067
group_1224,0.002036659877800407
group_12240,0.002036659877800407
group_12241,0.0020366598778004067
group_12242,0.0020366598778004067
group_12243,0.002036659877800407
group_12244,0.002036659877800407
group_12245,0.018030674591628913
group_12246,0.006085040941019991
group_12247,0.002036659877800407
group_12248,0.0020366598778004067
group_12249,0.0020366598778004067
group_1225,0.002036659877800407
group_12250,0.016060517893511782
group_12251,0.0020366598778004067
group_12252,0.0020366598778004067
group_12253,0.0020366598778004067
group_12254,0.004065006858140406
group_12255,0.0020366598778004067
group_12256,0.0020366598778004067
group_12257,0.0020366598778004067
group_12258,0.0020366598778004067
group_12259,0.0020366598778004067
group_1226,0.002036659877800407
group_12260,0.0020366598778004067
group_12261,0.002036659877800407
group_12262,0.004065006858140406
group_12263,0.0020366598778004067
group_12264,0.0020366598778004067
group_12265,0.0020366598778004067
group_12266,0.004065006858140406
group_12267,0.0020366598778004067
group_12268,0.008096762126439169
group_12269,0.004065006858140406
group_1227,0.014082048297934241
group_12270,0.004065006858140406
group_12271,0.002036659877800407
group_12272,0.0020366598778004067
group_12273,0.008096762126439167
group_12274,0.004065006858140406
group_12275,0.006085040941019991
group_12276,0.006085040941019991
group_12277,0.006085040941019991
group_12278,0.006085040941019991
group_12279,0.006085040941019991
group_1228,0.03727503221247765
group_12280,0.008096762126439167
group_12281,0.006085040941019991
group_12282,0.0020366598778004067
group_12283,0.0020366598778004067
group_12284,0.006085040941019989
group_12285,0.006085040941019991
group_12286,0.0020366598778004067
group_12287,0.0020366598778004067
group_12288,0.004065006858140406
group_12289,0.0020366598778004067
group_1229,0.008096762126439167
group_12290,0.004065006858140407
group_12291,0.004065006858140407
group_12292,0.008096762126439167
group_12293,0.00608504094101999
group_12294,0.00608504094101999
group_12295,0.00608504094101999
group_12296,0.00608504094101999
group_12297,0.00608504094101999
group_12298,0.00608504094101999
group_12299,0.00608504094101999
group_123,0.0020366598778004067
group_1230,0.23375036368926388
group_12300,0.00608504094101999
group_12301,0.004065006858140407
group_12302,0.004065006858140407
group_12303,0.004065006858140407
group_12304,0.004065006858140407
group_12305,0.004065006858140407
group_12306,0.004065006858140407
group_12307,0.004065006858140407
group_12308,0.004065006858140407
group_12309,0.01010017041439794
group_1231,0.008096762126439165
group_12310,0.004065006858140406
group_12311,0.006085040941019991
group_12312,0.01010017041439794
group_12313,0.004065006858140407
group_12314,0.004065006858140407
group_12315,0.004065006858140407
group_12316,0.00608504094101999
group_12317,0.00608504094101999
group_12318,0.008096762126439167
group_12319,0.004065006858140406
group_1232,0.010100170414397938
group_12320,0.004065006858140406
group_12321,0.008096762126439167
group_12322,0.002036659877800407
group_12323,0.0020366598778004067
group_12324,0.008096762126439167
group_12325,0.0020366598778004067
group_12326,0.0020366598778004067
group_12327,0.006085040941019991
group_12328,0.008096762126439167
group_12329,0.008096762126439167
group_1233,0.002036659877800407
group_12330,0.008096762126439167
group_12331,0.008096762126439167
group_12332,0.008096762126439167
group_12333,0.008096762126439167
group_12334,0.0040650068581404054
group_12335,0.008096762126439167
group_12336,0.004065006858140406
group_12337,0.0020366598778004067
group_12338,0.008096762126439167
group_12339,0.008096762126439167
group_1234,0.010100170414397938
group_12340,0.004065006858140406
group_12341,0.008096762126439167
group_12342,0.0020366598778004067
group_12343,0.0020366598778004067
group_12344,0.008096762126439167
group_12345,0.004065006858140406
group_12346,0.008096762126439167
group_12347,0.008096762126439167
group_12348,0.004065006858140406
group_12349,0.008096762126439167
group_1235,0.057483685938733944
group_12350,0.0020366598778004067
group_12351,0.010100170414397938
group_12352,0.0020366598778004067
group_12353,0.008096762126439169
group_12354,0.006085040941019991
group_12355,0.006085040941019991
group_12356,0.00608504094101999
group_12357,0.0020366598778004067
group_12358,0.00608504094101999
group_12359,0.00608504094101999
group_1236,0.029677043933663074
group_12360,0.00608504094101999
group_12361,0.00608504094101999
group_12362,0.0020366598778004067
group_12363,0.004065006858140407
group_12364,0.006085040941019991
group_12365,0.004065006858140406
group_12366,0.002036659877800407
group_12367,0.004065006858140406
group_12368,0.006085040941019991
group_12369,0.002036659877800407
group_1237,0.21941061557005695
group_12370,0.002036659877800407
group_12371,0.004065006858140406
group_12372,0.002036659877800407
group_12373,0.004065006858140406
group_12374,0.002036659877800407
group_12375,0.004065006858140406
group_12376,0.002036659877800407
group_12377,0.002036659877800407
group_12378,0.002036659877800407
group_12379,0.002036659877800407
group_1238,0.021946049295481933
group_12380,0.004065006858140406
group_12381,0.002036659877800407
group_12382,0.002036659877800407
group_12383,0.002036659877800407
group_12384,0.006085040941019991
group_12385,0.002036659877800407
group_12386,0.006085040941019991
group_12387,0.004065006858140406
group_12388,0.002036659877800407
group_12389,0.004065006858140406
group_1239,0.14210066918824552
group_12390,0.006085040941019991
group_12391,0.002036659877800407
group_12392,0.002036659877800407
group_12393,0.004065006858140406
group_12394,0.002036659877800407
group_12395,0.002036659877800407
group_12396,0.002036659877800407
group_12397,0.004065006858140406
group_12398,0.002036659877800407
group_12399,0.004065006858140406
group_124,0.05568810008728542
group_1240,0.03349266386799119
group_12400,0.002036659877800407
group_12401,0.002036659877800407
group_12402,0.002036659877800407
group_12403,0.004065006858140406
group_12404,0.008096762126439167
group_12405,0.008096762126439167
group_12406,0.008096762126439167
group_12407,0.008096762126439167
group_12408,0.0020366598778004067
group_12409,0.0020366598778004067
group_1241,0.004065006858140408
group_12410,0.004065006858140407
group_12411,0.004065006858140407
group_12412,0.004065006858140407
group_12413,0.004065006858140407
group_12414,0.004065006858140407
group_12415,0.008096762126439167
group_12416,0.008096762126439167
group_12417,0.00608504094101999
group_12418,0.00608504094101999
group_12419,0.00608504094101999
group_1242,0.004065006858140407
group_12420,0.00608504094101999
group_12421,0.00608504094101999
group_12422,0.00608504094101999
group_12423,0.00608504094101999
group_12424,0.012095265804896293
group_12425,0.012095265804896293
group_12426,0.012095265804896293
group_12427,0.012095265804896293
group_12428,0.010100170414397938
group_12429,0.012095265804896293
group_1243,0.023891267301217843
group_12430,0.012095265804896293
group_12431,0.012095265804896293
group_12432,0.012095265804896293
group_12433,0.012095265804896293
group_12434,0.012095265804896293
group_12435,0.012095265804896293
group_12436,0.012095265804896293
group_12437,0.012095265804896293
group_12438,0.012095265804896293
group_12439,0.010100170414397938
group_1244,0.004065006858140406
group_12440,0.012095265804896293
group_12441,0.0020366598778004067
group_12442,0.0020366598778004067
group_12443,0.004065006858140406
group_12444,0.0020366598778004067
group_12445,0.0020366598778004067
group_12446,0.014082048297934241
group_12447,0.0020366598778004067
group_12448,0.0020366598778004067
group_12449,0.014082048297934241
group_1245,0.07668647907228063
group_12450,0.0020366598778004067
group_12451,0.014082048297934241
group_12452,0.0020366598778004067
group_12453,0.012095265804896293
group_12454,0.014082048297934241
group_12455,0.0020366598778004067
group_12456,0.014082048297934241
group_12457,0.014082048297934241
group_12458,0.0020366598778004067
group_12459,0.014082048297934241
group_1246,0.004065006858140406
group_12460,0.010100170414397938
group_12461,0.014082048297934241
group_12462,0.014082048297934241
group_12463,0.0020366598778004067
group_12464,0.012095265804896293
group_12465,0.0020366598778004067
group_12466,0.0020366598778004067
group_12467,0.0020366598778004067
group_12468,0.012095265804896293
group_12469,0.014082048297934241
group_1247,0.006085040941019991
group_12470,0.0020366598778004067
group_12471,0.012095265804896293
group_12472,0.01010017041439794
group_12473,0.0020366598778004067
group_12474,0.012095265804896293
group_12475,0.014082048297934241
group_12476,0.014082048297934241
group_12477,0.014082048297934241
group_12478,0.002036659877800407
group_12479,0.012095265804896293
group_1248,0.002036659877800407
group_12480,0.014082048297934241
group_12481,0.01010017041439794
group_12482,0.00608504094101999
group_12483,0.00608504094101999
group_12484,0.00608504094101999
group_12485,0.00608504094101999
group_12486,0.00608504094101999
group_12487,0.00608504094101999
group_12488,0.008096762126439167
group_12489,0.00608504094101999
group_1249,0.014082048297934243
group_12490,0.00608504094101999
group_12491,0.00608504094101999
group_12492,0.012095265804896291
group_12493,0.012095265804896291
group_12494,0.008096762126439169
group_12495,0.008096762126439167
group_12496,0.01010017041439794
group_12497,0.01010017041439794
group_12498,0.01010017041439794
group_12499,0.01010017041439794
group_125,0.008096762126439169
group_1250,0.004065006858140407
group_12500,0.01010017041439794
group_12501,0.01010017041439794
group_12502,0.002036659877800407
group_12503,0.01010017041439794
group_12504,0.008096762126439167
group_12505,0.01010017041439794
group_12506,0.01010017041439794
group_12507,0.01010017041439794
group_12508,0.01010017041439794
group_12509,0.01010017041439794
group_1251,0.004065006858140407
group_12510,0.01010017041439794
group_12511,0.01010017041439794
group_12512,0.01010017041439794
group_12513,0.01010017041439794
group_12514,0.01010017041439794
group_12515,0.01010017041439794
group_12516,0.01010017041439794
group_12517,0.01010017041439794
group_12518,0.01010017041439794
group_12519,0.01010017041439794
group_1252,0.010100170414397938
group_12520,0.01010017041439794
group_12521,0.01010017041439794
group_12522,0.01010017041439794
group_12523,0.01010017041439794
group_12524,0.01010017041439794
group_12525,0.01010017041439794
group_12526,0.01010017041439794
group_12527,0.01010017041439794
group_12528,0.004065006858140406
group_12529,0.010100170414397938
group_1253,0.002036659877800407
group_12530,0.012095265804896293
group_12531,0.010100170414397938
group_12532,0.012095265804896293
group_12533,0.012095265804896293
group_12534,0.004065006858140406
group_12535,0.012095265804896293
group_12536,0.010100170414397938
group_12537,0.010100170414397938
group_12538,0.010100170414397938
group_12539,0.004065006858140406
group_1254,0.010100170414397938
group_12540,0.012095265804896293
group_12541,0.012095265804896293
group_12542,0.012095265804896293
group_12543,0.012095265804896293
group_12544,0.010100170414397938
group_12545,0.012095265804896293
group_12546,0.002036659877800407
group_12547,0.012095265804896293
group_12548,0.002036659877800407
group_12549,0.012095265804896293
group_1255,0.004065006858140407
group_12550,0.012095265804896293
group_12551,0.012095265804896293
group_12552,0.012095265804896293
group_12553,0.012095265804896293
group_12554,0.012095265804896293
group_12555,0.012095265804896293
group_12556,0.012095265804896293
group_12557,0.0020366598778004067
group_12558,0.010100170414397938
group_12559,0.010100170414397938
group_1256,0.16130346232179227
group_12560,0.012095265804896293
group_12561,0.012095265804896293
group_12562,0.004065006858140406
group_12563,0.010100170414397938
group_12564,0.0020366598778004067
group_12565,0.010100170414397938
group_12566,0.012095265804896293
group_12567,0.012095265804896293
group_12568,0.012095265804896293
group_12569,0.012095265804896293
group_1257,0.010100170414397938
group_12570,0.012095265804896293
group_12571,0.012095265804896293
group_12572,0.012095265804896293
group_12573,0.012095265804896293
group_12574,0.012095265804896293
group_12575,0.004065006858140406
group_12576,0.002036659877800407
group_12577,0.010100170414397938
group_12578,0.012095265804896293
group_12579,0.012095265804896293
group_1258,0.004065006858140406
group_12580,0.012095265804896293
group_12581,0.012095265804896293
group_12582,0.012095265804896293
group_12583,0.012095265804896293
group_12584,0.014082048297934243
group_12585,0.012095265804896293
group_12586,0.014082048297934243
group_12587,0.012095265804896293
group_12588,0.004065006858140406
group_12589,0.014082048297934243
group_1259,0.0020366598778004067
group_12590,0.008096762126439169
group_12591,0.0428862379982543
group_12592,0.04842262770688723
group_12593,0.03158901034955734
group_12594,0.08508250550729456
group_12595,0.00608504094101999
group_12596,0.004065006858140407
group_12597,0.006085040941019989
group_12598,0.006085040941019991
group_12599,0.00608504094101999
group_126,0.008096762126439169
group_1260,0.008096762126439169
group_12600,0.004065006858140407
group_12601,0.004065006858140407
group_12602,0.004065006858140407
group_12603,0.004065006858140406
group_12604,0.004065006858140406
group_12605,0.004065006858140406
group_12606,0.004065006858140406
group_12607,0.004065006858140406
group_12608,0.010100170414397938
group_12609,0.008096762126439167
group_1261,0.008096762126439169
group_12610,0.004065006858140406
group_12611,0.006085040941019991
group_12612,0.006085040941019991
group_12613,0.004065006858140406
group_12614,0.006085040941019991
group_12615,0.004065006858140406
group_12616,0.004065006858140406
group_12617,0.006085040941019991
group_12618,0.006085040941019991
group_12619,0.004065006858140406
group_1262,0.004065006858140406
group_12620,0.006085040941019991
group_12621,0.004065006858140406
group_12622,0.004065006858140406
group_12623,0.006085040941019991
group_12624,0.004065006858140406
group_12625,0.004065006858140406
group_12626,0.006085040941019991
group_12627,0.004065006858140406
group_12628,0.004065006858140406
group_12629,0.006085040941019991
group_1263,0.035388004488964626
group_12630,0.006085040941019991
group_12631,0.004065006858140406
group_12632,0.004065006858140406
group_12633,0.004065006858140406
group_12634,0.004065006858140406
group_12635,0.004065006858140406
group_12636,0.006085040941019991
group_12637,0.004065006858140406
group_12638,0.004065006858140406
group_12639,0.006085040941019991
group_1264,0.010100170414397938
group_12640,0.004065006858140406
group_12641,0.006085040941019991
group_12642,0.006085040941019991
group_12643,0.006085040941019991
group_12644,0.004065006858140406
group_12645,0.006085040941019991
group_12646,0.004065006858140406
group_12647,0.004065006858140406
group_12648,0.004065006858140406
group_12649,0.004065006858140406
group_1265,0.002036659877800407
group_12650,0.004065006858140406
group_12651,0.006085040941019991
group_12652,0.006085040941019991
group_12653,0.006085040941019991
group_12654,0.006085040941019991
group_12655,0.004065006858140406
group_12656,0.006085040941019991
group_12657,0.004065006858140406
group_12658,0.006085040941019991
group_12659,0.006085040941019991
group_1266,0.002036659877800407
group_12660,0.004065006858140406
group_12661,0.004065006858140406
group_12662,0.004065006858140406
group_12663,0.006085040941019991
group_12664,0.006085040941019991
group_12665,0.006085040941019991
group_12666,0.004065006858140406
group_12667,0.004065006858140406
group_12668,0.004065006858140406
group_12669,0.004065006858140406
group_1267,0.01010017041439794
group_12670,0.004065006858140406
group_12671,0.006085040941019991
group_12672,0.004065006858140406
group_12673,0.004065006858140406
group_12674,0.006085040941019991
group_12675,0.004065006858140406
group_12676,0.006085040941019991
group_12677,0.004065006858140406
group_12678,0.004065006858140406
group_12679,0.006085040941019991
group_1268,0.006085040941019991
group_12680,0.004065006858140406
group_12681,0.006085040941019991
group_12682,0.004065006858140406
group_12683,0.004065006858140406
group_12684,0.004065006858140406
group_12685,0.004065006858140406
group_12686,0.004065006858140406
group_12687,0.004065006858140406
group_12688,0.006085040941019991
group_12689,0.006085040941019991
group_1269,0.0040650068581404054
group_12690,0.006085040941019991
group_12691,0.006085040941019991
group_12692,0.006085040941019991
group_12693,0.006085040941019991
group_12694,0.006085040941019991
group_12695,0.006085040941019991
group_12696,0.006085040941019991
group_12697,0.006085040941019991
group_12698,0.006085040941019991
group_12699,0.004065006858140406
group_127,0.027756764620308412
group_1270,0.002036659877800407
group_12700,0.0020366598778004067
group_12701,0.006085040941019991
group_12702,0.006085040941019991
group_12703,0.006085040941019991
group_12704,0.006085040941019991
group_12705,0.006085040941019991
group_12706,0.006085040941019991
group_12707,0.006085040941019991
group_12708,0.006085040941019991
group_12709,0.006085040941019991
group_1271,0.010100170414397938
group_12710,0.006085040941019991
group_12711,0.006085040941019991
group_12712,0.006085040941019991
group_12713,0.006085040941019991
group_12714,0.006085040941019991
group_12715,0.006085040941019991
group_12716,0.006085040941019991
group_12717,0.006085040941019991
group_12718,0.006085040941019991
group_12719,0.006085040941019991
group_1272,0.023891267301217843
group_12720,0.014082048297934241
group_12721,0.008096762126439167
group_12722,0.006085040941019991
group_12723,0.006085040941019991
group_12724,0.01010017041439794
group_12725,0.01010017041439794
group_12726,0.01010017041439794
group_12727,0.004065006858140407
group_12728,0.006085040941019992
group_12729,0.01010017041439794
group_1273,0.002036659877800407
group_12730,0.01010017041439794
group_12731,0.004065006858140407
group_12732,0.006085040941019992
group_12733,0.01010017041439794
group_12734,0.004065006858140407
group_12735,0.008096762126439165
group_12736,0.004065006858140407
group_12737,0.004065006858140407
group_12738,0.004065006858140407
group_12739,0.004065006858140407
group_1274,0.09808387713537554
group_12740,0.008096762126439167
group_12741,0.014082048297934238
group_12742,0.008096762126439167
group_12743,0.008096762126439167
group_12744,0.008096762126439167
group_12745,0.006085040941019991
group_12746,0.008096762126439167
group_12747,0.0020366598778004067
group_12748,0.008096762126439167
group_12749,0.006085040941019991
group_1275,0.008096762126439167
group_12750,0.008096762126439167
group_12751,0.008096762126439167
group_12752,0.008096762126439167
group_12753,0.016060517893511782
group_12754,0.010100170414397938
group_12755,0.008096762126439167
group_12756,0.008096762126439167
group_12757,0.004065006858140407
group_12758,0.004065006858140407
group_12759,0.004065006858140407
group_1276,0.004065006858140408
group_12760,0.004065006858140407
group_12761,0.004065006858140407
group_12762,0.004065006858140407
group_12763,0.004065006858140407
group_12764,0.004065006858140407
group_12765,0.004065006858140407
group_12766,0.004065006858140407
group_12767,0.004065006858140407
group_12768,0.004065006858140407
group_12769,0.004065006858140407
group_1277,0.002036659877800407
group_12770,0.004065006858140407
group_12771,0.004065006858140407
group_12772,0.004065006858140407
group_12773,0.004065006858140407
group_12774,0.004065006858140407
group_12775,0.004065006858140407
group_12776,0.004065006858140407
group_12777,0.004065006858140407
group_12778,0.004065006858140407
group_12779,0.004065006858140407
group_1278,0.002036659877800407
group_12780,0.004065006858140407
group_12781,0.004065006858140407
group_12782,0.004065006858140407
group_12783,0.004065006858140407
group_12784,0.004065006858140407
group_12785,0.004065006858140407
group_12786,0.004065006858140407
group_12787,0.004065006858140407
group_12788,0.004065006858140407
group_12789,0.006085040941019991
group_1279,0.002036659877800407
group_12790,0.008096762126439169
group_12791,0.002036659877800407
group_12792,0.00809676212643917
group_12793,0.016060517893511782
group_12794,0.00809676212643917
group_12795,0.006085040941019991
group_12796,0.008096762126439167
group_12797,0.006085040941019991
group_12798,0.004065006858140406
group_12799,0.004065006858140406
group_128,0.004065006858140407
group_1280,0.014082048297934238
group_12800,0.004065006858140406
group_12801,0.004065006858140406
group_12802,0.004065006858140406
group_12803,0.004065006858140406
group_12804,0.004065006858140406
group_12805,0.004065006858140406
group_12806,0.004065006858140406
group_12807,0.006085040941019991
group_12808,0.004065006858140406
group_12809,0.010100170414397938
group_1281,0.002036659877800407
group_12810,0.010100170414397938
group_12811,0.010100170414397938
group_12812,0.010100170414397938
group_12813,0.012095265804896291
group_12814,0.0020366598778004067
group_12815,0.006085040941019991
group_12816,0.004065006858140406
group_12817,0.0020366598778004067
group_12818,0.004065006858140406
group_12819,0.004065006858140406
group_1282,0.002036659877800407
group_12820,0.004065006858140406
group_12821,0.004065006858140406
group_12822,0.006085040941019991
group_12823,0.004065006858140406
group_12824,0.004065006858140406
group_12825,0.004065006858140406
group_12826,0.004065006858140406
group_12827,0.0020366598778004067
group_12828,0.0020366598778004067
group_12829,0.0020366598778004067
group_1283,0.002036659877800407
group_12830,0.0020366598778004067
group_12831,0.0020366598778004067
group_12832,0.004065006858140406
group_12833,0.0020366598778004067
group_12834,0.0020366598778004067
group_12835,0.004065006858140406
group_12836,0.004065006858140406
group_12837,0.0020366598778004067
group_12838,0.006085040941019992
group_12839,0.006085040941019992
group_1284,0.002036659877800407
group_12840,0.0020366598778004067
group_12841,0.006085040941019991
group_12842,0.006085040941019991
group_12843,0.006085040941019991
group_12844,0.008096762126439169
group_12845,0.008096762126439169
group_12846,0.002036659877800407
group_12847,0.004065006858140406
group_12848,0.00608504094101999
group_12849,0.004065006858140406
group_1285,0.002036659877800407
group_12850,0.004065006858140406
group_12851,0.004065006858140406
group_12852,0.004065006858140406
group_12853,0.004065006858140406
group_12854,0.004065006858140406
group_12855,0.004065006858140406
group_12856,0.006085040941019991
group_12857,0.006085040941019991
group_12858,0.006085040941019991
group_12859,0.006085040941019991
group_1286,0.002036659877800407
group_12860,0.006085040941019991
group_12861,0.006085040941019991
group_12862,0.006085040941019991
group_12863,0.006085040941019991
group_12864,0.006085040941019991
group_12865,0.002036659877800407
group_12866,0.002036659877800407
group_12867,0.002036659877800407
group_12868,0.002036659877800407
group_12869,0.002036659877800407
group_1287,0.002036659877800407
group_12870,0.002036659877800407
group_12871,0.002036659877800407
group_12872,0.002036659877800407
group_12873,0.00809676212643917
group_12874,0.002036659877800407
group_12875,0.002036659877800407
group_12876,0.002036659877800407
group_12877,0.002036659877800407
group_12878,0.002036659877800407
group_12879,0.002036659877800407
group_1288,0.03915374703853028
group_12880,0.010100170414397938
group_12881,0.002036659877800407
group_12882,0.002036659877800407
group_12883,0.002036659877800407
group_12884,0.002036659877800407
group_12885,0.002036659877800407
group_12886,0.002036659877800407
group_12887,0.002036659877800407
group_12888,0.002036659877800407
group_12889,0.002036659877800407
group_1289,0.0020366598778004067
group_12890,0.002036659877800407
group_12891,0.002036659877800407
group_12892,0.002036659877800407
group_12893,0.002036659877800407
group_12894,0.002036659877800407
group_12895,0.002036659877800407
group_12896,0.004065006858140406
group_12897,0.004065006858140406
group_12898,0.004065006858140406
group_12899,0.004065006858140406
group_129,0.23427407622926968
group_1290,0.002036659877800407
group_12900,0.004065006858140406
group_12901,0.004065006858140406
group_12902,0.004065006858140406
group_12903,0.004065006858140406
group_12904,0.008096762126439167
group_12905,0.006085040941019991
group_12906,0.006085040941019991
group_12907,0.006085040941019991
group_12908,0.006085040941019991
group_12909,0.006085040941019991
group_1291,0.002036659877800407
group_12910,0.006085040941019991
group_12911,0.004065006858140406
group_12912,0.004065006858140406
group_12913,0.004065006858140406
group_12914,0.004065006858140406
group_12915,0.004065006858140406
group_12916,0.004065006858140406
group_12917,0.006085040941019991
group_12918,0.012095265804896295
group_12919,0.0020366598778004067
group_1292,0.0020366598778004067
group_12920,0.006085040941019991
group_12921,0.0020366598778004067
group_12922,0.004065006858140407
group_12923,0.016060517893511785
group_12924,0.016060517893511785
group_12925,0.004065006858140406
group_12926,0.004065006858140406
group_12927,0.004065006858140406
group_12928,0.008096762126439167
group_12929,0.0020366598778004067
group_1293,0.002036659877800407
group_12930,0.004065006858140406
group_12931,0.010100170414397938
group_12932,0.010100170414397938
group_12933,0.010100170414397938
group_12934,0.006085040941019991
group_12935,0.006085040941019991
group_12936,0.006085040941019991
group_12937,0.006085040941019991
group_12938,0.006085040941019991
group_12939,0.014082048297934241
group_1294,0.002036659877800407
group_12940,0.012095265804896291
group_12941,0.010100170414397938
group_12942,0.008096762126439167
group_12943,0.0020366598778004067
group_12944,0.004065006858140406
group_12945,0.012095265804896291
group_12946,0.012095265804896291
group_12947,0.0020366598778004067
group_12948,0.002036659877800407
group_12949,0.004065006858140408
group_1295,0.004065006858140406
group_12950,0.012095265804896291
group_12951,0.012095265804896291
group_12952,0.002036659877800407
group_12953,0.012095265804896291
group_12954,0.012095265804896291
group_12955,0.0020366598778004067
group_12956,0.002036659877800407
group_12957,0.012095265804896291
group_12958,0.012095265804896291
group_12959,0.012095265804896291
group_1296,0.002036659877800407
group_12960,0.004065006858140408
group_12961,0.004065006858140408
group_12962,0.004065006858140408
group_12963,0.004065006858140406
group_12964,0.006085040941019989
group_12965,0.004065006858140408
group_12966,0.004065006858140408
group_12967,0.002036659877800407
group_12968,0.002036659877800407
group_12969,0.012095265804896291
group_1297,0.00809676212643917
group_12970,0.002036659877800407
group_12971,0.012095265804896291
group_12972,0.012095265804896291
group_12973,0.004065006858140406
group_12974,0.004065006858140408
group_12975,0.002036659877800407
group_12976,0.006085040941019992
group_12977,0.006085040941019991
group_12978,0.004065006858140406
group_12979,0.0020366598778004067
group_1298,0.004065006858140406
group_12980,0.006085040941019991
group_12981,0.01010017041439794
group_12982,0.01010017041439794
group_12983,0.00608504094101999
group_12984,0.00608504094101999
group_12985,0.008096762126439167
group_12986,0.0020366598778004067
group_12987,0.0020366598778004067
group_12988,0.0020366598778004067
group_12989,0.0020366598778004067
group_1299,0.002036659877800407
group_12990,0.0020366598778004067
group_12991,0.0020366598778004067
group_12992,0.0020366598778004067
group_12993,0.0020366598778004067
group_12994,0.0020366598778004067
group_12995,0.0020366598778004067
group_12996,0.0020366598778004067
group_12997,0.0020366598778004067
group_12998,0.0020366598778004067
group_12999,0.0020366598778004067
group_13,0.02582817240949334
group_130,0.23529656261690013
group_1300,0.002036659877800407
group_13000,0.014082048297934241
group_13001,0.004065006858140406
group_13002,0.008096762126439169
group_13003,0.004065006858140406
group_13004,0.006085040941019991
group_13005,0.0020366598778004067
group_13006,0.0020366598778004067
group_13007,0.01010017041439794
group_13008,0.004065006858140406
group_13009,0.006085040941019991
group_1301,0.002036659877800407
group_13010,0.0040650068581404054
group_13011,0.0040650068581404054
group_13012,0.004065006858140406
group_13013,0.008096762126439167
group_13014,0.004065006858140406
group_13015,0.0020366598778004067
group_13016,0.004065006858140406
group_13017,0.008096762126439167
group_13018,0.008096762126439167
group_13019,0.004065006858140406
group_1302,0.002036659877800407
group_13020,0.004065006858140406
group_13021,0.004065006858140406
group_13022,0.004065006858140406
group_13023,0.004065006858140406
group_13024,0.004065006858140406
group_13025,0.0020366598778004067
group_13026,0.0020366598778004067
group_13027,0.006085040941019991
group_13028,0.004065006858140406
group_13029,0.004065006858140406
group_1303,0.006085040941019994
group_13030,0.0020366598778004067
group_13031,0.01010017041439794
group_13032,0.002036659877800407
group_13033,0.002036659877800407
group_13034,0.002036659877800407
group_13035,0.002036659877800407
group_13036,0.002036659877800407
group_13037,0.002036659877800407
group_13038,0.002036659877800407
group_13039,0.002036659877800407
group_1304,0.12825969491666322
group_13040,0.002036659877800407
group_13041,0.002036659877800407
group_13042,0.002036659877800407
group_13043,0.002036659877800407
group_13044,0.002036659877800407
group_13045,0.002036659877800407
group_13046,0.002036659877800407
group_13047,0.002036659877800407
group_13048,0.002036659877800407
group_13049,0.004065006858140406
group_1305,0.002036659877800407
group_13050,0.004065006858140406
group_13051,0.004065006858140406
group_13052,0.004065006858140406
group_13053,0.004065006858140406
group_13054,0.004065006858140406
group_13055,0.004065006858140406
group_13056,0.002036659877800407
group_13057,0.002036659877800407
group_13058,0.002036659877800407
group_13059,0.004065006858140406
group_1306,0.006085040941019991
group_13060,0.004065006858140406
group_13061,0.002036659877800407
group_13062,0.004065006858140406
group_13063,0.004065006858140406
group_13064,0.004065006858140406
group_13065,0.004065006858140406
group_13066,0.002036659877800407
group_13067,0.002036659877800407
group_13068,0.002036659877800407
group_13069,0.004065006858140406
group_1307,0.004065006858140408
group_13070,0.002036659877800407
group_13071,0.004065006858140406
group_13072,0.002036659877800407
group_13073,0.004065006858140406
group_13074,0.004065006858140406
group_13075,0.002036659877800407
group_13076,0.004065006858140406
group_13077,0.004065006858140406
group_13078,0.002036659877800407
group_13079,0.002036659877800407
group_1308,0.004065006858140407
group_13080,0.004065006858140406
group_13081,0.004065006858140406
group_13082,0.004065006858140406
group_13083,0.002036659877800407
group_13084,0.002036659877800407
group_13085,0.002036659877800407
group_13086,0.002036659877800407
group_13087,0.002036659877800407
group_13088,0.002036659877800407
group_13089,0.002036659877800407
group_1309,0.006085040941019991
group_13090,0.002036659877800407
group_13091,0.002036659877800407
group_13092,0.002036659877800407
group_13093,0.008096762126439165
group_13094,0.01010017041439794
group_13095,0.0040650068581404054
group_13096,0.004065006858140406
group_13097,0.004065006858140406
group_13098,0.004065006858140406
group_13099,0.004065006858140406
group_131,0.029677043933663074
group_1310,0.002036659877800407
group_13100,0.004065006858140406
group_13101,0.004065006858140406
group_13102,0.004065006858140406
group_13103,0.008096762126439167
group_13104,0.004065006858140406
group_13105,0.004065006858140406
group_13106,0.004065006858140406
group_13107,0.004065006858140406
group_13108,0.004065006858140406
group_13109,0.004065006858140406
group_1311,0.0502514651481774
group_13110,0.004065006858140406
group_13111,0.004065006858140406
group_13112,0.004065006858140406
group_13113,0.004065006858140406
group_13114,0.004065006858140406
group_13115,0.004065006858140406
group_13116,0.004065006858140406
group_13117,0.00608504094101999
group_13118,0.008096762126439165
group_13119,0.014082048297934241
group_1312,0.004065006858140406
group_13120,0.010100170414397938
group_13121,0.008096762126439167
group_13122,0.008096762126439167
group_13123,0.012095265804896293
group_13124,0.008096762126439167
group_13125,0.008096762126439167
group_13126,0.004065006858140406
group_13127,0.0040650068581404054
group_13128,0.002036659877800407
group_13129,0.006085040941019991
group_1313,0.004065006858140406
group_13130,0.006085040941019991
group_13131,0.012095265804896293
group_13132,0.004065006858140406
group_13133,0.004065006858140406
group_13134,0.004065006858140406
group_13135,0.004065006858140406
group_13136,0.004065006858140406
group_13137,0.006085040941019991
group_13138,0.002036659877800407
group_13139,0.012095265804896295
group_1314,0.09648780082297684
group_13140,0.008096762126439169
group_13141,0.008096762126439169
group_13142,0.008096762126439169
group_13143,0.01010017041439794
group_13144,0.002036659877800407
group_13145,0.008096762126439169
group_13146,0.0040650068581404054
group_13147,0.0040650068581404054
group_13148,0.006085040941019991
group_13149,0.004065006858140406
group_1315,0.02194604929548193
group_13150,0.004065006858140406
group_13151,0.008096762126439169
group_13152,0.002036659877800407
group_13153,0.002036659877800407
group_13154,0.002036659877800407
group_13155,0.004065006858140406
group_13156,0.004065006858140406
group_13157,0.002036659877800407
group_13158,0.006085040941019989
group_13159,0.002036659877800407
group_1316,0.002036659877800407
group_13160,0.01408204829793424
group_13161,0.002036659877800407
group_13162,0.002036659877800407
group_13163,0.01408204829793424
group_13164,0.002036659877800407
group_13165,0.01408204829793424
group_13166,0.002036659877800407
group_13167,0.006085040941019989
group_13168,0.002036659877800407
group_13169,0.006085040941019989
group_1317,0.002036659877800407
group_13170,0.01408204829793424
group_13171,0.006085040941019989
group_13172,0.00809676212643917
group_13173,0.00809676212643917
group_13174,0.00809676212643917
group_13175,0.00809676212643917
group_13176,0.00809676212643917
group_13177,0.00809676212643917
group_13178,0.00809676212643917
group_13179,0.00809676212643917
group_1318,0.002036659877800407
group_13180,0.00809676212643917
group_13181,0.00809676212643917
group_13182,0.00809676212643917
group_13183,0.00809676212643917
group_13184,0.002036659877800407
group_13185,0.002036659877800407
group_13186,0.002036659877800407
group_13187,0.002036659877800407
group_13188,0.002036659877800407
group_13189,0.002036659877800407
group_1319,0.008096762126439167
group_13190,0.002036659877800407
group_13191,0.0040650068581404054
group_13192,0.0040650068581404054
group_13193,0.0040650068581404054
group_13194,0.0040650068581404054
group_13195,0.0040650068581404054
group_13196,0.004065006858140406
group_13197,0.008096762126439169
group_13198,0.004065006858140406
group_13199,0.004065006858140406
group_132,0.033492663867991185
group_1320,0.004065006858140407
group_13200,0.004065006858140406
group_13201,0.004065006858140406
group_13202,0.004065006858140406
group_13203,0.004065006858140406
group_13204,0.004065006858140406
group_13205,0.004065006858140406
group_13206,0.00608504094101999
group_13207,0.00608504094101999
group_13208,0.00608504094101999
group_13209,0.004065006858140406
group_1321,0.04842262770688723
group_13210,0.0020366598778004067
group_13211,0.008096762126439167
group_13212,0.010100170414397938
group_13213,0.008096762126439167
group_13214,0.0020366598778004067
group_13215,0.0020366598778004067
group_13216,0.008096762126439167
group_13217,0.004065006858140406
group_13218,0.006085040941019992
group_13219,0.002036659877800407
group_1322,0.008096762126439169
group_13220,0.002036659877800407
group_13221,0.002036659877800407
group_13222,0.006085040941019991
group_13223,0.004065006858140407
group_13224,0.008096762126439167
group_13225,0.002036659877800407
group_13226,0.008096762126439167
group_13227,0.002036659877800407
group_13228,0.004065006858140406
group_13229,0.008096762126439167
group_1323,0.002036659877800407
group_13230,0.002036659877800407
group_13231,0.002036659877800407
group_13232,0.002036659877800407
group_13233,0.01010017041439794
group_13234,0.008096762126439165
group_13235,0.00608504094101999
group_13236,0.00608504094101999
group_13237,0.00608504094101999
group_13238,0.00608504094101999
group_13239,0.00608504094101999
group_1324,0.0020366598778004067
group_13240,0.00608504094101999
group_13241,0.00608504094101999
group_13242,0.00608504094101999
group_13243,0.00608504094101999
group_13244,0.00608504094101999
group_13245,0.00608504094101999
group_13246,0.00608504094101999
group_13247,0.00608504094101999
group_13248,0.00608504094101999
group_13249,0.00608504094101999
group_1325,0.002036659877800407
group_13250,0.00608504094101999
group_13251,0.004065006858140406
group_13252,0.004065006858140406
group_13253,0.004065006858140406
group_13254,0.006085040941019992
group_13255,0.006085040941019991
group_13256,0.00608504094101999
group_13257,0.00608504094101999
group_13258,0.002036659877800407
group_13259,0.018030674591628913
group_1326,0.006085040941019991
group_13260,0.002036659877800407
group_13261,0.023891267301217847
group_13262,0.002036659877800407
group_13263,0.021946049295481933
group_13264,0.029677043933663074
group_13265,0.002036659877800407
group_13266,0.00608504094101999
group_13267,0.023891267301217847
group_13268,0.02582817240949334
group_13269,0.01999251839228563
group_1327,0.021946049295481933
group_13270,0.004065006858140407
group_13271,0.029677043933663074
group_13272,0.002036659877800407
group_13273,0.004065006858140406
group_13274,0.02194604929548193
group_13275,0.01999251839228563
group_13276,0.01999251839228563
group_13277,0.029677043933663074
group_13278,0.01803067459162891
group_13279,0.004065006858140408
group_1328,0.002036659877800407
group_13280,0.004065006858140408
group_13281,0.004065006858140408
group_13282,0.008096762126439167
group_13283,0.008096762126439163
group_13284,0.006085040941019989
group_13285,0.006085040941019989
group_13286,0.00608504094101999
group_13287,0.00608504094101999
group_13288,0.008096762126439167
group_13289,0.008096762126439167
group_1329,0.01999251839228563
group_13290,0.0020366598778004067
group_13291,0.004065006858140407
group_13292,0.0020366598778004067
group_13293,0.004065006858140407
group_13294,0.0020366598778004067
group_13295,0.0020366598778004067
group_13296,0.0020366598778004067
group_13297,0.0020366598778004067
group_13298,0.0020366598778004067
group_13299,0.0020366598778004067
group_133,0.2222203749116754
group_1330,0.002036659877800407
group_13300,0.0020366598778004067
group_13301,0.0020366598778004067
group_13302,0.004065006858140407
group_13303,0.0020366598778004067
group_13304,0.0020366598778004067
group_13305,0.0020366598778004067
group_13306,0.0020366598778004067
group_13307,0.004065006858140407
group_13308,0.004065006858140407
group_13309,0.0020366598778004067
group_1331,0.002036659877800407
group_13310,0.0020366598778004067
group_13311,0.0020366598778004067
group_13312,0.004065006858140407
group_13313,0.0020366598778004067
group_13314,0.0020366598778004067
group_13315,0.0020366598778004067
group_13316,0.0020366598778004067
group_13317,0.0020366598778004067
group_13318,0.0020366598778004067
group_13319,0.0020366598778004067
group_1332,0.002036659877800407
group_13320,0.0020366598778004067
group_13321,0.0020366598778004067
group_13322,0.0020366598778004067
group_13323,0.004065006858140407
group_13324,0.004065006858140407
group_13325,0.0020366598778004067
group_13326,0.004065006858140407
group_13327,0.004065006858140407
group_13328,0.004065006858140407
group_13329,0.004065006858140408
group_1333,0.018030674591628906
group_13330,0.006085040941019993
group_13331,0.006085040941019993
group_13332,0.006085040941019993
group_13333,0.006085040941019993
group_13334,0.006085040941019993
group_13335,0.0020366598778004067
group_13336,0.006085040941019993
group_13337,0.006085040941019993
group_13338,0.006085040941019993
group_13339,0.006085040941019993
group_1334,0.01010017041439794
group_13340,0.006085040941019993
group_13341,0.006085040941019993
group_13342,0.006085040941019993
group_13343,0.006085040941019993
group_13344,0.006085040941019993
group_13345,0.006085040941019993
group_13346,0.0020366598778004067
group_13347,0.006085040941019993
group_13348,0.006085040941019993
group_13349,0.006085040941019993
group_1335,0.0
group_13350,0.006085040941019993
group_13351,0.006085040941019993
group_13352,0.006085040941019993
group_13353,0.006085040941019993
group_13354,0.006085040941019993
group_13355,0.006085040941019993
group_13356,0.004065006858140406
group_13357,0.006085040941019993
group_13358,0.006085040941019993
group_13359,0.0020366598778004067
group_1336,0.006085040941019991
group_13360,0.006085040941019993
group_13361,0.006085040941019993
group_13362,0.006085040941019993
group_13363,0.006085040941019993
group_13364,0.006085040941019993
group_13365,0.006085040941019993
group_13366,0.006085040941019993
group_13367,0.004065006858140406
group_13368,0.004065006858140406
group_13369,0.0020366598778004067
group_1337,0.16728874849328734
group_13370,0.0020366598778004067
group_13371,0.0020366598778004067
group_13372,0.00608504094101999
group_13373,0.0020366598778004067
group_13374,0.004065006858140406
group_13375,0.0020366598778004067
group_13376,0.004065006858140406
group_13377,0.0020366598778004067
group_13378,0.0020366598778004067
group_13379,0.004065006858140406
group_1338,0.016060517893511785
group_13380,0.00608504094101999
group_13381,0.00608504094101999
group_13382,0.004065006858140408
group_13383,0.004065006858140407
group_13384,0.004065006858140407
group_13385,0.004065006858140407
group_13386,0.004065006858140407
group_13387,0.004065006858140406
group_13388,0.0020366598778004067
group_13389,0.0020366598778004067
group_1339,0.0020366598778004067
group_13390,0.0020366598778004067
group_13391,0.004065006858140406
group_13392,0.008096762126439169
group_13393,0.0020366598778004067
group_13394,0.00608504094101999
group_13395,0.00608504094101999
group_13396,0.00608504094101999
group_13397,0.00608504094101999
group_13398,0.00608504094101999
group_13399,0.00608504094101999
group_134,0.012095265804896293
group_1340,0.021946049295481933
group_13400,0.004065006858140407
group_13401,0.004065006858140407
group_13402,0.0020366598778004067
group_13403,0.004065006858140407
group_13404,0.0020366598778004067
group_13405,0.0020366598778004067
group_13406,0.0020366598778004067
group_13407,0.004065006858140407
group_13408,0.0020366598778004067
group_13409,0.004065006858140407
group_1341,0.004065006858140406
group_13410,0.004065006858140407
group_13411,0.0020366598778004067
group_13412,0.0020366598778004067
group_13413,0.004065006858140407
group_13414,0.0020366598778004067
group_13415,0.0020366598778004067
group_13416,0.004065006858140407
group_13417,0.004065006858140407
group_13418,0.004065006858140407
group_13419,0.004065006858140407
group_1342,0.004065006858140406
group_13420,0.004065006858140407
group_13421,0.004065006858140407
group_13422,0.004065006858140407
group_13423,0.004065006858140407
group_13424,0.004065006858140407
group_13425,0.0020366598778004067
group_13426,0.004065006858140407
group_13427,0.0020366598778004067
group_13428,0.004065006858140407
group_13429,0.0020366598778004067
group_1343,0.016060517893511785
group_13430,0.0020366598778004067
group_13431,0.0020366598778004067
group_13432,0.0020366598778004067
group_13433,0.0020366598778004067
group_13434,0.004065006858140407
group_13435,0.004065006858140407
group_13436,0.004065006858140407
group_13437,0.004065006858140407
group_13438,0.0020366598778004067
group_13439,0.0020366598778004067
group_1344,0.2440251049503304
group_13440,0.004065006858140407
group_13441,0.004065006858140407
group_13442,0.004065006858140407
group_13443,0.004065006858140407
group_13444,0.004065006858140407
group_13445,0.004065006858140407
group_13446,0.0020366598778004067
group_13447,0.0020366598778004067
group_13448,0.0020366598778004067
group_13449,0.0020366598778004067
group_1345,0.002036659877800407
group_13450,0.0020366598778004067
group_13451,0.004065006858140407
group_13452,0.004065006858140406
group_13453,0.010100170414397938
group_13454,0.008096762126439167
group_13455,0.008096762126439167
group_13456,0.008096762126439167
group_13457,0.008096762126439167
group_13458,0.004065006858140407
group_13459,0.004065006858140407
group_1346,0.0020366598778004067
group_13460,0.00608504094101999
group_13461,0.004065006858140407
group_13462,0.0020366598778004067
group_13463,0.0020366598778004067
group_13464,0.0020366598778004067
group_13465,0.0020366598778004067
group_13466,0.0020366598778004067
group_13467,0.0020366598778004067
group_13468,0.0020366598778004067
group_13469,0.0020366598778004067
group_1347,0.0020366598778004067
group_13470,0.0020366598778004067
group_13471,0.0020366598778004067
group_13472,0.0020366598778004067
group_13473,0.004065006858140407
group_13474,0.004065006858140407
group_13475,0.004065006858140407
group_13476,0.004065006858140407
group_13477,0.004065006858140407
group_13478,0.004065006858140407
group_13479,0.004065006858140407
group_1348,0.0020366598778004067
group_13480,0.004065006858140407
group_13481,0.004065006858140407
group_13482,0.004065006858140407
group_13483,0.004065006858140407
group_13484,0.004065006858140407
group_13485,0.004065006858140407
group_13486,0.004065006858140407
group_13487,0.004065006858140407
group_13488,0.004065006858140407
group_13489,0.004065006858140407
group_1349,0.002036659877800407
group_13490,0.0020366598778004067
group_13491,0.0020366598778004067
group_13492,0.0020366598778004067
group_13493,0.0020366598778004067
group_13494,0.0020366598778004067
group_13495,0.0020366598778004067
group_13496,0.0020366598778004067
group_13497,0.0020366598778004067
group_13498,0.0020366598778004067
group_13499,0.0020366598778004067
group_135,0.03158901034955734
group_1350,0.002036659877800407
group_13500,0.0020366598778004067
group_13501,0.0020366598778004067
group_13502,0.0020366598778004067
group_13503,0.0020366598778004067
group_13504,0.0020366598778004067
group_13505,0.0020366598778004067
group_13506,0.0020366598778004067
group_13507,0.0020366598778004067
group_13508,0.0020366598778004067
group_13509,0.004065006858140407
group_1351,0.018030674591628906
group_13510,0.0020366598778004067
group_13511,0.004065006858140407
group_13512,0.004065006858140406
group_13513,0.0020366598778004067
group_13514,0.004065006858140407
group_13515,0.004065006858140407
group_13516,0.0020366598778004067
group_13517,0.0020366598778004067
group_13518,0.0020366598778004067
group_13519,0.0020366598778004067
group_1352,0.002036659877800407
group_13520,0.0020366598778004067
group_13521,0.0020366598778004067
group_13522,0.004065006858140407
group_13523,0.006085040941019993
group_13524,0.006085040941019993
group_13525,0.006085040941019993
group_13526,0.004065006858140406
group_13527,0.0020366598778004067
group_13528,0.0020366598778004067
group_13529,0.004065006858140406
group_1353,0.2006733446942932
group_13530,0.0020366598778004067
group_13531,0.0020366598778004067
group_13532,0.0020366598778004067
group_13533,0.0020366598778004067
group_13534,0.0020366598778004067
group_13535,0.008096762126439169
group_13536,0.004065006858140407
group_13537,0.004065006858140406
group_13538,0.00608504094101999
group_13539,0.0020366598778004067
group_1354,0.0020366598778004067
group_13540,0.0020366598778004067
group_13541,0.004065006858140407
group_13542,0.0020366598778004067
group_13543,0.0020366598778004067
group_13544,0.0020366598778004067
group_13545,0.00608504094101999
group_13546,0.0020366598778004067
group_13547,0.0020366598778004067
group_13548,0.004065006858140404
group_13549,0.0020366598778004067
group_1355,0.057483685938733944
group_13550,0.006085040941019991
group_13551,0.0020366598778004067
group_13552,0.00608504094101999
group_13553,0.00608504094101999
group_13554,0.00608504094101999
group_13555,0.00608504094101999
group_13556,0.00608504094101999
group_13557,0.00608504094101999
group_13558,0.00608504094101999
group_13559,0.00608504094101999
group_1356,0.021946049295481933
group_13560,0.00608504094101999
group_13561,0.00608504094101999
group_13562,0.00608504094101999
group_13563,0.008096762126439167
group_13564,0.008096762126439167
group_13565,0.008096762126439167
group_13566,0.008096762126439167
group_13567,0.008096762126439167
group_13568,0.008096762126439167
group_13569,0.004065006858140407
group_1357,0.0020366598778004067
group_13570,0.004065006858140407
group_13571,0.004065006858140407
group_13572,0.004065006858140407
group_13573,0.004065006858140407
group_13574,0.004065006858140407
group_13575,0.004065006858140407
group_13576,0.008096762126439167
group_13577,0.008096762126439167
group_13578,0.0020366598778004067
group_13579,0.006085040941019991
group_1358,0.004065006858140406
group_13580,0.0020366598778004067
group_13581,0.006085040941019991
group_13582,0.002036659877800407
group_13583,0.004065006858140406
group_13584,0.004065006858140406
group_13585,0.002036659877800407
group_13586,0.002036659877800407
group_13587,0.010100170414397938
group_13588,0.00608504094101999
group_13589,0.006085040941019991
group_1359,0.004065006858140408
group_13590,0.006085040941019991
group_13591,0.004065006858140407
group_13592,0.0020366598778004067
group_13593,0.0020366598778004067
group_13594,0.0020366598778004067
group_13595,0.0020366598778004067
group_13596,0.0020366598778004067
group_13597,0.0020366598778004067
group_13598,0.0020366598778004067
group_13599,0.0020366598778004067
group_136,0.016060517893511782
group_1360,0.0020366598778004067
group_13600,0.0020366598778004067
group_13601,0.0020366598778004067
group_13602,0.0020366598778004067
group_13603,0.004065006858140406
group_13604,0.0020366598778004067
group_13605,0.0020366598778004067
group_13606,0.0020366598778004067
group_13607,0.0020366598778004067
group_13608,0.0020366598778004067
group_13609,0.0020366598778004067
group_1361,0.006085040941019988
group_13610,0.0020366598778004067
group_13611,0.0020366598778004067
group_13612,0.0020366598778004067
group_13613,0.0020366598778004067
group_13614,0.004065006858140406
group_13615,0.0020366598778004067
group_13616,0.004065006858140406
group_13617,0.004065006858140406
group_13618,0.004065006858140406
group_13619,0.0020366598778004067
group_1362,0.006085040941019988
group_13620,0.0020366598778004067
group_13621,0.0020366598778004067
group_13622,0.0020366598778004067
group_13623,0.0020366598778004067
group_13624,0.0020366598778004067
group_13625,0.0020366598778004067
group_13626,0.0020366598778004067
group_13627,0.008096762126439169
group_13628,0.0020366598778004067
group_13629,0.0020366598778004067
group_1363,0.006085040941019988
group_13630,0.004065006858140406
group_13631,0.0020366598778004067
group_13632,0.0020366598778004067
group_13633,0.0020366598778004067
group_13634,0.0020366598778004067
group_13635,0.0020366598778004067
group_13636,0.0020366598778004067
group_13637,0.0020366598778004067
group_13638,0.0020366598778004067
group_13639,0.0020366598778004067
group_1364,0.09002036659877798
group_13640,0.0020366598778004067
group_13641,0.0020366598778004067
group_13642,0.0020366598778004067
group_13643,0.0020366598778004067
group_13644,0.0020366598778004067
group_13645,0.0020366598778004067
group_13646,0.004065006858140406
group_13647,0.008096762126439169
group_13648,0.006085040941019991
group_13649,0.002036659877800407
group_1365,0.002036659877800407
group_13650,0.006085040941019991
group_13651,0.004065006858140406
group_13652,0.002036659877800407
group_13653,0.002036659877800407
group_13654,0.002036659877800407
group_13655,0.004065006858140406
group_13656,0.006085040941019991
group_13657,0.004065006858140406
group_13658,0.008096762126439169
group_13659,0.006085040941019991
group_1366,0.004065006858140407
group_13660,0.002036659877800407
group_13661,0.002036659877800407
group_13662,0.006085040941019991
group_13663,0.00608504094101999
group_13664,0.008096762126439169
group_13665,0.00608504094101999
group_13666,0.0020366598778004067
group_13667,0.004065006858140406
group_13668,0.004065006858140406
group_13669,0.004065006858140406
group_1367,0.002036659877800407
group_13670,0.008096762126439167
group_13671,0.006085040941019991
group_13672,0.0020366598778004067
group_13673,0.004065006858140406
group_13674,0.004065006858140406
group_13675,0.004065006858140406
group_13676,0.004065006858140407
group_13677,0.0020366598778004067
group_13678,0.0020366598778004067
group_13679,0.00608504094101999
group_1368,0.002036659877800407
group_13680,0.006085040941019992
group_13681,0.012095265804896291
group_13682,0.0020366598778004067
group_13683,0.0020366598778004067
group_13684,0.0020366598778004067
group_13685,0.004065006858140406
group_13686,0.004065006858140407
group_13687,0.004065006858140406
group_13688,0.006085040941019991
group_13689,0.004065006858140406
group_1369,0.0020366598778004067
group_13690,0.0020366598778004067
group_13691,0.004065006858140406
group_13692,0.0020366598778004067
group_13693,0.004065006858140406
group_13694,0.0020366598778004067
group_13695,0.0020366598778004067
group_13696,0.004065006858140406
group_13697,0.0020366598778004067
group_13698,0.0020366598778004067
group_13699,0.004065006858140406
group_137,0.22866287044349312
group_1370,0.002036659877800407
group_13700,0.0020366598778004067
group_13701,0.004065006858140406
group_13702,0.004065006858140407
group_13703,0.0020366598778004067
group_13704,0.0020366598778004067
group_13705,0.0020366598778004067
group_13706,0.0020366598778004067
group_13707,0.0020366598778004067
group_13708,0.010100170414397938
group_13709,0.0020366598778004067
group_1371,0.006085040941019991
group_13710,0.004065006858140407
group_13711,0.004065006858140406
group_13712,0.004065006858140406
group_13713,0.004065006858140406
group_13714,0.004065006858140406
group_13715,0.004065006858140406
group_13716,0.004065006858140406
group_13717,0.004065006858140406
group_13718,0.004065006858140406
group_13719,0.004065006858140406
group_1372,0.0020366598778004067
group_13720,0.004065006858140406
group_13721,0.004065006858140406
group_13722,0.004065006858140406
group_13723,0.004065006858140406
group_13724,0.004065006858140406
group_13725,0.004065006858140406
group_13726,0.004065006858140406
group_13727,0.004065006858140406
group_13728,0.004065006858140406
group_13729,0.004065006858140406
group_1373,0.01803067459162891
group_13730,0.004065006858140406
group_13731,0.004065006858140406
group_13732,0.004065006858140406
group_13733,0.004065006858140406
group_13734,0.004065006858140406
group_13735,0.004065006858140406
group_13736,0.004065006858140406
group_13737,0.004065006858140406
group_13738,0.004065006858140406
group_13739,0.004065006858140406
group_1374,0.004065006858140408
group_13740,0.004065006858140406
group_13741,0.004065006858140406
group_13742,0.004065006858140406
group_13743,0.004065006858140406
group_13744,0.004065006858140406
group_13745,0.004065006858140406
group_13746,0.004065006858140406
group_13747,0.004065006858140406
group_13748,0.004065006858140406
group_13749,0.004065006858140406
group_1375,0.012095265804896291
group_13750,0.004065006858140406
group_13751,0.004065006858140406
group_13752,0.004065006858140406
group_13753,0.004065006858140406
group_13754,0.004065006858140406
group_13755,0.004065006858140406
group_13756,0.004065006858140406
group_13757,0.004065006858140406
group_13758,0.004065006858140406
group_13759,0.004065006858140406
group_1376,0.2006733446942932
group_13760,0.004065006858140406
group_13761,0.004065006858140406
group_13762,0.004065006858140406
group_13763,0.004065006858140406
group_13764,0.004065006858140406
group_13765,0.004065006858140406
group_13766,0.00608504094101999
group_13767,0.01010017041439794
group_13768,0.00809676212643917
group_13769,0.012095265804896293
group_1377,0.01999251839228563
group_13770,0.012095265804896293
group_13771,0.004065006858140406
group_13772,0.018030674591628913
group_13773,0.004065006858140406
group_13774,0.0020366598778004067
group_13775,0.0020366598778004067
group_13776,0.0020366598778004067
group_13777,0.0020366598778004067
group_13778,0.004065006858140406
group_13779,0.004065006858140406
group_1378,0.004065006858140406
group_13780,0.004065006858140406
group_13781,0.006085040941019991
group_13782,0.006085040941019991
group_13783,0.006085040941019991
group_13784,0.004065006858140407
group_13785,0.016060517893511782
group_13786,0.004065006858140407
group_13787,0.0020366598778004067
group_13788,0.0020366598778004067
group_13789,0.0020366598778004067
group_1379,0.004065006858140406
group_13790,0.0020366598778004067
group_13791,0.0020366598778004067
group_13792,0.0020366598778004067
group_13793,0.0020366598778004067
group_13794,0.004065006858140407
group_13795,0.004065006858140407
group_13796,0.0020366598778004067
group_13797,0.0020366598778004067
group_13798,0.0020366598778004067
group_13799,0.0020366598778004067
group_138,0.0040650068581404054
group_1380,0.006085040941019991
group_13800,0.004065006858140407
group_13801,0.004065006858140407
group_13802,0.004065006858140407
group_13803,0.004065006858140407
group_13804,0.004065006858140407
group_13805,0.0020366598778004067
group_13806,0.004065006858140406
group_13807,0.0020366598778004067
group_13808,0.0020366598778004067
group_13809,0.0020366598778004067
group_1381,0.004065006858140406
group_13810,0.0020366598778004067
group_13811,0.0020366598778004067
group_13812,0.004065006858140406
group_13813,0.0020366598778004067
group_13814,0.0020366598778004067
group_13815,0.0020366598778004067
group_13816,0.006085040941019991
group_13817,0.006085040941019991
group_13818,0.006085040941019991
group_13819,0.002036659877800407
group_1382,0.04842262770688723
group_13820,0.006085040941019991
group_13821,0.006085040941019991
group_13822,0.006085040941019991
group_13823,0.006085040941019991
group_13824,0.006085040941019991
group_13825,0.0020366598778004067
group_13826,0.004065006858140407
group_13827,0.006085040941019991
group_13828,0.004065006858140407
group_13829,0.006085040941019991
group_1383,0.002036659877800407
group_13830,0.004065006858140406
group_13831,0.006085040941019991
group_13832,0.006085040941019991
group_13833,0.002036659877800407
group_13834,0.004065006858140406
group_13835,0.0020366598778004067
group_13836,0.004065006858140407
group_13837,0.006085040941019991
group_13838,0.006085040941019991
group_13839,0.006085040941019991
group_1384,0.02389126730121784
group_13840,0.006085040941019991
group_13841,0.0020366598778004067
group_13842,0.004065006858140406
group_13843,0.006085040941019991
group_13844,0.0020366598778004067
group_13845,0.0020366598778004067
group_13846,0.006085040941019991
group_13847,0.0020366598778004067
group_13848,0.006085040941019991
group_13849,0.006085040941019991
group_1385,0.006085040941019991
group_13850,0.006085040941019991
group_13851,0.006085040941019991
group_13852,0.006085040941019991
group_13853,0.006085040941019991
group_13854,0.002036659877800407
group_13855,0.006085040941019991
group_13856,0.004065006858140406
group_13857,0.0020366598778004067
group_13858,0.006085040941019991
group_13859,0.0020366598778004067
group_1386,0.004065006858140407
group_13860,0.006085040941019991
group_13861,0.0020366598778004067
group_13862,0.006085040941019991
group_13863,0.004065006858140407
group_13864,0.008096762126439167
group_13865,0.0020366598778004067
group_13866,0.0020366598778004067
group_13867,0.0020366598778004067
group_13868,0.0020366598778004067
group_13869,0.0020366598778004067
group_1387,0.002036659877800407
group_13870,0.0020366598778004067
group_13871,0.0020366598778004067
group_13872,0.0020366598778004067
group_13873,0.0020366598778004067
group_13874,0.0020366598778004067
group_13875,0.0020366598778004067
group_13876,0.006085040941019991
group_13877,0.006085040941019991
group_13878,0.0020366598778004067
group_13879,0.004065006858140406
group_1388,0.004065006858140407
group_13880,0.0020366598778004067
group_13881,0.0020366598778004067
group_13882,0.0020366598778004067
group_13883,0.0020366598778004067
group_13884,0.0020366598778004067
group_13885,0.0020366598778004067
group_13886,0.0020366598778004067
group_13887,0.004065006858140406
group_13888,0.006085040941019991
group_13889,0.0020366598778004067
group_1389,0.035388004488964626
group_13890,0.004065006858140406
group_13891,0.0020366598778004067
group_13892,0.0020366598778004067
group_13893,0.004065006858140406
group_13894,0.0020366598778004067
group_13895,0.0020366598778004067
group_13896,0.0020366598778004067
group_13897,0.0020366598778004067
group_13898,0.0020366598778004067
group_13899,0.0020366598778004067
group_139,0.039153747038530286
group_1390,0.0020366598778004067
group_13900,0.0020366598778004067
group_13901,0.0020366598778004067
group_13902,0.0020366598778004067
group_13903,0.0020366598778004067
group_13904,0.0020366598778004067
group_13905,0.0020366598778004067
group_13906,0.0020366598778004067
group_13907,0.0020366598778004067
group_13908,0.0020366598778004067
group_13909,0.0020366598778004067
group_1391,0.014082048297934241
group_13910,0.0020366598778004067
group_13911,0.0020366598778004067
group_13912,0.0020366598778004067
group_13913,0.0020366598778004067
group_13914,0.0020366598778004067
group_13915,0.0020366598778004067
group_13916,0.0020366598778004067
group_13917,0.0020366598778004067
group_13918,0.0020366598778004067
group_13919,0.0020366598778004067
group_1392,0.002036659877800407
group_13920,0.0020366598778004067
group_13921,0.0020366598778004067
group_13922,0.0020366598778004067
group_13923,0.0020366598778004067
group_13924,0.0020366598778004067
group_13925,0.0020366598778004067
group_13926,0.0020366598778004067
group_13927,0.0020366598778004067
group_13928,0.0020366598778004067
group_13929,0.0020366598778004067
group_1393,0.004065006858140406
group_13930,0.0020366598778004067
group_13931,0.0020366598778004067
group_13932,0.0020366598778004067
group_13933,0.0020366598778004067
group_13934,0.004065006858140406
group_13935,0.002036659877800407
group_13936,0.002036659877800407
group_13937,0.002036659877800407
group_13938,0.002036659877800407
group_13939,0.002036659877800407
group_1394,0.004065006858140406
group_13940,0.008096762126439169
group_13941,0.004065006858140406
group_13942,0.004065006858140406
group_13943,0.004065006858140406
group_13944,0.002036659877800407
group_13945,0.002036659877800407
group_13946,0.008096762126439167
group_13947,0.008096762126439167
group_13948,0.006085040941019992
group_13949,0.002036659877800407
group_1395,0.002036659877800407
group_13950,0.002036659877800407
group_13951,0.002036659877800407
group_13952,0.006085040941019991
group_13953,0.006085040941019991
group_13954,0.002036659877800407
group_13955,0.002036659877800407
group_13956,0.002036659877800407
group_13957,0.002036659877800407
group_13958,0.002036659877800407
group_13959,0.002036659877800407
group_1396,0.00608504094101999
group_13960,0.002036659877800407
group_13961,0.002036659877800407
group_13962,0.002036659877800407
group_13963,0.006085040941019991
group_13964,0.002036659877800407
group_13965,0.002036659877800407
group_13966,0.010100170414397938
group_13967,0.006085040941019992
group_13968,0.002036659877800407
group_13969,0.002036659877800407
group_1397,0.0020366598778004067
group_13970,0.002036659877800407
group_13971,0.004065006858140407
group_13972,0.002036659877800407
group_13973,0.002036659877800407
group_13974,0.006085040941019992
group_13975,0.002036659877800407
group_13976,0.002036659877800407
group_13977,0.002036659877800407
group_13978,0.002036659877800407
group_13979,0.002036659877800407
group_1398,0.061049918949249764
group_13980,0.002036659877800407
group_13981,0.002036659877800407
group_13982,0.002036659877800407
group_13983,0.004065006858140406
group_13984,0.004065006858140406
group_13985,0.002036659877800407
group_13986,0.002036659877800407
group_13987,0.002036659877800407
group_13988,0.002036659877800407
group_13989,0.002036659877800407
group_1399,0.0020366598778004067
group_13990,0.0040650068581404054
group_13991,0.002036659877800407
group_13992,0.002036659877800407
group_13993,0.002036659877800407
group_13994,0.002036659877800407
group_13995,0.0040650068581404054
group_13996,0.0040650068581404054
group_13997,0.002036659877800407
group_13998,0.002036659877800407
group_13999,0.002036659877800407
group_14,0.008096762126439167
group_140,0.002036659877800407
group_1400,0.004065006858140407
group_14000,0.002036659877800407
group_14001,0.002036659877800407
group_14002,0.002036659877800407
group_14003,0.002036659877800407
group_14004,0.002036659877800407
group_14005,0.002036659877800407
group_14006,0.004065006858140406
group_14007,0.006085040941019991
group_14008,0.004065006858140406
group_14009,0.004065006858140406
group_1401,0.012095265804896291
group_14010,0.004065006858140406
group_14011,0.002036659877800407
group_14012,0.002036659877800407
group_14013,0.002036659877800407
group_14014,0.002036659877800407
group_14015,0.002036659877800407
group_14016,0.004065006858140406
group_14017,0.002036659877800407
group_14018,0.002036659877800407
group_14019,0.002036659877800407
group_1402,0.008096762126439167
group_14020,0.002036659877800407
group_14021,0.002036659877800407
group_14022,0.002036659877800407
group_14023,0.002036659877800407
group_14024,0.002036659877800407
group_14025,0.002036659877800407
group_14026,0.002036659877800407
group_14027,0.002036659877800407
group_14028,0.002036659877800407
group_14029,0.002036659877800407
group_1403,0.010100170414397938
group_14030,0.002036659877800407
group_14031,0.002036659877800407
group_14032,0.002036659877800407
group_14033,0.006085040941019991
group_14034,0.002036659877800407
group_14035,0.002036659877800407
group_14036,0.006085040941019992
group_14037,0.006085040941019992
group_14038,0.002036659877800407
group_14039,0.004065006858140406
group_1404,0.002036659877800407
group_14040,0.002036659877800407
group_14041,0.004065006858140406
group_14042,0.002036659877800407
group_14043,0.002036659877800407
group_14044,0.002036659877800407
group_14045,0.002036659877800407
group_14046,0.002036659877800407
group_14047,0.002036659877800407
group_14048,0.002036659877800407
group_14049,0.002036659877800407
group_1405,0.002036659877800407
group_14050,0.0040650068581404054
group_14051,0.002036659877800407
group_14052,0.0020366598778004067
group_14053,0.0020366598778004067
group_14054,0.0020366598778004067
group_14055,0.0020366598778004067
group_14056,0.0020366598778004067
group_14057,0.0020366598778004067
group_14058,0.0020366598778004067
group_14059,0.0020366598778004067
group_1406,0.10282222868780912
group_14060,0.004065006858140407
group_14061,0.004065006858140407
group_14062,0.006085040941019993
group_14063,0.006085040941019993
group_14064,0.006085040941019993
group_14065,0.004065006858140404
group_14066,0.004065006858140404
group_14067,0.004065006858140404
group_14068,0.004065006858140404
group_14069,0.004065006858140404
group_1407,0.010100170414397938
group_14070,0.004065006858140404
group_14071,0.004065006858140404
group_14072,0.004065006858140404
group_14073,0.0020366598778004067
group_14074,0.0020366598778004067
group_14075,0.0020366598778004067
group_14076,0.0020366598778004067
group_14077,0.0020366598778004067
group_14078,0.0020366598778004067
group_14079,0.0020366598778004067
group_1408,0.002036659877800407
group_14080,0.004065006858140404
group_14081,0.0020366598778004067
group_14082,0.0020366598778004067
group_14083,0.004065006858140407
group_14084,0.0020366598778004067
group_14085,0.0020366598778004067
group_14086,0.008096762126439167
group_14087,0.008096762126439167
group_14088,0.008096762126439167
group_14089,0.008096762126439167
group_1409,0.002036659877800407
group_14090,0.008096762126439167
group_14091,0.0020366598778004067
group_14092,0.0020366598778004067
group_14093,0.0020366598778004067
group_14094,0.0020366598778004067
group_14095,0.0020366598778004067
group_14096,0.0020366598778004067
group_14097,0.0020366598778004067
group_14098,0.0020366598778004067
group_14099,0.0020366598778004067
group_141,0.17078016542665947
group_1410,0.0663369217340704
group_14100,0.0020366598778004067
group_14101,0.0020366598778004067
group_14102,0.0020366598778004067
group_14103,0.0020366598778004067
group_14104,0.0020366598778004067
group_14105,0.0020366598778004067
group_14106,0.0020366598778004067
group_14107,0.0020366598778004067
group_14108,0.0020366598778004067
group_14109,0.004065006858140408
group_1411,0.002036659877800407
group_14110,0.0020366598778004067
group_14111,0.004065006858140408
group_14112,0.0020366598778004067
group_14113,0.0020366598778004067
group_14114,0.004065006858140408
group_14115,0.004065006858140408
group_14116,0.0020366598778004067
group_14117,0.004065006858140408
group_14118,0.004065006858140408
group_14119,0.0020366598778004067
group_1412,0.004065006858140407
group_14120,0.0020366598778004067
group_14121,0.0020366598778004067
group_14122,0.0020366598778004067
group_14123,0.004065006858140407
group_14124,0.0020366598778004067
group_14125,0.0020366598778004067
group_14126,0.004065006858140407
group_14127,0.0020366598778004067
group_14128,0.0020366598778004067
group_14129,0.0020366598778004067
group_1413,0.004065006858140406
group_14130,0.0020366598778004067
group_14131,0.004065006858140404
group_14132,0.0020366598778004067
group_14133,0.00608504094101999
group_14134,0.00608504094101999
group_14135,0.0020366598778004067
group_14136,0.0020366598778004067
group_14137,0.004065006858140406
group_14138,0.0020366598778004067
group_14139,0.0020366598778004067
group_1414,0.010100170414397938
group_14140,0.0020366598778004067
group_14141,0.004065006858140407
group_14142,0.0020366598778004067
group_14143,0.0020366598778004067
group_14144,0.0020366598778004067
group_14145,0.0020366598778004067
group_14146,0.0020366598778004067
group_14147,0.0020366598778004067
group_14148,0.004065006858140407
group_14149,0.0020366598778004067
group_1415,0.002036659877800407
group_14150,0.0020366598778004067
group_14151,0.0020366598778004067
group_14152,0.0020366598778004067
group_14153,0.0020366598778004067
group_14154,0.0020366598778004067
group_14155,0.004065006858140406
group_14156,0.004065006858140407
group_14157,0.0020366598778004067
group_14158,0.0020366598778004067
group_14159,0.004065006858140407
group_1416,0.14609085996924226
group_14160,0.002036659877800407
group_14161,0.0020366598778004067
group_14162,0.0020366598778004067
group_14163,0.0020366598778004067
group_14164,0.0020366598778004067
group_14165,0.0020366598778004067
group_14166,0.0020366598778004067
group_14167,0.0020366598778004067
group_14168,0.0020366598778004067
group_14169,0.0020366598778004067
group_1417,0.057483685938733944
group_14170,0.0020366598778004067
group_14171,0.0020366598778004067
group_14172,0.0020366598778004067
group_14173,0.0020366598778004067
group_14174,0.0020366598778004067
group_14175,0.0020366598778004067
group_14176,0.0020366598778004067
group_14177,0.0020366598778004067
group_14178,0.0020366598778004067
group_14179,0.004065006858140407
group_1418,0.018030674591628913
group_14180,0.008096762126439167
group_14181,0.004065006858140407
group_14182,0.004065006858140407
group_14183,0.004065006858140407
group_14184,0.004065006858140407
group_14185,0.004065006858140407
group_14186,0.004065006858140407
group_14187,0.004065006858140407
group_14188,0.004065006858140407
group_14189,0.004065006858140407
group_1419,0.004065006858140407
group_14190,0.004065006858140407
group_14191,0.004065006858140407
group_14192,0.012095265804896291
group_14193,0.0020366598778004067
group_14194,0.0020366598778004067
group_14195,0.0020366598778004067
group_14196,0.0020366598778004067
group_14197,0.0020366598778004067
group_14198,0.0020366598778004067
group_14199,0.004065006858140407
group_142,0.057483685938733944
group_1420,0.002036659877800407
group_14200,0.0020366598778004067
group_14201,0.0020366598778004067
group_14202,0.00608504094101999
group_14203,0.004065006858140407
group_14204,0.004065006858140407
group_14205,0.004065006858140406
group_14206,0.004065006858140406
group_14207,0.004065006858140406
group_14208,0.004065006858140406
group_14209,0.006085040941019992
group_1421,0.002036659877800407
group_14210,0.002036659877800407
group_14211,0.002036659877800407
group_14212,0.002036659877800407
group_14213,0.004065006858140406
group_14214,0.002036659877800407
group_14215,0.002036659877800407
group_14216,0.004065006858140407
group_14217,0.004065006858140407
group_14218,0.004065006858140407
group_14219,0.004065006858140407
group_1422,0.002036659877800407
group_14220,0.006085040941019989
group_14221,0.00608504094101999
group_14222,0.004065006858140407
group_14223,0.004065006858140407
group_14224,0.004065006858140407
group_14225,0.004065006858140407
group_14226,0.008096762126439165
group_14227,0.008096762126439167
group_14228,0.002036659877800407
group_14229,0.002036659877800407
group_1423,0.0020366598778004067
group_14230,0.002036659877800407
group_14231,0.002036659877800407
group_14232,0.002036659877800407
group_14233,0.002036659877800407
group_14234,0.002036659877800407
group_14235,0.002036659877800407
group_14236,0.002036659877800407
group_14237,0.002036659877800407
group_14238,0.002036659877800407
group_14239,0.002036659877800407
group_1424,0.008096762126439169
group_14240,0.006085040941019991
group_14241,0.006085040941019991
group_14242,0.004065006858140406
group_14243,0.004065006858140406
group_14244,0.004065006858140406
group_14245,0.004065006858140406
group_14246,0.004065006858140406
group_14247,0.004065006858140406
group_14248,0.004065006858140406
group_14249,0.004065006858140406
group_1425,0.002036659877800407
group_14250,0.004065006858140407
group_14251,0.004065006858140406
group_14252,0.004065006858140406
group_14253,0.004065006858140406
group_14254,0.004065006858140406
group_14255,0.004065006858140406
group_14256,0.004065006858140406
group_14257,0.004065006858140406
group_14258,0.004065006858140406
group_14259,0.004065006858140406
group_1426,0.08838272579907727
group_14260,0.004065006858140406
group_14261,0.004065006858140406
group_14262,0.004065006858140406
group_14263,0.004065006858140406
group_14264,0.004065006858140406
group_14265,0.004065006858140406
group_14266,0.004065006858140406
group_14267,0.004065006858140406
group_14268,0.004065006858140406
group_14269,0.004065006858140406
group_1427,0.008096762126439169
group_14270,0.004065006858140406
group_14271,0.004065006858140406
group_14272,0.004065006858140406
group_14273,0.004065006858140406
group_14274,0.004065006858140406
group_14275,0.004065006858140406
group_14276,0.004065006858140406
group_14277,0.002036659877800407
group_14278,0.002036659877800407
group_14279,0.002036659877800407
group_1428,0.01408204829793424
group_14280,0.002036659877800407
group_14281,0.002036659877800407
group_14282,0.002036659877800407
group_14283,0.002036659877800407
group_14284,0.006085040941019991
group_14285,0.002036659877800407
group_14286,0.002036659877800407
group_14287,0.002036659877800407
group_14288,0.002036659877800407
group_14289,0.002036659877800407
group_1429,0.01408204829793424
group_14290,0.002036659877800407
group_14291,0.002036659877800407
group_14292,0.0040650068581404054
group_14293,0.0040650068581404054
group_14294,0.002036659877800407
group_14295,0.002036659877800407
group_14296,0.002036659877800407
group_14297,0.002036659877800407
group_14298,0.002036659877800407
group_14299,0.002036659877800407
group_143,0.039153747038530286
group_1430,0.002036659877800407
group_14300,0.002036659877800407
group_14301,0.002036659877800407
group_14302,0.002036659877800407
group_14303,0.002036659877800407
group_14304,0.002036659877800407
group_14305,0.002036659877800407
group_14306,0.002036659877800407
group_14307,0.002036659877800407
group_14308,0.002036659877800407
group_14309,0.002036659877800407
group_1431,0.00608504094101999
group_14310,0.002036659877800407
group_14311,0.002036659877800407
group_14312,0.002036659877800407
group_14313,0.002036659877800407
group_14314,0.002036659877800407
group_14315,0.002036659877800407
group_14316,0.002036659877800407
group_14317,0.006085040941019991
group_14318,0.004065006858140406
group_14319,0.002036659877800407
group_1432,0.14075397979965915
group_14320,0.002036659877800407
group_14321,0.002036659877800407
group_14322,0.004065006858140406
group_14323,0.004065006858140406
group_14324,0.004065006858140406
group_14325,0.004065006858140406
group_14326,0.004065006858140406
group_14327,0.004065006858140406
group_14328,0.004065006858140406
group_14329,0.002036659877800407
group_1433,0.01803067459162891
group_14330,0.002036659877800407
group_14331,0.004065006858140406
group_14332,0.004065006858140406
group_14333,0.002036659877800407
group_14334,0.002036659877800407
group_14335,0.006085040941019992
group_14336,0.010100170414397938
group_14337,0.004065006858140406
group_14338,0.008096762126439167
group_14339,0.012095265804896293
group_1434,0.002036659877800407
group_14340,0.008096762126439167
group_14341,0.006085040941019991
group_14342,0.004065006858140406
group_14343,0.002036659877800407
group_14344,0.006085040941019991
group_14345,0.004065006858140406
group_14346,0.006085040941019991
group_14347,0.006085040941019991
group_14348,0.004065006858140406
group_14349,0.006085040941019991
group_1435,0.002036659877800407
group_14350,0.002036659877800407
group_14351,0.006085040941019991
group_14352,0.002036659877800407
group_14353,0.002036659877800407
group_14354,0.006085040941019991
group_14355,0.004065006858140406
group_14356,0.002036659877800407
group_14357,0.006085040941019991
group_14358,0.006085040941019991
group_14359,0.006085040941019991
group_1436,0.002036659877800407
group_14360,0.002036659877800407
group_14361,0.004065006858140406
group_14362,0.006085040941019991
group_14363,0.006085040941019991
group_14364,0.004065006858140406
group_14365,0.002036659877800407
group_14366,0.006085040941019991
group_14367,0.006085040941019991
group_14368,0.004065006858140406
group_14369,0.004065006858140406
group_1437,0.0020366598778004067
group_14370,0.002036659877800407
group_14371,0.006085040941019991
group_14372,0.006085040941019991
group_14373,0.004065006858140406
group_14374,0.002036659877800407
group_14375,0.004065006858140406
group_14376,0.004065006858140406
group_14377,0.002036659877800407
group_14378,0.002036659877800407
group_14379,0.004065006858140406
group_1438,0.02389126730121784
group_14380,0.006085040941019991
group_14381,0.004065006858140406
group_14382,0.002036659877800407
group_14383,0.006085040941019991
group_14384,0.006085040941019991
group_14385,0.004065006858140406
group_14386,0.006085040941019991
group_14387,0.002036659877800407
group_14388,0.002036659877800407
group_14389,0.004065006858140406
group_1439,0.0020366598778004067
group_14390,0.006085040941019991
group_14391,0.006085040941019991
group_14392,0.004065006858140406
group_14393,0.002036659877800407
group_14394,0.004065006858140406
group_14395,0.004065006858140406
group_14396,0.002036659877800407
group_14397,0.004065006858140406
group_14398,0.004065006858140406
group_14399,0.004065006858140406
group_144,0.04474001413192567
group_1440,0.004065006858140406
group_14400,0.004065006858140406
group_14401,0.002036659877800407
group_14402,0.002036659877800407
group_14403,0.004065006858140406
group_14404,0.006085040941019991
group_14405,0.006085040941019991
group_14406,0.002036659877800407
group_14407,0.004065006858140406
group_14408,0.004065006858140406
group_14409,0.006085040941019991
group_1441,0.002036659877800407
group_14410,0.004065006858140406
group_14411,0.006085040941019991
group_14412,0.004065006858140406
group_14413,0.006085040941019991
group_14414,0.002036659877800407
group_14415,0.004065006858140406
group_14416,0.002036659877800407
group_14417,0.006085040941019991
group_14418,0.006085040941019991
group_14419,0.004065006858140406
group_1442,0.012095265804896293
group_14420,0.002036659877800407
group_14421,0.006085040941019991
group_14422,0.006085040941019991
group_14423,0.006085040941019991
group_14424,0.004065006858140406
group_14425,0.004065006858140406
group_14426,0.004065006858140406
group_14427,0.004065006858140406
group_14428,0.004065006858140406
group_14429,0.006085040941019991
group_1443,0.0020366598778004067
group_14430,0.006085040941019991
group_14431,0.006085040941019991
group_14432,0.006085040941019991
group_14433,0.006085040941019991
group_14434,0.006085040941019991
group_14435,0.004065006858140406
group_14436,0.004065006858140406
group_14437,0.006085040941019991
group_14438,0.004065006858140407
group_14439,0.002036659877800407
group_1444,0.02582817240949334
group_14440,0.002036659877800407
group_14441,0.002036659877800407
group_14442,0.002036659877800407
group_14443,0.002036659877800407
group_14444,0.002036659877800407
group_14445,0.002036659877800407
group_14446,0.002036659877800407
group_14447,0.002036659877800407
group_14448,0.002036659877800407
group_14449,0.002036659877800407
group_1445,0.002036659877800407
group_14450,0.002036659877800407
group_14451,0.002036659877800407
group_14452,0.002036659877800407
group_14453,0.002036659877800407
group_14454,0.002036659877800407
group_14455,0.002036659877800407
group_14456,0.004065006858140407
group_14457,0.004065006858140407
group_14458,0.0040650068581404054
group_14459,0.002036659877800407
group_1446,0.002036659877800407
group_14460,0.002036659877800407
group_14461,0.004065006858140406
group_14462,0.004065006858140406
group_14463,0.004065006858140406
group_14464,0.00608504094101999
group_14465,0.004065006858140406
group_14466,0.004065006858140407
group_14467,0.002036659877800407
group_14468,0.002036659877800407
group_14469,0.004065006858140406
group_1447,0.008096762126439167
group_14470,0.004065006858140406
group_14471,0.004065006858140406
group_14472,0.0020366598778004067
group_14473,0.004065006858140406
group_14474,0.004065006858140406
group_14475,0.004065006858140406
group_14476,0.004065006858140406
group_14477,0.004065006858140406
group_14478,0.004065006858140406
group_14479,0.002036659877800407
group_1448,0.004065006858140406
group_14480,0.004065006858140406
group_14481,0.0020366598778004067
group_14482,0.004065006858140406
group_14483,0.004065006858140406
group_14484,0.0020366598778004067
group_14485,0.0020366598778004067
group_14486,0.004065006858140406
group_14487,0.004065006858140406
group_14488,0.004065006858140406
group_14489,0.0020366598778004067
group_1449,0.006085040941019991
group_14490,0.002036659877800407
group_14491,0.004065006858140406
group_14492,0.004065006858140406
group_14493,0.004065006858140406
group_14494,0.002036659877800407
group_14495,0.002036659877800407
group_14496,0.002036659877800407
group_14497,0.004065006858140406
group_14498,0.002036659877800407
group_14499,0.004065006858140406
group_145,0.014082048297934238
group_1450,0.002036659877800407
group_14500,0.008096762126439167
group_14501,0.004065006858140406
group_14502,0.002036659877800407
group_14503,0.002036659877800407
group_14504,0.004065006858140406
group_14505,0.002036659877800407
group_14506,0.002036659877800407
group_14507,0.004065006858140406
group_14508,0.004065006858140406
group_14509,0.004065006858140406
group_1451,0.0020366598778004067
group_14510,0.002036659877800407
group_14511,0.002036659877800407
group_14512,0.002036659877800407
group_14513,0.002036659877800407
group_14514,0.002036659877800407
group_14515,0.002036659877800407
group_14516,0.004065006858140406
group_14517,0.002036659877800407
group_14518,0.004065006858140406
group_14519,0.002036659877800407
group_1452,0.02582817240949334
group_14520,0.002036659877800407
group_14521,0.002036659877800407
group_14522,0.004065006858140406
group_14523,0.004065006858140406
group_14524,0.002036659877800407
group_14525,0.002036659877800407
group_14526,0.004065006858140406
group_14527,0.002036659877800407
group_14528,0.002036659877800407
group_14529,0.002036659877800407
group_1453,0.002036659877800407
group_14530,0.004065006858140406
group_14531,0.004065006858140406
group_14532,0.004065006858140406
group_14533,0.002036659877800407
group_14534,0.004065006858140406
group_14535,0.004065006858140406
group_14536,0.004065006858140406
group_14537,0.004065006858140406
group_14538,0.002036659877800407
group_14539,0.012095265804896293
group_1454,0.002036659877800407
group_14540,0.012095265804896293
group_14541,0.012095265804896293
group_14542,0.010100170414397936
group_14543,0.004065006858140406
group_14544,0.002036659877800407
group_14545,0.004065006858140406
group_14546,0.002036659877800407
group_14547,0.002036659877800407
group_14548,0.002036659877800407
group_14549,0.002036659877800407
group_1455,0.002036659877800407
group_14550,0.004065006858140406
group_14551,0.002036659877800407
group_14552,0.002036659877800407
group_14553,0.004065006858140406
group_14554,0.002036659877800407
group_14555,0.004065006858140406
group_14556,0.002036659877800407
group_14557,0.006085040941019991
group_14558,0.006085040941019991
group_14559,0.002036659877800407
group_1456,0.0020366598778004067
group_14560,0.002036659877800407
group_14561,0.004065006858140406
group_14562,0.002036659877800407
group_14563,0.002036659877800407
group_14564,0.004065006858140406
group_14565,0.002036659877800407
group_14566,0.002036659877800407
group_14567,0.002036659877800407
group_14568,0.002036659877800407
group_14569,0.002036659877800407
group_1457,0.008096762126439167
group_14570,0.002036659877800407
group_14571,0.002036659877800407
group_14572,0.004065006858140406
group_14573,0.002036659877800407
group_14574,0.002036659877800407
group_14575,0.002036659877800407
group_14576,0.002036659877800407
group_14577,0.002036659877800407
group_14578,0.004065006858140406
group_14579,0.002036659877800407
group_1458,0.0020366598778004067
group_14580,0.004065006858140406
group_14581,0.002036659877800407
group_14582,0.002036659877800407
group_14583,0.002036659877800407
group_14584,0.002036659877800407
group_14585,0.002036659877800407
group_14586,0.002036659877800407
group_14587,0.002036659877800407
group_14588,0.002036659877800407
group_14589,0.002036659877800407
group_1459,0.0020366598778004067
group_14590,0.002036659877800407
group_14591,0.004065006858140407
group_14592,0.002036659877800407
group_14593,0.002036659877800407
group_14594,0.002036659877800407
group_14595,0.002036659877800407
group_14596,0.002036659877800407
group_14597,0.002036659877800407
group_14598,0.002036659877800407
group_14599,0.004065006858140406
group_146,0.01999251839228563
group_1460,0.012095265804896293
group_14600,0.002036659877800407
group_14601,0.002036659877800407
group_14602,0.002036659877800407
group_14603,0.002036659877800407
group_14604,0.002036659877800407
group_14605,0.002036659877800407
group_14606,0.002036659877800407
group_14607,0.002036659877800407
group_14608,0.002036659877800407
group_14609,0.0040650068581404054
group_1461,0.09327070950579824
group_14610,0.004065006858140407
group_14611,0.002036659877800407
group_14612,0.006085040941019991
group_14613,0.008096762126439169
group_14614,0.002036659877800407
group_14615,0.002036659877800407
group_14616,0.004065006858140407
group_14617,0.004065006858140406
group_14618,0.002036659877800407
group_14619,0.002036659877800407
group_1462,0.20768943015087912
group_14620,0.002036659877800407
group_14621,0.002036659877800407
group_14622,0.002036659877800407
group_14623,0.002036659877800407
group_14624,0.004065006858140406
group_14625,0.004065006858140406
group_14626,0.002036659877800407
group_14627,0.002036659877800407
group_14628,0.002036659877800407
group_14629,0.002036659877800407
group_1463,0.008096762126439165
group_14630,0.002036659877800407
group_14631,0.002036659877800407
group_14632,0.002036659877800407
group_14633,0.004065006858140406
group_14634,0.002036659877800407
group_14635,0.002036659877800407
group_14636,0.002036659877800407
group_14637,0.002036659877800407
group_14638,0.002036659877800407
group_14639,0.002036659877800407
group_1464,0.002036659877800407
group_14640,0.002036659877800407
group_14641,0.002036659877800407
group_14642,0.002036659877800407
group_14643,0.0040650068581404054
group_14644,0.004065006858140406
group_14645,0.004065006858140406
group_14646,0.004065006858140406
group_14647,0.002036659877800407
group_14648,0.004065006858140406
group_14649,0.002036659877800407
group_1465,0.014082048297934241
group_14650,0.002036659877800407
group_14651,0.002036659877800407
group_14652,0.002036659877800407
group_14653,0.002036659877800407
group_14654,0.002036659877800407
group_14655,0.002036659877800407
group_14656,0.002036659877800407
group_14657,0.002036659877800407
group_14658,0.002036659877800407
group_14659,0.002036659877800407
group_1466,0.06808263020075646
group_14660,0.002036659877800407
group_14661,0.004065006858140406
group_14662,0.004065006858140406
group_14663,0.004065006858140406
group_14664,0.004065006858140406
group_14665,0.004065006858140406
group_14666,0.006085040941019992
group_14667,0.006085040941019992
group_14668,0.006085040941019992
group_14669,0.002036659877800407
group_1467,0.2440251049503304
group_14670,0.002036659877800407
group_14671,0.002036659877800407
group_14672,0.002036659877800407
group_14673,0.002036659877800407
group_14674,0.002036659877800407
group_14675,0.002036659877800407
group_14676,0.002036659877800407
group_14677,0.002036659877800407
group_14678,0.002036659877800407
group_14679,0.002036659877800407
group_1468,0.01209526580489629
group_14680,0.002036659877800407
group_14681,0.002036659877800407
group_14682,0.002036659877800407
group_14683,0.0040650068581404054
group_14684,0.002036659877800407
group_14685,0.002036659877800407
group_14686,0.004065006858140406
group_14687,0.002036659877800407
group_14688,0.002036659877800407
group_14689,0.002036659877800407
group_1469,0.2440251049503304
group_14690,0.002036659877800407
group_14691,0.002036659877800407
group_14692,0.006085040941019992
group_14693,0.002036659877800407
group_14694,0.002036659877800407
group_14695,0.002036659877800407
group_14696,0.002036659877800407
group_14697,0.002036659877800407
group_14698,0.002036659877800407
group_14699,0.002036659877800407
group_147,0.021946049295481933
group_1470,0.0020366598778004067
group_14700,0.002036659877800407
group_14701,0.002036659877800407
group_14702,0.004065006858140406
group_14703,0.002036659877800407
group_14704,0.002036659877800407
group_14705,0.002036659877800407
group_14706,0.002036659877800407
group_14707,0.002036659877800407
group_14708,0.002036659877800407
group_14709,0.002036659877800407
group_1471,0.20768943015087912
group_14710,0.002036659877800407
group_14711,0.002036659877800407
group_14712,0.002036659877800407
group_14713,0.002036659877800407
group_14714,0.008096762126439169
group_14715,0.004065006858140406
group_14716,0.004065006858140406
group_14717,0.002036659877800407
group_14718,0.002036659877800407
group_14719,0.002036659877800407
group_1472,0.0040650068581404054
group_14720,0.002036659877800407
group_14721,0.002036659877800407
group_14722,0.002036659877800407
group_14723,0.002036659877800407
group_14724,0.002036659877800407
group_14725,0.002036659877800407
group_14726,0.0040650068581404054
group_14727,0.004065006858140406
group_14728,0.002036659877800407
group_14729,0.004065006858140406
group_1473,0.016060517893511785
group_14730,0.002036659877800407
group_14731,0.002036659877800407
group_14732,0.002036659877800407
group_14733,0.002036659877800407
group_14734,0.002036659877800407
group_14735,0.002036659877800407
group_14736,0.002036659877800407
group_14737,0.002036659877800407
group_14738,0.002036659877800407
group_14739,0.002036659877800407
group_1474,0.006085040941019991
group_14740,0.002036659877800407
group_14741,0.002036659877800407
group_14742,0.002036659877800407
group_14743,0.0040650068581404054
group_14744,0.004065006858140406
group_14745,0.002036659877800407
group_14746,0.002036659877800407
group_14747,0.002036659877800407
group_14748,0.004065006858140407
group_14749,0.008096762126439169
group_1475,0.027756764620308415
group_14750,0.002036659877800407
group_14751,0.002036659877800407
group_14752,0.002036659877800407
group_14753,0.002036659877800407
group_14754,0.006085040941019992
group_14755,0.002036659877800407
group_14756,0.002036659877800407
group_14757,0.002036659877800407
group_14758,0.002036659877800407
group_14759,0.002036659877800407
group_1476,0.006085040941019991
group_14760,0.002036659877800407
group_14761,0.004065006858140406
group_14762,0.002036659877800407
group_14763,0.004065006858140406
group_14764,0.004065006858140406
group_14765,0.002036659877800407
group_14766,0.002036659877800407
group_14767,0.002036659877800407
group_14768,0.002036659877800407
group_14769,0.002036659877800407
group_1477,0.004065006858140407
group_14770,0.002036659877800407
group_14771,0.002036659877800407
group_14772,0.002036659877800407
group_14773,0.002036659877800407
group_14774,0.002036659877800407
group_14775,0.002036659877800407
group_14776,0.002036659877800407
group_14777,0.002036659877800407
group_14778,0.002036659877800407
group_14779,0.002036659877800407
group_1478,0.004065006858140407
group_14780,0.002036659877800407
group_14781,0.002036659877800407
group_14782,0.002036659877800407
group_14783,0.002036659877800407
group_14784,0.002036659877800407
group_14785,0.002036659877800407
group_14786,0.002036659877800407
group_14787,0.002036659877800407
group_14788,0.002036659877800407
group_14789,0.002036659877800407
group_1479,0.03538800448896463
group_14790,0.002036659877800407
group_14791,0.002036659877800407
group_14792,0.002036659877800407
group_14793,0.002036659877800407
group_14794,0.002036659877800407
group_14795,0.002036659877800407
group_14796,0.002036659877800407
group_14797,0.002036659877800407
group_14798,0.002036659877800407
group_14799,0.002036659877800407
group_148,0.0020366598778004067
group_1480,0.023891267301217847
group_14800,0.002036659877800407
group_14801,0.002036659877800407
group_14802,0.002036659877800407
group_14803,0.002036659877800407
group_14804,0.002036659877800407
group_14805,0.002036659877800407
group_14806,0.002036659877800407
group_14807,0.002036659877800407
group_14808,0.002036659877800407
group_14809,0.002036659877800407
group_1481,0.03538800448896462
group_14810,0.002036659877800407
group_14811,0.002036659877800407
group_14812,0.004065006858140406
group_14813,0.004065006858140406
group_14814,0.002036659877800407
group_14815,0.002036659877800407
group_14816,0.004065006858140406
group_14817,0.002036659877800407
group_14818,0.002036659877800407
group_14819,0.002036659877800407
group_1482,0.027756764620308415
group_14820,0.002036659877800407
group_14821,0.002036659877800407
group_14822,0.002036659877800407
group_14823,0.002036659877800407
group_14824,0.002036659877800407
group_14825,0.004065006858140406
group_14826,0.002036659877800407
group_14827,0.002036659877800407
group_14828,0.002036659877800407
group_14829,0.002036659877800407
group_1483,0.006085040941019989
group_14830,0.002036659877800407
group_14831,0.002036659877800407
group_14832,0.004065006858140406
group_14833,0.002036659877800407
group_14834,0.004065006858140406
group_14835,0.004065006858140406
group_14836,0.002036659877800407
group_14837,0.002036659877800407
group_14838,0.002036659877800407
group_14839,0.002036659877800407
group_1484,0.002036659877800407
group_14840,0.002036659877800407
group_14841,0.002036659877800407
group_14842,0.002036659877800407
group_14843,0.0040650068581404054
group_14844,0.002036659877800407
group_14845,0.002036659877800407
group_14846,0.002036659877800407
group_14847,0.0040650068581404054
group_14848,0.002036659877800407
group_14849,0.002036659877800407
group_1485,0.1253917452928218
group_14850,0.002036659877800407
group_14851,0.004065006858140406
group_14852,0.002036659877800407
group_14853,0.002036659877800407
group_14854,0.008096762126439169
group_14855,0.002036659877800407
group_14856,0.006085040941019991
group_14857,0.008096762126439169
group_14858,0.008096762126439169
group_14859,0.002036659877800407
group_1486,0.006085040941019992
group_14860,0.008096762126439169
group_14861,0.008096762126439169
group_14862,0.002036659877800407
group_14863,0.002036659877800407
group_14864,0.008096762126439169
group_14865,0.008096762126439169
group_14866,0.008096762126439169
group_14867,0.002036659877800407
group_14868,0.008096762126439169
group_14869,0.008096762126439169
group_1487,0.006085040941019991
group_14870,0.008096762126439169
group_14871,0.008096762126439169
group_14872,0.008096762126439169
group_14873,0.002036659877800407
group_14874,0.002036659877800407
group_14875,0.002036659877800407
group_14876,0.002036659877800407
group_14877,0.002036659877800407
group_14878,0.002036659877800407
group_14879,0.002036659877800407
group_1488,0.0020366598778004067
group_14880,0.004065006858140406
group_14881,0.004065006858140406
group_14882,0.002036659877800407
group_14883,0.002036659877800407
group_14884,0.002036659877800407
group_14885,0.002036659877800407
group_14886,0.0040650068581404054
group_14887,0.002036659877800407
group_14888,0.002036659877800407
group_14889,0.002036659877800407
group_1489,0.002036659877800407
group_14890,0.002036659877800407
group_14891,0.002036659877800407
group_14892,0.002036659877800407
group_14893,0.002036659877800407
group_14894,0.002036659877800407
group_14895,0.002036659877800407
group_14896,0.002036659877800407
group_14897,0.002036659877800407
group_14898,0.002036659877800407
group_14899,0.002036659877800407
group_149,0.06982002576998211
group_1490,0.021946049295481933
group_14900,0.004065006858140406
group_14901,0.0040650068581404054
group_14902,0.002036659877800407
group_14903,0.002036659877800407
group_14904,0.002036659877800407
group_14905,0.002036659877800407
group_14906,0.002036659877800407
group_14907,0.002036659877800407
group_14908,0.002036659877800407
group_14909,0.002036659877800407
group_1491,0.002036659877800407
group_14910,0.002036659877800407
group_14911,0.002036659877800407
group_14912,0.002036659877800407
group_14913,0.002036659877800407
group_14914,0.002036659877800407
group_14915,0.002036659877800407
group_14916,0.002036659877800407
group_14917,0.002036659877800407
group_14918,0.002036659877800407
group_14919,0.002036659877800407
group_1492,0.010100170414397942
group_14920,0.002036659877800407
group_14921,0.002036659877800407
group_14922,0.002036659877800407
group_14923,0.002036659877800407
group_14924,0.012095265804896293
group_14925,0.002036659877800407
group_14926,0.002036659877800407
group_14927,0.002036659877800407
group_14928,0.002036659877800407
group_14929,0.002036659877800407
group_1493,0.002036659877800407
group_14930,0.002036659877800407
group_14931,0.002036659877800407
group_14932,0.002036659877800407
group_14933,0.002036659877800407
group_14934,0.002036659877800407
group_14935,0.004065006858140406
group_14936,0.002036659877800407
group_14937,0.002036659877800407
group_14938,0.002036659877800407
group_14939,0.002036659877800407
group_1494,0.00608504094101999
group_14940,0.002036659877800407
group_14941,0.002036659877800407
group_14942,0.002036659877800407
group_14943,0.002036659877800407
group_14944,0.002036659877800407
group_14945,0.002036659877800407
group_14946,0.002036659877800407
group_14947,0.002036659877800407
group_14948,0.002036659877800407
group_14949,0.002036659877800407
group_1495,0.004065006858140407
group_14950,0.004065006858140406
group_14951,0.002036659877800407
group_14952,0.002036659877800407
group_14953,0.004065006858140406
group_14954,0.002036659877800407
group_14955,0.002036659877800407
group_14956,0.002036659877800407
group_14957,0.002036659877800407
group_14958,0.004065006858140406
group_14959,0.004065006858140406
group_1496,0.0020366598778004067
group_14960,0.002036659877800407
group_14961,0.004065006858140406
group_14962,0.002036659877800407
group_14963,0.002036659877800407
group_14964,0.002036659877800407
group_14965,0.002036659877800407
group_14966,0.002036659877800407
group_14967,0.002036659877800407
group_14968,0.002036659877800407
group_14969,0.002036659877800407
group_1497,0.008096762126439167
group_14970,0.002036659877800407
group_14971,0.002036659877800407
group_14972,0.002036659877800407
group_14973,0.002036659877800407
group_14974,0.002036659877800407
group_14975,0.002036659877800407
group_14976,0.002036659877800407
group_14977,0.004065006858140406
group_14978,0.002036659877800407
group_14979,0.002036659877800407
group_1498,0.00608504094101999
group_14980,0.002036659877800407
group_14981,0.002036659877800407
group_14982,0.002036659877800407
group_14983,0.002036659877800407
group_14984,0.002036659877800407
group_14985,0.004065006858140406
group_14986,0.002036659877800407
group_14987,0.002036659877800407
group_14988,0.002036659877800407
group_14989,0.002036659877800407
group_1499,0.004065006858140406
group_14990,0.002036659877800407
group_14991,0.002036659877800407
group_14992,0.002036659877800407
group_14993,0.002036659877800407
group_14994,0.002036659877800407
group_14995,0.002036659877800407
group_14996,0.002036659877800407
group_14997,0.002036659877800407
group_14998,0.002036659877800407
group_14999,0.0040650068581404054
group_15,0.002036659877800407
group_150,0.0020366598778004067
group_1500,0.1282596949166632
group_15000,0.002036659877800407
group_15001,0.002036659877800407
group_15002,0.002036659877800407
group_15003,0.002036659877800407
group_15004,0.002036659877800407
group_15005,0.002036659877800407
group_15006,0.002036659877800407
group_15007,0.002036659877800407
group_15008,0.002036659877800407
group_15009,0.002036659877800407
group_1501,0.0020366598778004067
group_15010,0.002036659877800407
group_15011,0.002036659877800407
group_15012,0.002036659877800407
group_15013,0.002036659877800407
group_15014,0.002036659877800407
group_15015,0.002036659877800407
group_15016,0.002036659877800407
group_15017,0.002036659877800407
group_15018,0.002036659877800407
group_15019,0.002036659877800407
group_1502,0.002036659877800407
group_15020,0.002036659877800407
group_15021,0.002036659877800407
group_15022,0.002036659877800407
group_15023,0.002036659877800407
group_15024,0.0040650068581404054
group_15025,0.002036659877800407
group_15026,0.002036659877800407
group_15027,0.002036659877800407
group_15028,0.002036659877800407
group_15029,0.002036659877800407
group_1503,0.002036659877800407
group_15030,0.002036659877800407
group_15031,0.002036659877800407
group_15032,0.002036659877800407
group_15033,0.002036659877800407
group_15034,0.002036659877800407
group_15035,0.002036659877800407
group_15036,0.002036659877800407
group_15037,0.002036659877800407
group_15038,0.002036659877800407
group_15039,0.002036659877800407
group_1504,0.002036659877800407
group_15040,0.002036659877800407
group_15041,0.002036659877800407
group_15042,0.002036659877800407
group_15043,0.002036659877800407
group_15044,0.002036659877800407
group_15045,0.004065006858140406
group_15046,0.0040650068581404054
group_15047,0.002036659877800407
group_15048,0.002036659877800407
group_15049,0.002036659877800407
group_1505,0.027756764620308415
group_15050,0.002036659877800407
group_15051,0.002036659877800407
group_15052,0.002036659877800407
group_15053,0.002036659877800407
group_15054,0.002036659877800407
group_15055,0.004065006858140406
group_15056,0.004065006858140406
group_15057,0.002036659877800407
group_15058,0.002036659877800407
group_15059,0.0020366598778004067
group_1506,0.0020366598778004067
group_15060,0.0020366598778004067
group_15061,0.0020366598778004067
group_15062,0.0020366598778004067
group_15063,0.0020366598778004067
group_15064,0.004065006858140406
group_15065,0.004065006858140407
group_15066,0.0020366598778004067
group_15067,0.0020366598778004067
group_15068,0.008096762126439169
group_15069,0.006085040941019991
group_1507,0.002036659877800407
group_15070,0.0020366598778004067
group_15071,0.0020366598778004067
group_15072,0.008096762126439169
group_15073,0.006085040941019991
group_15074,0.0020366598778004067
group_15075,0.008096762126439169
group_15076,0.0020366598778004067
group_15077,0.008096762126439169
group_15078,0.008096762126439169
group_15079,0.008096762126439169
group_1508,0.004065006858140407
group_15080,0.008096762126439169
group_15081,0.0020366598778004067
group_15082,0.008096762126439169
group_15083,0.008096762126439169
group_15084,0.008096762126439169
group_15085,0.006085040941019991
group_15086,0.008096762126439169
group_15087,0.008096762126439169
group_15088,0.008096762126439169
group_15089,0.008096762126439169
group_1509,0.01010017041439794
group_15090,0.006085040941019991
group_15091,0.0020366598778004067
group_15092,0.008096762126439169
group_15093,0.008096762126439169
group_15094,0.0020366598778004067
group_15095,0.00608504094101999
group_15096,0.0020366598778004067
group_15097,0.0020366598778004067
group_15098,0.0020366598778004067
group_15099,0.0020366598778004067
group_151,0.010100170414397938
group_1510,0.004065006858140406
group_15100,0.0020366598778004067
group_15101,0.008096762126439169
group_15102,0.008096762126439169
group_15103,0.006085040941019991
group_15104,0.010100170414397938
group_15105,0.004065006858140406
group_15106,0.0020366598778004067
group_15107,0.0020366598778004067
group_15108,0.004065006858140407
group_15109,0.0020366598778004067
group_1511,0.002036659877800407
group_15110,0.0020366598778004067
group_15111,0.0020366598778004067
group_15112,0.0020366598778004067
group_15113,0.012095265804896291
group_15114,0.004065006858140406
group_15115,0.0020366598778004067
group_15116,0.0020366598778004067
group_15117,0.0020366598778004067
group_15118,0.0020366598778004067
group_15119,0.0020366598778004067
group_1512,0.029677043933663074
group_15120,0.0020366598778004067
group_15121,0.0020366598778004067
group_15122,0.0020366598778004067
group_15123,0.0020366598778004067
group_15124,0.0020366598778004067
group_15125,0.0020366598778004067
group_15126,0.0020366598778004067
group_15127,0.0020366598778004067
group_15128,0.0020366598778004067
group_15129,0.0020366598778004067
group_1513,0.04102414896712249
group_15130,0.0020366598778004067
group_15131,0.0020366598778004067
group_15132,0.002036659877800407
group_15133,0.004065006858140406
group_15134,0.004065006858140406
group_15135,0.0020366598778004067
group_15136,0.002036659877800407
group_15137,0.002036659877800407
group_15138,0.004065006858140406
group_15139,0.0020366598778004067
group_1514,0.0020366598778004067
group_15140,0.002036659877800407
group_15141,0.002036659877800407
group_15142,0.004065006858140406
group_15143,0.002036659877800407
group_15144,0.002036659877800407
group_15145,0.002036659877800407
group_15146,0.0020366598778004067
group_15147,0.004065006858140406
group_15148,0.0020366598778004067
group_15149,0.0020366598778004067
group_1515,0.002036659877800407
group_15150,0.002036659877800407
group_15151,0.002036659877800407
group_15152,0.002036659877800407
group_15153,0.002036659877800407
group_15154,0.002036659877800407
group_15155,0.002036659877800407
group_15156,0.002036659877800407
group_15157,0.004065006858140406
group_15158,0.004065006858140406
group_15159,0.002036659877800407
group_1516,0.03158901034955734
group_15160,0.002036659877800407
group_15161,0.002036659877800407
group_15162,0.002036659877800407
group_15163,0.002036659877800407
group_15164,0.002036659877800407
group_15165,0.004065006858140407
group_15166,0.002036659877800407
group_15167,0.002036659877800407
group_15168,0.002036659877800407
group_15169,0.002036659877800407
group_1517,0.002036659877800407
group_15170,0.002036659877800407
group_15171,0.002036659877800407
group_15172,0.002036659877800407
group_15173,0.002036659877800407
group_15174,0.002036659877800407
group_15175,0.002036659877800407
group_15176,0.002036659877800407
group_15177,0.002036659877800407
group_15178,0.002036659877800407
group_15179,0.002036659877800407
group_1518,0.002036659877800407
group_15180,0.002036659877800407
group_15181,0.002036659877800407
group_15182,0.002036659877800407
group_15183,0.002036659877800407
group_15184,0.002036659877800407
group_15185,0.004065006858140406
group_15186,0.002036659877800407
group_15187,0.004065006858140406
group_15188,0.002036659877800407
group_15189,0.002036659877800407
group_1519,0.06282056610831709
group_15190,0.002036659877800407
group_15191,0.002036659877800407
group_15192,0.004065006858140406
group_15193,0.002036659877800407
group_15194,0.006085040941019991
group_15195,0.006085040941019991
group_15196,0.002036659877800407
group_15197,0.002036659877800407
group_15198,0.002036659877800407
group_15199,0.002036659877800407
group_152,0.11509206533937402
group_1520,0.004065006858140407
group_15200,0.002036659877800407
group_15201,0.002036659877800407
group_15202,0.004065006858140407
group_15203,0.004065006858140407
group_15204,0.002036659877800407
group_15205,0.004065006858140406
group_15206,0.002036659877800407
group_15207,0.002036659877800407
group_15208,0.002036659877800407
group_15209,0.002036659877800407
group_1521,0.00809676212643917
group_15210,0.002036659877800407
group_15211,0.002036659877800407
group_15212,0.002036659877800407
group_15213,0.002036659877800407
group_15214,0.002036659877800407
group_15215,0.002036659877800407
group_15216,0.002036659877800407
group_15217,0.002036659877800407
group_15218,0.002036659877800407
group_15219,0.002036659877800407
group_1522,0.006085040941019991
group_15220,0.002036659877800407
group_15221,0.002036659877800407
group_15222,0.002036659877800407
group_15223,0.002036659877800407
group_15224,0.002036659877800407
group_15225,0.002036659877800407
group_15226,0.002036659877800407
group_15227,0.002036659877800407
group_15228,0.002036659877800407
group_15229,0.002036659877800407
group_1523,0.002036659877800407
group_15230,0.002036659877800407
group_15231,0.002036659877800407
group_15232,0.002036659877800407
group_15233,0.002036659877800407
group_15234,0.002036659877800407
group_15235,0.002036659877800407
group_15236,0.002036659877800407
group_15237,0.002036659877800407
group_15238,0.002036659877800407
group_15239,0.002036659877800407
group_1524,0.004065006858140406
group_15240,0.002036659877800407
group_15241,0.002036659877800407
group_15242,0.002036659877800407
group_15243,0.002036659877800407
group_15244,0.002036659877800407
group_15245,0.002036659877800407
group_15246,0.002036659877800407
group_15247,0.002036659877800407
group_15248,0.002036659877800407
group_15249,0.002036659877800407
group_1525,0.004065006858140406
group_15250,0.002036659877800407
group_15251,0.002036659877800407
group_15252,0.002036659877800407
group_15253,0.002036659877800407
group_15254,0.002036659877800407
group_15255,0.002036659877800407
group_15256,0.002036659877800407
group_15257,0.002036659877800407
group_15258,0.002036659877800407
group_15259,0.002036659877800407
group_1526,0.002036659877800407
group_15260,0.002036659877800407
group_15261,0.002036659877800407
group_15262,0.002036659877800407
group_15263,0.002036659877800407
group_15264,0.002036659877800407
group_15265,0.002036659877800407
group_15266,0.002036659877800407
group_15267,0.002036659877800407
group_15268,0.002036659877800407
group_15269,0.002036659877800407
group_1527,0.002036659877800407
group_15270,0.002036659877800407
group_15271,0.002036659877800407
group_15272,0.002036659877800407
group_15273,0.002036659877800407
group_15274,0.002036659877800407
group_15275,0.002036659877800407
group_15276,0.002036659877800407
group_15277,0.002036659877800407
group_15278,0.002036659877800407
group_15279,0.002036659877800407
group_1528,0.15257491998836195
group_15280,0.002036659877800407
group_15281,0.002036659877800407
group_15282,0.002036659877800407
group_15283,0.002036659877800407
group_15284,0.002036659877800407
group_15285,0.002036659877800407
group_15286,0.002036659877800407
group_15287,0.002036659877800407
group_15288,0.002036659877800407
group_15289,0.002036659877800407
group_1529,0.0020366598778004067
group_15290,0.002036659877800407
group_15291,0.002036659877800407
group_15292,0.002036659877800407
group_15293,0.002036659877800407
group_15294,0.002036659877800407
group_15295,0.002036659877800407
group_15296,0.002036659877800407
group_15297,0.002036659877800407
group_15298,0.002036659877800407
group_15299,0.002036659877800407
group_153,0.20247724344320212
group_1530,0.07668647907228064
group_15300,0.002036659877800407
group_15301,0.002036659877800407
group_15302,0.002036659877800407
group_15303,0.004065006858140406
group_15304,0.002036659877800407
group_15305,0.002036659877800407
group_15306,0.002036659877800407
group_15307,0.002036659877800407
group_15308,0.002036659877800407
group_15309,0.002036659877800407
group_1531,0.004065006858140406
group_15310,0.002036659877800407
group_15311,0.002036659877800407
group_15312,0.002036659877800407
group_15313,0.002036659877800407
group_15314,0.002036659877800407
group_15315,0.002036659877800407
group_15316,0.002036659877800407
group_15317,0.002036659877800407
group_15318,0.002036659877800407
group_15319,0.002036659877800407
group_1532,0.0020366598778004067
group_15320,0.0040650068581404054
group_15321,0.002036659877800407
group_15322,0.002036659877800407
group_15323,0.004065006858140407
group_15324,0.0040650068581404054
group_15325,0.002036659877800407
group_15326,0.002036659877800407
group_15327,0.002036659877800407
group_15328,0.002036659877800407
group_15329,0.002036659877800407
group_1533,0.061049918949249764
group_15330,0.004065006858140407
group_15331,0.004065006858140407
group_15332,0.002036659877800407
group_15333,0.002036659877800407
group_15334,0.002036659877800407
group_15335,0.002036659877800407
group_15336,0.002036659877800407
group_15337,0.002036659877800407
group_15338,0.002036659877800407
group_15339,0.002036659877800407
group_1534,0.04658547736813667
group_15340,0.002036659877800407
group_15341,0.002036659877800407
group_15342,0.002036659877800407
group_15343,0.002036659877800407
group_15344,0.002036659877800407
group_15345,0.002036659877800407
group_15346,0.002036659877800407
group_15347,0.002036659877800407
group_15348,0.002036659877800407
group_15349,0.002036659877800407
group_1535,0.004065006858140406
group_15350,0.002036659877800407
group_15351,0.002036659877800407
group_15352,0.002036659877800407
group_15353,0.002036659877800407
group_15354,0.002036659877800407
group_15355,0.002036659877800407
group_15356,0.002036659877800407
group_15357,0.002036659877800407
group_15358,0.002036659877800407
group_15359,0.002036659877800407
group_1536,0.021946049295481933
group_15360,0.002036659877800407
group_15361,0.002036659877800407
group_15362,0.004065006858140406
group_15363,0.002036659877800407
group_15364,0.002036659877800407
group_15365,0.002036659877800407
group_15366,0.004065006858140407
group_15367,0.002036659877800407
group_15368,0.002036659877800407
group_15369,0.002036659877800407
group_1537,0.004065006858140407
group_15370,0.002036659877800407
group_15371,0.002036659877800407
group_15372,0.002036659877800407
group_15373,0.002036659877800407
group_15374,0.002036659877800407
group_15375,0.002036659877800407
group_15376,0.002036659877800407
group_15377,0.002036659877800407
group_15378,0.002036659877800407
group_15379,0.002036659877800407
group_1538,0.02582817240949334
group_15380,0.0040650068581404054
group_15381,0.002036659877800407
group_15382,0.002036659877800407
group_15383,0.002036659877800407
group_15384,0.002036659877800407
group_15385,0.002036659877800407
group_15386,0.002036659877800407
group_15387,0.0040650068581404054
group_15388,0.002036659877800407
group_15389,0.002036659877800407
group_1539,0.0
group_15390,0.002036659877800407
group_15391,0.002036659877800407
group_15392,0.002036659877800407
group_15393,0.002036659877800407
group_15394,0.004065006858140407
group_15395,0.002036659877800407
group_15396,0.002036659877800407
group_15397,0.004065006858140406
group_15398,0.002036659877800407
group_15399,0.002036659877800407
group_154,0.004065006858140406
group_1540,0.0020366598778004067
group_15400,0.002036659877800407
group_15401,0.002036659877800407
group_15402,0.002036659877800407
group_15403,0.002036659877800407
group_15404,0.002036659877800407
group_15405,0.002036659877800407
group_15406,0.002036659877800407
group_15407,0.002036659877800407
group_15408,0.002036659877800407
group_15409,0.002036659877800407
group_1541,0.03915374703853028
group_15410,0.002036659877800407
group_15411,0.002036659877800407
group_15412,0.002036659877800407
group_15413,0.002036659877800407
group_15414,0.002036659877800407
group_15415,0.002036659877800407
group_15416,0.002036659877800407
group_15417,0.002036659877800407
group_15418,0.002036659877800407
group_15419,0.004065006858140406
group_1542,0.01209526580489629
group_15420,0.002036659877800407
group_15421,0.002036659877800407
group_15422,0.004065006858140406
group_15423,0.002036659877800407
group_15424,0.002036659877800407
group_15425,0.002036659877800407
group_15426,0.002036659877800407
group_15427,0.004065006858140406
group_15428,0.008096762126439169
group_15429,0.006085040941019991
group_1543,0.033492663867991185
group_15430,0.002036659877800407
group_15431,0.0020366598778004067
group_15432,0.008096762126439167
group_15433,0.004065006858140406
group_15434,0.004065006858140406
group_15435,0.004065006858140406
group_15436,0.004065006858140406
group_15437,0.016060517893511785
group_15438,0.014082048297934245
group_15439,0.014082048297934241
group_1544,0.004065006858140408
group_15440,0.010100170414397938
group_15441,0.002036659877800407
group_15442,0.004065006858140406
group_15443,0.002036659877800407
group_15444,0.00608504094101999
group_15445,0.01010017041439794
group_15446,0.01010017041439794
group_15447,0.004065006858140407
group_15448,0.0020366598778004067
group_15449,0.004065006858140407
group_1545,0.006085040941019992
group_15450,0.006085040941019992
group_15451,0.008096762126439167
group_15452,0.008096762126439169
group_15453,0.008096762126439169
group_15454,0.008096762126439167
group_15455,0.004065006858140406
group_15456,0.014082048297934243
group_15457,0.004065006858140407
group_15458,0.004065006858140407
group_15459,0.004065006858140407
group_1546,0.033492663867991185
group_15460,0.004065006858140407
group_15461,0.004065006858140407
group_15462,0.004065006858140407
group_15463,0.0502514651481774
group_15464,0.053884201338376486
group_15465,0.006085040941019992
group_15466,0.008096762126439167
group_15467,0.010100170414397938
group_15468,0.004065006858140406
group_15469,0.004065006858140406
group_1547,0.004065006858140408
group_15470,0.004065006858140406
group_15471,0.010100170414397938
group_15472,0.008096762126439167
group_15473,0.021946049295481933
group_15474,0.01999251839228563
group_15475,0.006085040941019991
group_15476,0.15636560123030882
group_15477,0.1268298765534727
group_15478,0.15257491998836195
group_15479,0.008096762126439167
group_1548,0.012095265804896293
group_15480,0.012095265804896293
group_15481,0.010100170414397938
group_15482,0.008096762126439167
group_15483,0.008096762126439167
group_15484,0.010100170414397938
group_15485,0.006085040941019991
group_15486,0.05748368593873396
group_15487,0.05748368593873396
group_15488,0.012095265804896293
group_15489,0.019992518392285632
group_1549,0.004065006858140406
group_15490,0.010100170414397938
group_15491,0.008096762126439167
group_15492,0.008096762126439167
group_15493,0.008096762126439167
group_15494,0.01010017041439794
group_15495,0.006085040941019991
group_15496,0.010100170414397938
group_15497,0.006085040941019991
group_15498,0.002036659877800407
group_15499,0.006085040941019993
group_155,0.0020366598778004067
group_1550,0.002036659877800407
group_15500,0.008096762126439165
group_15501,0.0020366598778004067
group_15502,0.008096762126439167
group_15503,0.002036659877800407
group_15504,0.004065006858140407
group_15505,0.004065006858140407
group_15506,0.004065006858140407
group_15507,0.004065006858140407
group_15508,0.006085040941019991
group_15509,0.01010017041439794
group_1551,0.0020366598778004067
group_15510,0.004065006858140407
group_15511,0.002036659877800407
group_15512,0.002036659877800407
group_15513,0.010100170414397938
group_15514,0.023891267301217843
group_15515,0.012095265804896291
group_15516,0.008096762126439169
group_15517,0.004065006858140406
group_15518,0.006085040941019992
group_15519,0.13389583939482105
group_1552,0.004065006858140406
group_15520,0.029677043933663074
group_15521,0.11955609127561413
group_15522,0.10438505341036616
group_15523,0.10593956523546283
group_15524,0.008096762126439169
group_15525,0.004065006858140406
group_15526,0.021946049295481926
group_15527,0.006085040941019991
group_15528,0.004065006858140407
group_15529,0.008096762126439165
group_1553,0.021946049295481933
group_15530,0.004065006858140406
group_15531,0.004065006858140406
group_15532,0.008096762126439167
group_15533,0.002036659877800407
group_15534,0.010100170414397938
group_15535,0.02389126730121784
group_15536,0.02389126730121784
group_15537,0.02389126730121784
group_15538,0.029677043933663074
group_15539,0.02389126730121784
group_1554,0.01999251839228563
group_15540,0.012095265804896293
group_15541,0.02582817240949334
group_15542,0.035388004488964626
group_15543,0.02582817240949334
group_15544,0.03158901034955734
group_15545,0.01803067459162891
group_15546,0.010100170414397938
group_15547,0.02582817240949334
group_15548,0.010100170414397938
group_15549,0.02389126730121784
group_1555,0.008096762126439169
group_15550,0.02194604929548193
group_15551,0.004065006858140407
group_15552,0.006085040941019991
group_15553,0.006085040941019991
group_15554,0.00608504094101999
group_15555,0.002036659877800407
group_15556,0.006085040941019991
group_15557,0.01999251839228563
group_15558,0.027756764620308412
group_15559,0.004065006858140406
group_1556,0.01408204829793424
group_15560,0.010100170414397938
group_15561,0.05025146514817741
group_15562,0.016060517893511785
group_15563,0.008096762126439167
group_15564,0.0040650068581404054
group_15565,0.004065006858140406
group_15566,0.0020366598778004067
group_15567,0.010100170414397938
group_15568,0.01010017041439794
group_15569,0.006085040941019989
group_1557,0.016060517893511785
group_15570,0.0040650068581404054
group_15571,0.014082048297934243
group_15572,0.006085040941019992
group_15573,0.008096762126439167
group_15574,0.012095265804896291
group_15575,0.014082048297934243
group_15576,0.01803067459162891
group_15577,0.004065006858140407
group_15578,0.004065006858140407
group_15579,0.004065006858140407
group_1558,0.06282056610831707
group_15580,0.00608504094101999
group_15581,0.00608504094101999
group_15582,0.00608504094101999
group_15583,0.004065006858140407
group_15584,0.008096762126439167
group_15585,0.004065006858140406
group_15586,0.004065006858140406
group_15587,0.008096762126439167
group_15588,0.008096762126439167
group_15589,0.008096762126439167
group_1559,0.004065006858140406
group_15590,0.008096762126439167
group_15591,0.008096762126439169
group_15592,0.006085040941019991
group_15593,0.008096762126439169
group_15594,0.06982002576998211
group_15595,0.00608504094101999
group_15596,0.00608504094101999
group_15597,0.006085040941019991
group_15598,0.008096762126439167
group_15599,0.008096762126439167
group_156,0.006085040941019991
group_1560,0.01999251839228563
group_15600,0.00608504094101999
group_15601,0.010100170414397938
group_15602,0.0040650068581404054
group_15603,0.002036659877800407
group_15604,0.002036659877800407
group_15605,0.002036659877800407
group_15606,0.006085040941019992
group_15607,0.016060517893511785
group_15608,0.006085040941019993
group_15609,0.008096762126439169
group_1561,0.014082048297934243
group_15610,0.008096762126439169
group_15611,0.00608504094101999
group_15612,0.006085040941019993
group_15613,0.008096762126439165
group_15614,0.01209526580489629
group_15615,0.01010017041439794
group_15616,0.004065006858140406
group_15617,0.03158901034955734
group_15618,0.016060517893511782
group_15619,0.01408204829793424
group_1562,0.0040650068581404054
group_15620,0.008096762126439167
group_15621,0.01803067459162891
group_15622,0.021946049295481933
group_15623,0.01010017041439794
group_15624,0.006085040941019991
group_15625,0.006085040941019989
group_15626,0.008096762126439167
group_15627,0.008096762126439167
group_15628,0.008096762126439167
group_15629,0.008096762126439167
group_1563,0.010100170414397938
group_15630,0.006085040941019991
group_15631,0.006085040941019991
group_15632,0.006085040941019991
group_15633,0.006085040941019991
group_15634,0.006085040941019991
group_15635,0.008096762126439167
group_15636,0.006085040941019991
group_15637,0.0040650068581404054
group_15638,0.004065006858140407
group_15639,0.004065006858140406
group_1564,0.002036659877800407
group_15640,0.008096762126439167
group_15641,0.006085040941019991
group_15642,0.008096762126439169
group_15643,0.004065006858140406
group_15644,0.004065006858140406
group_15645,0.004065006858140406
group_15646,0.004065006858140406
group_15647,0.004065006858140406
group_15648,0.004065006858140406
group_15649,0.008096762126439169
group_1565,0.0020366598778004067
group_15650,0.008096762126439169
group_15651,0.006085040941019991
group_15652,0.004065006858140406
group_15653,0.006085040941019991
group_15654,0.004065006858140406
group_15655,0.006085040941019991
group_15656,0.008096762126439169
group_15657,0.004065006858140407
group_15658,0.006085040941019991
group_15659,0.004065006858140407
group_1566,0.004065006858140406
group_15660,0.0040650068581404054
group_15661,0.016060517893511785
group_15662,0.008096762126439167
group_15663,0.012095265804896293
group_15664,0.0020366598778004067
group_15665,0.0040650068581404054
group_15666,0.0040650068581404054
group_15667,0.01408204829793424
group_15668,0.016060517893511785
group_15669,0.004065006858140406
group_1567,0.025828172409493335
group_15670,0.004065006858140406
group_15671,0.014082048297934241
group_15672,0.010100170414397938
group_15673,0.008096762126439167
group_15674,0.004065006858140407
group_15675,0.006085040941019992
group_15676,0.006085040941019992
group_15677,0.008096762126439167
group_15678,0.006085040941019991
group_15679,0.006085040941019991
group_1568,0.002036659877800407
group_15680,0.002036659877800407
group_15681,0.004065006858140407
group_15682,0.004065006858140406
group_15683,0.01010017041439794
group_15684,0.004065006858140407
group_15685,0.004065006858140407
group_15686,0.008096762126439167
group_15687,0.006085040941019989
group_15688,0.004065006858140407
group_15689,0.00608504094101999
group_1569,0.01010017041439794
group_15690,0.008096762126439167
group_15691,0.00608504094101999
group_15692,0.014082048297934243
group_15693,0.008096762126439169
group_15694,0.004065006858140406
group_15695,0.029677043933663074
group_15696,0.00608504094101999
group_15697,0.027756764620308415
group_15698,0.01010017041439794
group_15699,0.004065006858140407
group_157,0.010100170414397938
group_1570,0.012095265804896291
group_15700,0.008096762126439167
group_15701,0.006085040941019991
group_15702,0.004065006858140407
group_15703,0.021946049295481933
group_15704,0.01803067459162891
group_15705,0.01803067459162891
group_15706,0.01803067459162891
group_15707,0.021946049295481933
group_15708,0.008096762126439169
group_15709,0.008096762126439169
group_1571,0.004065006858140406
group_15710,0.006085040941019988
group_15711,0.008096762126439167
group_15712,0.006085040941019991
group_15713,0.006085040941019992
group_15714,0.006085040941019991
group_15715,0.006085040941019991
group_15716,0.006085040941019991
group_15717,0.004065006858140407
group_15718,0.004065006858140407
group_15719,0.023891267301217843
group_1572,0.0020366598778004067
group_15720,0.004065006858140407
group_15721,0.008096762126439167
group_15722,0.008096762126439167
group_15723,0.008096762126439167
group_15724,0.008096762126439167
group_15725,0.004065006858140406
group_15726,0.004065006858140407
group_15727,0.006085040941019992
group_15728,0.008096762126439165
group_15729,0.00608504094101999
group_1573,0.004065006858140407
group_15730,0.004065006858140407
group_15731,0.008096762126439167
group_15732,0.004065006858140407
group_15733,0.006085040941019991
group_15734,0.002036659877800407
group_15735,0.004065006858140407
group_15736,0.006085040941019991
group_15737,0.006085040941019991
group_15738,0.004065006858140407
group_15739,0.008096762126439165
group_1574,0.019992518392285632
group_15740,0.016060517893511785
group_15741,0.016060517893511785
group_15742,0.01999251839228563
group_15743,0.004065006858140406
group_15744,0.002036659877800407
group_15745,0.035388004488964626
group_15746,0.010100170414397938
group_15747,0.006085040941019992
group_15748,0.010100170414397938
group_15749,0.01408204829793424
group_1575,0.057483685938733944
group_15750,0.012095265804896291
group_15751,0.008096762126439169
group_15752,0.012095265804896291
group_15753,0.016060517893511782
group_15754,0.004065006858140406
group_15755,0.008096762126439167
group_15756,0.00608504094101999
group_15757,0.014082048297934241
group_15758,0.02582817240949334
group_15759,0.004065006858140407
group_1576,0.02582817240949334
group_15760,0.004065006858140406
group_15761,0.008096762126439167
group_15762,0.04288623799825429
group_15763,0.033492663867991185
group_15764,0.006085040941019992
group_15765,0.006085040941019992
group_15766,0.006085040941019992
group_15767,0.006085040941019992
group_15768,0.006085040941019992
group_15769,0.006085040941019992
group_1577,0.01999251839228563
group_15770,0.006085040941019992
group_15771,0.006085040941019992
group_15772,0.006085040941019992
group_15773,0.016060517893511782
group_15774,0.006085040941019991
group_15775,0.01999251839228563
group_15776,0.00608504094101999
group_15777,0.002036659877800407
group_15778,0.012095265804896293
group_15779,0.012095265804896295
group_1578,0.008096762126439167
group_15780,0.012095265804896293
group_15781,0.008096762126439167
group_15782,0.021946049295481933
group_15783,0.00608504094101999
group_15784,0.006085040941019989
group_15785,0.010100170414397938
group_15786,0.004065006858140407
group_15787,0.04288623799825429
group_15788,0.0020366598778004067
group_15789,0.014082048297934245
group_1579,0.006085040941019991
group_15790,0.004065006858140407
group_15791,0.008096762126439167
group_15792,0.006085040941019993
group_15793,0.03915374703853028
group_15794,0.012095265804896291
group_15795,0.014082048297934241
group_15796,0.016060517893511785
group_15797,0.01010017041439794
group_15798,0.012095265804896291
group_15799,0.004065006858140407
group_158,0.004065006858140406
group_1580,0.012095265804896293
group_15800,0.01803067459162891
group_15801,0.006085040941019992
group_15802,0.03158901034955734
group_15803,0.008096762126439167
group_15804,0.010100170414397938
group_15805,0.010100170414397938
group_15806,0.01803067459162891
group_15807,0.004065006858140406
group_15808,0.004065006858140407
group_15809,0.008096762126439167
group_1581,0.008096762126439169
group_15810,0.010100170414397938
group_15811,0.004065006858140406
group_15812,0.00608504094101999
group_15813,0.016060517893511782
group_15814,0.004065006858140406
group_15815,0.006085040941019991
group_15816,0.008096762126439167
group_15817,0.008096762126439169
group_15818,0.004065006858140407
group_15819,0.00608504094101999
group_1582,0.008096762126439165
group_15820,0.00608504094101999
group_15821,0.006085040941019991
group_15822,0.012095265804896293
group_15823,0.012095265804896291
group_15824,0.016060517893511782
group_15825,0.004065006858140406
group_15826,0.010100170414397938
group_15827,0.004065006858140407
group_15828,0.004065006858140406
group_15829,0.02194604929548193
group_1583,0.004065006858140406
group_15830,0.03349266386799119
group_15831,0.006085040941019993
group_15832,0.008096762126439169
group_15833,0.004065006858140406
group_15834,0.004065006858140406
group_15835,0.004065006858140406
group_15836,0.016060517893511785
group_15837,0.008096762126439169
group_15838,0.006085040941019991
group_15839,0.004065006858140406
group_1584,0.002036659877800407
group_15840,0.010100170414397938
group_15841,0.010100170414397938
group_15842,0.004065006858140407
group_15843,0.006085040941019991
group_15844,0.004065006858140407
group_15845,0.008096762126439167
group_15846,0.004065006858140406
group_15847,0.010100170414397938
group_15848,0.006085040941019991
group_15849,0.00608504094101999
group_1585,0.002036659877800407
group_15850,0.021946049295481933
group_15851,0.0663369217340704
group_15852,0.029677043933663074
group_15853,0.006085040941019991
group_15854,0.010100170414397938
group_15855,0.008096762126439169
group_15856,0.014082048297934241
group_15857,0.008096762126439167
group_15858,0.006085040941019993
group_15859,0.006085040941019991
group_1586,0.002036659877800407
group_15860,0.00608504094101999
group_15861,0.0040650068581404054
group_15862,0.012095265804896291
group_15863,0.008096762126439167
group_15864,0.03727503221247766
group_15865,0.008096762126439167
group_15866,0.01010017041439794
group_15867,0.014082048297934241
group_15868,0.002036659877800407
group_15869,0.01010017041439794
group_1587,0.004065006858140407
group_15870,0.006085040941019991
group_15871,0.00608504094101999
group_15872,0.01010017041439794
group_15873,0.004065006858140406
group_15874,0.016060517893511785
group_15875,0.01010017041439794
group_15876,0.016060517893511782
group_15877,0.004065006858140406
group_15878,0.029677043933663074
group_15879,0.008096762126439167
group_1588,0.0663369217340704
group_15880,0.00608504094101999
group_15881,0.008096762126439167
group_15882,0.01803067459162891
group_15883,0.01999251839228563
group_15884,0.012095265804896291
group_15885,0.01408204829793424
group_15886,0.008096762126439169
group_15887,0.008096762126439167
group_15888,0.01010017041439794
group_15889,0.016060517893511782
group_1589,0.016060517893511785
group_15890,0.02582817240949334
group_15891,0.014082048297934241
group_15892,0.00608504094101999
group_15893,0.018030674591628906
group_15894,0.00608504094101999
group_15895,0.00608504094101999
group_15896,0.008096762126439167
group_15897,0.004065006858140407
group_15898,0.006085040941019991
group_15899,0.008096762126439167
group_159,0.03158901034955734
group_1590,0.22618562700029096
group_15900,0.014082048297934241
group_15901,0.008096762126439167
group_15902,0.018030674591628906
group_15903,0.01010017041439794
group_15904,0.010100170414397938
group_15905,0.00608504094101999
group_15906,0.010100170414397938
group_15907,0.004065006858140406
group_15908,0.010100170414397938
group_15909,0.008096762126439169
group_1591,0.15129473377945882
group_15910,0.025828172409493335
group_15911,0.006085040941019991
group_15912,0.014082048297934243
group_15913,0.01803067459162891
group_15914,0.006085040941019991
group_15915,0.033492663867991185
group_15916,0.0834199260152126
group_15917,0.04842262770688724
group_15918,0.021946049295481936
group_15919,0.008096762126439167
group_1592,0.008096762126439169
group_15920,0.00608504094101999
group_15921,0.00608504094101999
group_15922,0.008096762126439167
group_15923,0.010100170414397938
group_15924,0.004065006858140406
group_15925,0.01803067459162891
group_15926,0.01408204829793424
group_15927,0.006085040941019989
group_15928,0.029677043933663074
group_15929,0.012095265804896291
group_1593,0.002036659877800407
group_15930,0.008096762126439167
group_15931,0.01999251839228563
group_15932,0.008096762126439165
group_15933,0.00608504094101999
group_15934,0.033492663867991185
group_15935,0.004065006858140406
group_15936,0.012095265804896293
group_15937,0.01999251839228563
group_15938,0.016060517893511785
group_15939,0.004065006858140406
group_1594,0.002036659877800407
group_15940,0.010100170414397938
group_15941,0.01010017041439794
group_15942,0.012095265804896291
group_15943,0.021946049295481933
group_15944,0.012095265804896291
group_15945,0.008096762126439167
group_15946,0.004065006858140407
group_15947,0.006085040941019992
group_15948,0.006085040941019993
group_15949,0.008096762126439167
group_1595,0.004065006858140406
group_15950,0.012095265804896291
group_15951,0.00608504094101999
group_15952,0.012095265804896295
group_15953,0.010100170414397938
group_15954,0.014082048297934241
group_15955,0.004065006858140406
group_15956,0.008096762126439167
group_15957,0.016060517893511785
group_15958,0.006085040941019989
group_15959,0.004065006858140406
group_1596,0.01209526580489629
group_15960,0.010100170414397938
group_15961,0.01209526580489629
group_15962,0.006085040941019991
group_15963,0.016060517893511785
group_15964,0.008096762126439167
group_15965,0.006085040941019991
group_15966,0.029677043933663074
group_15967,0.01803067459162891
group_15968,0.006085040941019991
group_15969,0.010100170414397938
group_1597,0.002036659877800407
group_15970,0.0663369217340704
group_15971,0.014082048297934241
group_15972,0.010100170414397938
group_15973,0.008096762126439167
group_15974,0.010100170414397938
group_15975,0.010100170414397938
group_15976,0.006085040941019992
group_15977,0.004065006858140407
group_15978,0.016060517893511785
group_15979,0.012095265804896295
group_1598,0.0040650068581404054
group_15980,0.029677043933663074
group_15981,0.023891267301217843
group_15982,0.025828172409493335
group_15983,0.00608504094101999
group_15984,0.01209526580489629
group_15985,0.006085040941019991
group_15986,0.008096762126439167
group_15987,0.02582817240949334
group_15988,0.008096762126439167
group_15989,0.012095265804896291
group_1599,0.002036659877800407
group_15990,0.010100170414397938
group_15991,0.006085040941019991
group_15992,0.006085040941019993
group_15993,0.012095265804896291
group_15994,0.014082048297934241
group_15995,0.010100170414397938
group_15996,0.006085040941019989
group_15997,0.006085040941019989
group_15998,0.008096762126439167
group_15999,0.006085040941019991
group_16,0.023891267301217843
group_160,0.023891267301217843
group_1600,0.24996051373706304
group_16000,0.012095265804896291
group_16001,0.016060517893511785
group_16002,0.004065006858140407
group_16003,0.008096762126439167
group_16004,0.006085040941019993
group_16005,0.07154910844174737
group_16006,0.006085040941019992
group_16007,0.02582817240949334
group_16008,0.04102414896712249
group_16009,0.006085040941019989
group_1601,0.04102414896712249
group_16010,0.01010017041439794
group_16011,0.03727503221247766
group_16012,0.00608504094101999
group_16013,0.006085040941019993
group_16014,0.006085040941019993
group_16015,0.006085040941019993
group_16016,0.006085040941019993
group_16017,0.006085040941019993
group_16018,0.008096762126439167
group_16019,0.023891267301217843
group_1602,0.05388420133837647
group_16020,0.006085040941019989
group_16021,0.03158901034955734
group_16022,0.004065006858140407
group_16023,0.006085040941019991
group_16024,0.006085040941019991
group_16025,0.006085040941019991
group_16026,0.016060517893511785
group_16027,0.010100170414397938
group_16028,0.01803067459162891
group_16029,0.061049918949249764
group_1603,0.002036659877800407
group_16030,0.008096762126439169
group_16031,0.006085040941019991
group_1604,0.004065006858140407
group_1605,0.016060517893511785
group_1606,0.016060517893511785
group_1607,0.24801529573132716
group_1608,0.1282596949166632
group_1609,0.19883619435554262
group_161,0.010100170414397938
group_1610,0.004065006858140407
group_1611,0.004065006858140407
group_1612,0.006085040941019992
group_1613,0.0020366598778004067
group_1614,0.002036659877800407
group_1615,0.008096762126439169
group_1616,0.014082048297934238
group_1617,0.002036659877800407
group_1618,0.029677043933663074
group_1619,0.0020366598778004067
group_162,0.004065006858140407
group_1620,0.012095265804896293
group_1621,0.00608504094101999
group_1622,0.0020366598778004067
group_1623,0.0020366598778004067
group_1624,0.01010017041439794
group_1625,0.08508250550729456
group_1626,0.0020366598778004067
group_1627,0.07838231015420423
group_1628,0.004065006858140406
group_1629,0.002036659877800407
group_163,0.002036659877800407
group_1630,0.006085040941019991
group_1631,0.0
group_1632,0.14740429776798705
group_1633,0.00608504094101999
group_1634,0.02194604929548193
group_1635,0.0020366598778004067
group_1636,0.07154910844174737
group_1637,0.00608504094101999
group_1638,0.004065006858140407
group_1639,0.008096762126439167
group_164,0.0020366598778004067
group_1640,0.014082048297934241
group_1641,0.02775676462030841
group_1642,0.0020366598778004067
group_1643,0.014082048297934238
group_1644,0.02582817240949334
group_1645,0.021946049295481933
group_1646,0.0020366598778004067
group_1647,0.0020366598778004067
group_1648,0.004065006858140406
group_1649,0.0020366598778004067
group_165,0.061049918949249764
group_1650,0.08673677210191613
group_1651,0.010100170414397938
group_1652,0.021946049295481933
group_1653,0.012095265804896293
group_1654,0.008096762126439169
group_1655,0.027756764620308415
group_1656,0.16491957271707058
group_1657,0.01010017041439794
group_1658,0.0020366598778004067
group_1659,0.021946049295481933
group_166,0.06633692173407038
group_1660,0.11358743089903987
group_1661,0.004065006858140407
group_1662,0.06282056610831709
group_1663,0.027756764620308415
group_1664,0.01209526580489629
group_1665,0.01999251839228563
group_1666,0.004065006858140408
group_1667,0.00608504094101999
group_1668,0.002036659877800407
group_1669,0.002036659877800407
group_167,0.004065006858140406
group_1670,0.0
group_1671,0.15129473377945882
group_1672,0.004065006858140408
group_1673,0.039153747038530286
group_1674,0.004065006858140407
group_1675,0.010100170414397938
group_1676,0.010100170414397938
group_1677,0.004065006858140408
group_1678,0.010100170414397938
group_1679,0.021946049295481933
group_168,0.00608504094101999
group_1680,0.0020366598778004067
group_1681,0.004065006858140407
group_1682,0.002036659877800407
group_1683,0.004065006858140407
group_1684,0.002036659877800407
group_1685,0.006085040941019991
group_1686,0.002036659877800407
group_1687,0.0020366598778004067
group_1688,0.002036659877800407
group_1689,0.02775676462030841
group_169,0.00608504094101999
group_1690,0.002036659877800407
group_1691,0.002036659877800407
group_1692,0.008096762126439169
group_1693,0.002036659877800407
group_1694,0.012095265804896291
group_1695,0.002036659877800407
group_1696,0.002036659877800407
group_1697,0.0020366598778004067
group_1698,0.2006733446942932
group_1699,0.01999251839228563
group_17,0.04288623799825429
group_170,0.06633692173407038
group_1700,0.0020366598778004067
group_1701,0.004065006858140406
group_1702,0.00809676212643917
group_1703,0.002036659877800407
group_1704,0.00608504094101999
group_1705,0.13528409327070956
group_1706,0.002036659877800407
group_1707,0.04842262770688723
group_1708,0.01010017041439794
group_1709,0.002036659877800407
group_171,0.004065006858140406
group_1710,0.002036659877800407
group_1711,0.002036659877800407
group_1712,0.008096762126439167
group_1713,0.002036659877800407
group_1714,0.002036659877800407
group_1715,0.002036659877800407
group_1716,0.002036659877800407
group_1717,0.002036659877800407
group_1718,0.008096762126439169
group_1719,0.002036659877800407
group_172,0.0040650068581404054
group_1720,0.012095265804896295
group_1721,0.09488341161311774
group_1722,0.004065006858140406
group_1723,0.0020366598778004067
group_1724,0.010100170414397938
group_1725,0.0020366598778004067
group_1726,0.0020366598778004067
group_1727,0.002036659877800407
group_1728,0.002036659877800407
group_1729,0.00809676212643917
group_173,0.24584562949416025
group_1730,0.15129473377945882
group_1731,0.13803566233010514
group_1732,0.0020366598778004067
group_1733,0.002036659877800407
group_1734,0.002036659877800407
group_1735,0.002036659877800407
group_1736,0.0020366598778004067
group_1737,0.002036659877800407
group_1738,0.004065006858140406
group_1739,0.002036659877800407
group_174,0.01999251839228563
group_1740,0.002036659877800407
group_1741,0.002036659877800407
group_1742,0.03727503221247766
group_1743,0.08673677210191616
group_1744,0.03538800448896462
group_1745,0.004065006858140407
group_1746,0.002036659877800407
group_1747,0.0020366598778004067
group_1748,0.004065006858140407
group_1749,0.002036659877800407
group_175,0.13528409327070956
group_1750,0.002036659877800407
group_1751,0.01999251839228563
group_1752,0.25042603599484603
group_1753,0.01010017041439794
group_1754,0.018030674591628906
group_1755,0.006085040941019991
group_1756,0.004065006858140406
group_1757,0.16008146639511198
group_1758,0.004065006858140407
group_1759,0.010100170414397938
group_176,0.061049918949249764
group_1760,0.0020366598778004067
group_1761,0.014082048297934241
group_1762,0.07838231015420423
group_1763,0.004065006858140406
group_1764,0.002036659877800407
group_1765,0.002036659877800407
group_1766,0.002036659877800407
group_1767,0.002036659877800407
group_1768,0.02582817240949334
group_1769,0.008096762126439165
group_177,0.15885115757097137
group_1770,0.06808263020075646
group_1771,0.04842262770688723
group_1772,0.008096762126439165
group_1773,0.0020366598778004067
group_1774,0.002036659877800407
group_1775,0.010100170414397938
group_1776,0.004065006858140406
group_1777,0.0020366598778004067
group_1778,0.002036659877800407
group_1779,0.0020366598778004067
group_178,0.09488341161311774
group_1780,0.01803067459162891
group_1781,0.004065006858140406
group_1782,0.01999251839228563
group_1783,0.006085040941019991
group_1784,0.002036659877800407
group_1785,0.002036659877800407
group_1786,0.002036659877800407
group_1787,0.13109439295066294
group_1788,0.002036659877800407
group_1789,0.016060517893511785
group_179,0.008096762126439167
group_1790,0.004065006858140406
group_1791,0.0020366598778004067
group_1792,0.02389126730121784
group_1793,0.03727503221247766
group_1794,0.039153747038530286
group_1795,0.002036659877800407
group_1796,0.014082048297934241
group_1797,0.002036659877800407
group_1798,0.002036659877800407
group_1799,0.0020366598778004067
group_18,0.1500062346730953
group_180,0.1447691092730371
group_1800,0.004065006858140407
group_1801,0.002036659877800407
group_1802,0.006085040941019992
group_1803,0.004065006858140407
group_1804,0.01010017041439794
group_1805,0.006085040941019991
group_1806,0.016060517893511782
group_1807,0.004065006858140408
group_1808,0.002036659877800407
group_1809,0.002036659877800407
group_181,0.006085040941019991
group_1810,0.012095265804896295
group_1811,0.002036659877800407
group_1812,0.07326987821605219
group_1813,0.002036659877800407
group_1814,0.004065006858140406
group_1815,0.002036659877800407
group_1816,0.002036659877800407
group_1817,0.004065006858140407
group_1818,0.03158901034955734
group_1819,0.02582817240949334
group_182,0.1637225154827715
group_1820,0.1576125358493703
group_1821,0.004065006858140408
group_1822,0.1576125358493703
group_1823,0.002036659877800407
group_1824,0.002036659877800407
group_1825,0.06808263020075646
group_1826,0.004065006858140406
group_1827,0.15129473377945882
group_1828,0.006085040941019991
group_1829,0.002036659877800407
group_183,0.0834199260152126
group_1830,0.002036659877800407
group_1831,0.11807639552766115
group_1832,0.002036659877800407
group_1833,0.0
group_1834,0.021946049295481933
group_1835,0.002036659877800407
group_1836,0.15257491998836195
group_1837,0.13109439295066294
group_1838,0.0020366598778004067
group_1839,0.002036659877800407
group_184,0.014082048297934243
group_1840,0.002036659877800407
group_1841,0.0
group_1842,0.0020366598778004067
group_1843,0.002036659877800407
group_1844,0.0040650068581404054
group_1845,0.13939897751361238
group_1846,0.004065006858140407
group_1847,0.004065006858140407
group_1848,0.002036659877800407
group_1849,0.17078016542665944
group_185,0.004065006858140406
group_1850,0.03727503221247766
group_1851,0.061049918949249764
group_1852,0.03538800448896462
group_1853,0.004065006858140406
group_1854,0.15885115757097137
group_1855,0.0020366598778004067
group_1856,0.01010017041439794
group_1857,0.008096762126439167
group_1858,0.004065006858140406
group_1859,0.01999251839228563
group_186,0.004065006858140406
group_1860,0.016060517893511785
group_1861,0.012095265804896293
group_1862,0.002036659877800407
group_1863,0.006085040941019991
group_1864,0.012095265804896291
group_1865,0.012095265804896291
group_1866,0.006085040941019991
group_1867,0.021946049295481933
group_1868,0.006085040941019991
group_1869,0.010100170414397938
group_187,0.06282056610831706
group_1870,0.006085040941019991
group_1871,0.04842262770688724
group_1872,0.006085040941019989
group_1873,0.004065006858140407
group_1874,0.04842262770688724
group_1875,0.002036659877800407
group_1876,0.00608504094101999
group_1877,0.004065006858140407
group_1878,0.13803566233010514
group_1879,0.004065006858140407
group_188,0.002036659877800407
group_1880,0.13109439295066294
group_1881,0.004065006858140407
group_1882,0.006085040941019991
group_1883,0.08838272579907729
group_1884,0.018030674591628906
group_1885,0.014082048297934238
group_1886,0.004065006858140406
group_1887,0.019992518392285625
group_1888,0.002036659877800407
group_1889,0.01209526580489629
group_189,0.16130346232179227
group_1890,0.004065006858140408
group_1891,0.006085040941019991
group_1892,0.0020366598778004067
group_1893,0.004065006858140406
group_1894,0.002036659877800407
group_1895,0.002036659877800407
group_1896,0.002036659877800407
group_1897,0.004065006858140407
group_1898,0.002036659877800407
group_1899,0.0020366598778004067
group_19,0.18187788353630654
group_190,0.0040650068581404054
group_1900,0.002036659877800407
group_1901,0.01408204829793424
group_1902,0.20768943015087912
group_1903,0.002036659877800407
group_1904,0.0020366598778004067
group_1905,0.002036659877800407
group_1906,0.248763456502764
group_1907,0.002036659877800407
group_1908,0.002036659877800407
group_1909,0.002036659877800407
group_191,0.004065006858140408
group_1910,0.004065006858140406
group_1911,0.002036659877800407
group_1912,0.002036659877800407
group_1913,0.0040650068581404054
group_1914,0.002036659877800407
group_1915,0.006085040941019992
group_1916,0.004065006858140406
group_1917,0.004065006858140406
group_1918,0.002036659877800407
group_1919,0.004065006858140406
group_192,0.0
group_1920,0.004065006858140406
group_1921,0.002036659877800407
group_1922,0.0020366598778004067
group_1923,0.002036659877800407
group_1924,0.24466519805478204
group_1925,0.014082048297934241
group_1926,0.002036659877800407
group_1927,0.004065006858140406
group_1928,0.00809676212643917
group_1929,0.006085040941019988
group_193,0.12968120038239328
group_1930,0.002036659877800407
group_1931,0.012095265804896293
group_1932,0.006085040941019991
group_1933,0.0020366598778004067
group_1934,0.004065006858140406
group_1935,0.002036659877800407
group_1936,0.20852903279438045
group_1937,0.09488341161311774
group_1938,0.01999251839228563
group_1939,0.00809676212643917
group_194,0.24073319755600817
group_1940,0.014082048297934241
group_1941,0.03158901034955734
group_1942,0.01010017041439794
group_1943,0.21494658963381685
group_1944,0.03915374703853028
group_1945,0.05388420133837649
group_1946,0.018030674591628913
group_1947,0.248214805270377
group_1948,0.18504509746872275
group_1949,0.027756764620308412
group_195,0.01999251839228563
group_1950,0.008096762126439165
group_1951,0.17531900744004322
group_1952,0.027756764620308412
group_1953,0.0020366598778004067
group_1954,0.0020366598778004067
group_1955,0.0
group_1956,0.012095265804896293
group_1957,0.002036659877800407
group_1958,0.012095265804896293
group_1959,0.006085040941019991
group_196,0.05207198969200715
group_1960,0.15129473377945882
group_1961,0.0020366598778004067
group_1962,0.0663369217340704
group_1963,0.00608504094101999
group_1964,0.004065006858140406
group_1965,0.004065006858140406
group_1966,0.012095265804896293
group_1967,0.006085040941019989
group_1968,0.002036659877800407
group_1969,0.002036659877800407
group_197,0.2109979633401222
group_1970,0.004065006858140407
group_1971,0.0020366598778004067
group_1972,0.01010017041439794
group_1973,0.012095265804896293
group_1974,0.008096762126439167
group_1975,0.0020366598778004067
group_1976,0.0020366598778004067
group_1977,0.016060517893511782
group_1978,0.0020366598778004067
group_1979,0.13249927262147224
group_198,0.06982002576998211
group_1980,0.004065006858140406
group_1981,0.002036659877800407
group_1982,0.0020366598778004067
group_1983,0.0020366598778004067
group_1984,0.0020366598778004067
group_1985,0.002036659877800407
group_1986,0.006085040941019991
group_1987,0.002036659877800407
group_1988,0.004065006858140406
group_1989,0.002036659877800407
group_199,0.02389126730121784
group_1990,0.002036659877800407
group_1991,0.010100170414397938
group_1992,0.002036659877800407
group_1993,0.02582817240949334
group_1994,0.004065006858140406
group_1995,0.055688100087285426
group_1996,0.002036659877800407
group_1997,0.002036659877800407
group_1998,0.004065006858140406
group_1999,0.010100170414397938
group_2,0.004065006858140406
group_20,0.002036659877800407
group_200,0.15129473377945882
group_2000,0.029677043933663074
group_2001,0.002036659877800407
group_2002,0.021946049295481933
group_2003,0.0020366598778004067
group_2004,0.002036659877800407
group_2005,0.002036659877800407
group_2006,0.006085040941019991
group_2007,0.0020366598778004067
group_2008,0.002036659877800407
group_2009,0.002036659877800407
group_201,0.01209526580489629
group_2010,0.012095265804896291
group_2011,0.004065006858140406
group_2012,0.002036659877800407
group_2013,0.002036659877800407
group_2014,0.008096762126439167
group_2015,0.004065006858140406
group_2016,0.002036659877800407
group_2017,0.004065006858140406
group_2018,0.002036659877800407
group_2019,0.002036659877800407
group_202,0.18187788353630654
group_2020,0.002036659877800407
group_2021,0.00608504094101999
group_2022,0.002036659877800407
group_2023,0.002036659877800407
group_2024,0.002036659877800407
group_2025,0.01803067459162891
group_2026,0.1447691092730371
group_2027,0.02389126730121784
group_2028,0.15511035371378695
group_2029,0.012095265804896291
group_203,0.02194604929548193
group_2030,0.004065006858140406
group_2031,0.0996716405503138
group_2032,0.17306621222827215
group_2033,0.16728874849328734
group_2034,0.10902365019327487
group_2035,0.01209526580489629
group_2036,0.002036659877800407
group_2037,0.010100170414397938
group_2038,0.002036659877800407
group_2039,0.004065006858140406
group_204,0.12825969491666322
group_2040,0.004065006858140406
group_2041,0.012095265804896293
group_2042,0.008096762126439169
group_2043,0.0020366598778004067
group_2044,0.004065006858140406
group_2045,0.002036659877800407
group_2046,0.02582817240949334
group_2047,0.002036659877800407
group_2048,0.002036659877800407
group_2049,0.019992518392285632
group_205,0.014082048297934238
group_2050,0.004065006858140406
group_2051,0.004065006858140406
group_2052,0.019992518392285632
group_2053,0.002036659877800407
group_2054,0.15129473377945882
group_2055,0.03349266386799119
group_2056,0.002036659877800407
group_2057,0.20768943015087915
group_2058,0.004065006858140408
group_2059,0.05568810008728542
group_206,0.029677043933663074
group_2060,0.0020366598778004067
group_2061,0.0020366598778004067
group_2062,0.0020366598778004067
group_2063,0.006085040941019991
group_2064,0.0020366598778004067
group_2065,0.004065006858140408
group_2066,0.006085040941019991
group_2067,0.0020366598778004067
group_2068,0.0020366598778004067
group_2069,0.004065006858140406
group_207,0.0040650068581404054
group_2070,0.016060517893511785
group_2071,0.004065006858140407
group_2072,0.0040650068581404054
group_2073,0.004065006858140406
group_2074,0.002036659877800407
group_2075,0.0020366598778004067
group_2076,0.004065006858140408
group_2077,0.012095265804896293
group_2078,0.021946049295481933
group_2079,0.004065006858140406
group_208,0.24937861091483435
group_2080,0.008096762126439169
group_2081,0.002036659877800407
group_2082,0.002036659877800407
group_2083,0.002036659877800407
group_2084,0.039153747038530286
group_2085,0.002036659877800407
group_2086,0.012095265804896291
group_2087,0.01999251839228563
group_2088,0.0020366598778004067
group_2089,0.012095265804896291
group_209,0.006085040941019991
group_2090,0.00608504094101999
group_2091,0.002036659877800407
group_2092,0.002036659877800407
group_2093,0.004065006858140406
group_2094,0.002036659877800407
group_2095,0.002036659877800407
group_2096,0.012095265804896291
group_2097,0.004065006858140406
group_2098,0.03915374703853028
group_2099,0.17192734527619602
group_21,0.03538800448896462
group_210,0.002036659877800407
group_2100,0.0020366598778004067
group_2101,0.04288623799825429
group_2102,0.01999251839228563
group_2103,0.016060517893511785
group_2104,0.002036659877800407
group_2105,0.012095265804896293
group_2106,0.11055322332599027
group_2107,0.04842262770688723
group_2108,0.002036659877800407
group_2109,0.0020366598778004067
group_211,0.01408204829793424
group_2110,0.03158901034955734
group_2111,0.0020366598778004067
group_2112,0.010100170414397938
group_2113,0.002036659877800407
group_2114,0.006085040941019991
group_2115,0.002036659877800407
group_2116,0.0020366598778004067
group_2117,0.00809676212643917
group_2118,0.00809676212643917
group_2119,0.002036659877800407
group_212,0.04474001413192567
group_2120,0.008096762126439167
group_2121,0.0020366598778004067
group_2122,0.004065006858140407
group_2123,0.05207198969200714
group_2124,0.07838231015420423
group_2125,0.03915374703853028
group_2126,0.00608504094101999
group_2127,0.021946049295481933
group_2128,0.01803067459162891
group_2129,0.002036659877800407
group_213,0.016060517893511782
group_2130,0.002036659877800407
group_2131,0.0020366598778004067
group_2132,0.006085040941019991
group_2133,0.004065006858140407
group_2134,0.012095265804896296
group_2135,0.012095265804896295
group_2136,0.012095265804896295
group_2137,0.006085040941019991
group_2138,0.0020366598778004067
group_2139,0.025828172409493335
group_214,0.03538800448896462
group_2140,0.002036659877800407
group_2141,0.0020366598778004067
group_2142,0.0020366598778004067
group_2143,0.0020366598778004067
group_2144,0.01999251839228563
group_2145,0.0020366598778004067
group_2146,0.006085040941019991
group_2147,0.004065006858140407
group_2148,0.002036659877800407
group_2149,0.12968120038239328
group_215,0.004065006858140407
group_2150,0.0020366598778004067
group_2151,0.004065006858140406
group_2152,0.006085040941019991
group_2153,0.004065006858140407
group_2154,0.021946049295481933
group_2155,0.010100170414397938
group_2156,0.19975892597364814
group_2157,0.002036659877800407
group_2158,0.002036659877800407
group_2159,0.05927095889272205
group_216,0.004065006858140406
group_2160,0.002036659877800407
group_2161,0.006085040941019992
group_2162,0.008096762126439167
group_2163,0.002036659877800407
group_2164,0.004065006858140406
group_2165,0.002036659877800407
group_2166,0.002036659877800407
group_2167,0.002036659877800407
group_2168,0.0020366598778004067
group_2169,0.006085040941019991
group_217,0.008096762126439167
group_2170,0.004065006858140406
group_2171,0.002036659877800407
group_2172,0.002036659877800407
group_2173,0.033492663867991185
group_2174,0.002036659877800407
group_2175,0.10438505341036618
group_2176,0.002036659877800407
group_2177,0.01010017041439794
group_2178,0.002036659877800407
group_2179,0.004065006858140406
group_218,0.006085040941019989
group_2180,0.002036659877800407
group_2181,0.08341992601521261
group_2182,0.0020366598778004067
group_2183,0.01803067459162891
group_2184,0.002036659877800407
group_2185,0.002036659877800407
group_2186,0.002036659877800407
group_2187,0.0040650068581404054
group_2188,0.002036659877800407
group_2189,0.012095265804896293
group_219,0.002036659877800407
group_2190,0.012095265804896293
group_2191,0.006085040941019991
group_2192,0.018030674591628906
group_2193,0.004065006858140406
group_2194,0.0
group_2195,0.002036659877800407
group_2196,0.14609085996924226
group_2197,0.046585477368136674
group_2198,0.012095265804896291
group_2199,0.021946049295481933
group_22,0.12968120038239328
group_220,0.006085040941019991
group_2200,0.03727503221247766
group_2201,0.0020366598778004067
group_2202,0.18399767238871106
group_2203,0.18187788353630654
group_2204,0.05927095889272205
group_2205,0.004065006858140407
group_2206,0.11055322332599025
group_2207,0.004065006858140407
group_2208,0.002036659877800407
group_2209,0.0020366598778004067
group_221,0.016060517893511785
group_2210,0.08838272579907727
group_2211,0.002036659877800407
group_2212,0.01803067459162891
group_2213,0.1753190074400432
group_2214,0.002036659877800407
group_2215,0.004065006858140408
group_2216,0.05927095889272205
group_2217,0.17078016542665944
group_2218,0.11055322332599027
group_2219,0.016060517893511785
group_222,0.2499605137370631
group_2220,0.03538800448896462
group_2221,0.004065006858140406
group_2222,0.002036659877800407
group_2223,0.033492663867991185
group_2224,0.0020366598778004067
group_2225,0.004065006858140407
group_2226,0.002036659877800407
group_2227,0.014082048297934241
group_2228,0.021946049295481933
group_2229,0.004065006858140406
group_223,0.22866287044349312
group_2230,0.002036659877800407
group_2231,0.002036659877800407
group_2232,0.002036659877800407
group_2233,0.006085040941019991
group_2234,0.004065006858140406
group_2235,0.008096762126439167
group_2236,0.002036659877800407
group_2237,0.0020366598778004067
group_2238,0.010100170414397938
group_2239,0.0020366598778004067
group_224,0.004065006858140406
group_2240,0.012095265804896293
group_2241,0.01010017041439794
group_2242,0.004065006858140407
group_2243,0.002036659877800407
group_2244,0.008096762126439169
group_2245,0.004065006858140406
group_2246,0.014082048297934238
group_2247,0.0020366598778004067
group_2248,0.0020366598778004067
group_2249,0.004065006858140406
group_225,0.006085040941019991
group_2250,0.0020366598778004067
group_2251,0.010100170414397938
group_2252,0.0663369217340704
group_2253,0.004065006858140407
group_2254,0.002036659877800407
group_2255,0.0020366598778004067
group_2256,0.002036659877800407
group_2257,0.004065006858140406
group_2258,0.002036659877800407
group_2259,0.010100170414397938
group_226,0.01999251839228563
group_2260,0.01803067459162891
group_2261,0.01803067459162891
group_2262,0.02582817240949334
group_2263,0.008096762126439165
group_2264,0.09002036659877798
group_2265,0.0020366598778004067
group_2266,0.03538800448896462
group_2267,0.10125109106779168
group_2268,0.10593956523546283
group_2269,0.1921443118999127
group_227,0.05568810008728542
group_2270,0.004065006858140406
group_2271,0.004065006858140407
group_2272,0.12825969491666322
group_2273,0.13939897751361238
group_2274,0.002036659877800407
group_2275,0.002036659877800407
group_2276,0.004065006858140406
group_2277,0.0020366598778004067
group_2278,0.002036659877800407
group_2279,0.004065006858140407
group_228,0.004065006858140407
group_2280,0.016060517893511785
group_2281,0.008096762126439165
group_2282,0.002036659877800407
group_2283,0.014082048297934241
group_2284,0.006085040941019991
group_2285,0.01408204829793424
group_2286,0.002036659877800407
group_2287,0.012095265804896291
group_2288,0.01999251839228563
group_2289,0.002036659877800407
group_229,0.008096762126439167
group_2290,0.008096762126439167
group_2291,0.0020366598778004067
group_2292,0.004065006858140406
group_2293,0.0020366598778004067
group_2294,0.002036659877800407
group_2295,0.004065006858140406
group_2296,0.004065006858140406
group_2297,0.11358743089903987
group_2298,0.0020366598778004067
group_2299,0.002036659877800407
group_23,0.03158901034955734
group_230,0.008096762126439169
group_2300,0.0
group_2301,0.002036659877800407
group_2302,0.0020366598778004067
group_2303,0.0020366598778004067
group_2304,0.24527203956939192
group_2305,0.12249054407913879
group_2306,0.002036659877800407
group_2307,0.08673677210191613
group_2308,0.01010017041439794
group_2309,0.01408204829793424
group_231,0.006085040941019993
group_2310,0.018030674591628906
group_2311,0.016060517893511785
group_2312,0.004065006858140406
group_2313,0.006085040941019991
group_2314,0.09648780082297684
group_2315,0.016060517893511785
group_2316,0.002036659877800407
group_2317,0.006085040941019991
group_2318,0.01209526580489629
group_2319,0.008096762126439167
group_232,0.06104991894924976
group_2320,0.002036659877800407
group_2321,0.004065006858140408
group_2322,0.01803067459162891
group_2323,0.01999251839228563
group_2324,0.021946049295481933
group_2325,0.0020366598778004067
group_2326,0.0020366598778004067
group_2327,0.004065006858140406
group_2328,0.004065006858140406
group_2329,0.012095265804896293
group_233,0.008096762126439169
group_2330,0.012095265804896293
group_2331,0.033492663867991185
group_2332,0.01999251839228563
group_2333,0.012095265804896291
group_2334,0.002036659877800407
group_2335,0.002036659877800407
group_2336,0.002036659877800407
group_2337,0.0020366598778004067
group_2338,0.1239453011347105
group_2339,0.002036659877800407
group_234,0.006085040941019991
group_2340,0.002036659877800407
group_2341,0.00809676212643917
group_2342,0.0020366598778004067
group_2343,0.0020366598778004067
group_2344,0.004065006858140406
group_2345,0.002036659877800407
group_2346,0.002036659877800407
group_2347,0.004065006858140406
group_2348,0.0020366598778004067
group_2349,0.008096762126439167
group_235,0.019992518392285625
group_2350,0.002036659877800407
group_2351,0.0020366598778004067
group_2352,0.008096762126439169
group_2353,0.002036659877800407
group_2354,0.002036659877800407
group_2355,0.0020366598778004067
group_2356,0.002036659877800407
group_2357,0.002036659877800407
group_2358,0.00608504094101999
group_2359,0.01010017041439794
group_236,0.00608504094101999
group_2360,0.053884201338376486
group_2361,0.15636560123030882
group_2362,0.002036659877800407
group_2363,0.0040650068581404054
group_2364,0.002036659877800407
group_2365,0.10282222868780912
group_2366,0.061049918949249764
group_2367,0.10438505341036618
group_2368,0.01999251839228563
group_2369,0.0020366598778004067
group_237,0.004065006858140408
group_2370,0.004065006858140407
group_2371,0.012095265804896293
group_2372,0.01010017041439794
group_2373,0.004065006858140406
group_2374,0.006085040941019991
group_2375,0.002036659877800407
group_2376,0.008096762126439169
group_2377,0.13666403424913753
group_2378,0.24190531609792598
group_2379,0.033492663867991185
group_238,0.24996051373706304
group_2380,0.021946049295481933
group_2381,0.01209526580489629
group_2382,0.05927095889272205
group_2383,0.01999251839228563
group_2384,0.01999251839228563
group_2385,0.0020366598778004067
group_2386,0.010100170414397938
group_2387,0.1901575294068748
group_2388,0.004065006858140406
group_2389,0.004065006858140408
group_239,0.13389583939482103
group_2390,0.0020366598778004067
group_2391,0.06282056610831707
group_2392,0.002036659877800407
group_2393,0.002036659877800407
group_2394,0.004065006858140405
group_2395,0.018030674591628906
group_2396,0.004065006858140406
group_2397,0.01010017041439794
group_2398,0.18813749532399518
group_2399,0.002036659877800407
group_24,0.029677043933663074
group_240,0.004065006858140406
group_2400,0.002036659877800407
group_2401,0.01408204829793424
group_2402,0.023891267301217836
group_2403,0.004065006858140404
group_2404,0.004065006858140406
group_2405,0.00608504094101999
group_2406,0.01010017041439794
group_2407,0.2504842262770689
group_2408,0.24227939648364433
group_2409,0.0020366598778004067
group_241,0.2255455338958394
group_2410,0.004065006858140406
group_2411,0.09648780082297684
group_2412,0.00809676212643917
group_2413,0.008096762126439169
group_2414,0.13109439295066297
group_2415,0.004065006858140406
group_2416,0.0020366598778004067
group_2417,0.002036659877800407
group_2418,0.002036659877800407
group_2419,0.0020366598778004067
group_242,0.016060517893511782
group_2420,0.0020366598778004067
group_2421,0.0020366598778004067
group_2422,0.0040650068581404054
group_2423,0.002036659877800407
group_2424,0.22290203250342905
group_2425,0.004065006858140406
group_2426,0.0020366598778004067
group_2427,0.002036659877800407
group_2428,0.002036659877800407
group_2429,0.01010017041439794
group_243,0.13109439295066297
group_2430,0.0020366598778004067
group_2431,0.002036659877800407
group_2432,0.002036659877800407
group_2433,0.0834199260152126
group_2434,0.01209526580489629
group_2435,0.008096762126439167
group_2436,0.01803067459162891
group_2437,0.004065006858140406
group_2438,0.016060517893511785
group_2439,0.0020366598778004067
group_244,0.0020366598778004067
group_2440,0.021946049295481933
group_2441,0.0040650068581404054
group_2442,0.21018329938900202
group_2443,0.0020366598778004067
group_2444,0.0020366598778004067
group_2445,0.09967164055031379
group_2446,0.002036659877800407
group_2447,0.004065006858140406
group_2448,0.004065006858140406
group_2449,0.004065006858140407
group_245,0.016060517893511785
group_2450,0.0020366598778004067
group_2451,0.14343904567937152
group_2452,0.24986075896753818
group_2453,0.03158901034955734
group_2454,0.01803067459162891
group_2455,0.09648780082297684
group_2456,0.0663369217340704
group_2457,0.008096762126439169
group_2458,0.0834199260152126
group_2459,0.008096762126439167
group_246,0.16491957271707058
group_2460,0.008096762126439169
group_2461,0.002036659877800407
group_2462,0.0020366598778004067
group_2463,0.002036659877800407
group_2464,0.002036659877800407
group_2465,0.0020366598778004067
group_2466,0.0020366598778004067
group_2467,0.025828172409493335
group_2468,0.18711500893636474
group_2469,0.002036659877800407
group_247,0.016060517893511785
group_2470,0.0020366598778004067
group_2471,0.0020366598778004067
group_2472,0.0020366598778004067
group_2473,0.0
group_2474,0.11055322332599027
group_2475,0.002036659877800407
group_2476,0.1380356623301051
group_2477,0.02582817240949334
group_2478,0.07498233509289662
group_2479,0.027756764620308415
group_248,0.016060517893511785
group_2480,0.002036659877800407
group_2481,0.20067334469429327
group_2482,0.027756764620308415
group_2483,0.006085040941019991
group_2484,0.021946049295481933
group_2485,0.15129473377945882
group_2486,0.03158901034955734
group_2487,0.018030674591628906
group_2488,0.08508250550729456
group_2489,0.004065006858140407
group_249,0.01999251839228563
group_2490,0.004065006858140406
group_2491,0.012095265804896293
group_2492,0.012095265804896293
group_2493,0.008096762126439167
group_2494,0.0020366598778004067
group_2495,0.004065006858140407
group_2496,0.0020366598778004067
group_2497,0.06458290036992395
group_2498,0.004065006858140406
group_2499,0.0020366598778004067
group_25,0.014082048297934243
group_250,0.24923729165800737
group_2500,0.008096762126439169
group_2501,0.004065006858140406
group_2502,0.002036659877800407
group_2503,0.006085040941019991
group_2504,0.002036659877800407
group_2505,0.004065006858140408
group_2506,0.002036659877800407
group_2507,0.0020366598778004067
group_2508,0.002036659877800407
group_2509,0.004065006858140406
group_251,0.006085040941019991
group_2510,0.01803067459162891
group_2511,0.008096762126439167
group_2512,0.002036659877800407
group_2513,0.002036659877800407
group_2514,0.002036659877800407
group_2515,0.002036659877800407
group_2516,0.24073319755600817
group_2517,0.002036659877800407
group_2518,0.05207198969200715
group_2519,0.002036659877800407
group_252,0.019992518392285625
group_2520,0.004065006858140406
group_2521,0.06282056610831707
group_2522,0.027756764620308415
group_2523,0.002036659877800407
group_2524,0.002036659877800407
group_2525,0.014082048297934241
group_2526,0.002036659877800407
group_2527,0.01209526580489629
group_2528,0.025828172409493335
group_2529,0.14609085996924226
group_253,0.002036659877800407
group_2530,0.004065006858140407
group_2531,0.012095265804896295
group_2532,0.004065006858140408
group_2533,0.008096762126439169
group_2534,0.07154910844174737
group_2535,0.004065006858140406
group_2536,0.002036659877800407
group_2537,0.0020366598778004067
group_2538,0.008096762126439167
group_2539,0.0020366598778004067
group_254,0.002036659877800407
group_2540,0.021946049295481933
group_2541,0.006085040941019992
group_2542,0.03158901034955734
group_2543,0.0020366598778004067
group_2544,0.004065006858140407
group_2545,0.021946049295481926
group_2546,0.002036659877800407
group_2547,0.01803067459162891
group_2548,0.11055322332599025
group_2549,0.06808263020075646
group_255,0.03349266386799119
group_2550,0.027756764620308415
group_2551,0.002036659877800407
group_2552,0.002036659877800407
group_2553,0.002036659877800407
group_2554,0.00809676212643917
group_2555,0.002036659877800407
group_2556,0.016060517893511785
group_2557,0.04842262770688724
group_2558,0.006085040941019991
group_2559,0.12825969491666317
group_256,0.01209526580489629
group_2560,0.002036659877800407
group_2561,0.18504509746872272
group_2562,0.0020366598778004067
group_2563,0.016060517893511785
group_2564,0.004065006858140407
group_2565,0.002036659877800407
group_2566,0.1625171453510121
group_2567,0.002036659877800407
group_2568,0.17643293569973809
group_2569,0.18080551976391374
group_257,0.1797248430940604
group_2570,0.004065006858140406
group_2571,0.002036659877800407
group_2572,0.004065006858140406
group_2573,0.01408204829793424
group_2574,0.004065006858140406
group_2575,0.002036659877800407
group_2576,0.19115507710212393
group_2577,0.0020366598778004067
group_2578,0.0020366598778004067
group_2579,0.002036659877800407
group_258,0.2501350845837317
group_2580,0.002036659877800407
group_2581,0.021946049295481933
group_2582,0.002036659877800407
group_2583,0.1380356623301051
group_2584,0.014082048297934238
group_2585,0.016060517893511785
group_2586,0.07326987821605219
group_2587,0.08006982833866745
group_2588,0.002036659877800407
group_2589,0.004065006858140406
group_259,0.16962467267966252
group_2590,0.0020366598778004067
group_2591,0.021946049295481933
group_2592,0.09488341161311774
group_2593,0.002036659877800407
group_2594,0.20768943015087912
group_2595,0.035388004488964626
group_2596,0.00608504094101999
group_2597,0.03727503221247766
group_2598,0.010100170414397938
group_2599,0.21868739349100133
group_26,0.06808263020075646
group_260,0.02967704393366307
group_2600,0.008096762126439167
group_2601,0.004065006858140406
group_2602,0.0020366598778004067
group_2603,0.012095265804896291
group_2604,0.13803566233010514
group_2605,0.002036659877800407
group_2606,0.00608504094101999
group_2607,0.0020366598778004067
group_2608,0.03158901034955734
group_2609,0.033492663867991185
group_261,0.002036659877800407
group_2610,0.002036659877800407
group_2611,0.002036659877800407
group_2612,0.002036659877800407
group_2613,0.01803067459162891
group_2614,0.01999251839228563
group_2615,0.002036659877800407
group_2616,0.002036659877800407
group_2617,0.002036659877800407
group_2618,0.03158901034955734
group_2619,0.07838231015420423
group_262,0.033492663867991185
group_2620,0.18711500893636476
group_2621,0.03158901034955734
group_2622,0.0020366598778004067
group_2623,0.002036659877800407
group_2624,0.0040650068581404054
group_2625,0.002036659877800407
group_2626,0.0040650068581404054
group_2627,0.002036659877800407
group_2628,0.004065006858140407
group_2629,0.24937861091483435
group_263,0.014082048297934241
group_2630,0.002036659877800407
group_2631,0.0020366598778004067
group_2632,0.0020366598778004067
group_2633,0.002036659877800407
group_2634,0.004065006858140406
group_2635,0.0020366598778004067
group_2636,0.002036659877800407
group_2637,0.11055322332599027
group_2638,0.002036659877800407
group_2639,0.0020366598778004067
group_264,0.03915374703853028
group_2640,0.014082048297934243
group_2641,0.0040650068581404054
group_2642,0.002036659877800407
group_2643,0.002036659877800407
group_2644,0.03915374703853028
group_2645,0.2443493079512864
group_2646,0.14210066918824554
group_2647,0.14210066918824554
group_2648,0.17192734527619602
group_2649,0.0
group_265,0.07838231015420423
group_2650,0.002036659877800407
group_2651,0.02775676462030841
group_2652,0.048422627706887246
group_2653,0.01999251839228563
group_2654,0.002036659877800407
group_2655,0.01010017041439794
group_2656,0.002036659877800407
group_2657,0.004065006858140408
group_2658,0.006085040941019991
group_2659,0.016060517893511785
group_266,0.002036659877800407
group_2660,0.008096762126439167
group_2661,0.0020366598778004067
group_2662,0.033492663867991185
group_2663,0.004065006858140408
group_2664,0.0020366598778004067
group_2665,0.0040650068581404054
group_2666,0.002036659877800407
group_2667,0.002036659877800407
group_2668,0.0834199260152126
group_2669,0.002036659877800407
group_267,0.09327070950579824
group_2670,0.002036659877800407
group_2671,0.004065006858140405
group_2672,0.006085040941019991
group_2673,0.002036659877800407
group_2674,0.19696579242695042
group_2675,0.15129473377945882
group_2676,0.002036659877800407
group_2677,0.0663369217340704
group_2678,0.002036659877800407
group_2679,0.002036659877800407
group_268,0.0834199260152126
group_2680,0.002036659877800407
group_2681,0.004065006858140406
group_2682,0.0020366598778004067
group_2683,0.002036659877800407
group_2684,0.004065006858140406
group_2685,0.01209526580489629
group_2686,0.1921443118999127
group_2687,0.002036659877800407
group_2688,0.002036659877800407
group_2689,0.21180431439378192
group_269,0.02582817240949334
group_2690,0.09164969450101831
group_2691,0.0040650068581404054
group_2692,0.004065006858140408
group_2693,0.0020366598778004067
group_2694,0.014082048297934243
group_2695,0.002036659877800407
group_2696,0.002036659877800407
group_2697,0.01999251839228563
group_2698,0.01803067459162891
group_2699,0.035388004488964626
group_27,0.016060517893511782
group_270,0.004065006858140406
group_2700,0.10902365019327487
group_2701,0.01999251839228563
group_2702,0.021946049295481933
group_2703,0.004065006858140407
group_2704,0.012095265804896293
group_2705,0.0020366598778004067
group_2706,0.012095265804896291
group_2707,0.002036659877800407
group_2708,0.06458290036992395
group_2709,0.002036659877800407
group_271,0.033492663867991185
group_2710,0.06458290036992395
group_2711,0.0020366598778004067
group_2712,0.0020366598778004067
group_2713,0.01010017041439794
group_2714,0.0020366598778004067
group_2715,0.02194604929548193
group_2716,0.0020366598778004067
group_2717,0.006085040941019991
group_2718,0.027756764620308412
group_2719,0.010100170414397938
group_272,0.23212934868448395
group_2720,0.20424789060226942
group_2721,0.004065006858140406
group_2722,0.0020366598778004067
group_2723,0.010100170414397938
group_2724,0.002036659877800407
group_2725,0.002036659877800407
group_2726,0.002036659877800407
group_2727,0.008096762126439169
group_2728,0.01408204829793424
group_2729,0.24996051373706304
group_273,0.24923729165800737
group_2730,0.008096762126439167
group_2731,0.002036659877800407
group_2732,0.002036659877800407
group_2733,0.002036659877800407
group_2734,0.002036659877800407
group_2735,0.016060517893511785
group_2736,0.002036659877800407
group_2737,0.002036659877800407
group_2738,0.0020366598778004067
group_2739,0.08838272579907729
group_274,0.014082048297934241
group_2740,0.0
group_2741,0.002036659877800407
group_2742,0.002036659877800407
group_2743,0.002036659877800407
group_2744,0.012095265804896293
group_2745,0.008096762126439167
group_2746,0.23043351760256034
group_2747,0.008096762126439169
group_2748,0.016060517893511785
group_2749,0.0
group_275,0.014082048297934241
group_2750,0.029677043933663074
group_2751,0.002036659877800407
group_2752,0.002036659877800407
group_2753,0.006085040941019991
group_2754,0.002036659877800407
group_2755,0.002036659877800407
group_2756,0.002036659877800407
group_2757,0.012095265804896291
group_2758,0.002036659877800407
group_2759,0.004065006858140406
group_276,0.0020366598778004067
group_2760,0.20067334469429327
group_2761,0.002036659877800407
group_2762,0.002036659877800407
group_2763,0.0020366598778004067
group_2764,0.03538800448896463
group_2765,0.012095265804896293
group_2766,0.002036659877800407
group_2767,0.04842262770688723
group_2768,0.01803067459162891
group_2769,0.002036659877800407
group_277,0.008096762126439167
group_2770,0.018030674591628913
group_2771,0.0040650068581404054
group_2772,0.004065006858140406
group_2773,0.004065006858140407
group_2774,0.002036659877800407
group_2775,0.0020366598778004067
group_2776,0.004065006858140406
group_2777,0.004065006858140407
group_2778,0.1901575294068748
group_2779,0.0020366598778004067
group_278,0.008096762126439167
group_2780,0.014082048297934241
group_2781,0.24113221663410783
group_2782,0.002036659877800407
group_2783,0.002036659877800407
group_2784,0.002036659877800407
group_2785,0.010100170414397938
group_2786,0.002036659877800407
group_2787,0.004065006858140406
group_2788,0.002036659877800407
group_2789,0.0020366598778004067
group_279,0.018030674591628906
group_2790,0.016060517893511785
group_2791,0.002036659877800407
group_2792,0.016060517893511785
group_2793,0.002036659877800407
group_2794,0.0020366598778004067
group_2795,0.004065006858140406
group_2796,0.07668647907228064
group_2797,0.004065006858140406
group_2798,0.002036659877800407
group_2799,0.0020366598778004067
group_28,0.002036659877800407
group_280,0.033492663867991185
group_2800,0.24923729165800731
group_2801,0.014082048297934243
group_2802,0.05025146514817741
group_2803,0.012095265804896293
group_2804,0.23579533646452472
group_2805,0.002036659877800407
group_2806,0.03158901034955734
group_2807,0.06458290036992395
group_2808,0.021946049295481933
group_2809,0.002036659877800407
group_281,0.002036659877800407
group_2810,0.012095265804896293
group_2811,0.008096762126439165
group_2812,0.002036659877800407
group_2813,0.021946049295481933
group_2814,0.0020366598778004067
group_2815,0.02582817240949334
group_2816,0.002036659877800407
group_2817,0.004065006858140407
group_2818,0.01999251839228563
group_2819,0.004065006858140406
group_282,0.03158901034955734
group_2820,0.004065006858140406
group_2821,0.002036659877800407
group_2822,0.08006982833866745
group_2823,0.004065006858140406
group_2824,0.002036659877800407
group_2825,0.03727503221247766
group_2826,0.03158901034955734
group_2827,0.004065006858140408
group_2828,0.021946049295481933
group_2829,0.01999251839228563
group_283,0.061049918949249764
group_2830,0.004065006858140406
group_2831,0.002036659877800407
group_2832,0.0020366598778004067
group_2833,0.010100170414397938
group_2834,0.016060517893511785
group_2835,0.0020366598778004067
group_2836,0.00608504094101999
group_2837,0.0020366598778004067
group_2838,0.010100170414397938
group_2839,0.01209526580489629
group_284,0.027756764620308415
group_2840,0.004065006858140407
group_2841,0.006085040941019992
group_2842,0.006085040941019992
group_2843,0.004065006858140406
group_2844,0.002036659877800407
group_2845,0.002036659877800407
group_2846,0.0020366598778004067
group_2847,0.002036659877800407
group_2848,0.09648780082297684
group_2849,0.010100170414397938
group_285,0.0020366598778004067
group_2850,0.008096762126439169
group_2851,0.008096762126439167
group_2852,0.014082048297934247
group_2853,0.002036659877800407
group_2854,0.004065006858140407
group_2855,0.006085040941019989
group_2856,0.1576125358493703
group_2857,0.010100170414397938
group_2858,0.002036659877800407
group_2859,0.012095265804896293
group_286,0.008096762126439167
group_2860,0.002036659877800407
group_2861,0.002036659877800407
group_2862,0.01408204829793424
group_2863,0.002036659877800407
group_2864,0.0020366598778004067
group_2865,0.01408204829793424
group_2866,0.002036659877800407
group_2867,0.018030674591628913
group_2868,0.0
group_2869,0.002036659877800407
group_287,0.10902365019327485
group_2870,0.002036659877800407
group_2871,0.03158901034955734
group_2872,0.10282222868780913
group_2873,0.010100170414397942
group_2874,0.006085040941019991
group_2875,0.012095265804896293
group_2876,0.04474001413192567
group_2877,0.004065006858140407
group_2878,0.01408204829793424
group_2879,0.039153747038530286
group_288,0.002036659877800407
group_2880,0.002036659877800407
group_2881,0.002036659877800407
group_2882,0.0020366598778004067
group_2883,0.0020366598778004067
group_2884,0.06458290036992395
group_2885,0.12968120038239328
group_2886,0.0020366598778004067
group_2887,0.002036659877800407
group_2888,0.002036659877800407
group_2889,0.0040650068581404054
group_289,0.006085040941019992
group_2890,0.004065006858140407
group_2891,0.002036659877800407
group_2892,0.0020366598778004067
group_2893,0.002036659877800407
group_2894,0.004065006858140406
group_2895,0.004065006858140407
group_2896,0.002036659877800407
group_2897,0.0
group_2898,0.002036659877800407
group_2899,0.002036659877800407
group_29,0.16962467267966252
group_290,0.21941061557005695
group_2900,0.002036659877800407
group_2901,0.002036659877800407
group_2902,0.002036659877800407
group_2903,0.002036659877800407
group_2904,0.002036659877800407
group_2905,0.0020366598778004067
group_2906,0.002036659877800407
group_2907,0.04102414896712249
group_2908,0.0020366598778004067
group_2909,0.18294193441123904
group_291,0.002036659877800407
group_2910,0.04288623799825429
group_2911,0.09648780082297682
group_2912,0.002036659877800407
group_2913,0.03538800448896462
group_2914,0.01010017041439794
group_2915,0.006085040941019991
group_2916,0.01010017041439794
group_2917,0.21941061557005695
group_2918,0.004065006858140406
group_2919,0.018030674591628906
group_292,0.004065006858140406
group_2920,0.004065006858140407
group_2921,0.004065006858140406
group_2922,0.24908765950372003
group_2923,0.004065006858140406
group_2924,0.01408204829793424
group_2925,0.004065006858140408
group_2926,0.00809676212643917
group_2927,0.24434930795128643
group_2928,0.010100170414397942
group_2929,0.002036659877800407
group_293,0.2505091649694501
group_2930,0.002036659877800407
group_2931,0.0834199260152126
group_2932,0.1576125358493703
group_2933,0.20852903279438045
group_2934,0.01999251839228563
group_2935,0.008096762126439167
group_2936,0.0020366598778004067
group_2937,0.018030674591628906
group_2938,0.010100170414397938
group_2939,0.002036659877800407
group_294,0.004065006858140406
group_2940,0.002036659877800407
group_2941,0.17306621222827215
group_2942,0.002036659877800407
group_2943,0.02194604929548193
group_2944,0.10593956523546284
group_2945,0.0502514651481774
group_2946,0.002036659877800407
group_2947,0.002036659877800407
group_2948,0.02389126730121784
group_2949,0.15257491998836195
group_295,0.0040650068581404054
group_2950,0.012095265804896291
group_2951,0.004065006858140406
group_2952,0.02194604929548193
group_2953,0.016060517893511782
group_2954,0.010100170414397938
group_2955,0.012095265804896295
group_2956,0.0020366598778004067
group_2957,0.008096762126439169
group_2958,0.004065006858140404
group_2959,0.002036659877800407
group_296,0.004065006858140407
group_2960,0.002036659877800407
group_2961,0.002036659877800407
group_2962,0.002036659877800407
group_2963,0.002036659877800407
group_2964,0.002036659877800407
group_2965,0.002036659877800407
group_2966,0.014082048297934245
group_2967,0.04288623799825429
group_2968,0.021946049295481933
group_2969,0.002036659877800407
group_297,0.008096762126439167
group_2970,0.0020366598778004067
group_2971,0.002036659877800407
group_2972,0.002036659877800407
group_2973,0.00809676212643917
group_2974,0.00809676212643917
group_2975,0.004065006858140406
group_2976,0.00809676212643917
group_2977,0.0020366598778004067
group_2978,0.0020366598778004067
group_2979,0.0040650068581404054
group_298,0.20684151460991726
group_2980,0.004065006858140407
group_2981,0.0
group_2982,0.0020366598778004067
group_2983,0.22153040442246144
group_2984,0.002036659877800407
group_2985,0.004065006858140407
group_2986,0.01010017041439794
group_2987,0.006085040941019991
group_2988,0.002036659877800407
group_2989,0.004065006858140407
group_299,0.002036659877800407
group_2990,0.02194604929548193
group_2991,0.021946049295481933
group_2992,0.012095265804896293
group_2993,0.021946049295481933
group_2994,0.18399767238871106
group_2995,0.15257491998836195
group_2996,0.0020366598778004067
group_2997,0.00809676212643917
group_2998,0.002036659877800407
group_2999,0.053884201338376486
group_3,0.027756764620308412
group_30,0.16962467267966252
group_300,0.0
group_3000,0.0020366598778004067
group_3001,0.029677043933663074
group_3002,0.10282222868780912
group_3003,0.012095265804896293
group_3004,0.0020366598778004067
group_3005,0.002036659877800407
group_3006,0.012095265804896293
group_3007,0.016060517893511785
group_3008,0.002036659877800407
group_3009,0.002036659877800407
group_301,0.05207198969200715
group_3010,0.004065006858140406
group_3011,0.002036659877800407
group_3012,0.002036659877800407
group_3013,0.002036659877800407
group_3014,0.004065006858140406
group_3015,0.002036659877800407
group_3016,0.004065006858140406
group_3017,0.08838272579907729
group_3018,0.0020366598778004067
group_3019,0.002036659877800407
group_302,0.016060517893511785
group_3020,0.002036659877800407
group_3021,0.002036659877800407
group_3022,0.002036659877800407
group_3023,0.0020366598778004067
group_3024,0.00809676212643917
group_3025,0.006085040941019991
group_3026,0.14343904567937155
group_3027,0.004065006858140406
group_3028,0.0020366598778004067
group_3029,0.002036659877800407
group_303,0.006085040941019991
group_3030,0.002036659877800407
group_3031,0.004065006858140407
group_3032,0.02582817240949334
group_3033,0.06458290036992395
group_3034,0.004065006858140408
group_3035,0.04658547736813667
group_3036,0.002036659877800407
group_3037,0.0020366598778004067
group_3038,0.0
group_3039,0.0020366598778004067
group_304,0.09648780082297684
group_3040,0.004065006858140406
group_3041,0.004065006858140406
group_3042,0.014082048297934241
group_3043,0.00608504094101999
group_3044,0.0020366598778004067
group_3045,0.002036659877800407
group_3046,0.002036659877800407
group_3047,0.021946049295481926
group_3048,0.00608504094101999
group_3049,0.004065006858140406
group_305,0.0663369217340704
group_3050,0.002036659877800407
group_3051,0.004065006858140406
group_3052,0.0020366598778004067
group_3053,0.002036659877800407
group_3054,0.010100170414397938
group_3055,0.002036659877800407
group_3056,0.002036659877800407
group_3057,0.21018329938900202
group_3058,0.0040650068581404054
group_3059,0.002036659877800407
group_306,0.0
group_3060,0.24689305457417185
group_3061,0.004065006858140406
group_3062,0.06282056610831709
group_3063,0.002036659877800407
group_3064,0.002036659877800407
group_3065,0.014082048297934238
group_3066,0.0020366598778004067
group_3067,0.04288623799825429
group_3068,0.021946049295481933
group_3069,0.05388420133837649
group_307,0.006085040941019991
group_3070,0.027756764620308415
group_3071,0.24527203956939192
group_3072,0.004065006858140406
group_3073,0.0663369217340704
group_3074,0.046585477368136674
group_3075,0.02582817240949334
group_3076,0.0
group_3077,0.008096762126439167
group_3078,0.03727503221247766
group_3079,0.002036659877800407
group_308,0.21941061557005695
group_3080,0.008096762126439167
group_3081,0.0020366598778004067
group_3082,0.010100170414397942
group_3083,0.016060517893511785
group_3084,0.00809676212643917
group_3085,0.002036659877800407
group_3086,0.00809676212643917
group_3087,0.004065006858140406
group_3088,0.008096762126439167
group_3089,0.0020366598778004067
group_309,0.006085040941019991
group_3090,0.07154910844174737
group_3091,0.0020366598778004067
group_3092,0.06458290036992395
group_3093,0.029677043933663074
group_3094,0.002036659877800407
group_3095,0.1352840932707095
group_3096,0.0020366598778004067
group_3097,0.0020366598778004067
group_3098,0.0020366598778004067
group_3099,0.0020366598778004067
group_31,0.19696579242695042
group_310,0.03349266386799119
group_3100,0.02582817240949334
group_3101,0.002036659877800407
group_3102,0.004065006858140406
group_3103,0.002036659877800407
group_3104,0.012095265804896293
group_3105,0.01010017041439794
group_3106,0.002036659877800407
group_3107,0.002036659877800407
group_3108,0.002036659877800407
group_3109,0.0020366598778004067
group_311,0.002036659877800407
group_3110,0.002036659877800407
group_3111,0.002036659877800407
group_3112,0.002036659877800407
group_3113,0.10748576416309906
group_3114,0.0020366598778004067
group_3115,0.01010017041439794
group_3116,0.00809676212643917
group_3117,0.08508250550729454
group_3118,0.002036659877800407
group_3119,0.002036659877800407
group_312,0.08508250550729456
group_3120,0.002036659877800407
group_3121,0.008096762126439167
group_3122,0.01010017041439794
group_3123,0.03727503221247766
group_3124,0.004065006858140406
group_3125,0.002036659877800407
group_3126,0.021946049295481933
group_3127,0.12539174529282182
group_3128,0.008096762126439169
group_3129,0.004065006858140407
group_313,0.09164969450101831
group_3130,0.044740014131925666
group_3131,0.053884201338376486
group_3132,0.00608504094101999
group_3133,0.0020366598778004067
group_3134,0.006085040941019991
group_3135,0.004065006858140406
group_3136,0.002036659877800407
group_3137,0.002036659877800407
group_3138,0.029677043933663074
group_3139,0.18813749532399518
group_314,0.029677043933663074
group_3140,0.06808263020075646
group_3141,0.09648780082297682
group_3142,0.00608504094101999
group_3143,0.004065006858140408
group_3144,0.018030674591628913
group_3145,0.13528409327070956
group_3146,0.0020366598778004067
group_3147,0.01803067459162891
group_3148,0.0020366598778004067
group_3149,0.0020366598778004067
group_315,0.016060517893511782
group_3150,0.002036659877800407
group_3151,0.01010017041439794
group_3152,0.002036659877800407
group_3153,0.14210066918824554
group_3154,0.002036659877800407
group_3155,0.006085040941019991
group_3156,0.004065006858140407
group_3157,0.0020366598778004067
group_3158,0.002036659877800407
group_3159,0.14075397979965917
group_316,0.04474001413192567
group_3160,0.006085040941019991
group_3161,0.2452720395693919
group_3162,0.004065006858140408
group_3163,0.004065006858140408
group_3164,0.04102414896712249
group_3165,0.0020366598778004067
group_3166,0.004065006858140406
group_3167,0.014082048297934238
group_3168,0.002036659877800407
group_3169,0.11055322332599027
group_317,0.01999251839228563
group_3170,0.053884201338376486
group_3171,0.0020366598778004067
group_3172,0.002036659877800407
group_3173,0.002036659877800407
group_3174,0.0020366598778004067
group_3175,0.18813749532399518
group_3176,0.002036659877800407
group_3177,0.2006733446942932
group_3178,0.01999251839228563
group_3179,0.002036659877800407
group_318,0.05927095889272205
group_3180,0.012095265804896291
group_3181,0.021946049295481933
group_3182,0.002036659877800407
group_3183,0.0020366598778004067
group_3184,0.004065006858140406
group_3185,0.002036659877800407
group_3186,0.10748576416309906
group_3187,0.02389126730121784
group_3188,0.0020366598778004067
group_3189,0.01408204829793424
group_319,0.2255455338958394
group_3190,0.00608504094101999
group_3191,0.18504509746872272
group_3192,0.01803067459162891
group_3193,0.002036659877800407
group_3194,0.0040650068581404054
group_3195,0.14210066918824554
group_3196,0.08174903362567024
group_3197,0.002036659877800407
group_3198,0.002036659877800407
group_3199,0.0502514651481774
group_32,0.2399102207074276
group_320,0.002036659877800407
group_3200,0.002036659877800407
group_3201,0.0020366598778004067
group_3202,0.002036659877800407
group_3203,0.004065006858140406
group_3204,0.002036659877800407
group_3205,0.029677043933663074
group_3206,0.03158901034955734
group_3207,0.004065006858140405
group_3208,0.002036659877800407
group_3209,0.0020366598778004067
group_321,0.04658547736813668
group_3210,0.004065006858140406
group_3211,0.008096762126439167
group_3212,0.006085040941019991
group_3213,0.004065006858140406
group_3214,0.1165883868822478
group_3215,0.07498233509289662
group_3216,0.002036659877800407
group_3217,0.1500062346730953
group_3218,0.029677043933663074
group_3219,0.00809676212643917
group_322,0.014082048297934241
group_3220,0.0020366598778004067
group_3221,0.002036659877800407
group_3222,0.008096762126439167
group_3223,0.15257491998836195
group_3224,0.05927095889272205
group_3225,0.014082048297934245
group_3226,0.004065006858140408
group_3227,0.029677043933663074
group_3228,0.0020366598778004067
group_3229,0.002036659877800407
group_323,0.0020366598778004067
group_3230,0.0020366598778004067
group_3231,0.0020366598778004067
group_3232,0.0020366598778004067
group_3233,0.004065006858140406
group_3234,0.002036659877800407
group_3235,0.002036659877800407
group_3236,0.023891267301217847
group_3237,0.002036659877800407
group_3238,0.0020366598778004067
group_3239,0.002036659877800407
group_324,0.0020366598778004067
group_3240,0.002036659877800407
group_3241,0.039153747038530286
group_3242,0.08174903362567025
group_3243,0.05748368593873395
group_3244,0.006085040941019988
group_3245,0.00608504094101999
group_3246,0.012095265804896293
group_3247,0.002036659877800407
group_3248,0.002036659877800407
group_3249,0.004065006858140406
group_325,0.014082048297934241
group_3250,0.01999251839228563
group_3251,0.03727503221247766
group_3252,0.002036659877800407
group_3253,0.004065006858140406
group_3254,0.002036659877800407
group_3255,0.0020366598778004067
group_3256,0.0020366598778004067
group_3257,0.025828172409493335
group_3258,0.002036659877800407
group_3259,0.002036659877800407
group_326,0.1625171453510121
group_3260,0.04842262770688723
group_3261,0.002036659877800407
group_3262,0.15384679329980466
group_3263,0.002036659877800407
group_3264,0.002036659877800407
group_3265,0.039153747038530286
group_3266,0.002036659877800407
group_3267,0.016060517893511785
group_3268,0.006085040941019991
group_3269,0.03349266386799119
group_327,0.24466519805478198
group_3270,0.0020366598778004067
group_3271,0.014082048297934241
group_3272,0.01803067459162891
group_3273,0.004065006858140406
group_3274,0.0020366598778004067
group_3275,0.0020366598778004067
group_3276,0.0020366598778004067
group_3277,0.004065006858140407
group_3278,0.004065006858140407
group_3279,0.004065006858140406
group_328,0.004065006858140406
group_3280,0.021946049295481933
group_3281,0.03158901034955734
group_3282,0.002036659877800407
group_3283,0.002036659877800407
group_3284,0.0020366598778004067
group_3285,0.004065006858140406
group_3286,0.0020366598778004067
group_3287,0.002036659877800407
group_3288,0.002036659877800407
group_3289,0.03158901034955734
group_329,0.006085040941019991
group_3290,0.004065006858140406
group_3291,0.002036659877800407
group_3292,0.002036659877800407
group_3293,0.002036659877800407
group_3294,0.02775676462030841
group_3295,0.002036659877800407
group_3296,0.0996716405503138
group_3297,0.0020366598778004067
group_3298,0.002036659877800407
group_3299,0.0020366598778004067
group_33,0.16962467267966252
group_330,0.0
group_3300,0.002036659877800407
group_3301,0.006085040941019991
group_3302,0.0020366598778004067
group_3303,0.02582817240949334
group_3304,0.02194604929548193
group_3305,0.0020366598778004067
group_3306,0.0020366598778004067
group_3307,0.00809676212643917
group_3308,0.0020366598778004067
group_3309,0.004065006858140406
group_331,0.006085040941019991
group_3310,0.0020366598778004067
group_3311,0.0020366598778004067
group_3312,0.004065006858140406
group_3313,0.220832121035787
group_3314,0.0020366598778004067
group_3315,0.002036659877800407
group_3316,0.002036659877800407
group_3317,0.004065006858140406
group_3318,0.05568810008728542
group_3319,0.002036659877800407
group_332,0.008096762126439167
group_3320,0.006085040941019991
group_3321,0.002036659877800407
group_3322,0.004065006858140406
group_3323,0.002036659877800407
group_3324,0.002036659877800407
group_3325,0.008096762126439167
group_3326,0.0020366598778004067
group_3327,0.08508250550729456
group_3328,0.010100170414397938
group_3329,0.03158901034955734
group_333,0.012095265804896291
group_3330,0.0020366598778004067
group_3331,0.002036659877800407
group_3332,0.01803067459162891
group_3333,0.09967164055031381
group_3334,0.19696579242695042
group_3335,0.021946049295481933
group_3336,0.004065006858140407
group_3337,0.012095265804896293
group_3338,0.023891267301217843
group_3339,0.014082048297934243
group_334,0.008096762126439167
group_3340,0.006085040941019991
group_3341,0.006085040941019991
group_3342,0.00608504094101999
group_3343,0.17306621222827215
group_3344,0.004065006858140406
group_3345,0.0
group_3346,0.0
group_3347,0.008096762126439169
group_3348,0.0020366598778004067
group_3349,0.004065006858140408
group_335,0.0020366598778004067
group_3350,0.004065006858140406
group_3351,0.002036659877800407
group_3352,0.025828172409493335
group_3353,0.008096762126439167
group_3354,0.0020366598778004067
group_3355,0.0020366598778004067
group_3356,0.014082048297934241
group_3357,0.03349266386799119
group_3358,0.09327070950579824
group_3359,0.002036659877800407
group_336,0.006085040941019991
group_3360,0.002036659877800407
group_3361,0.1447691092730371
group_3362,0.021946049295481933
group_3363,0.01010017041439794
group_3364,0.002036659877800407
group_3365,0.0020366598778004067
group_3366,0.033492663867991185
group_3367,0.006085040941019989
group_3368,0.002036659877800407
group_3369,0.002036659877800407
group_337,0.006085040941019991
group_3370,0.002036659877800407
group_3371,0.09648780082297684
group_3372,0.021946049295481933
group_3373,0.0020366598778004067
group_3374,0.004065006858140406
group_3375,0.023891267301217843
group_3376,0.004065006858140407
group_3377,0.012095265804896293
group_3378,0.002036659877800407
group_3379,0.0020366598778004067
group_338,0.2255455338958394
group_3380,0.008096762126439167
group_3381,0.00809676212643917
group_3382,0.004065006858140406
group_3383,0.004065006858140406
group_3384,0.006085040941019991
group_3385,0.0020366598778004067
group_3386,0.016060517893511782
group_3387,0.004065006858140406
group_3388,0.014082048297934243
group_3389,0.002036659877800407
group_339,0.02582817240949334
group_3390,0.07498233509289662
group_3391,0.05748368593873395
group_3392,0.0020366598778004067
group_3393,0.002036659877800407
group_3394,0.002036659877800407
group_3395,0.24264516397190242
group_3396,0.002036659877800407
group_3397,0.002036659877800407
group_3398,0.02582817240949334
group_3399,0.02194604929548193
group_34,0.006085040941019991
group_340,0.016060517893511782
group_3400,0.08838272579907727
group_3401,0.0663369217340704
group_3402,0.004065006858140406
group_3403,0.06458290036992395
group_3404,0.06982002576998211
group_3405,0.0020366598778004067
group_3406,0.002036659877800407
group_3407,0.004065006858140407
group_3408,0.08838272579907729
group_3409,0.09164969450101833
group_341,0.006085040941019991
group_3410,0.14075397979965917
group_3411,0.0020366598778004067
group_3412,0.04102414896712249
group_3413,0.004065006858140407
group_3414,0.002036659877800407
group_3415,0.2500519556091276
group_3416,0.11207448356124523
group_3417,0.0020366598778004067
group_3418,0.012095265804896293
group_3419,0.006085040941019989
group_342,0.2502764038405586
group_3420,0.01999251839228563
group_3421,0.012095265804896293
group_3422,0.09002036659877798
group_3423,0.03538800448896462
group_3424,0.010100170414397938
group_3425,0.004065006858140406
group_3426,0.01010017041439794
group_3427,0.03158901034955734
group_3428,0.004065006858140406
group_3429,0.004065006858140406
group_343,0.03158901034955734
group_3430,0.057483685938733944
group_3431,0.0020366598778004067
group_3432,0.1997589259736481
group_3433,0.00809676212643917
group_3434,0.17643293569973809
group_3435,0.006085040941019989
group_3436,0.0020366598778004067
group_3437,0.002036659877800407
group_3438,0.21180431439378192
group_3439,0.002036659877800407
group_344,0.016060517893511785
group_3440,0.002036659877800407
group_3441,0.05927095889272205
group_3442,0.03158901034955734
group_3443,0.002036659877800407
group_3444,0.09327070950579827
group_3445,0.0020366598778004067
group_3446,0.002036659877800407
group_3447,0.008096762126439167
group_3448,0.19790514983997667
group_3449,0.10593956523546283
group_345,0.004065006858140406
group_3450,0.0020366598778004067
group_3451,0.0020366598778004067
group_3452,0.0020366598778004067
group_3453,0.002036659877800407
group_3454,0.002036659877800407
group_3455,0.0020366598778004067
group_3456,0.008096762126439167
group_3457,0.00809676212643917
group_3458,0.03158901034955734
group_3459,0.09327070950579826
group_346,0.0834199260152126
group_3460,0.09164969450101833
group_3461,0.004065006858140407
group_3462,0.0020366598778004067
group_3463,0.014082048297934241
group_3464,0.0040650068581404054
group_3465,0.0663369217340704
group_3466,0.01010017041439794
group_3467,0.010100170414397938
group_3468,0.004065006858140408
group_3469,0.0020366598778004067
group_347,0.053884201338376486
group_3470,0.004065006858140407
group_3471,0.002036659877800407
group_3472,0.0020366598778004067
group_3473,0.01999251839228563
group_3474,0.02582817240949334
group_3475,0.002036659877800407
group_3476,0.004065006858140408
group_3477,0.008096762126439167
group_3478,0.004065006858140408
group_3479,0.008096762126439167
group_348,0.027756764620308412
group_3480,0.0020366598778004067
group_3481,0.00809676212643917
group_3482,0.004065006858140406
group_3483,0.061049918949249764
group_3484,0.14343904567937152
group_3485,0.004065006858140406
group_3486,0.02582817240949334
group_3487,0.002036659877800407
group_3488,0.01408204829793424
group_3489,0.008096762126439165
group_349,0.033492663867991185
group_3490,0.014082048297934243
group_3491,0.008096762126439167
group_3492,0.027756764620308415
group_3493,0.2255455338958394
group_3494,0.21339207780872024
group_3495,0.004065006858140406
group_3496,0.004065006858140406
group_3497,0.004065006858140406
group_3498,0.09164969450101831
group_3499,0.0020366598778004067
group_35,0.0698200257699821
group_350,0.10282222868780913
group_3500,0.002036659877800407
group_3501,0.0020366598778004067
group_3502,0.0
group_3503,0.008096762126439167
group_3504,0.002036659877800407
group_3505,0.0020366598778004067
group_3506,0.012095265804896298
group_3507,0.002036659877800407
group_3508,0.19883619435554262
group_3509,0.03727503221247765
group_351,0.04658547736813668
group_3510,0.057483685938733944
group_3511,0.004065006858140408
group_3512,0.11358743089903987
group_3513,0.09164969450101831
group_3514,0.018030674591628906
group_3515,0.002036659877800407
group_3516,0.006085040941019991
group_3517,0.021946049295481933
group_3518,0.002036659877800407
group_3519,0.002036659877800407
group_352,0.044740014131925666
group_3520,0.09164969450101831
group_3521,0.002036659877800407
group_3522,0.2440251049503304
group_3523,0.010100170414397938
group_3524,0.1921443118999127
group_3525,0.002036659877800407
group_3526,0.00809676212643917
group_3527,0.0663369217340704
group_3528,0.010100170414397938
group_3529,0.012095265804896293
group_353,0.008096762126439167
group_3530,0.002036659877800407
group_3531,0.08838272579907727
group_3532,0.004065006858140406
group_3533,0.14870942266927137
group_3534,0.01209526580489629
group_3535,0.11055322332599025
group_3536,0.09648780082297682
group_3537,0.1753190074400432
group_3538,0.20067334469429324
group_3539,0.004065006858140406
group_354,0.24032586558044808
group_3540,0.016060517893511785
group_3541,0.021946049295481933
group_3542,0.002036659877800407
group_3543,0.06458290036992395
group_3544,0.002036659877800407
group_3545,0.004065006858140407
group_3546,0.14075397979965917
group_3547,0.012095265804896293
group_3548,0.002036659877800407
group_3549,0.004065006858140406
group_355,0.035388004488964626
group_3550,0.04658547736813668
group_3551,0.004065006858140406
group_3552,0.18399767238871106
group_3553,0.002036659877800407
group_3554,0.012095265804896293
group_3555,0.03158901034955734
group_3556,0.09164969450101833
group_3557,0.004065006858140406
group_3558,0.0020366598778004067
group_3559,0.002036659877800407
group_356,0.004065006858140406
group_3560,0.0
group_3561,0.04658547736813668
group_3562,0.0020366598778004067
group_3563,0.13666403424913753
group_3564,0.002036659877800407
group_3565,0.021946049295481933
group_3566,0.004065006858140406
group_3567,0.0
group_3568,0.01408204829793424
group_3569,0.004065006858140406
group_357,0.01803067459162891
group_3570,0.002036659877800407
group_3571,0.03727503221247766
group_3572,0.016060517893511782
group_3573,0.016060517893511782
group_3574,0.05207198969200715
group_3575,0.00809676212643917
group_3576,0.03915374703853028
group_3577,0.02582817240949334
group_3578,0.14210066918824552
group_3579,0.0
group_358,0.16728874849328731
group_3580,0.004065006858140406
group_3581,0.055688100087285426
group_3582,0.006085040941019988
group_3583,0.002036659877800407
group_3584,0.019992518392285625
group_3585,0.010100170414397942
group_3586,0.0020366598778004067
group_3587,0.023891267301217843
group_3588,0.019992518392285632
group_3589,0.1576125358493703
group_359,0.010100170414397938
group_3590,0.004065006858140407
group_3591,0.004065006858140407
group_3592,0.002036659877800407
group_3593,0.0
group_3594,0.008096762126439169
group_3595,0.05568810008728542
group_3596,0.002036659877800407
group_3597,0.0020366598778004067
group_3598,0.002036659877800407
group_3599,0.004065006858140406
group_36,0.052071989692007145
group_360,0.006085040941019991
group_3600,0.02389126730121784
group_3601,0.0020366598778004067
group_3602,0.004065006858140408
group_3603,0.012095265804896295
group_3604,0.0020366598778004067
group_3605,0.10748576416309906
group_3606,0.0040650068581404054
group_3607,0.002036659877800407
group_3608,0.0020366598778004067
group_3609,0.002036659877800407
group_361,0.006085040941019992
group_3610,0.002036659877800407
group_3611,0.002036659877800407
group_3612,0.002036659877800407
group_3613,0.2443493079512864
group_3614,0.004065006858140407
group_3615,0.0020366598778004067
group_3616,0.002036659877800407
group_3617,0.002036659877800407
group_3618,0.06282056610831709
group_3619,0.20852903279438048
group_362,0.006085040941019992
group_3620,0.0020366598778004067
group_3621,0.0020366598778004067
group_3622,0.0020366598778004067
group_3623,0.002036659877800407
group_3624,0.002036659877800407
group_3625,0.0020366598778004067
group_3626,0.02775676462030841
group_3627,0.04102414896712249
group_3628,0.01999251839228563
group_3629,0.02582817240949334
group_363,0.06808263020075646
group_3630,0.021946049295481933
group_3631,0.012095265804896291
group_3632,0.02194604929548193
group_3633,0.10282222868780912
group_3634,0.01010017041439794
group_3635,0.014082048297934241
group_3636,0.010100170414397938
group_3637,0.06458290036992395
group_3638,0.0020366598778004067
group_3639,0.09164969450101831
group_364,0.012095265804896293
group_3640,0.004065006858140407
group_3641,0.06808263020075646
group_3642,0.002036659877800407
group_3643,0.22222037491167543
group_3644,0.012095265804896293
group_3645,0.0020366598778004067
group_3646,0.002036659877800407
group_3647,0.004065006858140408
group_3648,0.004065006858140406
group_3649,0.004065006858140406
group_365,0.004065006858140406
group_3650,0.03158901034955734
group_3651,0.0020366598778004067
group_3652,0.0020366598778004067
group_3653,0.18399767238871106
group_3654,0.2006733446942932
group_3655,0.002036659877800407
group_3656,0.18608420965127392
group_3657,0.002036659877800407
group_3658,0.01999251839228563
group_3659,0.0020366598778004067
group_366,0.006085040941019991
group_3660,0.002036659877800407
group_3661,0.01999251839228563
group_3662,0.052071989692007145
group_3663,0.002036659877800407
group_3664,0.00608504094101999
group_3665,0.002036659877800407
group_3666,0.1950621389085166
group_3667,0.002036659877800407
group_3668,0.0020366598778004067
group_3669,0.0020366598778004067
group_367,0.012095265804896291
group_3670,0.002036659877800407
group_3671,0.00809676212643917
group_3672,0.0020366598778004067
group_3673,0.002036659877800407
group_3674,0.023891267301217843
group_3675,0.2179558585144852
group_3676,0.00608504094101999
group_3677,0.029677043933663074
group_3678,0.004065006858140406
group_3679,0.057483685938733944
group_368,0.002036659877800407
group_3680,0.006085040941019988
group_3681,0.11509206533937402
group_3682,0.004065006858140406
group_3683,0.19409784280310902
group_3684,0.0020366598778004067
group_3685,0.004065006858140406
group_3686,0.002036659877800407
group_3687,0.0020366598778004067
group_3688,0.01803067459162891
group_3689,0.025828172409493342
group_369,0.006085040941019991
group_3690,0.002036659877800407
group_3691,0.002036659877800407
group_3692,0.004065006858140406
group_3693,0.039153747038530286
group_3694,0.0020366598778004067
group_3695,0.00608504094101999
group_3696,0.008096762126439169
group_3697,0.004065006858140406
group_3698,0.004065006858140406
group_3699,0.002036659877800407
group_37,0.008096762126439167
group_370,0.03915374703853028
group_3700,0.01209526580489629
group_3701,0.004065006858140406
group_3702,0.0020366598778004067
group_3703,0.012095265804896291
group_3704,0.002036659877800407
group_3705,0.002036659877800407
group_3706,0.03538800448896462
group_3707,0.012095265804896291
group_3708,0.002036659877800407
group_3709,0.002036659877800407
group_371,0.1576125358493703
group_3710,0.004065006858140407
group_3711,0.0
group_3712,0.002036659877800407
group_3713,0.002036659877800407
group_3714,0.0020366598778004067
group_3715,0.22489712789392743
group_3716,0.02582817240949334
group_3717,0.014082048297934238
group_3718,0.01999251839228563
group_3719,0.014082048297934241
group_372,0.004065006858140406
group_3720,0.016060517893511785
group_3721,0.002036659877800407
group_3722,0.002036659877800407
group_3723,0.002036659877800407
group_3724,0.029677043933663074
group_3725,0.002036659877800407
group_3726,0.01999251839228563
group_3727,0.004065006858140406
group_3728,0.004065006858140407
group_3729,0.03915374703853028
group_373,0.0020366598778004067
group_3730,0.01408204829793424
group_3731,0.010100170414397938
group_3732,0.018030674591628906
group_3733,0.006085040941019992
group_3734,0.004065006858140407
group_3735,0.004065006858140407
group_3736,0.002036659877800407
group_3737,0.002036659877800407
group_3738,0.008096762126439169
group_3739,0.004065006858140406
group_374,0.2164678498690718
group_3740,0.004065006858140406
group_3741,0.09327070950579826
group_3742,0.06808263020075646
group_3743,0.0020366598778004067
group_3744,0.016060517893511785
group_3745,0.0020366598778004067
group_3746,0.012095265804896293
group_3747,0.00608504094101999
group_3748,0.0020366598778004067
group_3749,0.03158901034955734
group_375,0.20247724344320212
group_3750,0.008096762126439167
group_3751,0.0020366598778004067
group_3752,0.0
group_3753,0.0020366598778004067
group_3754,0.0020366598778004067
group_3755,0.0
group_3756,0.012095265804896291
group_3757,0.018030674591628906
group_3758,0.006085040941019991
group_3759,0.002036659877800407
group_376,0.004065006858140407
group_3760,0.002036659877800407
group_3761,0.018030674591628906
group_3762,0.004065006858140408
group_3763,0.002036659877800407
group_3764,0.0020366598778004067
group_3765,0.0020366598778004067
group_3766,0.002036659877800407
group_3767,0.0020366598778004067
group_3768,0.0020366598778004067
group_3769,0.002036659877800407
group_377,0.0
group_3770,0.002036659877800407
group_3771,0.1808055197639137
group_3772,0.002036659877800407
group_3773,0.03158901034955734
group_3774,0.01803067459162891
group_3775,0.00809676212643917
group_3776,0.13109439295066294
group_3777,0.1447691092730371
group_3778,0.02194604929548193
group_3779,0.012095265804896293
group_378,0.05207198969200715
group_3780,0.00809676212643917
group_3781,0.057483685938733944
group_3782,0.00608504094101999
group_3783,0.016060517893511785
group_3784,0.10125109106779168
group_3785,0.0040650068581404054
group_3786,0.0020366598778004067
group_3787,0.021946049295481933
group_3788,0.0020366598778004067
group_3789,0.004065006858140406
group_379,0.05207198969200715
group_3790,0.004065006858140407
group_3791,0.008096762126439169
group_3792,0.0020366598778004067
group_3793,0.012095265804896293
group_3794,0.0020366598778004067
group_3795,0.004065006858140406
group_3796,0.002036659877800407
group_3797,0.004065006858140406
group_3798,0.0020366598778004067
group_3799,0.0020366598778004067
group_38,0.008096762126439167
group_380,0.12249054407913879
group_3800,0.004065006858140407
group_3801,0.002036659877800407
group_3802,0.008096762126439167
group_3803,0.002036659877800407
group_3804,0.00809676212643917
group_3805,0.01606051789351178
group_3806,0.002036659877800407
group_3807,0.006085040941019992
group_3808,0.031589010349557335
group_3809,0.0020366598778004067
group_381,0.16962467267966252
group_3810,0.004065006858140406
group_3811,0.002036659877800407
group_3812,0.002036659877800407
group_3813,0.0
group_3814,0.002036659877800407
group_3815,0.002036659877800407
group_3816,0.004065006858140406
group_3817,0.002036659877800407
group_3818,0.002036659877800407
group_3819,0.2452720395693919
group_382,0.021946049295481933
group_3820,0.00608504094101999
group_3821,0.016060517893511782
group_3822,0.0
group_3823,0.004065006858140406
group_3824,0.0020366598778004067
group_3825,0.002036659877800407
group_3826,0.002036659877800407
group_3827,0.0020366598778004067
group_3828,0.006085040941019989
group_3829,0.1901575294068748
group_383,0.008096762126439169
group_3830,0.00809676212643917
group_3831,0.01803067459162891
group_3832,0.0
group_3833,0.25038447150754395
group_3834,0.0020366598778004067
group_3835,0.0020366598778004067
group_3836,0.002036659877800407
group_3837,0.0834199260152126
group_3838,0.01209526580489629
group_3839,0.0020366598778004067
group_384,0.021946049295481933
group_3840,0.15885115757097132
group_3841,0.010100170414397938
group_3842,0.0020366598778004067
group_3843,0.010100170414397938
group_3844,0.0020366598778004067
group_3845,0.1165883868822478
group_3846,0.01010017041439794
group_3847,0.008096762126439167
group_3848,0.0020366598778004067
group_3849,0.0020366598778004067
group_385,0.01408204829793424
group_3850,0.004065006858140406
group_3851,0.15885115757097132
group_3852,0.00809676212643917
group_3853,0.0
group_3854,0.004065006858140408
group_3855,0.0020366598778004067
group_3856,0.0020366598778004067
group_3857,0.019992518392285625
group_3858,0.19115507710212395
group_3859,0.01209526580489629
group_386,0.03727503221247766
group_3860,0.0020366598778004067
group_3861,0.1576125358493703
group_3862,0.004065006858140406
group_3863,0.0020366598778004067
group_3864,0.002036659877800407
group_3865,0.006085040941019991
group_3866,0.004065006858140406
group_3867,0.02582817240949334
group_3868,0.012095265804896293
group_3869,0.002036659877800407
group_387,0.008096762126439167
group_3870,0.012095265804896293
group_3871,0.00608504094101999
group_3872,0.004065006858140407
group_3873,0.0020366598778004067
group_3874,0.0020366598778004067
group_3875,0.20424789060226944
group_3876,0.15129473377945882
group_3877,0.0020366598778004067
group_3878,0.0020366598778004067
group_3879,0.027756764620308415
group_388,0.008096762126439167
group_3880,0.002036659877800407
group_3881,0.002036659877800407
group_3882,0.002036659877800407
group_3883,0.002036659877800407
group_3884,0.006085040941019991
group_3885,0.002036659877800407
group_3886,0.0
group_3887,0.021946049295481933
group_3888,0.08174903362567024
group_3889,0.004065006858140407
group_389,0.014082048297934241
group_3890,0.2422793964836444
group_3891,0.0
group_3892,0.006085040941019992
group_3893,0.24584562949416025
group_3894,0.0020366598778004067
group_3895,0.004065006858140406
group_3896,0.15257491998836195
group_3897,0.004065006858140406
group_3898,0.004065006858140408
group_3899,0.006085040941019991
group_39,0.06104991894924975
group_390,0.014082048297934241
group_3900,0.0020366598778004067
group_3901,0.23770730288041897
group_3902,0.002036659877800407
group_3903,0.002036659877800407
group_3904,0.006085040941019991
group_3905,0.010100170414397938
group_3906,0.0732698782160522
group_3907,0.002036659877800407
group_3908,0.002036659877800407
group_3909,0.033492663867991185
group_391,0.004065006858140406
group_3910,0.008096762126439169
group_3911,0.03538800448896462
group_3912,0.21260235254998133
group_3913,0.002036659877800407
group_3914,0.0020366598778004067
group_3915,0.002036659877800407
group_3916,0.002036659877800407
group_3917,0.002036659877800407
group_3918,0.0020366598778004067
group_3919,0.23267799991687094
group_392,0.002036659877800407
group_3920,0.0020366598778004067
group_3921,0.002036659877800407
group_3922,0.004065006858140406
group_3923,0.01408204829793424
group_3924,0.008096762126439167
group_3925,0.006085040941019991
group_3926,0.002036659877800407
group_3927,0.021946049295481933
group_3928,0.18399767238871106
group_3929,0.002036659877800407
group_393,0.025828172409493335
group_3930,0.002036659877800407
group_3931,0.002036659877800407
group_3932,0.04288623799825429
group_3933,0.03915374703853028
group_3934,0.002036659877800407
group_3935,0.01408204829793424
group_3936,0.004065006858140408
group_3937,0.01209526580489629
group_3938,0.004065006858140407
group_3939,0.004065006858140406
group_394,0.08838272579907727
group_3940,0.0020366598778004067
group_3941,0.04102414896712249
group_3942,0.010100170414397938
group_3943,0.05927095889272205
group_3944,0.01209526580489629
group_3945,0.0020366598778004067
group_3946,0.004065006858140406
group_3947,0.18608420965127392
group_3948,0.004065006858140407
group_3949,0.01999251839228563
group_395,0.006085040941019991
group_3950,0.061049918949249764
group_3951,0.0020366598778004067
group_3952,0.012095265804896293
group_3953,0.027756764620308415
group_3954,0.004065006858140406
group_3955,0.01408204829793424
group_3956,0.004065006858140408
group_3957,0.01803067459162891
group_3958,0.08174903362567025
group_3959,0.01209526580489629
group_396,0.01803067459162891
group_3960,0.01209526580489629
group_3961,0.0040650068581404054
group_3962,0.006085040941019991
group_3963,0.0020366598778004067
group_3964,0.002036659877800407
group_3965,0.24801529573132716
group_3966,0.0
group_3967,0.002036659877800407
group_3968,0.010100170414397938
group_3969,0.004065006858140406
group_397,0.20768943015087912
group_3970,0.052071989692007145
group_3971,0.004065006858140407
group_3972,0.002036659877800407
group_3973,0.0020366598778004067
group_3974,0.1239453011347105
group_3975,0.02582817240949334
group_3976,0.014082048297934243
group_3977,0.002036659877800407
group_3978,0.00809676212643917
group_3979,0.08508250550729457
group_398,0.006085040941019991
group_3980,0.0040650068581404054
group_3981,0.10438505341036618
group_3982,0.010100170414397938
group_3983,0.023891267301217843
group_3984,0.002036659877800407
group_3985,0.0996716405503138
group_3986,0.24335176025603728
group_3987,0.002036659877800407
group_3988,0.010100170414397942
group_3989,0.016060517893511785
group_399,0.016060517893511785
group_3990,0.002036659877800407
group_3991,0.22985161478033164
group_3992,0.0020366598778004067
group_3993,0.0020366598778004067
group_3994,0.004065006858140406
group_3995,0.002036659877800407
group_3996,0.006085040941019991
group_3997,0.012095265804896293
group_3998,0.002036659877800407
group_3999,0.09164969450101831
group_4,0.17643293569973809
group_40,0.012095265804896293
group_400,0.027756764620308412
group_4000,0.012095265804896293
group_4001,0.00608504094101999
group_4002,0.004065006858140407
group_4003,0.004065006858140407
group_4004,0.006085040941019991
group_4005,0.008096762126439167
group_4006,0.01999251839228563
group_4007,0.004065006858140406
group_4008,0.008096762126439165
group_4009,0.19975892597364814
group_401,0.004065006858140406
group_4010,0.016060517893511785
group_4011,0.004065006858140406
group_4012,0.0020366598778004067
group_4013,0.0020366598778004067
group_4014,0.22866287044349312
group_4015,0.01010017041439794
group_4016,0.01606051789351179
group_4017,0.004065006858140407
group_4018,0.09967164055031381
group_4019,0.0020366598778004067
group_402,0.01209526580489629
group_4020,0.0020366598778004067
group_4021,0.04658547736813667
group_4022,0.004065006858140407
group_4023,0.14609085996924226
group_4024,0.0020366598778004067
group_4025,0.0502514651481774
group_4026,0.0020366598778004067
group_4027,0.016060517893511785
group_4028,0.004065006858140407
group_4029,0.0020366598778004067
group_403,0.0020366598778004067
group_4030,0.10438505341036618
group_4031,0.11207448356124526
group_4032,0.002036659877800407
group_4033,0.002036659877800407
group_4034,0.0020366598778004067
group_4035,0.002036659877800407
group_4036,0.002036659877800407
group_4037,0.023891267301217843
group_4038,0.004065006858140406
group_4039,0.0020366598778004067
group_404,0.0
group_4040,0.0020366598778004067
group_4041,0.0020366598778004067
group_4042,0.0020366598778004067
group_4043,0.0020366598778004067
group_4044,0.002036659877800407
group_4045,0.01999251839228563
group_4046,0.002036659877800407
group_4047,0.002036659877800407
group_4048,0.19696579242695042
group_4049,0.1576125358493703
group_405,0.0428862379982543
group_4050,0.004065006858140406
group_4051,0.014082048297934243
group_4052,0.002036659877800407
group_4053,0.004065006858140406
group_4054,0.03538800448896462
group_4055,0.01209526580489629
group_4056,0.01803067459162891
group_4057,0.0040650068581404054
group_4058,0.0020366598778004067
group_4059,0.002036659877800407
group_406,0.0020366598778004067
group_4060,0.0020366598778004067
group_4061,0.002036659877800407
group_4062,0.0834199260152126
group_4063,0.021946049295481933
group_4064,0.002036659877800407
group_4065,0.0
group_4066,0.002036659877800407
group_4067,0.14870942266927137
group_4068,0.006085040941019989
group_4069,0.0020366598778004067
group_407,0.014082048297934243
group_4070,0.18399767238871106
group_4071,0.014082048297934241
group_4072,0.0020366598778004067
group_4073,0.014082048297934243
group_4074,0.004065006858140406
group_4075,0.05568810008728542
group_4076,0.016060517893511785
group_4077,0.033492663867991185
group_4078,0.0040650068581404054
group_4079,0.06982002576998213
group_408,0.03538800448896463
group_4080,0.10902365019327487
group_4081,0.08174903362567024
group_4082,0.004065006858140407
group_4083,0.010100170414397938
group_4084,0.014082048297934236
group_4085,0.021946049295481933
group_4086,0.0020366598778004067
group_4087,0.0020366598778004067
group_4088,0.03915374703853028
group_4089,0.012095265804896293
group_409,0.0020366598778004067
group_4090,0.029677043933663074
group_4091,0.01999251839228563
group_4092,0.002036659877800407
group_4093,0.006085040941019988
group_4094,0.031589010349557335
group_4095,0.016060517893511785
group_4096,0.0020366598778004067
group_4097,0.14210066918824554
group_4098,0.002036659877800407
group_4099,0.01010017041439794
group_41,0.004065006858140406
group_410,0.0020366598778004067
group_4100,0.002036659877800407
group_4101,0.0020366598778004067
group_4102,0.06808263020075646
group_4103,0.002036659877800407
group_4104,0.010100170414397938
group_4105,0.0020366598778004067
group_4106,0.002036659877800407
group_4107,0.0020366598778004067
group_4108,0.002036659877800407
group_4109,0.023891267301217847
group_411,0.01010017041439794
group_4110,0.008096762126439169
group_4111,0.06458290036992395
group_4112,0.0020366598778004067
group_4113,0.00608504094101999
group_4114,0.1282596949166632
group_4115,0.010100170414397938
group_4116,0.004065006858140408
group_4117,0.0834199260152126
group_4118,0.002036659877800407
group_4119,0.0020366598778004067
group_412,0.17419676628288788
group_4120,0.002036659877800407
group_4121,0.1797248430940604
group_4122,0.06282056610831709
group_4123,0.010100170414397938
group_4124,0.002036659877800407
group_4125,0.018030674591628906
group_4126,0.008096762126439167
group_4127,0.08508250550729456
group_4128,0.035388004488964626
group_4129,0.07838231015420423
group_413,0.21941061557005695
group_4130,0.17078016542665944
group_4131,0.09488341161311774
group_4132,0.01209526580489629
group_4133,0.004065006858140407
group_4134,0.06282056610831709
group_4135,0.0020366598778004067
group_4136,0.1576125358493703
group_4137,0.1576125358493703
group_4138,0.0020366598778004067
group_4139,0.0020366598778004067
group_414,0.0020366598778004067
group_4140,0.01209526580489629
group_4141,0.021946049295481933
group_4142,0.008096762126439169
group_4143,0.0020366598778004067
group_4144,0.04102414896712249
group_4145,0.0020366598778004067
group_4146,0.05207198969200714
group_4147,0.004065006858140406
group_4148,0.05568810008728542
group_4149,0.006085040941019992
group_415,0.01999251839228563
group_4150,0.0040650068581404054
group_4151,0.006085040941019991
group_4152,0.0
group_4153,0.004065006858140406
group_4154,0.016060517893511785
group_4155,0.004065006858140407
group_4156,0.004065006858140406
group_4157,0.016060517893511785
group_4158,0.0020366598778004067
group_4159,0.002036659877800407
group_416,0.05207198969200715
group_4160,0.002036659877800407
group_4161,0.004065006858140406
group_4162,0.01999251839228563
group_4163,0.00809676212643917
group_4164,0.006085040941019991
group_4165,0.016060517893511785
group_4166,0.00608504094101999
group_4167,0.002036659877800407
group_4168,0.0020366598778004067
group_4169,0.002036659877800407
group_417,0.006085040941019991
group_4170,0.04658547736813667
group_4171,0.004065006858140406
group_4172,0.16130346232179227
group_4173,0.08508250550729456
group_4174,0.01999251839228563
group_4175,0.002036659877800407
group_4176,0.02775676462030841
group_4177,0.01999251839228563
group_4178,0.004065006858140406
group_4179,0.004065006858140406
group_418,0.0
group_4180,0.002036659877800407
group_4181,0.008096762126439167
group_4182,0.004065006858140408
group_4183,0.012095265804896295
group_4184,0.0020366598778004067
group_4185,0.0020366598778004067
group_4186,0.0020366598778004067
group_4187,0.00608504094101999
group_4188,0.01209526580489629
group_4189,0.0020366598778004067
group_419,0.002036659877800407
group_4190,0.002036659877800407
group_4191,0.0020366598778004067
group_4192,0.0040650068581404054
group_4193,0.002036659877800407
group_4194,0.13803566233010514
group_4195,0.006085040941019994
group_4196,0.004065006858140406
group_4197,0.24638596782908678
group_4198,0.002036659877800407
group_4199,0.002036659877800407
group_42,0.09327070950579826
group_420,0.004065006858140406
group_4200,0.01010017041439794
group_4201,0.01010017041439794
group_4202,0.004065006858140407
group_4203,0.002036659877800407
group_4204,0.008096762126439167
group_4205,0.004065006858140406
group_4206,0.002036659877800407
group_4207,0.00608504094101999
group_4208,0.004065006858140406
group_4209,0.002036659877800407
group_421,0.07498233509289662
group_4210,0.010100170414397938
group_4211,0.002036659877800407
group_4212,0.004065006858140406
group_4213,0.09164969450101831
group_4214,0.002036659877800407
group_4215,0.01010017041439794
group_4216,0.00809676212643917
group_4217,0.15885115757097137
group_4218,0.021946049295481933
group_4219,0.012095265804896293
group_422,0.01999251839228563
group_4220,0.01010017041439794
group_4221,0.004065006858140406
group_4222,0.0020366598778004067
group_4223,0.002036659877800407
group_4224,0.004065006858140407
group_4225,0.002036659877800407
group_4226,0.02194604929548193
group_4227,0.004065006858140406
group_4228,0.002036659877800407
group_4229,0.01209526580489629
group_423,0.0020366598778004067
group_4230,0.004065006858140407
group_4231,0.002036659877800407
group_4232,0.002036659877800407
group_4233,0.016060517893511782
group_4234,0.13666403424913753
group_4235,0.0020366598778004067
group_4236,0.15129473377945882
group_4237,0.0020366598778004067
group_4238,0.0020366598778004067
group_4239,0.01209526580489629
group_424,0.0020366598778004067
group_4240,0.00608504094101999
group_4241,0.01803067459162891
group_4242,0.002036659877800407
group_4243,0.004065006858140406
group_4244,0.004065006858140406
group_4245,0.002036659877800407
group_4246,0.002036659877800407
group_4247,0.002036659877800407
group_4248,0.002036659877800407
group_4249,0.01803067459162891
group_425,0.06982002576998211
group_4250,0.0020366598778004067
group_4251,0.006085040941019991
group_4252,0.11055322332599025
group_4253,0.18813749532399518
group_4254,0.012095265804896293
group_4255,0.002036659877800407
group_4256,0.1268298765534727
group_4257,0.006085040941019991
group_4258,0.1500062346730953
group_4259,0.061049918949249764
group_426,0.0
group_4260,0.06808263020075644
group_4261,0.01209526580489629
group_4262,0.002036659877800407
group_4263,0.052071989692007145
group_4264,0.002036659877800407
group_4265,0.002036659877800407
group_4266,0.002036659877800407
group_4267,0.002036659877800407
group_4268,0.09164969450101831
group_4269,0.1950621389085166
group_427,0.029677043933663074
group_4270,0.004065006858140407
group_4271,0.006085040941019988
group_4272,0.002036659877800407
group_4273,0.002036659877800407
group_4274,0.004065006858140406
group_4275,0.0020366598778004067
group_4276,0.004065006858140407
group_4277,0.0020366598778004067
group_4278,0.0020366598778004067
group_4279,0.004065006858140406
group_428,0.0502514651481774
group_4280,0.016060517893511785
group_4281,0.004065006858140407
group_4282,0.025828172409493328
group_4283,0.006085040941019992
group_4284,0.002036659877800407
group_4285,0.01209526580489629
group_4286,0.004065006858140406
group_4287,0.0020366598778004067
group_4288,0.0
group_4289,0.002036659877800407
group_429,0.002036659877800407
group_4290,0.004065006858140406
group_4291,0.004065006858140407
group_4292,0.002036659877800407
group_4293,0.010100170414397938
group_4294,0.0020366598778004067
group_4295,0.0020366598778004067
group_4296,0.002036659877800407
group_4297,0.004065006858140407
group_4298,0.0020366598778004067
group_4299,0.018030674591628906
group_43,0.03158901034955734
group_430,0.002036659877800407
group_4300,0.004065006858140406
group_4301,0.006085040941019992
group_4302,0.029677043933663074
group_4303,0.021946049295481933
group_4304,0.002036659877800407
group_4305,0.0020366598778004067
group_4306,0.004065006858140406
group_4307,0.002036659877800407
group_4308,0.0
group_4309,0.016060517893511785
group_431,0.004065006858140406
group_4310,0.04842262770688724
group_4311,0.06458290036992395
group_4312,0.027756764620308412
group_4313,0.0020366598778004067
group_4314,0.03158901034955734
group_4315,0.010100170414397938
group_4316,0.016060517893511785
group_4317,0.012095265804896293
group_4318,0.0020366598778004067
group_4319,0.002036659877800407
group_432,0.004065006858140406
group_4320,0.010100170414397938
group_4321,0.006085040941019991
group_4322,0.002036659877800407
group_4323,0.002036659877800407
group_4324,0.002036659877800407
group_4325,0.010100170414397938
group_4326,0.016060517893511785
group_4327,0.033492663867991185
group_4328,0.002036659877800407
group_4329,0.002036659877800407
group_433,0.012095265804896293
group_4330,0.004065006858140408
group_4331,0.006085040941019991
group_4332,0.004065006858140406
group_4333,0.002036659877800407
group_4334,0.002036659877800407
group_4335,0.03158901034955734
group_4336,0.008096762126439167
group_4337,0.014082048297934243
group_4338,0.006085040941019991
group_4339,0.0
group_434,0.039153747038530286
group_4340,0.002036659877800407
group_4341,0.021946049295481933
group_4342,0.0
group_4343,0.0020366598778004067
group_4344,0.00608504094101999
group_4345,0.004065006858140407
group_4346,0.004065006858140406
group_4347,0.03538800448896462
group_4348,0.004065006858140406
group_4349,0.006085040941019991
group_435,0.002036659877800407
group_4350,0.0
group_4351,0.010100170414397938
group_4352,0.004065006858140406
group_4353,0.004065006858140408
group_4354,0.0020366598778004067
group_4355,0.002036659877800407
group_4356,0.006085040941019994
group_4357,0.22357537719772222
group_4358,0.0020366598778004067
group_4359,0.010100170414397938
group_436,0.002036659877800407
group_4360,0.006085040941019991
group_4361,0.002036659877800407
group_4362,0.04102414896712249
group_4363,0.002036659877800407
group_4364,0.016060517893511785
group_4365,0.004065006858140407
group_4366,0.002036659877800407
group_4367,0.03727503221247766
group_4368,0.002036659877800407
group_4369,0.002036659877800407
group_437,0.002036659877800407
group_4370,0.002036659877800407
group_4371,0.002036659877800407
group_4372,0.03727503221247766
group_4373,0.021946049295481933
group_4374,0.004065006858140406
group_4375,0.01010017041439794
group_4376,0.008096762126439167
group_4377,0.006085040941019991
group_4378,0.002036659877800407
group_4379,0.012095265804896293
group_438,0.004065006858140407
group_4380,0.03158901034955734
group_4381,0.006085040941019992
group_4382,0.01803067459162891
group_4383,0.004065006858140408
group_4384,0.016060517893511785
group_4385,0.004065006858140406
group_4386,0.002036659877800407
group_4387,0.002036659877800407
group_4388,0.027756764620308415
group_4389,0.14870942266927137
group_439,0.07154910844174737
group_4390,0.03158901034955734
group_4391,0.002036659877800407
group_4392,0.004065006858140406
group_4393,0.002036659877800407
group_4394,0.002036659877800407
group_4395,0.0020366598778004067
group_4396,0.002036659877800407
group_4397,0.00608504094101999
group_4398,0.0
group_4399,0.023891267301217843
group_44,0.021946049295481926
group_440,0.029677043933663074
group_4400,0.22357537719772222
group_4401,0.002036659877800407
group_4402,0.002036659877800407
group_4403,0.0020366598778004067
group_4404,0.06458290036992395
group_4405,0.07498233509289662
group_4406,0.08838272579907729
group_4407,0.02582817240949334
group_4408,0.008096762126439165
group_4409,0.012095265804896295
group_441,0.023891267301217843
group_4410,0.10282222868780913
group_4411,0.004065006858140407
group_4412,0.09164969450101833
group_4413,0.004065006858140406
group_4414,0.002036659877800407
group_4415,0.002036659877800407
group_4416,0.004065006858140408
group_4417,0.002036659877800407
group_4418,0.004065006858140406
group_4419,0.002036659877800407
group_442,0.002036659877800407
group_4420,0.01999251839228563
group_4421,0.002036659877800407
group_4422,0.039153747038530286
group_4423,0.059270958892722055
group_4424,0.002036659877800407
group_4425,0.002036659877800407
group_4426,0.08838272579907729
group_4427,0.00608504094101999
group_4428,0.002036659877800407
group_4429,0.004065006858140406
group_443,0.023891267301217847
group_4430,0.004065006858140406
group_4431,0.04842262770688723
group_4432,0.002036659877800407
group_4433,0.002036659877800407
group_4434,0.0020366598778004067
group_4435,0.05207198969200715
group_4436,0.004065006858140406
group_4437,0.002036659877800407
group_4438,0.002036659877800407
group_4439,0.006085040941019989
group_444,0.004065006858140406
group_4440,0.0
group_4441,0.002036659877800407
group_4442,0.002036659877800407
group_4443,0.15257491998836198
group_4444,0.010100170414397938
group_4445,0.0020366598778004067
group_4446,0.09648780082297684
group_4447,0.008096762126439169
group_4448,0.004065006858140408
group_4449,0.004065006858140407
group_445,0.014082048297934241
group_4450,0.021946049295481933
group_4451,0.06458290036992395
group_4452,0.01010017041439794
group_4453,0.0020366598778004067
group_4454,0.04658547736813667
group_4455,0.0020366598778004067
group_4456,0.012095265804896293
group_4457,0.008096762126439167
group_4458,0.14740429776798705
group_4459,0.004065006858140406
group_446,0.004065006858140406
group_4460,0.010100170414397938
group_4461,0.006085040941019991
group_4462,0.01010017041439794
group_4463,0.002036659877800407
group_4464,0.16491957271707058
group_4465,0.002036659877800407
group_4466,0.010100170414397938
group_4467,0.002036659877800407
group_4468,0.006085040941019992
group_4469,0.004065006858140408
group_447,0.04658547736813668
group_4470,0.05388420133837648
group_4471,0.0020366598778004067
group_4472,0.10748576416309906
group_4473,0.004065006858140407
group_4474,0.0020366598778004067
group_4475,0.0020366598778004067
group_4476,0.17192734527619602
group_4477,0.006085040941019991
group_4478,0.0020366598778004067
group_4479,0.059270958892722055
group_448,0.016060517893511785
group_4480,0.01999251839228563
group_4481,0.021946049295481933
group_4482,0.008096762126439169
group_4483,0.11207448356124526
group_4484,0.027756764620308412
group_4485,0.002036659877800407
group_4486,0.002036659877800407
group_4487,0.002036659877800407
group_4488,0.0040650068581404054
group_4489,0.002036659877800407
group_449,0.016060517893511785
group_4490,0.1407539797996592
group_4491,0.002036659877800407
group_4492,0.002036659877800407
group_4493,0.004065006858140406
group_4494,0.006085040941019991
group_4495,0.004065006858140406
group_4496,0.002036659877800407
group_4497,0.0040650068581404054
group_4498,0.010100170414397938
group_4499,0.004065006858140406
group_45,0.027756764620308415
group_450,0.002036659877800407
group_4500,0.002036659877800407
group_4501,0.002036659877800407
group_4502,0.002036659877800407
group_4503,0.0
group_4504,0.06633692173407038
group_4505,0.0020366598778004067
group_4506,0.006085040941019991
group_4507,0.014082048297934241
group_4508,0.006085040941019991
group_4509,0.01803067459162891
group_451,0.002036659877800407
group_4510,0.01999251839228563
group_4511,0.014082048297934241
group_4512,0.008096762126439167
group_4513,0.010100170414397938
group_4514,0.01209526580489629
group_4515,0.04658547736813668
group_4516,0.023891267301217847
group_4517,0.0020366598778004067
group_4518,0.053884201338376486
group_4519,0.04658547736813667
group_452,0.002036659877800407
group_4520,0.002036659877800407
group_4521,0.13528409327070956
group_4522,0.021946049295481933
group_4523,0.004065006858140407
group_4524,0.014082048297934241
group_4525,0.0020366598778004067
group_4526,0.0
group_4527,0.033492663867991185
group_4528,0.023891267301217843
group_4529,0.021946049295481933
group_453,0.004065006858140406
group_4530,0.004065006858140407
group_4531,0.021946049295481933
group_4532,0.002036659877800407
group_4533,0.002036659877800407
group_4534,0.006085040941019993
group_4535,0.010100170414397938
group_4536,0.09488341161311774
group_4537,0.002036659877800407
group_4538,0.012095265804896295
group_4539,0.002036659877800407
group_454,0.00608504094101999
group_4540,0.0
group_4541,0.07668647907228066
group_4542,0.08006982833866744
group_4543,0.002036659877800407
group_4544,0.008096762126439167
group_4545,0.03538800448896462
group_4546,0.023891267301217843
group_4547,0.11055322332599027
group_4548,0.0
group_4549,0.0040650068581404054
group_455,0.002036659877800407
group_4550,0.002036659877800407
group_4551,0.012095265804896293
group_4552,0.002036659877800407
group_4553,0.05207198969200716
group_4554,0.09808387713537554
group_4555,0.25020990066087534
group_4556,0.002036659877800407
group_4557,0.014082048297934245
group_4558,0.004065006858140406
group_4559,0.04474001413192566
group_456,0.0040650068581404054
group_4560,0.004065006858140407
group_4561,0.002036659877800407
group_4562,0.01999251839228563
group_4563,0.021946049295481933
group_4564,0.002036659877800407
group_4565,0.002036659877800407
group_4566,0.02194604929548193
group_4567,0.02582817240949334
group_4568,0.02389126730121784
group_4569,0.004065006858140406
group_457,0.004065006858140408
group_4570,0.004065006858140408
group_4571,0.002036659877800407
group_4572,0.002036659877800407
group_4573,0.004065006858140406
group_4574,0.004065006858140406
group_4575,0.021946049295481933
group_4576,0.002036659877800407
group_4577,0.004065006858140407
group_4578,0.004065006858140407
group_4579,0.012095265804896293
group_458,0.18080551976391374
group_4580,0.03915374703853028
group_4581,0.010100170414397938
group_4582,0.03915374703853028
group_4583,0.0428862379982543
group_4584,0.002036659877800407
group_4585,0.0020366598778004067
group_4586,0.006085040941019989
group_4587,0.008096762126439169
group_4588,0.0020366598778004067
group_4589,0.004065006858140406
group_459,0.002036659877800407
group_4590,0.004065006858140408
group_4591,0.004065006858140406
group_4592,0.0020366598778004067
group_4593,0.004065006858140408
group_4594,0.004065006858140406
group_4595,0.0020366598778004067
group_4596,0.18813749532399518
group_4597,0.006085040941019992
group_4598,0.002036659877800407
group_4599,0.0020366598778004067
group_46,0.01803067459162891
group_460,0.016060517893511785
group_4600,0.006085040941019992
group_4601,0.002036659877800407
group_4602,0.0040650068581404054
group_4603,0.008096762126439169
group_4604,0.002036659877800407
group_4605,0.24335176025603725
group_4606,0.02194604929548193
group_4607,0.012095265804896291
group_4608,0.00809676212643917
group_4609,0.029677043933663074
group_461,0.06282056610831709
group_4610,0.002036659877800407
group_4611,0.004065006858140406
group_4612,0.25038447150754395
group_4613,0.002036659877800407
group_4614,0.01999251839228563
group_4615,0.033492663867991185
group_4616,0.002036659877800407
group_4617,0.002036659877800407
group_4618,0.0020366598778004067
group_4619,0.004065006858140407
group_462,0.004065006858140406
group_4620,0.05025146514817741
group_4621,0.002036659877800407
group_4622,0.0020366598778004067
group_4623,0.0
group_4624,0.016060517893511785
group_4625,0.08006982833866744
group_4626,0.004065006858140407
group_4627,0.0020366598778004067
group_4628,0.0020366598778004067
group_4629,0.002036659877800407
group_463,0.0
group_4630,0.012095265804896293
group_4631,0.002036659877800407
group_4632,0.0020366598778004067
group_4633,0.0
group_4634,0.002036659877800407
group_4635,0.002036659877800407
group_4636,0.2505008520719897
group_4637,0.004065006858140406
group_4638,0.0
group_4639,0.0020366598778004067
group_464,0.18608420965127392
group_4640,0.004065006858140406
group_4641,0.0
group_4642,0.006085040941019991
group_4643,0.0
group_4644,0.004065006858140406
group_4645,0.04102414896712249
group_4646,0.004065006858140407
group_4647,0.0663369217340704
group_4648,0.002036659877800407
group_4649,0.02582817240949334
group_465,0.02582817240949334
group_4650,0.0020366598778004067
group_4651,0.027756764620308412
group_4652,0.012095265804896295
group_4653,0.002036659877800407
group_4654,0.002036659877800407
group_4655,0.00809676212643917
group_4656,0.0020366598778004067
group_4657,0.0020366598778004067
group_4658,0.0020366598778004067
group_4659,0.004065006858140406
group_466,0.06982002576998211
group_4660,0.0020366598778004067
group_4661,0.010100170414397938
group_4662,0.002036659877800407
group_4663,0.002036659877800407
group_4664,0.002036659877800407
group_4665,0.004065006858140406
group_4666,0.002036659877800407
group_4667,0.002036659877800407
group_4668,0.002036659877800407
group_4669,0.002036659877800407
group_467,0.06982002576998211
group_4670,0.008096762126439165
group_4671,0.006085040941019988
group_4672,0.008096762126439167
group_4673,0.01999251839228563
group_4674,0.004065006858140407
group_4675,0.002036659877800407
group_4676,0.004065006858140408
group_4677,0.006085040941019992
group_4678,0.002036659877800407
group_4679,0.002036659877800407
group_468,0.16962467267966252
group_4680,0.0020366598778004067
group_4681,0.0
group_4682,0.07838231015420423
group_4683,0.002036659877800407
group_4684,0.0
group_4685,0.02775676462030841
group_4686,0.03538800448896462
group_4687,0.002036659877800407
group_4688,0.0020366598778004067
group_4689,0.10438505341036618
group_469,0.1625171453510121
group_4690,0.004065006858140407
group_4691,0.004065006858140407
group_4692,0.006085040941019991
group_4693,0.006085040941019991
group_4694,0.023891267301217843
group_4695,0.11955609127561416
group_4696,0.002036659877800407
group_4697,0.010100170414397938
group_4698,0.006085040941019991
group_4699,0.002036659877800407
group_47,0.029677043933663074
group_470,0.04842262770688724
group_4700,0.0020366598778004067
group_4701,0.002036659877800407
group_4702,0.0020366598778004067
group_4703,0.004065006858140407
group_4704,0.00608504094101999
group_4705,0.002036659877800407
group_4706,0.01209526580489629
group_4707,0.006085040941019991
group_4708,0.008096762126439169
group_4709,0.03158901034955734
group_471,0.008096762126439169
group_4710,0.027756764620308412
group_4711,0.002036659877800407
group_4712,0.02582817240949334
group_4713,0.004065006858140406
group_4714,0.014082048297934243
group_4715,0.004065006858140404
group_4716,0.002036659877800407
group_4717,0.0020366598778004067
group_4718,0.0020366598778004067
group_4719,0.0040650068581404054
group_472,0.002036659877800407
group_4720,0.016060517893511785
group_4721,0.002036659877800407
group_4722,0.002036659877800407
group_4723,0.002036659877800407
group_4724,0.002036659877800407
group_4725,0.002036659877800407
group_4726,0.002036659877800407
group_4727,0.002036659877800407
group_4728,0.004065006858140407
group_4729,0.002036659877800407
group_473,0.14609085996924226
group_4730,0.002036659877800407
group_4731,0.002036659877800407
group_4732,0.05568810008728542
group_4733,0.004065006858140407
group_4734,0.006085040941019992
group_4735,0.033492663867991185
group_4736,0.03538800448896462
group_4737,0.004065006858140406
group_4738,0.031589010349557335
group_4739,0.002036659877800407
group_474,0.08006982833866745
group_4740,0.008096762126439167
group_4741,0.016060517893511785
group_4742,0.0
group_4743,0.002036659877800407
group_4744,0.002036659877800407
group_4745,0.0020366598778004067
group_4746,0.002036659877800407
group_4747,0.008096762126439167
group_4748,0.008096762126439167
group_4749,0.0
group_475,0.18711500893636476
group_4750,0.00608504094101999
group_4751,0.012095265804896296
group_4752,0.03538800448896462
group_4753,0.016060517893511785
group_4754,0.0020366598778004067
group_4755,0.012095265804896291
group_4756,0.00608504094101999
group_4757,0.01010017041439794
group_4758,0.002036659877800407
group_4759,0.11955609127561416
group_476,0.08341992601521261
group_4760,0.0020366598778004067
group_4761,0.15257491998836195
group_4762,0.016060517893511785
group_4763,0.004065006858140406
group_4764,0.15129473377945882
group_4765,0.004065006858140406
group_4766,0.00809676212643917
group_4767,0.006085040941019991
group_4768,0.006085040941019991
group_4769,0.0020366598778004067
group_477,0.004065006858140407
group_4770,0.0020366598778004067
group_4771,0.05927095889272205
group_4772,0.01803067459162891
group_4773,0.01803067459162891
group_4774,0.0020366598778004067
group_4775,0.006085040941019991
group_4776,0.0020366598778004067
group_4777,0.0020366598778004067
group_4778,0.010100170414397938
group_4779,0.029677043933663074
group_478,0.18187788353630654
group_4780,0.029677043933663074
group_4781,0.029677043933663074
group_4782,0.002036659877800407
group_4783,0.004065006858140406
group_4784,0.09648780082297685
group_4785,0.008096762126439167
group_4786,0.06808263020075646
group_4787,0.016060517893511785
group_4788,0.002036659877800407
group_4789,0.002036659877800407
group_479,0.0020366598778004067
group_4790,0.021946049295481926
group_4791,0.0020366598778004067
group_4792,0.002036659877800407
group_4793,0.06282056610831709
group_4794,0.002036659877800407
group_4795,0.002036659877800407
group_4796,0.2502099006608753
group_4797,0.03538800448896462
group_4798,0.07668647907228064
group_4799,0.0428862379982543
group_48,0.006085040941019989
group_480,0.0
group_4800,0.1871150089363648
group_4801,0.0020366598778004067
group_4802,0.0
group_4803,0.21339207780872024
group_4804,0.0
group_4805,0.002036659877800407
group_4806,0.07498233509289662
group_4807,0.029677043933663074
group_4808,0.002036659877800407
group_4809,0.004065006858140407
group_481,0.05388420133837648
group_4810,0.006085040941019991
group_4811,0.02775676462030841
group_4812,0.008096762126439169
group_4813,0.021946049295481933
group_4814,0.0
group_4815,0.002036659877800407
group_4816,0.1741967662828879
group_4817,0.00608504094101999
group_4818,0.012095265804896293
group_4819,0.02582817240949334
group_482,0.1447691092730371
group_4820,0.004065006858140406
group_4821,0.04842262770688724
group_4822,0.0020366598778004067
group_4823,0.008096762126439169
group_4824,0.027756764620308412
group_4825,0.004065006858140406
group_4826,0.09164969450101831
group_4827,0.002036659877800407
group_4828,0.07326987821605219
group_4829,0.018030674591628906
group_483,0.13803566233010514
group_4830,0.01010017041439794
group_4831,0.004065006858140407
group_4832,0.12102747412610665
group_4833,0.12249054407913879
group_4834,0.03538800448896462
group_4835,0.03538800448896462
group_4836,0.1576125358493703
group_4837,0.016060517893511785
group_4838,0.0020366598778004067
group_4839,0.0020366598778004067
group_484,0.08508250550729456
group_4840,0.002036659877800407
group_4841,0.0020366598778004067
group_4842,0.002036659877800407
group_4843,0.004065006858140406
group_4844,0.002036659877800407
group_4845,0.021946049295481933
group_4846,0.0020366598778004067
group_4847,0.03158901034955734
group_4848,0.03158901034955734
group_4849,0.01999251839228563
group_485,0.06982002576998211
group_4850,0.01999251839228563
group_4851,0.08174903362567024
group_4852,0.0
group_4853,0.15511035371378695
group_4854,0.13666403424913753
group_4855,0.006085040941019989
group_4856,0.16962467267966252
group_4857,0.0
group_4858,0.004065006858140407
group_4859,0.004065006858140408
group_486,0.061049918949249764
group_4860,0.0428862379982543
group_4861,0.04474001413192567
group_4862,0.023891267301217843
group_4863,0.006085040941019989
group_4864,0.01999251839228563
group_4865,0.044740014131925666
group_4866,0.10902365019327485
group_4867,0.10902365019327485
group_4868,0.20247724344320212
group_4869,0.044740014131925666
group_487,0.1500062346730953
group_4870,0.09327070950579824
group_4871,0.01010017041439794
group_4872,0.01010017041439794
group_4873,0.002036659877800407
group_4874,0.04658547736813667
group_4875,0.002036659877800407
group_4876,0.0
group_4877,0.16962467267966252
group_4878,0.002036659877800407
group_4879,0.11207448356124523
group_488,0.04288623799825429
group_4880,0.0663369217340704
group_4881,0.01010017041439794
group_4882,0.0
group_4883,0.002036659877800407
group_4884,0.02775676462030841
group_4885,0.031589010349557335
group_4886,0.021946049295481933
group_4887,0.002036659877800407
group_4888,0.061049918949249764
group_4889,0.03158901034955734
group_489,0.17078016542665944
group_4890,0.002036659877800407
group_4891,0.016060517893511785
group_4892,0.021946049295481933
group_4893,0.008096762126439165
group_4894,0.09164969450101831
group_4895,0.07326987821605219
group_4896,0.04842262770688723
group_4897,0.021946049295481933
group_4898,0.20936032254042145
group_4899,0.16728874849328731
group_49,0.23770730288041894
group_490,0.11358743089903986
group_4900,0.010100170414397938
group_4901,0.11207448356124523
group_4902,0.05927095889272205
group_4903,0.012095265804896293
group_4904,0.006085040941019991
group_4905,0.09164969450101831
group_4906,0.0020366598778004067
group_4907,0.01999251839228563
group_4908,0.004065006858140407
group_4909,0.06808263020075646
group_491,0.0020366598778004067
group_4910,0.02582817240949334
group_4911,0.027756764620308415
group_4912,0.008096762126439167
group_4913,0.008096762126439167
group_4914,0.10902365019327487
group_4915,0.021946049295481933
group_4916,0.0020366598778004067
group_4917,0.04102414896712249
group_4918,0.15885115757097137
group_4919,0.04288623799825429
group_492,0.002036659877800407
group_4920,0.006085040941019991
group_4921,0.002036659877800407
group_4922,0.002036659877800407
group_4923,0.002036659877800407
group_4924,0.004065006858140406
group_4925,0.014082048297934238
group_4926,0.0
group_4927,0.01010017041439794
group_4928,0.016060517893511782
group_4929,0.033492663867991185
group_493,0.17306621222827215
group_4930,0.021946049295481933
group_4931,0.006085040941019992
group_4932,0.033492663867991185
group_4933,0.014082048297934243
group_4934,0.0020366598778004067
group_4935,0.05207198969200715
group_4936,0.19790514983997667
group_4937,0.07154910844174737
group_4938,0.004065006858140406
group_4939,0.03158901034955734
group_494,0.15257491998836195
group_4940,0.08006982833866745
group_4941,0.014082048297934238
group_4942,0.016060517893511782
group_4943,0.004065006858140406
group_4944,0.01999251839228563
group_4945,0.004065006858140406
group_4946,0.012095265804896288
group_4947,0.006085040941019992
group_4948,0.010100170414397938
group_4949,0.004065006858140407
group_495,0.11509206533937402
group_4950,0.00809676212643917
group_4951,0.11807639552766114
group_4952,0.02582817240949334
group_4953,0.002036659877800407
group_4954,0.17192734527619608
group_4955,0.01803067459162891
group_4956,0.01803067459162891
group_4957,0.002036659877800407
group_4958,0.004065006858140406
group_4959,0.002036659877800407
group_496,0.06808263020075646
group_4960,0.006085040941019991
group_4961,0.03915374703853028
group_4962,0.021946049295481933
group_4963,0.002036659877800407
group_4964,0.004065006858140406
group_4965,0.10125109106779168
group_4966,0.004065006858140406
group_4967,0.004065006858140406
group_4968,0.14870942266927137
group_4969,0.002036659877800407
group_497,0.21018329938900202
group_4970,0.033492663867991185
group_4971,0.01803067459162891
group_4972,0.016060517893511785
group_4973,0.19696579242695042
group_4974,0.002036659877800407
group_4975,0.0502514651481774
group_4976,0.016060517893511785
group_4977,0.008096762126439165
group_4978,0.021946049295481933
group_4979,0.01999251839228563
group_498,0.06982002576998211
group_4980,0.13109439295066294
group_4981,0.04658547736813667
group_4982,0.004065006858140406
group_4983,0.00809676212643917
group_4984,0.00809676212643917
group_4985,0.008096762126439169
group_4986,0.0020366598778004067
group_4987,0.13389583939482105
group_4988,0.004065006858140407
group_4989,0.021946049295481933
group_499,0.08174903362567025
group_4990,0.03158901034955734
group_4991,0.002036659877800407
group_4992,0.004065006858140406
group_4993,0.002036659877800407
group_4994,0.0
group_4995,0.0040650068581404054
group_4996,0.10125109106779168
group_4997,0.2068415146099173
group_4998,0.016060517893511785
group_4999,0.016060517893511785
group_5,0.19975892597364814
group_50,0.09327070950579826
group_500,0.13389583939482105
group_5000,0.004065006858140407
group_5001,0.0020366598778004067
group_5002,0.11807639552766117
group_5003,0.016060517893511782
group_5004,0.11055322332599024
group_5005,0.035388004488964626
group_5006,0.02194604929548193
group_5007,0.004065006858140406
group_5008,0.027756764620308415
group_5009,0.027756764620308412
group_501,0.006085040941019991
group_5010,0.01999251839228563
group_5011,0.11207448356124523
group_5012,0.006085040941019991
group_5013,0.004065006858140406
group_5014,0.016060517893511785
group_5015,0.23948626293694666
group_5016,0.002036659877800407
group_5017,0.10593956523546283
group_5018,0.0020366598778004067
group_5019,0.08508250550729457
group_502,0.029677043933663074
group_5020,0.0020366598778004067
group_5021,0.004065006858140406
group_5022,0.14075397979965917
group_5023,0.004065006858140406
group_5024,0.006085040941019991
group_5025,0.12825969491666322
group_5026,0.05207198969200715
group_5027,0.004065006858140406
group_5028,0.029677043933663074
group_5029,0.24892971445197226
group_503,0.016060517893511782
group_5030,0.19790514983997667
group_5031,0.006085040941019991
group_5032,0.002036659877800407
group_5033,0.002036659877800407
group_5034,0.12825969491666322
group_5035,0.03538800448896462
group_5036,0.01606051789351179
group_5037,0.12102747412610665
group_5038,0.0020366598778004067
group_5039,0.01408204829793424
group_504,0.02582817240949334
group_5040,0.008096762126439167
group_5041,0.04474001413192567
group_5042,0.004065006858140406
group_5043,0.008096762126439169
group_5044,0.04102414896712248
group_5045,0.004065006858140406
group_5046,0.052071989692007145
group_5047,0.006085040941019991
group_5048,0.004065006858140407
group_5049,0.00809676212643917
group_505,0.023891267301217843
group_5050,0.0020366598778004067
group_5051,0.01010017041439794
group_5052,0.008096762126439167
group_5053,0.0
group_5054,0.006085040941019992
group_5055,0.002036659877800407
group_5056,0.0
group_5057,0.21018329938900202
group_5058,0.10748576416309906
group_5059,0.2452720395693919
group_506,0.14870942266927137
group_5060,0.002036659877800407
group_5061,0.029677043933663074
group_5062,0.033492663867991185
group_5063,0.008096762126439169
group_5064,0.2501350845837317
group_5065,0.006085040941019988
group_5066,0.09002036659877798
group_5067,0.01999251839228563
group_5068,0.0020366598778004067
group_5069,0.008096762126439167
group_507,0.1165883868822478
group_5070,0.004065006858140406
group_5071,0.1447691092730371
group_5072,0.0020366598778004067
group_5073,0.004065006858140407
group_5074,0.004065006858140407
group_5075,0.029677043933663074
group_5076,0.01606051789351179
group_5077,0.008096762126439167
group_5078,0.00809676212643917
group_5079,0.00809676212643917
group_508,0.16008146639511203
group_5080,0.0020366598778004067
group_5081,0.004065006858140408
group_5082,0.0020366598778004067
group_5083,0.03158901034955734
group_5084,0.03158901034955734
group_5085,0.006085040941019991
group_5086,0.019992518392285632
group_5087,0.0834199260152126
group_5088,0.01010017041439794
group_5089,0.010100170414397938
group_509,0.04842262770688724
group_5090,0.018030674591628906
group_5091,0.008096762126439167
group_5092,0.029677043933663074
group_5093,0.008096762126439169
group_5094,0.012095265804896291
group_5095,0.0020366598778004067
group_5096,0.0020366598778004067
group_5097,0.014082048297934241
group_5098,0.002036659877800407
group_5099,0.15129473377945882
group_51,0.010100170414397938
group_510,0.17192734527619602
group_5100,0.0020366598778004067
group_5101,0.07668647907228063
group_5102,0.03158901034955734
group_5103,0.006085040941019991
group_5104,0.016060517893511785
group_5105,0.05927095889272205
group_5106,0.004065006858140406
group_5107,0.061049918949249764
group_5108,0.1268298765534727
group_5109,0.021946049295481933
group_511,0.04842262770688724
group_5110,0.11807639552766117
group_5111,0.01999251839228563
group_5112,0.039153747038530286
group_5113,0.004065006858140406
group_5114,0.0
group_5115,0.004065006858140406
group_5116,0.002036659877800407
group_5117,0.02582817240949334
group_5118,0.021946049295481933
group_5119,0.021946049295481933
group_512,0.08838272579907729
group_5120,0.0020366598778004067
group_5121,0.010100170414397938
group_5122,0.0020366598778004067
group_5123,0.0020366598778004067
group_5124,0.01999251839228563
group_5125,0.0020366598778004067
group_5126,0.12394530113471049
group_5127,0.012095265804896291
group_5128,0.03158901034955734
group_5129,0.057483685938733944
group_513,0.014082048297934241
group_5130,0.02194604929548193
group_5131,0.018030674591628906
group_5132,0.11955609127561415
group_5133,0.2452720395693919
group_5134,0.1931252338002411
group_5135,0.02194604929548193
group_5136,0.008096762126439167
group_5137,0.2015794505174779
group_5138,0.19409784280310902
group_5139,0.0
group_514,0.025828172409493342
group_5140,0.059270958892722055
group_5141,0.002036659877800407
group_5142,0.08508250550729457
group_5143,0.11807639552766115
group_5144,0.04288623799825429
group_5145,0.14870942266927137
group_5146,0.01408204829793424
group_5147,0.014082048297934241
group_5148,0.016060517893511785
group_5149,0.03349266386799119
group_515,0.11207448356124523
group_5150,0.012095265804896293
group_5151,0.008096762126439169
group_5152,0.06633692173407038
group_5153,0.03158901034955734
group_5154,0.0428862379982543
group_5155,0.0020366598778004067
group_5156,0.0834199260152126
group_5157,0.0
group_5158,0.00809676212643917
group_5159,0.14075397979965917
group_516,0.019992518392285625
group_5160,0.002036659877800407
group_5161,0.008096762126439169
group_5162,0.21494658963381685
group_5163,0.006085040941019992
group_5164,0.006085040941019991
group_5165,0.002036659877800407
group_5166,0.012095265804896291
group_5167,0.0
group_5168,0.20768943015087912
group_5169,0.03727503221247766
group_517,0.0996716405503138
group_5170,0.002036659877800407
group_5171,0.16008146639511198
group_5172,0.03915374703853028
group_5173,0.0020366598778004067
group_5174,0.11358743089903987
group_5175,0.021946049295481933
group_5176,0.002036659877800407
group_5177,0.008096762126439167
group_5178,0.09002036659877799
group_5179,0.010100170414397938
group_518,0.08006982833866745
group_5180,0.021946049295481926
group_5181,0.016060517893511785
group_5182,0.016060517893511785
group_5183,0.012095265804896293
group_5184,0.014082048297934243
group_5185,0.03727503221247766
group_5186,0.004065006858140406
group_5187,0.090020366598778
group_5188,0.004065006858140407
group_5189,0.004065006858140406
group_519,0.00809676212643917
group_5190,0.03158901034955734
group_5191,0.10748576416309906
group_5192,0.17078016542665944
group_5193,0.008096762126439169
group_5194,0.03538800448896462
group_5195,0.052071989692007145
group_5196,0.10125109106779168
group_5197,0.016060517893511785
group_5198,0.004065006858140407
group_5199,0.03727503221247766
group_52,0.04102414896712249
group_520,0.04102414896712249
group_5200,0.10125109106779168
group_5201,0.002036659877800407
group_5202,0.004065006858140407
group_5203,0.004065006858140406
group_5204,0.1512947337794588
group_5205,0.004065006858140406
group_5206,0.004065006858140406
group_5207,0.004065006858140406
group_5208,0.01999251839228563
group_5209,0.0020366598778004067
group_521,0.1741967662828879
group_5210,0.004065006858140408
group_5211,0.004065006858140406
group_5212,0.004065006858140406
group_5213,0.004065006858140406
group_5214,0.002036659877800407
group_5215,0.021946049295481933
group_5216,0.13939897751361238
group_5217,0.004065006858140406
group_5218,0.20424789060226942
group_5219,0.0020366598778004067
group_522,0.016060517893511782
group_5220,0.00809676212643917
group_5221,0.012095265804896291
group_5222,0.04102414896712249
group_5223,0.002036659877800407
group_5224,0.04102414896712249
group_5225,0.031589010349557335
group_5226,0.02582817240949334
group_5227,0.15885115757097137
group_5228,0.12825969491666322
group_5229,0.002036659877800407
group_523,0.160081466395112
group_5230,0.03538800448896462
group_5231,0.03538800448896462
group_5232,0.006085040941019992
group_5233,0.002036659877800407
group_5234,0.0020366598778004067
group_5235,0.002036659877800407
group_5236,0.006085040941019991
group_5237,0.008096762126439169
group_5238,0.10125109106779166
group_5239,0.016060517893511785
group_524,0.0020366598778004067
group_5240,0.006085040941019992
group_5241,0.010100170414397938
group_5242,0.01999251839228563
group_5243,0.1696246726796625
group_5244,0.002036659877800407
group_5245,0.24923729165800737
group_5246,0.010100170414397938
group_5247,0.010100170414397938
group_5248,0.016060517893511782
group_5249,0.05025146514817741
group_525,0.14609085996924226
group_5250,0.002036659877800407
group_5251,0.027756764620308415
group_5252,0.002036659877800407
group_5253,0.002036659877800407
group_5254,0.12825969491666322
group_5255,0.2452720395693919
group_5256,0.008096762126439167
group_5257,0.0
group_5258,0.24638596782908684
group_5259,0.21646784986907183
group_526,0.04102414896712248
group_5260,0.09808387713537554
group_5261,0.21339207780872024
group_5262,0.002036659877800407
group_5263,0.012095265804896291
group_5264,0.1447691092730371
group_5265,0.03915374703853028
group_5266,0.18080551976391374
group_5267,0.01999251839228563
group_5268,0.01999251839228563
group_5269,0.0020366598778004067
group_527,0.039153747038530286
group_5270,0.04102414896712248
group_5271,0.04102414896712249
group_5272,0.027756764620308415
group_5273,0.16008146639511198
group_5274,0.16008146639511198
group_5275,0.033492663867991185
group_5276,0.11207448356124523
group_5277,0.016060517893511785
group_5278,0.004065006858140406
group_5279,0.006085040941019988
group_528,0.1741967662828879
group_5280,0.012095265804896293
group_5281,0.010100170414397938
group_5282,0.004065006858140407
group_5283,0.1253917452928218
group_5284,0.004065006858140406
group_5285,0.0020366598778004067
group_5286,0.1797248430940604
group_5287,0.004065006858140407
group_5288,0.002036659877800407
group_5289,0.004065006858140407
group_529,0.0020366598778004067
group_5290,0.008096762126439167
group_5291,0.029677043933663074
group_5292,0.1921443118999127
group_5293,0.1447691092730371
group_5294,0.02582817240949334
group_5295,0.11658838688224782
group_5296,0.02775676462030841
group_5297,0.01803067459162891
group_5298,0.004065006858140406
group_5299,0.0020366598778004067
group_53,0.004065006858140407
group_530,0.039153747038530286
group_5300,0.002036659877800407
group_5301,0.18399767238871106
group_5302,0.006085040941019991
group_5303,0.008096762126439167
group_5304,0.018030674591628906
group_5305,0.0040650068581404054
group_5306,0.018030674591628906
group_5307,0.006085040941019991
group_5308,0.004065006858140408
group_5309,0.18608420965127392
group_531,0.01803067459162891
group_5310,0.1576125358493703
group_5311,0.008096762126439169
group_5312,0.0020366598778004067
group_5313,0.0020366598778004067
group_5314,0.012095265804896293
group_5315,0.004065006858140406
group_5316,0.006085040941019991
group_5317,0.004065006858140407
group_5318,0.008096762126439167
group_5319,0.1268298765534727
group_532,0.20424789060226944
group_5320,0.01803067459162891
group_5321,0.01803067459162891
group_5322,0.0020366598778004067
group_5323,0.008096762126439169
group_5324,0.03349266386799119
group_5325,0.03538800448896462
group_5326,0.06282056610831709
group_5327,0.08673677210191613
group_5328,0.004065006858140406
group_5329,0.1871150089363648
group_533,0.11358743089903987
group_5330,0.002036659877800407
group_5331,0.018030674591628913
group_5332,0.002036659877800407
group_5333,0.002036659877800407
group_5334,0.008096762126439167
group_5335,0.014082048297934241
group_5336,0.004065006858140406
group_5337,0.016060517893511785
group_5338,0.08673677210191615
group_5339,0.0
group_534,0.04102414896712249
group_5340,0.002036659877800407
group_5341,0.15885115757097132
group_5342,0.057483685938733944
group_5343,0.057483685938733944
group_5344,0.033492663867991185
group_5345,0.027756764620308415
group_5346,0.010100170414397938
group_5347,0.004065006858140407
group_5348,0.004065006858140407
group_5349,0.004065006858140406
group_535,0.05568810008728542
group_5350,0.004065006858140407
group_5351,0.0020366598778004067
group_5352,0.008096762126439167
group_5353,0.23529656261690013
group_5354,0.0
group_5355,0.00608504094101999
group_5356,0.00608504094101999
group_5357,0.002036659877800407
group_5358,0.23579533646452472
group_5359,0.004065006858140406
group_536,0.04288623799825429
group_5360,0.012095265804896293
group_5361,0.012095265804896293
group_5362,0.1753190074400432
group_5363,0.00608504094101999
group_5364,0.06808263020075646
group_5365,0.016060517893511782
group_5366,0.006085040941019991
group_5367,0.01803067459162891
group_5368,0.05927095889272205
group_5369,0.03915374703853028
group_537,0.1741967662828879
group_5370,0.20336672347146603
group_5371,0.04102414896712249
group_5372,0.24892971445197223
group_5373,0.03915374703853028
group_5374,0.01803067459162891
group_5375,0.008096762126439167
group_5376,0.20247724344320212
group_5377,0.01803067459162891
group_5378,0.008096762126439167
group_5379,0.004065006858140406
group_538,0.04102414896712249
group_5380,0.15129473377945882
group_5381,0.016060517893511785
group_5382,0.002036659877800407
group_5383,0.016060517893511785
group_5384,0.002036659877800407
group_5385,0.004065006858140406
group_5386,0.004065006858140408
group_5387,0.004065006858140408
group_5388,0.06458290036992395
group_5389,0.004065006858140406
group_539,0.04102414896712249
group_5390,0.004065006858140406
group_5391,0.04842262770688723
group_5392,0.19883619435554262
group_5393,0.021946049295481933
group_5394,0.18294193441123904
group_5395,0.006085040941019991
group_5396,0.014082048297934241
group_5397,0.01010017041439794
group_5398,0.03915374703853028
group_5399,0.04288623799825429
group_54,0.05207198969200714
group_540,0.008096762126439167
group_5400,0.0020366598778004067
group_5401,0.01010017041439794
group_5402,0.0020366598778004067
group_5403,0.0020366598778004067
group_5404,0.12968120038239328
group_5405,0.1901575294068748
group_5406,0.002036659877800407
group_5407,0.029677043933663074
group_5408,0.03727503221247765
group_5409,0.03727503221247765
group_541,0.09808387713537554
group_5410,0.004065006858140407
group_5411,0.002036659877800407
group_5412,0.016060517893511785
group_5413,0.016060517893511785
group_5414,0.23529656261690013
group_5415,0.13803566233010514
group_5416,0.012095265804896293
group_5417,0.004065006858140406
group_5418,0.002036659877800407
group_5419,0.15257491998836195
group_542,0.04102414896712248
group_5420,0.006085040941019991
group_5421,0.12825969491666322
group_5422,0.006085040941019991
group_5423,0.002036659877800407
group_5424,0.002036659877800407
group_5425,0.002036659877800407
group_5426,0.03538800448896462
group_5427,0.033492663867991185
group_5428,0.0020366598778004067
group_5429,0.05568810008728542
group_543,0.04102414896712249
group_5430,0.06633692173407038
group_5431,0.12394530113471049
group_5432,0.014082048297934243
group_5433,0.006085040941019992
group_5434,0.014082048297934245
group_5435,0.090020366598778
group_5436,0.002036659877800407
group_5437,0.010100170414397938
group_5438,0.004065006858140406
group_5439,0.002036659877800407
group_544,0.004065006858140406
group_5440,0.0020366598778004067
group_5441,0.0020366598778004067
group_5442,0.008096762126439167
group_5443,0.004065006858140406
group_5444,0.006085040941019988
group_5445,0.1950621389085166
group_5446,0.018030674591628906
group_5447,0.13109439295066294
group_5448,0.1901575294068748
group_5449,0.14740429776798705
group_545,0.004065006858140406
group_5450,0.004065006858140407
group_5451,0.0020366598778004067
group_5452,0.004065006858140407
group_5453,0.012095265804896291
group_5454,0.01010017041439794
group_5455,0.20768943015087912
group_5456,0.046585477368136674
group_5457,0.016060517893511785
group_5458,0.0020366598778004067
group_5459,0.004065006858140406
group_546,0.004065006858140406
group_5460,0.06808263020075646
group_5461,0.03158901034955734
group_5462,0.24892971445197226
group_5463,0.14075397979965917
group_5464,0.006085040941019991
group_5465,0.006085040941019991
group_5466,0.0
group_5467,0.018030674591628906
group_5468,0.0
group_5469,0.0020366598778004067
group_547,0.05748368593873395
group_5470,0.0020366598778004067
group_5471,0.012095265804896293
group_5472,0.0020366598778004067
group_5473,0.12539174529282182
group_5474,0.00608504094101999
group_5475,0.004065006858140406
group_5476,0.0040650068581404054
group_5477,0.20157945051747786
group_5478,0.0020366598778004067
group_5479,0.002036659877800407
group_548,0.05748368593873395
group_5480,0.01999251839228563
group_5481,0.21494658963381685
group_5482,0.021946049295481933
group_5483,0.006085040941019993
group_5484,0.006085040941019993
group_5485,0.002036659877800407
group_5486,0.006085040941019993
group_5487,0.13803566233010514
group_5488,0.248763456502764
group_5489,0.010100170414397942
group_549,0.05748368593873395
group_5490,0.010100170414397938
group_5491,0.004065006858140406
group_5492,0.031589010349557335
group_5493,0.24466519805478204
group_5494,0.057483685938733944
group_5495,0.002036659877800407
group_5496,0.004065006858140406
group_5497,0.014082048297934241
group_5498,0.006085040941019991
group_5499,0.0020366598778004067
group_55,0.0020366598778004067
group_550,0.05748368593873395
group_5500,0.004065006858140406
group_5501,0.05207198969200715
group_5502,0.002036659877800407
group_5503,0.0
group_5504,0.002036659877800407
group_5505,0.0502514651481774
group_5506,0.07668647907228064
group_5507,0.03915374703853027
group_5508,0.002036659877800407
group_5509,0.002036659877800407
group_551,0.14609085996924226
group_5510,0.002036659877800407
group_5511,0.03538800448896461
group_5512,0.16846086703520513
group_5513,0.07838231015420423
group_5514,0.016060517893511785
group_5515,0.052071989692007145
group_5516,0.012095265804896293
group_5517,0.004065006858140406
group_5518,0.15885115757097132
group_5519,0.00809676212643917
group_552,0.04102414896712248
group_5520,0.00809676212643917
group_5521,0.194097842803109
group_5522,0.0020366598778004067
group_5523,0.002036659877800407
group_5524,0.06282056610831709
group_5525,0.03538800448896462
group_5526,0.0020366598778004067
group_5527,0.16846086703520516
group_5528,0.14075397979965917
group_5529,0.006085040941019991
group_553,0.05748368593873395
group_5530,0.10282222868780912
group_5531,0.03538800448896462
group_5532,0.048422627706887246
group_5533,0.24434930795128645
group_5534,0.0040650068581404054
group_5535,0.021946049295481926
group_5536,0.05568810008728542
group_5537,0.11358743089903987
group_5538,0.012095265804896291
group_5539,0.23529656261690013
group_554,0.05748368593873395
group_5540,0.016060517893511785
group_5541,0.014082048297934241
group_5542,0.012095265804896293
group_5543,0.004065006858140407
group_5544,0.0
group_5545,0.012095265804896293
group_5546,0.006085040941019991
group_5547,0.004065006858140406
group_5548,0.004065006858140406
group_5549,0.0020366598778004067
group_555,0.008096762126439167
group_5550,0.00608504094101999
group_5551,0.2504592875846876
group_5552,0.002036659877800407
group_5553,0.09327070950579824
group_5554,0.010100170414397938
group_5555,0.004065006858140407
group_5556,0.004065006858140408
group_5557,0.002036659877800407
group_5558,0.0020366598778004067
group_5559,0.061049918949249764
group_556,0.006085040941019991
group_5560,0.14870942266927137
group_5561,0.039153747038530286
group_5562,0.04288623799825429
group_5563,0.04288623799825429
group_5564,0.002036659877800407
group_5565,0.0020366598778004067
group_5566,0.0020366598778004067
group_5567,0.0020366598778004067
group_5568,0.0020366598778004067
group_5569,0.1931252338002411
group_557,0.004065006858140406
group_5570,0.01010017041439794
group_5571,0.00809676212643917
group_5572,0.002036659877800407
group_5573,0.0020366598778004067
group_5574,0.012095265804896293
group_5575,0.08673677210191613
group_5576,0.006085040941019992
group_5577,0.016060517893511785
group_5578,0.10748576416309909
group_5579,0.05207198969200715
group_558,0.03158901034955734
group_5580,0.0020366598778004067
group_5581,0.0020366598778004067
group_5582,0.21721601064050877
group_5583,0.15511035371378695
group_5584,0.002036659877800407
group_5585,0.008096762126439167
group_5586,0.010100170414397938
group_5587,0.046585477368136674
group_5588,0.002036659877800407
group_5589,0.018030674591628906
group_559,0.07838231015420423
group_5590,0.029677043933663074
group_5591,0.13249927262147224
group_5592,0.09327070950579824
group_5593,0.004065006858140406
group_5594,0.002036659877800407
group_5595,0.002036659877800407
group_5596,0.04288623799825429
group_5597,0.002036659877800407
group_5598,0.002036659877800407
group_5599,0.002036659877800407
group_56,0.09648780082297684
group_560,0.0020366598778004067
group_5600,0.004065006858140407
group_5601,0.06982002576998213
group_5602,0.012095265804896291
group_5603,0.04474001413192567
group_5604,0.012095265804896291
group_5605,0.0020366598778004067
group_5606,0.09808387713537559
group_5607,0.08508250550729457
group_5608,0.2315723845546365
group_5609,0.004065006858140407
group_561,0.004065006858140407
group_5610,0.002036659877800407
group_5611,0.018030674591628906
group_5612,0.24434930795128645
group_5613,0.019992518392285632
group_5614,0.10593956523546283
group_5615,0.13109439295066294
group_5616,0.002036659877800407
group_5617,0.006085040941019991
group_5618,0.004065006858140407
group_5619,0.016060517893511785
group_562,0.002036659877800407
group_5620,0.01408204829793424
group_5621,0.16251714535101208
group_5622,0.004065006858140406
group_5623,0.05568810008728542
group_5624,0.03915374703853028
group_5625,0.004065006858140406
group_5626,0.004065006858140406
group_5627,0.03158901034955734
group_5628,0.006085040941019991
group_5629,0.002036659877800407
group_563,0.02582817240949334
group_5630,0.019992518392285632
group_5631,0.012095265804896293
group_5632,0.008096762126439169
group_5633,0.008096762126439167
group_5634,0.05568810008728542
group_5635,0.012095265804896293
group_5636,0.10282222868780913
group_5637,0.006085040941019991
group_5638,0.0020366598778004067
group_5639,0.004065006858140406
group_564,0.0020366598778004067
group_5640,0.004065006858140407
group_5641,0.029677043933663074
group_5642,0.004065006858140406
group_5643,0.0020366598778004067
group_5644,0.05748368593873395
group_5645,0.00809676212643917
group_5646,0.25042603599484603
group_5647,0.008096762126439167
group_5648,0.008096762126439167
group_5649,0.07154910844174737
group_565,0.004065006858140406
group_5650,0.14740429776798705
group_5651,0.14343904567937152
group_5652,0.033492663867991185
group_5653,0.035388004488964626
group_5654,0.002036659877800407
group_5655,0.002036659877800407
group_5656,0.05748368593873395
group_5657,0.04474001413192567
group_5658,0.010100170414397938
group_5659,0.008096762126439169
group_566,0.002036659877800407
group_5660,0.004065006858140407
group_5661,0.0020366598778004067
group_5662,0.018030674591628913
group_5663,0.006085040941019991
group_5664,0.11207448356124525
group_5665,0.0020366598778004067
group_5666,0.06104991894924976
group_5667,0.03158901034955734
group_5668,0.004065006858140406
group_5669,0.13939897751361238
group_567,0.0020366598778004067
group_5670,0.002036659877800407
group_5671,0.002036659877800407
group_5672,0.04102414896712249
group_5673,0.008096762126439165
group_5674,0.002036659877800407
group_5675,0.00608504094101999
group_5676,0.033492663867991185
group_5677,0.014082048297934241
group_5678,0.014082048297934241
group_5679,0.03158901034955734
group_568,0.029677043933663074
group_5680,0.052071989692007145
group_5681,0.05568810008728542
group_5682,0.002036659877800407
group_5683,0.002036659877800407
group_5684,0.004065006858140407
group_5685,0.008096762126439169
group_5686,0.160081466395112
group_5687,0.04658547736813667
group_5688,0.006085040941019991
group_5689,0.14609085996924226
group_569,0.15129473377945882
group_5690,0.004065006858140406
group_5691,0.1931252338002411
group_5692,0.01999251839228563
group_5693,0.1931252338002411
group_5694,0.19115507710212393
group_5695,0.002036659877800407
group_5696,0.19214431189991268
group_5697,0.19214431189991268
group_5698,0.002036659877800407
group_5699,0.15257491998836195
group_57,0.0732698782160522
group_570,0.0020366598778004067
group_5700,0.004065006858140406
group_5701,0.0020366598778004067
group_5702,0.10593956523546283
group_5703,0.05207198969200714
group_5704,0.0020366598778004067
group_5705,0.002036659877800407
group_5706,0.021946049295481933
group_5707,0.004065006858140407
group_5708,0.12102747412610664
group_5709,0.19409784280310902
group_571,0.0020366598778004067
group_5710,0.002036659877800407
group_5711,0.002036659877800407
group_5712,0.0020366598778004067
group_5713,0.002036659877800407
group_5714,0.14476910927303713
group_5715,0.016060517893511782
group_5716,0.11658838688224782
group_5717,0.07154910844174737
group_5718,0.010100170414397938
group_5719,0.1500062346730953
group_572,0.0020366598778004067
group_5720,0.12825969491666322
group_5721,0.11955609127561416
group_5722,0.004065006858140407
group_5723,0.012095265804896293
group_5724,0.01209526580489629
group_5725,0.1224905440791388
group_5726,0.18711500893636476
group_5727,0.18711500893636476
group_5728,0.1576125358493703
group_5729,0.053884201338376486
group_573,0.0020366598778004067
group_5730,0.03158901034955734
group_5731,0.11207448356124523
group_5732,0.0020366598778004067
group_5733,0.008096762126439169
group_5734,0.07498233509289662
group_5735,0.008096762126439167
group_5736,0.07668647907228064
group_5737,0.002036659877800407
group_5738,0.0020366598778004067
group_5739,0.0020366598778004067
group_574,0.006085040941019991
group_5740,0.04288623799825429
group_5741,0.002036659877800407
group_5742,0.002036659877800407
group_5743,0.039153747038530286
group_5744,0.008096762126439169
group_5745,0.01999251839228563
group_5746,0.004065006858140406
group_5747,0.02775676462030841
group_5748,0.0020366598778004067
group_5749,0.04102414896712248
group_575,0.006085040941019991
group_5750,0.04474001413192567
group_5751,0.2484060019119664
group_5752,0.012095265804896295
group_5753,0.0020366598778004067
group_5754,0.004065006858140407
group_5755,0.014082048297934241
group_5756,0.24227939648364438
group_5757,0.0020366598778004067
group_5758,0.0020366598778004067
group_5759,0.0020366598778004067
group_576,0.002036659877800407
group_5760,0.17753855106197264
group_5761,0.004065006858140406
group_5762,0.06282056610831706
group_5763,0.006085040941019991
group_5764,0.002036659877800407
group_5765,0.002036659877800407
group_5766,0.0020366598778004067
group_5767,0.22222037491167543
group_5768,0.004065006858140407
group_5769,0.0020366598778004067
group_577,0.1921443118999127
group_5770,0.0020366598778004067
group_5771,0.019992518392285632
group_5772,0.07668647907228063
group_5773,0.02194604929548193
group_5774,0.004065006858140407
group_5775,0.1282596949166632
group_5776,0.046585477368136674
group_5777,0.16372251548277147
group_5778,0.004065006858140406
group_5779,0.002036659877800407
group_578,0.0020366598778004067
group_5780,0.00608504094101999
group_5781,0.002036659877800407
group_5782,0.010100170414397938
group_5783,0.023891267301217843
group_5784,0.18711500893636476
group_5785,0.0020366598778004067
group_5786,0.021946049295481933
group_5787,0.021946049295481933
group_5788,0.09808387713537554
group_5789,0.18504509746872275
group_579,0.002036659877800407
group_5790,0.002036659877800407
group_5791,0.002036659877800407
group_5792,0.03727503221247766
group_5793,0.06982002576998211
group_5794,0.008096762126439167
group_5795,0.004065006858140406
group_5796,0.012095265804896291
group_5797,0.004065006858140406
group_5798,0.01209526580489629
group_5799,0.08174903362567024
group_58,0.1661083170539091
group_580,0.002036659877800407
group_5800,0.002036659877800407
group_5801,0.07154910844174737
group_5802,0.021946049295481933
group_5803,0.08174903362567025
group_5804,0.12394530113471049
group_5805,0.09002036659877798
group_5806,0.1901575294068748
group_5807,0.1253917452928218
group_5808,0.05927095889272205
group_5809,0.04842262770688723
group_581,0.002036659877800407
group_5810,0.24759133796084626
group_5811,0.004065006858140407
group_5812,0.17306621222827218
group_5813,0.002036659877800407
group_5814,0.0
group_5815,0.016060517893511785
group_5816,0.02582817240949334
group_5817,0.0502514651481774
group_5818,0.01999251839228563
group_5819,0.0732698782160522
group_582,0.002036659877800407
group_5820,0.006085040941019988
group_5821,0.02194604929548193
group_5822,0.052071989692007145
group_5823,0.02582817240949334
group_5824,0.04102414896712249
group_5825,0.01408204829793424
group_5826,0.1901575294068748
group_5827,0.04288623799825429
group_5828,0.01010017041439794
group_5829,0.018030674591628913
group_583,0.002036659877800407
group_5830,0.0020366598778004067
group_5831,0.006085040941019991
group_5832,0.0
group_5833,0.2315723845546365
group_5834,0.0020366598778004067
group_5835,0.13528409327070956
group_5836,0.06282056610831709
group_5837,0.03158901034955734
group_5838,0.10282222868780912
group_5839,0.17643293569973806
group_584,0.002036659877800407
group_5840,0.07326987821605219
group_5841,0.006085040941019991
group_5842,0.002036659877800407
group_5843,0.09648780082297682
group_5844,0.004065006858140407
group_5845,0.004065006858140406
group_5846,0.008096762126439169
group_5847,0.004065006858140406
group_5848,0.0040650068581404054
group_5849,0.11658838688224779
group_585,0.0020366598778004067
group_5850,0.006085040941019991
group_5851,0.002036659877800407
group_5852,0.0020366598778004067
group_5853,0.002036659877800407
group_5854,0.002036659877800407
group_5855,0.002036659877800407
group_5856,0.002036659877800407
group_5857,0.0020366598778004067
group_5858,0.002036659877800407
group_5859,0.03538800448896462
group_586,0.0020366598778004067
group_5860,0.061049918949249764
group_5861,0.20768943015087912
group_5862,0.0
group_5863,0.002036659877800407
group_5864,0.10748576416309906
group_5865,0.044740014131925666
group_5866,0.16372251548277153
group_5867,0.002036659877800407
group_5868,0.033492663867991185
group_5869,0.061049918949249764
group_587,0.08174903362567025
group_5870,0.1268298765534727
group_5871,0.16008146639511198
group_5872,0.03538800448896462
group_5873,0.07498233509289662
group_5874,0.002036659877800407
group_5875,0.057483685938733944
group_5876,0.01803067459162891
group_5877,0.01209526580489629
group_5878,0.08838272579907729
group_5879,0.029677043933663074
group_588,0.044740014131925666
group_5880,0.03538800448896462
group_5881,0.002036659877800407
group_5882,0.0
group_5883,0.016060517893511785
group_5884,0.016060517893511785
group_5885,0.01803067459162891
group_5886,0.002036659877800407
group_5887,0.018030674591628906
group_5888,0.016060517893511785
group_5889,0.029677043933663074
group_589,0.01999251839228563
group_5890,0.004065006858140406
group_5891,0.021946049295481933
group_5892,0.010100170414397938
group_5893,0.008096762126439167
group_5894,0.027756764620308415
group_5895,0.0020366598778004067
group_5896,0.21941061557005695
group_5897,0.016060517893511782
group_5898,0.027756764620308415
group_5899,0.002036659877800407
group_59,0.002036659877800407
group_590,0.0020366598778004067
group_5900,0.002036659877800407
group_5901,0.07326987821605219
group_5902,0.03158901034955734
group_5903,0.004065006858140408
group_5904,0.1576125358493703
group_5905,0.016060517893511785
group_5906,0.0020366598778004067
group_5907,0.021946049295481933
group_5908,0.0020366598778004067
group_5909,0.029677043933663074
group_591,0.0
group_5910,0.0020366598778004067
group_5911,0.016060517893511785
group_5912,0.1253917452928218
group_5913,0.006085040941019991
group_5914,0.008096762126439167
group_5915,0.1881374953239952
group_5916,0.2068415146099173
group_5917,0.0
group_5918,0.13939897751361238
group_5919,0.23991022070742757
group_592,0.0
group_5920,0.0020366598778004067
group_5921,0.03158901034955734
group_5922,0.1576125358493703
group_5923,0.012095265804896291
group_5924,0.21180431439378192
group_5925,0.24032586558044808
group_5926,0.008096762126439167
group_5927,0.010100170414397938
group_5928,0.0
group_5929,0.002036659877800407
group_593,0.002036659877800407
group_5930,0.0020366598778004067
group_5931,0.01010017041439794
group_5932,0.0020366598778004067
group_5933,0.039153747038530286
group_5934,0.07668647907228064
group_5935,0.002036659877800407
group_5936,0.07668647907228064
group_5937,0.02194604929548193
group_5938,0.002036659877800407
group_5939,0.03158901034955734
group_594,0.027756764620308415
group_5940,0.002036659877800407
group_5941,0.002036659877800407
group_5942,0.2505091649694501
group_5943,0.002036659877800407
group_5944,0.03727503221247765
group_5945,0.05025146514817741
group_5946,0.01999251839228563
group_5947,0.17863585352674674
group_5948,0.002036659877800407
group_5949,0.002036659877800407
group_595,0.002036659877800407
group_5950,0.03158901034955734
group_5951,0.023891267301217843
group_5952,0.027756764620308412
group_5953,0.004065006858140406
group_5954,0.004065006858140407
group_5955,0.002036659877800407
group_5956,0.010100170414397938
group_5957,0.06282056610831706
group_5958,0.010100170414397942
group_5959,0.004065006858140406
group_596,0.1997589259736481
group_5960,0.0
group_5961,0.0834199260152126
group_5962,0.002036659877800407
group_5963,0.2501350845837317
group_5964,0.0020366598778004067
group_5965,0.14343904567937152
group_5966,0.002036659877800407
group_5967,0.012095265804896291
group_5968,0.0834199260152126
group_5969,0.006085040941019991
group_597,0.0020366598778004067
group_5970,0.035388004488964626
group_5971,0.012095265804896293
group_5972,0.21941061557005695
group_5973,0.01010017041439794
group_5974,0.004065006858140406
group_5975,0.002036659877800407
group_5976,0.15129473377945882
group_5977,0.09164969450101831
group_5978,0.04474001413192567
group_5979,0.008096762126439167
group_598,0.21260235254998133
group_5980,0.033492663867991185
group_5981,0.1338958393948211
group_5982,0.004065006858140406
group_5983,0.03538800448896462
group_5984,0.002036659877800407
group_5985,0.2484060019119664
group_5986,0.004065006858140407
group_5987,0.19409784280310902
group_5988,0.016060517893511785
group_5989,0.18504509746872275
group_599,0.00809676212643917
group_5990,0.04658547736813667
group_5991,0.0
group_5992,0.03727503221247766
group_5993,0.13939897751361238
group_5994,0.008096762126439167
group_5995,0.021946049295481933
group_5996,0.029677043933663074
group_5997,0.004065006858140408
group_5998,0.0020366598778004067
group_5999,0.004065006858140406
group_6,0.039153747038530286
group_60,0.002036659877800407
group_600,0.002036659877800407
group_6000,0.002036659877800407
group_6001,0.23628579741468894
group_6002,0.002036659877800407
group_6003,0.027756764620308412
group_6004,0.029677043933663074
group_6005,0.002036659877800407
group_6006,0.0
group_6007,0.07838231015420423
group_6008,0.03158901034955734
group_6009,0.029677043933663074
group_601,0.004065006858140406
group_6010,0.08174903362567025
group_6011,0.014082048297934241
group_6012,0.24335176025603725
group_6013,0.03158901034955734
group_6014,0.23816451224074145
group_6015,0.029677043933663074
group_6016,0.02389126730121784
group_6017,0.02389126730121784
group_6018,0.002036659877800407
group_6019,0.002036659877800407
group_602,0.012095265804896293
group_6020,0.023891267301217843
group_6021,0.11358743089903987
group_6022,0.01999251839228563
group_6023,0.03727503221247766
group_6024,0.01209526580489629
group_6025,0.046585477368136674
group_6026,0.002036659877800407
group_6027,0.12825969491666322
group_6028,0.021946049295481933
group_6029,0.0502514651481774
group_603,0.033492663867991185
group_6030,0.0
group_6031,0.010100170414397938
group_6032,0.19214431189991268
group_6033,0.17863585352674677
group_6034,0.18294193441123907
group_6035,0.016060517893511782
group_6036,0.002036659877800407
group_6037,0.031589010349557335
group_6038,0.002036659877800407
group_6039,0.061049918949249764
group_604,0.002036659877800407
group_6040,0.004065006858140408
group_6041,0.04288623799825429
group_6042,0.004065006858140406
group_6043,0.002036659877800407
group_6044,0.021946049295481933
group_6045,0.0
group_6046,0.004065006858140406
group_6047,0.21494658963381685
group_6048,0.006085040941019991
group_6049,0.002036659877800407
group_605,0.004065006858140406
group_6050,0.004065006858140407
group_6051,0.2415229228147471
group_6052,0.0020366598778004067
group_6053,0.006085040941019993
group_6054,0.008096762126439165
group_6055,0.006085040941019993
group_6056,0.008096762126439167
group_6057,0.008096762126439167
group_6058,0.0
group_6059,0.002036659877800407
group_606,0.0020366598778004067
group_6060,0.002036659877800407
group_6061,0.002036659877800407
group_6062,0.016060517893511785
group_6063,0.01999251839228563
group_6064,0.018030674591628906
group_6065,0.008096762126439167
group_6066,0.0020366598778004067
group_6067,0.002036659877800407
group_6068,0.004065006858140407
group_6069,0.01408204829793424
group_607,0.006085040941019991
group_6070,0.004065006858140407
group_6071,0.0
group_6072,0.012095265804896291
group_6073,0.0040650068581404054
group_6074,0.0020366598778004067
group_6075,0.006085040941019991
group_6076,0.002036659877800407
group_6077,0.002036659877800407
group_6078,0.002036659877800407
group_6079,0.01803067459162891
group_608,0.002036659877800407
group_6080,0.01408204829793424
group_6081,0.24032586558044808
group_6082,0.01010017041439794
group_6083,0.0020366598778004067
group_6084,0.004065006858140406
group_6085,0.14870942266927137
group_6086,0.0020366598778004067
group_6087,0.014082048297934241
group_6088,0.03158901034955734
group_6089,0.006085040941019991
group_609,0.002036659877800407
group_6090,0.008096762126439169
group_6091,0.17078016542665944
group_6092,0.008096762126439169
group_6093,0.14870942266927137
group_6094,0.08508250550729457
group_6095,0.0020366598778004067
group_6096,0.08508250550729457
group_6097,0.002036659877800407
group_6098,0.08508250550729457
group_6099,0.002036659877800407
group_61,0.010100170414397938
group_610,0.002036659877800407
group_6100,0.002036659877800407
group_6101,0.11807639552766115
group_6102,0.021946049295481933
group_6103,0.002036659877800407
group_6104,0.002036659877800407
group_6105,0.0020366598778004067
group_6106,0.22489712789392743
group_6107,0.10902365019327487
group_6108,0.01999251839228563
group_6109,0.002036659877800407
group_611,0.004065006858140406
group_6110,0.11658838688224782
group_6111,0.20684151460991726
group_6112,0.002036659877800407
group_6113,0.010100170414397938
group_6114,0.0020366598778004067
group_6115,0.002036659877800407
group_6116,0.02582817240949334
group_6117,0.0996716405503138
group_6118,0.057483685938733944
group_6119,0.004065006858140406
group_612,0.004065006858140406
group_6120,0.006085040941019991
group_6121,0.004065006858140406
group_6122,0.002036659877800407
group_6123,0.14609085996924226
group_6124,0.021946049295481933
group_6125,0.14075397979965917
group_6126,0.039153747038530286
group_6127,0.002036659877800407
group_6128,0.03538800448896462
group_6129,0.0
group_613,0.012095265804896293
group_6130,0.14210066918824552
group_6131,0.033492663867991185
group_6132,0.002036659877800407
group_6133,0.09967164055031381
group_6134,0.023891267301217843
group_6135,0.023891267301217843
group_6136,0.010100170414397938
group_6137,0.224240408994555
group_6138,0.22290203250342908
group_6139,0.002036659877800407
group_614,0.004065006858140406
group_6140,0.002036659877800407
group_6141,0.012095265804896291
group_6142,0.06982002576998211
group_6143,0.1282596949166632
group_6144,0.002036659877800407
group_6145,0.002036659877800407
group_6146,0.0020366598778004067
group_6147,0.0020366598778004067
group_6148,0.002036659877800407
group_6149,0.01010017041439794
group_615,0.014082048297934238
group_6150,0.002036659877800407
group_6151,0.18504509746872275
group_6152,0.002036659877800407
group_6153,0.002036659877800407
group_6154,0.002036659877800407
group_6155,0.03538800448896463
group_6156,0.1741967662828879
group_6157,0.02194604929548193
group_6158,0.002036659877800407
group_6159,0.0
group_616,0.01999251839228563
group_6160,0.048422627706887246
group_6161,0.12825969491666322
group_6162,0.08838272579907727
group_6163,0.0020366598778004067
group_6164,0.008096762126439167
group_6165,0.17306621222827218
group_6166,0.002036659877800407
group_6167,0.06808263020075646
group_6168,0.006085040941019988
group_6169,0.09488341161311774
group_617,0.01209526580489629
group_6170,0.027756764620308415
group_6171,0.11207448356124523
group_6172,0.016060517893511782
group_6173,0.16008146639511198
group_6174,0.0
group_6175,0.02194604929548193
group_6176,0.0020366598778004067
group_6177,0.021946049295481926
group_6178,0.0020366598778004067
group_6179,0.0040650068581404054
group_618,0.002036659877800407
group_6180,0.0020366598778004067
group_6181,0.004065006858140407
group_6182,0.12102747412610664
group_6183,0.23816451224074145
group_6184,0.002036659877800407
group_6185,0.021946049295481933
group_6186,0.004065006858140406
group_6187,0.002036659877800407
group_6188,0.03538800448896462
group_6189,0.004065006858140406
group_619,0.002036659877800407
group_6190,0.04842262770688723
group_6191,0.01408204829793424
group_6192,0.0040650068581404054
group_6193,0.02582817240949334
group_6194,0.11509206533937404
group_6195,0.06458290036992395
group_6196,0.0020366598778004067
group_6197,0.004065006858140407
group_6198,0.1921443118999127
group_6199,0.0996716405503138
group_62,0.03727503221247766
group_620,0.0020366598778004067
group_6200,0.004065006858140406
group_6201,0.11658838688224779
group_6202,0.2455629909805062
group_6203,0.0020366598778004067
group_6204,0.04842262770688723
group_6205,0.03915374703853028
group_6206,0.014082048297934245
group_6207,0.0020366598778004067
group_6208,0.08838272579907727
group_6209,0.24497277526081718
group_621,0.0020366598778004067
group_6210,0.08673677210191615
group_6211,0.008096762126439165
group_6212,0.006085040941019991
group_6213,0.004065006858140407
group_6214,0.0020366598778004067
group_6215,0.002036659877800407
group_6216,0.010100170414397938
group_6217,0.02389126730121784
group_6218,0.15257491998836195
group_6219,0.002036659877800407
group_622,0.002036659877800407
group_6220,0.021946049295481926
group_6221,0.002036659877800407
group_6222,0.002036659877800407
group_6223,0.002036659877800407
group_6224,0.14075397979965917
group_6225,0.14870942266927137
group_6226,0.027756764620308412
group_6227,0.10282222868780913
group_6228,0.016060517893511785
group_6229,0.006085040941019992
group_623,0.002036659877800407
group_6230,0.01803067459162891
group_6231,0.029677043933663074
group_6232,0.002036659877800407
group_6233,0.002036659877800407
group_6234,0.1380356623301051
group_6235,0.027756764620308415
group_6236,0.021946049295481933
group_6237,0.002036659877800407
group_6238,0.014082048297934241
group_6239,0.008096762126439167
group_624,0.002036659877800407
group_6240,0.1296812003823933
group_6241,0.11055322332599027
group_6242,0.0
group_6243,0.004065006858140407
group_6244,0.0
group_6245,0.0
group_6246,0.2422793964836444
group_6247,0.0020366598778004067
group_6248,0.10125109106779166
group_6249,0.05025146514817742
group_625,0.002036659877800407
group_6250,0.023891267301217843
group_6251,0.012095265804896293
group_6252,0.021946049295481933
group_6253,0.008096762126439167
group_6254,0.07668647907228066
group_6255,0.004065006858140407
group_6256,0.012095265804896291
group_6257,0.11207448356124526
group_6258,0.004065006858140407
group_6259,0.006085040941019991
group_626,0.01803067459162891
group_6260,0.014082048297934241
group_6261,0.04474001413192567
group_6262,0.04102414896712248
group_6263,0.0020366598778004067
group_6264,0.021946049295481933
group_6265,0.02389126730121784
group_6266,0.021946049295481933
group_6267,0.0020366598778004067
group_6268,0.023891267301217843
group_6269,0.00809676212643917
group_627,0.008096762126439169
group_6270,0.24369258905191404
group_6271,0.2455629909805062
group_6272,0.002036659877800407
group_6273,0.004065006858140406
group_6274,0.004065006858140407
group_6275,0.1753190074400432
group_6276,0.02582817240949334
group_6277,0.021946049295481933
group_6278,0.004065006858140407
group_6279,0.004065006858140407
group_628,0.002036659877800407
group_6280,0.21571137620017455
group_6281,0.002036659877800407
group_6282,0.002036659877800407
group_6283,0.0020366598778004067
group_6284,0.0020366598778004067
group_6285,0.01999251839228563
group_6286,0.052071989692007145
group_6287,0.014082048297934241
group_6288,0.002036659877800407
group_6289,0.002036659877800407
group_629,0.008096762126439169
group_6290,0.018030674591628906
group_6291,0.002036659877800407
group_6292,0.24892971445197226
group_6293,0.002036659877800407
group_6294,0.07154910844174736
group_6295,0.08174903362567024
group_6296,0.03158901034955734
group_6297,0.021946049295481933
group_6298,0.0
group_6299,0.002036659877800407
group_63,0.02194604929548193
group_630,0.018030674591628913
group_6300,0.002036659877800407
group_6301,0.002036659877800407
group_6302,0.004065006858140406
group_6303,0.10748576416309907
group_6304,0.002036659877800407
group_6305,0.004065006858140406
group_6306,0.0
group_6307,0.004065006858140406
group_6308,0.029677043933663074
group_6309,0.008096762126439169
group_631,0.002036659877800407
group_6310,0.0020366598778004067
group_6311,0.002036659877800407
group_6312,0.002036659877800407
group_6313,0.002036659877800407
group_6314,0.03158901034955734
group_6315,0.03158901034955734
group_6316,0.05207198969200714
group_6317,0.004065006858140406
group_6318,0.061049918949249764
group_6319,0.002036659877800407
group_632,0.002036659877800407
group_6320,0.01999251839228563
group_6321,0.05568810008728542
group_6322,0.006085040941019991
group_6323,0.033492663867991185
group_6324,0.01010017041439794
group_6325,0.09327070950579826
group_6326,0.0
group_6327,0.04102414896712249
group_6328,0.07838231015420423
group_6329,0.17643293569973809
group_633,0.03158901034955734
group_6330,0.11055322332599025
group_6331,0.03158901034955734
group_6332,0.1753190074400432
group_6333,0.17753855106197264
group_6334,0.008096762126439169
group_6335,0.03727503221247766
group_6336,0.004065006858140407
group_6337,0.07154910844174737
group_6338,0.029677043933663074
group_6339,0.03158901034955734
group_634,0.002036659877800407
group_6340,0.06808263020075646
group_6341,0.057483685938733944
group_6342,0.03349266386799119
group_6343,0.13109439295066297
group_6344,0.09002036659877798
group_6345,0.021946049295481933
group_6346,0.02775676462030841
group_6347,0.0
group_6348,0.004065006858140406
group_6349,0.0020366598778004067
group_635,0.016060517893511785
group_6350,0.0020366598778004067
group_6351,0.004065006858140406
group_6352,0.012095265804896291
group_6353,0.012095265804896291
group_6354,0.002036659877800407
group_6355,0.03349266386799119
group_6356,0.1576125358493703
group_6357,0.008096762126439169
group_6358,0.016060517893511785
group_6359,0.033492663867991185
group_636,0.008096762126439167
group_6360,0.008096762126439167
group_6361,0.21018329938900202
group_6362,0.0020366598778004067
group_6363,0.0020366598778004067
group_6364,0.09808387713537554
group_6365,0.012095265804896291
group_6366,0.002036659877800407
group_6367,0.23948626293694666
group_6368,0.008096762126439167
group_6369,0.01803067459162891
group_637,0.002036659877800407
group_6370,0.006085040941019989
group_6371,0.08006982833866745
group_6372,0.006085040941019991
group_6373,0.006085040941019991
group_6374,0.18399767238871106
group_6375,0.05207198969200714
group_6376,0.002036659877800407
group_6377,0.008096762126439169
group_6378,0.12249054407913877
group_6379,0.0020366598778004067
group_638,0.002036659877800407
group_6380,0.006085040941019991
group_6381,0.05568810008728542
group_6382,0.016060517893511785
group_6383,0.002036659877800407
group_6384,0.24975269130055278
group_6385,0.0020366598778004067
group_6386,0.0020366598778004067
group_6387,0.016060517893511785
group_6388,0.002036659877800407
group_6389,0.19312523380024108
group_639,0.002036659877800407
group_6390,0.002036659877800407
group_6391,0.20424789060226942
group_6392,0.19790514983997673
group_6393,0.008096762126439167
group_6394,0.07154910844174737
group_6395,0.0040650068581404054
group_6396,0.029677043933663074
group_6397,0.008096762126439169
group_6398,0.004065006858140407
group_6399,0.07668647907228066
group_64,0.010100170414397938
group_640,0.014082048297934238
group_6400,0.15636560123030888
group_6401,0.057483685938733944
group_6402,0.00608504094101999
group_6403,0.002036659877800407
group_6404,0.002036659877800407
group_6405,0.0040650068581404054
group_6406,0.02582817240949334
group_6407,0.00608504094101999
group_6408,0.1268298765534727
group_6409,0.016060517893511785
group_641,0.1901575294068748
group_6410,0.016060517893511785
group_6411,0.027756764620308415
group_6412,0.004065006858140408
group_6413,0.06282056610831706
group_6414,0.13249927262147224
group_6415,0.19115507710212393
group_6416,0.19115507710212393
group_6417,0.17306621222827218
group_6418,0.23724178062263598
group_6419,0.002036659877800407
group_642,0.01999251839228563
group_6420,0.027756764620308415
group_6421,0.22012552475165217
group_6422,0.15636560123030882
group_6423,0.06808263020075646
group_6424,0.18813749532399518
group_6425,0.053884201338376486
group_6426,0.03158901034955734
group_6427,0.22290203250342908
group_6428,0.22290203250342908
group_6429,0.0732698782160522
group_643,0.002036659877800407
group_6430,0.0
group_6431,0.04658547736813667
group_6432,0.00608504094101999
group_6433,0.10748576416309907
group_6434,0.1797248430940604
group_6435,0.006085040941019991
group_6436,0.006085040941019991
group_6437,0.0834199260152126
group_6438,0.016060517893511785
group_6439,0.016060517893511785
group_644,0.0020366598778004067
group_6440,0.014082048297934241
group_6441,0.012095265804896293
group_6442,0.1637225154827715
group_6443,0.1901575294068748
group_6444,0.006085040941019989
group_6445,0.10902365019327487
group_6446,0.004065006858140407
group_6447,0.010100170414397938
group_6448,0.029677043933663074
group_6449,0.0020366598778004067
group_645,0.012095265804896291
group_6450,0.11955609127561416
group_6451,0.004065006858140406
group_6452,0.002036659877800407
group_6453,0.004065006858140406
group_6454,0.0020366598778004067
group_6455,0.008096762126439167
group_6456,0.19696579242695042
group_6457,0.16728874849328731
group_6458,0.0
group_6459,0.0
group_646,0.008096762126439167
group_6460,0.004065006858140406
group_6461,0.004065006858140406
group_6462,0.0
group_6463,0.09002036659877799
group_6464,0.002036659877800407
group_6465,0.0020366598778004067
group_6466,0.1960181221164637
group_6467,0.010100170414397938
group_6468,0.0020366598778004067
group_6469,0.0020366598778004067
group_647,0.016060517893511785
group_6470,0.06458290036992395
group_6471,0.18187788353630654
group_6472,0.059270958892722055
group_6473,0.019992518392285632
group_6474,0.00608504094101999
group_6475,0.1625171453510121
group_6476,0.006085040941019991
group_6477,0.06282056610831707
group_6478,0.09808387713537556
group_6479,0.13249927262147224
group_648,0.1741967662828879
group_6480,0.0
group_6481,0.002036659877800407
group_6482,0.0020366598778004067
group_6483,0.002036659877800407
group_6484,0.002036659877800407
group_6485,0.1753190074400432
group_6486,0.002036659877800407
group_6487,0.016060517893511785
group_6488,0.004065006858140407
group_6489,0.002036659877800407
group_649,0.19975892597364814
group_6490,0.0
group_6491,0.002036659877800407
group_6492,0.002036659877800407
group_6493,0.14210066918824552
group_6494,0.02582817240949334
group_6495,0.11807639552766115
group_6496,0.002036659877800407
group_6497,0.09808387713537554
group_6498,0.11509206533937404
group_6499,0.0020366598778004067
group_65,0.021946049295481933
group_650,0.002036659877800407
group_6500,0.0
group_6501,0.04842262770688723
group_6502,0.07838231015420423
group_6503,0.12102747412610664
group_6504,0.24190531609792598
group_6505,0.04658547736813668
group_6506,0.0020366598778004067
group_6507,0.11807639552766115
group_6508,0.002036659877800407
group_6509,0.04842262770688724
group_651,0.00809676212643917
group_6510,0.20247724344320212
group_6511,0.13666403424913753
group_6512,0.11807639552766117
group_6513,0.033492663867991185
group_6514,0.1338958393948211
group_6515,0.24527203956939192
group_6516,0.004065006858140406
group_6517,0.01803067459162891
group_6518,0.031589010349557335
group_6519,0.006085040941019992
group_652,0.029677043933663074
group_6520,0.01999251839228563
group_6521,0.004065006858140406
group_6522,0.17192734527619608
group_6523,0.03158901034955734
group_6524,0.02775676462030841
group_6525,0.035388004488964626
group_6526,0.012095265804896293
group_6527,0.004065006858140406
group_6528,0.027756764620308412
group_6529,0.004065006858140406
group_653,0.0020366598778004067
group_6530,0.18080551976391374
group_6531,0.08508250550729454
group_6532,0.008096762126439167
group_6533,0.012095265804896293
group_6534,0.021946049295481933
group_6535,0.22618562700029093
group_6536,0.002036659877800407
group_6537,0.21417349016999876
group_6538,0.053884201338376486
group_6539,0.03158901034955734
group_654,0.016060517893511782
group_6540,0.13249927262147224
group_6541,0.0020366598778004067
group_6542,0.0020366598778004067
group_6543,0.0020366598778004067
group_6544,0.25027640384055866
group_6545,0.0020366598778004067
group_6546,0.14210066918824552
group_6547,0.0020366598778004067
group_6548,0.033492663867991185
group_6549,0.012095265804896291
group_655,0.0020366598778004067
group_6550,0.008096762126439167
group_6551,0.0020366598778004067
group_6552,0.11055322332599027
group_6553,0.002036659877800407
group_6554,0.07838231015420423
group_6555,0.029677043933663074
group_6556,0.03158901034955734
group_6557,0.0020366598778004067
group_6558,0.002036659877800407
group_6559,0.002036659877800407
group_656,0.004065006858140407
group_6560,0.12102747412610665
group_6561,0.002036659877800407
group_6562,0.004065006858140406
group_6563,0.002036659877800407
group_6564,0.1224905440791388
group_6565,0.24032586558044808
group_6566,0.012095265804896291
group_6567,0.002036659877800407
group_6568,0.002036659877800407
group_6569,0.05927095889272205
group_657,0.02389126730121784
group_6570,0.02194604929548193
group_6571,0.03158901034955734
group_6572,0.004065006858140406
group_6573,0.016060517893511785
group_6574,0.01803067459162891
group_6575,0.01803067459162891
group_6576,0.002036659877800407
group_6577,0.0
group_6578,0.0
group_6579,0.002036659877800407
group_658,0.012095265804896293
group_6580,0.10282222868780912
group_6581,0.09164969450101831
group_6582,0.09648780082297682
group_6583,0.002036659877800407
group_6584,0.057483685938733944
group_6585,0.13249927262147224
group_6586,0.06458290036992395
group_6587,0.002036659877800407
group_6588,0.08838272579907727
group_6589,0.029677043933663074
group_659,0.02389126730121784
group_6590,0.004065006858140406
group_6591,0.03727503221247766
group_6592,0.002036659877800407
group_6593,0.1661083170539091
group_6594,0.004065006858140408
group_6595,0.01803067459162891
group_6596,0.0
group_6597,0.021946049295481933
group_6598,0.02582817240949334
group_6599,0.13528409327070956
group_66,0.010100170414397938
group_660,0.1576125358493703
group_6600,0.11207448356124523
group_6601,0.008096762126439165
group_6602,0.23676794546739263
group_6603,0.014082048297934241
group_6604,0.012095265804896293
group_6605,0.12249054407913879
group_6606,0.010100170414397938
group_6607,0.04288623799825429
group_6608,0.17643293569973809
group_6609,0.006085040941019991
group_661,0.006085040941019991
group_6610,0.004065006858140407
group_6611,0.004065006858140406
group_6612,0.04102414896712249
group_6613,0.002036659877800407
group_6614,0.002036659877800407
group_6615,0.04288623799825429
group_6616,0.008096762126439169
group_6617,0.0663369217340704
group_6618,0.15257491998836195
group_6619,0.016060517893511785
group_662,0.03158901034955734
group_6620,0.014082048297934238
group_6621,0.01010017041439794
group_6622,0.004065006858140407
group_6623,0.027756764620308415
group_6624,0.24638596782908684
group_6625,0.16251714535101205
group_6626,0.0020366598778004067
group_6627,0.004065006858140406
group_6628,0.033492663867991185
group_6629,0.0020366598778004067
group_663,0.03538800448896463
group_6630,0.1268298765534727
group_6631,0.002036659877800407
group_6632,0.002036659877800407
group_6633,0.01999251839228563
group_6634,0.16846086703520513
group_6635,0.002036659877800407
group_6636,0.006085040941019993
group_6637,0.09648780082297682
group_6638,0.021946049295481933
group_6639,0.002036659877800407
group_664,0.002036659877800407
group_6640,0.002036659877800407
group_6641,0.002036659877800407
group_6642,0.029677043933663074
group_6643,0.0663369217340704
group_6644,0.02582817240949334
group_6645,0.002036659877800407
group_6646,0.1871150089363648
group_6647,0.10125109106779168
group_6648,0.027756764620308415
group_6649,0.06458290036992395
group_665,0.016060517893511785
group_6650,0.0
group_6651,0.039153747038530286
group_6652,0.07154910844174737
group_6653,0.24152292281474708
group_6654,0.035388004488964626
group_6655,0.006085040941019991
group_6656,0.12825969491666322
group_6657,0.014082048297934236
group_6658,0.033492663867991185
group_6659,0.029677043933663074
group_666,0.002036659877800407
group_6660,0.0020366598778004067
group_6661,0.008096762126439167
group_6662,0.023891267301217843
group_6663,0.002036659877800407
group_6664,0.004065006858140406
group_6665,0.0
group_6666,0.002036659877800407
group_6667,0.07838231015420423
group_6668,0.25027640384055866
group_6669,0.002036659877800407
group_667,0.012095265804896293
group_6670,0.002036659877800407
group_6671,0.012095265804896291
group_6672,0.033492663867991185
group_6673,0.15636560123030882
group_6674,0.014082048297934238
group_6675,0.002036659877800407
group_6676,0.2484060019119664
group_6677,0.002036659877800407
group_6678,0.13939897751361238
group_6679,0.10748576416309906
group_668,0.002036659877800407
group_6680,0.1950621389085166
group_6681,0.0
group_6682,0.0
group_6683,0.014082048297934241
group_6684,0.12968120038239325
group_6685,0.002036659877800407
group_6686,0.027756764620308415
group_6687,0.01408204829793424
group_6688,0.002036659877800407
group_6689,0.12394530113471049
group_669,0.02582817240949334
group_6690,0.24227939648364438
group_6691,0.029677043933663074
group_6692,0.2501350845837317
group_6693,0.016060517893511785
group_6694,0.004065006858140407
group_6695,0.0
group_6696,0.0
group_6697,0.06633692173407038
group_6698,0.004065006858140406
group_6699,0.002036659877800407
group_67,0.002036659877800407
group_670,0.021946049295481933
group_6700,0.002036659877800407
group_6701,0.0020366598778004067
group_6702,0.0020366598778004067
group_6703,0.004065006858140408
group_6704,0.0020366598778004067
group_6705,0.006085040941019991
group_6706,0.002036659877800407
group_6707,0.0020366598778004067
group_6708,0.029677043933663074
group_6709,0.01999251839228563
group_671,0.004065006858140408
group_6710,0.10748576416309909
group_6711,0.05568810008728542
group_6712,0.23905399226900537
group_6713,0.0
group_6714,0.0
group_6715,0.19409784280310902
group_6716,0.004065006858140406
group_6717,0.002036659877800407
group_6718,0.002036659877800407
group_6719,0.1808055197639137
group_672,0.002036659877800407
group_6720,0.1775385510619726
group_6721,0.2304335176025604
group_6722,0.002036659877800407
group_6723,0.11055322332599027
group_6724,0.016060517893511785
group_6725,0.10125109106779168
group_6726,0.021946049295481933
group_6727,0.002036659877800407
group_6728,0.002036659877800407
group_6729,0.01010017041439794
group_673,0.0020366598778004067
group_6730,0.018030674591628913
group_6731,0.01010017041439794
group_6732,0.027756764620308412
group_6733,0.002036659877800407
group_6734,0.002036659877800407
group_6735,0.18294193441123904
group_6736,0.002036659877800407
group_6737,0.002036659877800407
group_6738,0.002036659877800407
group_6739,0.10748576416309906
group_674,0.027756764620308412
group_6740,0.19883619435554262
group_6741,0.002036659877800407
group_6742,0.0
group_6743,0.002036659877800407
group_6744,0.0428862379982543
group_6745,0.002036659877800407
group_6746,0.0020366598778004067
group_6747,0.03349266386799119
group_6748,0.0020366598778004067
group_6749,0.01010017041439794
group_675,0.004065006858140407
group_6750,0.0
group_6751,0.2495116172742009
group_6752,0.002036659877800407
group_6753,0.0020366598778004067
group_6754,0.01999251839228563
group_6755,0.0
group_6756,0.002036659877800407
group_6757,0.002036659877800407
group_6758,0.006085040941019991
group_6759,0.03158901034955734
group_676,0.01999251839228563
group_6760,0.2505008520719897
group_6761,0.09002036659877798
group_6762,0.010100170414397938
group_6763,0.021946049295481933
group_6764,0.008096762126439169
group_6765,0.012095265804896291
group_6766,0.0020366598778004067
group_6767,0.14609085996924226
group_6768,0.04842262770688723
group_6769,0.21260235254998133
group_677,0.01999251839228563
group_6770,0.008096762126439165
group_6771,0.012095265804896293
group_6772,0.018030674591628913
group_6773,0.010100170414397938
group_6774,0.016060517893511785
group_6775,0.004065006858140406
group_6776,0.2452720395693919
group_6777,0.016060517893511785
group_6778,0.01803067459162891
group_6779,0.01803067459162891
group_678,0.06458290036992395
group_6780,0.004065006858140406
group_6781,0.10593956523546283
group_6782,0.006085040941019991
group_6783,0.002036659877800407
group_6784,0.00608504094101999
group_6785,0.004065006858140406
group_6786,0.004065006858140406
group_6787,0.0020366598778004067
group_6788,0.24369258905191404
group_6789,0.10748576416309906
group_679,0.09164969450101831
group_6790,0.06282056610831709
group_6791,0.002036659877800407
group_6792,0.004065006858140406
group_6793,0.002036659877800407
group_6794,0.04102414896712249
group_6795,0.002036659877800407
group_6796,0.0020366598778004067
group_6797,0.07154910844174737
group_6798,0.012095265804896293
group_6799,0.13666403424913753
group_68,0.055688100087285426
group_680,0.006085040941019991
group_6800,0.029677043933663074
group_6801,0.002036659877800407
group_6802,0.002036659877800407
group_6803,0.1797248430940604
group_6804,0.002036659877800407
group_6805,0.08006982833866745
group_6806,0.002036659877800407
group_6807,0.06808263020075646
group_6808,0.21260235254998133
group_6809,0.14870942266927137
group_681,0.03727503221247765
group_6810,0.08006982833866745
group_6811,0.1576125358493703
group_6812,0.0020366598778004067
group_6813,0.0996716405503138
group_6814,0.1881374953239952
group_6815,0.24152292281474708
group_6816,0.0
group_6817,0.07154910844174737
group_6818,0.0502514651481774
group_6819,0.0020366598778004067
group_682,0.002036659877800407
group_6820,0.0
group_6821,0.24073319755600817
group_6822,0.012095265804896293
group_6823,0.006085040941019991
group_6824,0.24264516397190242
group_6825,0.023891267301217836
group_6826,0.014082048297934241
group_6827,0.010100170414397938
group_6828,0.0834199260152126
group_6829,0.0
group_683,0.002036659877800407
group_6830,0.08673677210191613
group_6831,0.012095265804896291
group_6832,0.12394530113471049
group_6833,0.10125109106779166
group_6834,0.002036659877800407
group_6835,0.002036659877800407
group_6836,0.008096762126439167
group_6837,0.010100170414397938
group_6838,0.012095265804896291
group_6839,0.029677043933663074
group_684,0.002036659877800407
group_6840,0.002036659877800407
group_6841,0.052071989692007145
group_6842,0.20852903279438045
group_6843,0.17643293569973809
group_6844,0.11055322332599028
group_6845,0.06808263020075646
group_6846,0.04102414896712249
group_6847,0.006085040941019988
group_6848,0.057483685938733944
group_6849,0.019992518392285632
group_685,0.2433517602560373
group_6850,0.06458290036992395
group_6851,0.021946049295481933
group_6852,0.13939897751361238
group_6853,0.08508250550729454
group_6854,0.0428862379982543
group_6855,0.0020366598778004067
group_6856,0.004065006858140406
group_6857,0.004065006858140406
group_6858,0.027756764620308415
group_6859,0.002036659877800407
group_686,0.002036659877800407
group_6860,0.008096762126439169
group_6861,0.014082048297934241
group_6862,0.004065006858140406
group_6863,0.004065006858140406
group_6864,0.13666403424913753
group_6865,0.15511035371378695
group_6866,0.008096762126439167
group_6867,0.004065006858140406
group_6868,0.006085040941019988
group_6869,0.008096762126439165
group_687,0.008096762126439165
group_6870,0.002036659877800407
group_6871,0.04102414896712249
group_6872,0.014082048297934245
group_6873,0.002036659877800407
group_6874,0.014082048297934243
group_6875,0.0020366598778004067
group_6876,0.016060517893511782
group_6877,0.006085040941019991
group_6878,0.004065006858140406
group_6879,0.016060517893511782
group_688,0.002036659877800407
group_6880,0.002036659877800407
group_6881,0.002036659877800407
group_6882,0.002036659877800407
group_6883,0.002036659877800407
group_6884,0.01803067459162891
group_6885,0.0020366598778004067
group_6886,0.12102747412610664
group_6887,0.004065006858140406
group_6888,0.0
group_6889,0.0
group_689,0.01999251839228563
group_6890,0.002036659877800407
group_6891,0.018030674591628906
group_6892,0.08838272579907729
group_6893,0.002036659877800407
group_6894,0.002036659877800407
group_6895,0.002036659877800407
group_6896,0.05927095889272205
group_6897,0.010100170414397938
group_6898,0.03158901034955734
group_6899,0.004065006858140406
group_69,0.03349266386799119
group_690,0.004065006858140406
group_6900,0.01999251839228563
group_6901,0.07154910844174737
group_6902,0.03727503221247766
group_6903,0.002036659877800407
group_6904,0.19115507710212393
group_6905,0.002036659877800407
group_6906,0.008096762126439167
group_6907,0.002036659877800407
group_6908,0.002036659877800407
group_6909,0.01999251839228563
group_691,0.19790514983997667
group_6910,0.25020990066087534
group_6911,0.004065006858140406
group_6912,0.002036659877800407
group_6913,0.01209526580489629
group_6914,0.0020366598778004067
group_6915,0.24858888565609544
group_6916,0.004065006858140407
group_6917,0.002036659877800407
group_6918,0.0020366598778004067
group_6919,0.0
group_692,0.002036659877800407
group_6920,0.002036659877800407
group_6921,0.002036659877800407
group_6922,0.002036659877800407
group_6923,0.002036659877800407
group_6924,0.23375036368926388
group_6925,0.01010017041439794
group_6926,0.08838272579907729
group_6927,0.05568810008728542
group_6928,0.012095265804896291
group_6929,0.004065006858140406
group_693,0.03158901034955734
group_6930,0.0020366598778004067
group_6931,0.01999251839228563
group_6932,0.01408204829793424
group_6933,0.1797248430940604
group_6934,0.0
group_6935,0.006085040941019988
group_6936,0.01010017041439794
group_6937,0.1979051498399767
group_6938,0.006085040941019992
group_6939,0.0020366598778004067
group_694,0.02582817240949334
group_6940,0.0
group_6941,0.05927095889272205
group_6942,0.0020366598778004067
group_6943,0.002036659877800407
group_6944,0.029677043933663074
group_6945,0.0020366598778004067
group_6946,0.13803566233010514
group_6947,0.00608504094101999
group_6948,0.0
group_6949,0.033492663867991185
group_695,0.002036659877800407
group_6950,0.01010017041439794
group_6951,0.0
group_6952,0.004065006858140406
group_6953,0.11207448356124526
group_6954,0.004065006858140408
group_6955,0.0020366598778004067
group_6956,0.010100170414397938
group_6957,0.004065006858140406
group_6958,0.0020366598778004067
group_6959,0.004065006858140406
group_696,0.008096762126439169
group_6960,0.004065006858140406
group_6961,0.0020366598778004067
group_6962,0.03727503221247766
group_6963,0.0040650068581404054
group_6964,0.0020366598778004067
group_6965,0.002036659877800407
group_6966,0.07838231015420423
group_6967,0.004065006858140408
group_6968,0.0020366598778004067
group_6969,0.002036659877800407
group_697,0.03727503221247766
group_6970,0.2503345941227815
group_6971,0.010100170414397938
group_6972,0.002036659877800407
group_6973,0.006085040941019991
group_6974,0.010100170414397938
group_6975,0.006085040941019991
group_6976,0.0020366598778004067
group_6977,0.0
group_6978,0.03538800448896462
group_6979,0.008096762126439165
group_698,0.002036659877800407
group_6980,0.004065006858140406
group_6981,0.002036659877800407
group_6982,0.004065006858140407
group_6983,0.1931252338002411
group_6984,0.004065006858140406
group_6985,0.002036659877800407
group_6986,0.002036659877800407
group_6987,0.0
group_6988,0.07498233509289662
group_6989,0.002036659877800407
group_699,0.002036659877800407
group_6990,0.010100170414397938
group_6991,0.002036659877800407
group_6992,0.002036659877800407
group_6993,0.012095265804896293
group_6994,0.17192734527619602
group_6995,0.006085040941019989
group_6996,0.13109439295066294
group_6997,0.006085040941019991
group_6998,0.0834199260152126
group_6999,0.033492663867991185
group_7,0.22083212103578703
group_70,0.004065006858140406
group_700,0.006085040941019991
group_7000,0.002036659877800407
group_7001,0.0040650068581404054
group_7002,0.016060517893511785
group_7003,0.002036659877800407
group_7004,0.0502514651481774
group_7005,0.04658547736813668
group_7006,0.002036659877800407
group_7007,0.002036659877800407
group_7008,0.002036659877800407
group_7009,0.21099796334012216
group_701,0.004065006858140406
group_7010,0.002036659877800407
group_7011,0.002036659877800407
group_7012,0.2051207448356125
group_7013,0.004065006858140406
group_7014,0.002036659877800407
group_7015,0.0020366598778004067
group_7016,0.1625171453510121
group_7017,0.002036659877800407
group_7018,0.0020366598778004067
group_7019,0.0020366598778004067
group_702,0.002036659877800407
group_7020,0.002036659877800407
group_7021,0.002036659877800407
group_7022,0.002036659877800407
group_7023,0.021946049295481933
group_7024,0.027756764620308412
group_7025,0.002036659877800407
group_7026,0.002036659877800407
group_7027,0.00608504094101999
group_7028,0.002036659877800407
group_7029,0.10438505341036618
group_703,0.10593956523546283
group_7030,0.002036659877800407
group_7031,0.14210066918824554
group_7032,0.002036659877800407
group_7033,0.002036659877800407
group_7034,0.0020366598778004067
group_7035,0.16728874849328734
group_7036,0.029677043933663074
group_7037,0.0020366598778004067
group_7038,0.002036659877800407
group_7039,0.002036659877800407
group_704,0.20157945051747786
group_7040,0.09488341161311774
group_7041,0.06282056610831707
group_7042,0.04102414896712249
group_7043,0.002036659877800407
group_7044,0.002036659877800407
group_7045,0.002036659877800407
group_7046,0.002036659877800407
group_7047,0.06104991894924976
group_7048,0.05388420133837649
group_7049,0.016060517893511785
group_705,0.2015794505174779
group_7050,0.06282056610831707
group_7051,0.019992518392285625
group_7052,0.029677043933663074
group_7053,0.17306621222827218
group_7054,0.016060517893511785
group_7055,0.019992518392285625
group_7056,0.11358743089903987
group_7057,0.07668647907228064
group_7058,0.006085040941019991
group_7059,0.01999251839228563
group_706,0.002036659877800407
group_7060,0.09002036659877799
group_7061,0.21795585851448518
group_7062,0.002036659877800407
group_7063,0.018030674591628906
group_7064,0.010100170414397938
group_7065,0.055688100087285426
group_7066,0.012095265804896293
group_7067,0.0020366598778004067
group_7068,0.0663369217340704
group_7069,0.004065006858140408
group_707,0.002036659877800407
group_7070,0.004065006858140406
group_7071,0.004065006858140406
group_7072,0.002036659877800407
group_7073,0.002036659877800407
group_7074,0.002036659877800407
group_7075,0.002036659877800407
group_7076,0.002036659877800407
group_7077,0.002036659877800407
group_7078,0.002036659877800407
group_7079,0.002036659877800407
group_708,0.0020366598778004067
group_7080,0.004065006858140406
group_7081,0.004065006858140406
group_7082,0.004065006858140406
group_7083,0.002036659877800407
group_7084,0.002036659877800407
group_7085,0.002036659877800407
group_7086,0.004065006858140406
group_7087,0.002036659877800407
group_7088,0.002036659877800407
group_7089,0.002036659877800407
group_709,0.002036659877800407
group_7090,0.20424789060226944
group_7091,0.002036659877800407
group_7092,0.002036659877800407
group_7093,0.002036659877800407
group_7094,0.012095265804896291
group_7095,0.13389583939482103
group_7096,0.24801529573132716
group_7097,0.19409784280310902
group_7098,0.010100170414397938
group_7099,0.19115507710212393
group_71,0.05207198969200715
group_710,0.002036659877800407
group_7100,0.002036659877800407
group_7101,0.04474001413192567
group_7102,0.002036659877800407
group_7103,0.002036659877800407
group_7104,0.002036659877800407
group_7105,0.0
group_7106,0.0020366598778004067
group_7107,0.002036659877800407
group_7108,0.002036659877800407
group_7109,0.03538800448896462
group_711,0.004065006858140406
group_7110,0.002036659877800407
group_7111,0.002036659877800407
group_7112,0.006085040941019991
group_7113,0.002036659877800407
group_7114,0.002036659877800407
group_7115,0.006085040941019991
group_7116,0.09808387713537554
group_7117,0.002036659877800407
group_7118,0.002036659877800407
group_7119,0.002036659877800407
group_712,0.002036659877800407
group_7120,0.0020366598778004067
group_7121,0.002036659877800407
group_7122,0.002036659877800407
group_7123,0.050251465148177396
group_7124,0.0020366598778004067
group_7125,0.0
group_7126,0.002036659877800407
group_7127,0.02582817240949334
group_7128,0.16491957271707056
group_7129,0.0
group_713,0.002036659877800407
group_7130,0.008096762126439167
group_7131,0.00809676212643917
group_7132,0.006085040941019992
group_7133,0.008096762126439169
group_7134,0.055688100087285426
group_7135,0.004065006858140406
group_7136,0.2186873934910013
group_7137,0.006085040941019989
group_7138,0.008096762126439167
group_7139,0.006085040941019994
group_714,0.0020366598778004067
group_7140,0.008096762126439165
group_7141,0.019992518392285632
group_7142,0.00608504094101999
group_7143,0.17306621222827215
group_7144,0.02194604929548193
group_7145,0.004065006858140406
group_7146,0.01408204829793424
group_7147,0.014082048297934241
group_7148,0.008096762126439167
group_7149,0.04842262770688724
group_715,0.0020366598778004067
group_7150,0.004065006858140407
group_7151,0.010100170414397938
group_7152,0.11509206533937405
group_7153,0.012095265804896291
group_7154,0.0502514651481774
group_7155,0.09648780082297684
group_7156,0.010100170414397938
group_7157,0.010100170414397938
group_7158,0.010100170414397938
group_7159,0.004065006858140407
group_716,0.01803067459162891
group_7160,0.010100170414397938
group_7161,0.008096762126439169
group_7162,0.05748368593873395
group_7163,0.004065006858140406
group_7164,0.027756764620308415
group_7165,0.004065006858140406
group_7166,0.01999251839228563
group_7167,0.0020366598778004067
group_7168,0.0020366598778004067
group_7169,0.0020366598778004067
group_717,0.016060517893511785
group_7170,0.13109439295066294
group_7171,0.004065006858140407
group_7172,0.016060517893511782
group_7173,0.16130346232179224
group_7174,0.04474001413192567
group_7175,0.012095265804896293
group_7176,0.0020366598778004067
group_7177,0.01408204829793424
group_7178,0.01408204829793424
group_7179,0.006085040941019991
group_718,0.012095265804896293
group_7180,0.006085040941019991
group_7181,0.021946049295481933
group_7182,0.006085040941019991
group_7183,0.021946049295481933
group_7184,0.004065006858140406
group_7185,0.004065006858140406
group_7186,0.002036659877800407
group_7187,0.006085040941019991
group_7188,0.004065006858140406
group_7189,0.012095265804896291
group_719,0.021946049295481933
group_7190,0.002036659877800407
group_7191,0.031589010349557335
group_7192,0.10593956523546283
group_7193,0.029677043933663074
group_7194,0.10748576416309906
group_7195,0.24190531609792598
group_7196,0.031589010349557335
group_7197,0.01999251839228563
group_7198,0.21941061557005695
group_7199,0.044740014131925666
group_72,0.01999251839228563
group_720,0.0020366598778004067
group_7200,0.01999251839228563
group_7201,0.004065006858140407
group_7202,0.004065006858140406
group_7203,0.002036659877800407
group_7204,0.021946049295481933
group_7205,0.012095265804896291
group_7206,0.002036659877800407
group_7207,0.03158901034955734
group_7208,0.029677043933663074
group_7209,0.0020366598778004067
group_721,0.06282056610831709
group_7210,0.004065006858140406
group_7211,0.03158901034955734
group_7212,0.006085040941019991
group_7213,0.0
group_7214,0.09488341161311774
group_7215,0.014082048297934241
group_7216,0.002036659877800407
group_7217,0.004065006858140407
group_7218,0.01999251839228563
group_7219,0.002036659877800407
group_722,0.004065006858140407
group_7220,0.006085040941019991
group_7221,0.016060517893511785
group_7222,0.021946049295481933
group_7223,0.0020366598778004067
group_7224,0.02194604929548193
group_7225,0.10902365019327487
group_7226,0.014082048297934238
group_7227,0.0040650068581404054
group_7228,0.01803067459162891
group_7229,0.016060517893511785
group_723,0.004065006858140406
group_7230,0.0020366598778004067
group_7231,0.004065006858140407
group_7232,0.1576125358493703
group_7233,0.006085040941019993
group_7234,0.033492663867991185
group_7235,0.01999251839228563
group_7236,0.11509206533937405
group_7237,0.09327070950579824
group_7238,0.002036659877800407
group_7239,0.008096762126439169
group_724,0.12825969491666322
group_7240,0.18504509746872275
group_7241,0.027756764620308412
group_7242,0.0
group_7243,0.04842262770688724
group_7244,0.0040650068581404054
group_7245,0.002036659877800407
group_7246,0.01803067459162891
group_7247,0.01803067459162891
group_7248,0.15511035371378695
group_7249,0.004065006858140406
group_725,0.016060517893511785
group_7250,0.0040650068581404054
group_7251,0.006085040941019991
group_7252,0.014082048297934238
group_7253,0.17078016542665944
group_7254,0.002036659877800407
group_7255,0.00809676212643917
group_7256,0.06458290036992395
group_7257,0.002036659877800407
group_7258,0.021946049295481933
group_7259,0.018030674591628913
group_726,0.09648780082297684
group_7260,0.006085040941019991
group_7261,0.006085040941019991
group_7262,0.0428862379982543
group_7263,0.016060517893511785
group_7264,0.027756764620308415
group_7265,0.17306621222827215
group_7266,0.002036659877800407
group_7267,0.004065006858140408
group_7268,0.02582817240949334
group_7269,0.019992518392285625
group_727,0.008096762126439169
group_7270,0.029677043933663074
group_7271,0.01010017041439794
group_7272,0.016060517893511782
group_7273,0.01999251839228563
group_7274,0.004065006858140406
group_7275,0.03727503221247765
group_7276,0.008096762126439167
group_7277,0.012095265804896293
group_7278,0.006085040941019991
group_7279,0.006085040941019991
group_728,0.0020366598778004067
group_7280,0.008096762126439169
group_7281,0.004065006858140407
group_7282,0.01010017041439794
group_7283,0.055688100087285426
group_7284,0.008096762126439169
group_7285,0.004065006858140406
group_7286,0.002036659877800407
group_7287,0.03727503221247766
group_7288,0.02582817240949334
group_7289,0.0502514651481774
group_729,0.0020366598778004067
group_7290,0.0020366598778004067
group_7291,0.008096762126439169
group_7292,0.029677043933663074
group_7293,0.008096762126439169
group_7294,0.002036659877800407
group_7295,0.10593956523546283
group_7296,0.01010017041439794
group_7297,0.002036659877800407
group_7298,0.004065006858140406
group_7299,0.019992518392285625
group_73,0.002036659877800407
group_730,0.02582817240949334
group_7300,0.006085040941019991
group_7301,0.008096762126439169
group_7302,0.0
group_7303,0.03158901034955734
group_7304,0.0020366598778004067
group_7305,0.0020366598778004067
group_7306,0.010100170414397938
group_7307,0.021946049295481933
group_7308,0.014082048297934241
group_7309,0.03158901034955734
group_731,0.10902365019327487
group_7310,0.20247724344320212
group_7311,0.10748576416309906
group_7312,0.05927095889272205
group_7313,0.004065006858140406
group_7314,0.006085040941019991
group_7315,0.02194604929548193
group_7316,0.13939897751361238
group_7317,0.006085040941019991
group_7318,0.2452720395693919
group_7319,0.008096762126439169
group_732,0.15129473377945882
group_7320,0.006085040941019991
group_7321,0.008096762126439169
group_7322,0.03158901034955734
group_7323,0.0020366598778004067
group_7324,0.018030674591628913
group_7325,0.06282056610831707
group_7326,0.023891267301217843
group_7327,0.012095265804896291
group_7328,0.012095265804896291
group_7329,0.008096762126439169
group_733,0.0020366598778004067
group_7330,0.006085040941019991
group_7331,0.002036659877800407
group_7332,0.006085040941019991
group_7333,0.1500062346730953
group_7334,0.016060517893511785
group_7335,0.002036659877800407
group_7336,0.0020366598778004067
group_7337,0.012095265804896293
group_7338,0.004065006858140406
group_7339,0.029677043933663074
group_734,0.1871150089363648
group_7340,0.17643293569973809
group_7341,0.002036659877800407
group_7342,0.035388004488964626
group_7343,0.01803067459162891
group_7344,0.002036659877800407
group_7345,0.17306621222827215
group_7346,0.02582817240949334
group_7347,0.01803067459162891
group_7348,0.006085040941019991
group_7349,0.019992518392285625
group_735,0.008096762126439169
group_7350,0.00608504094101999
group_7351,0.04102414896712248
group_7352,0.004065006858140407
group_7353,0.035388004488964626
group_7354,0.01010017041439794
group_7355,0.008096762126439165
group_7356,0.014082048297934238
group_7357,0.004065006858140406
group_7358,0.008096762126439169
group_7359,0.002036659877800407
group_736,0.002036659877800407
group_7360,0.006085040941019992
group_7361,0.002036659877800407
group_7362,0.01803067459162891
group_7363,0.002036659877800407
group_7364,0.006085040941019991
group_7365,0.004065006858140407
group_7366,0.004065006858140407
group_7367,0.006085040941019991
group_7368,0.03727503221247766
group_7369,0.021946049295481933
group_737,0.0020366598778004067
group_7370,0.008096762126439165
group_7371,0.012095265804896291
group_7372,0.014082048297934238
group_7373,0.002036659877800407
group_7374,0.0020366598778004067
group_7375,0.002036659877800407
group_7376,0.02389126730121784
group_7377,0.002036659877800407
group_7378,0.03158901034955734
group_7379,0.004065006858140406
group_738,0.0020366598778004067
group_7380,0.17306621222827215
group_7381,0.027756764620308415
group_7382,0.006085040941019991
group_7383,0.002036659877800407
group_7384,0.002036659877800407
group_7385,0.010100170414397936
group_7386,0.0
group_7387,0.0020366598778004067
group_7388,0.04102414896712249
group_7389,0.01803067459162891
group_739,0.04288623799825429
group_7390,0.002036659877800407
group_7391,0.0732698782160522
group_7392,0.002036659877800407
group_7393,0.021946049295481933
group_7394,0.004065006858140405
group_7395,0.00608504094101999
group_7396,0.027756764620308415
group_7397,0.021946049295481933
group_7398,0.021946049295481933
group_7399,0.014082048297934241
group_74,0.004065006858140406
group_740,0.004065006858140406
group_7400,0.01408204829793424
group_7401,0.004065006858140405
group_7402,0.021946049295481933
group_7403,0.002036659877800407
group_7404,0.23529656261690013
group_7405,0.002036659877800407
group_7406,0.08508250550729454
group_7407,0.004065006858140406
group_7408,0.04842262770688723
group_7409,0.15885115757097137
group_741,0.004065006858140408
group_7410,0.008096762126439169
group_7411,0.12825969491666322
group_7412,0.016060517893511785
group_7413,0.0428862379982543
group_7414,0.014082048297934245
group_7415,0.15511035371378695
group_7416,0.09002036659877799
group_7417,0.0
group_7418,0.021946049295481933
group_7419,0.004065006858140406
group_742,0.004065006858140407
group_7420,0.07498233509289662
group_7421,0.23770730288041897
group_7422,0.0020366598778004067
group_7423,0.012095265804896293
group_7424,0.14609085996924226
group_7425,0.012095265804896293
group_7426,0.14210066918824557
group_7427,0.014082048297934238
group_7428,0.018030674591628906
group_7429,0.002036659877800407
group_743,0.014082048297934241
group_7430,0.012095265804896295
group_7431,0.002036659877800407
group_7432,0.249636310736107
group_7433,0.20157945051747786
group_7434,0.006085040941019991
group_7435,0.002036659877800407
group_7436,0.004065006858140406
group_7437,0.1268298765534727
group_7438,0.002036659877800407
group_7439,0.08341992601521261
group_744,0.004065006858140407
group_7440,0.11658838688224782
group_7441,0.008096762126439169
group_7442,0.04102414896712248
group_7443,0.08508250550729457
group_7444,0.06982002576998211
group_7445,0.24713412860052378
group_7446,0.23100710752732861
group_7447,0.023891267301217843
group_7448,0.008096762126439165
group_7449,0.07838231015420424
group_745,0.033492663867991185
group_7450,0.0732698782160522
group_7451,0.20247724344320212
group_7452,0.012095265804896291
group_7453,0.008096762126439167
group_7454,0.08673677210191613
group_7455,0.16251714535101208
group_7456,0.0020366598778004067
group_7457,0.0502514651481774
group_7458,0.042886237998254306
group_7459,0.0
group_746,0.012095265804896293
group_7460,0.01010017041439794
group_7461,0.0020366598778004067
group_7462,0.0020366598778004067
group_7463,0.15257491998836195
group_7464,0.08673677210191613
group_7465,0.0
group_7466,0.01209526580489629
group_7467,0.0
group_7468,0.13803566233010514
group_7469,0.004065006858140407
group_747,0.012095265804896293
group_7470,0.0020366598778004067
group_7471,0.004065006858140407
group_7472,0.033492663867991185
group_7473,0.002036659877800407
group_7474,0.002036659877800407
group_7475,0.10282222868780912
group_7476,0.07154910844174737
group_7477,0.08508250550729456
group_7478,0.002036659877800407
group_7479,0.002036659877800407
group_748,0.006085040941019991
group_7480,0.01209526580489629
group_7481,0.002036659877800407
group_7482,0.002036659877800407
group_7483,0.0020366598778004067
group_7484,0.004065006858140407
group_7485,0.16728874849328731
group_7486,0.016060517893511785
group_7487,0.002036659877800407
group_7488,0.002036659877800407
group_7489,0.0020366598778004067
group_749,0.004065006858140407
group_7490,0.002036659877800407
group_7491,0.016060517893511785
group_7492,0.10748576416309906
group_7493,0.0020366598778004067
group_7494,0.039153747038530286
group_7495,0.07668647907228066
group_7496,0.0
group_7497,0.002036659877800407
group_7498,0.22618562700029096
group_7499,0.09327070950579824
group_75,0.0732698782160522
group_750,0.004065006858140407
group_7500,0.0
group_7501,0.0
group_7502,0.0
group_7503,0.01408204829793424
group_7504,0.01999251839228563
group_7505,0.010100170414397942
group_7506,0.0020366598778004067
group_7507,0.17753855106197264
group_7508,0.002036659877800407
group_7509,0.0
group_751,0.004065006858140407
group_7510,0.004065006858140407
group_7511,0.044740014131925666
group_7512,0.029677043933663074
group_7513,0.004065006858140407
group_7514,0.002036659877800407
group_7515,0.002036659877800407
group_7516,0.002036659877800407
group_7517,0.002036659877800407
group_7518,0.02582817240949334
group_7519,0.0020366598778004067
group_752,0.08174903362567025
group_7520,0.002036659877800407
group_7521,0.0020366598778004067
group_7522,0.010100170414397938
group_7523,0.0020366598778004067
group_7524,0.004065006858140406
group_7525,0.002036659877800407
group_7526,0.016060517893511782
group_7527,0.1921443118999127
group_7528,0.08673677210191613
group_7529,0.0020366598778004067
group_753,0.01999251839228563
group_7530,0.0732698782160522
group_7531,0.1625171453510121
group_7532,0.0502514651481774
group_7533,0.0732698782160522
group_7534,0.002036659877800407
group_7535,0.027756764620308415
group_7536,0.002036659877800407
group_7537,0.002036659877800407
group_7538,0.09488341161311774
group_7539,0.07154910844174737
group_754,0.002036659877800407
group_7540,0.059270958892722055
group_7541,0.2502764038405586
group_7542,0.20067334469429327
group_7543,0.002036659877800407
group_7544,0.01803067459162891
group_7545,0.006085040941019991
group_7546,0.046585477368136674
group_7547,0.24996051373706304
group_7548,0.10438505341036618
group_7549,0.008096762126439165
group_755,0.004065006858140407
group_7550,0.023891267301217843
group_7551,0.008096762126439167
group_7552,0.13249927262147224
group_7553,0.0020366598778004067
group_7554,0.0020366598778004067
group_7555,0.0020366598778004067
group_7556,0.006085040941019991
group_7557,0.0020366598778004067
group_7558,0.25020990066087534
group_7559,0.0
group_756,0.035388004488964626
group_7560,0.006085040941019992
group_7561,0.004065006858140406
group_7562,0.004065006858140408
group_7563,0.002036659877800407
group_7564,0.004065006858140406
group_7565,0.016060517893511785
group_7566,0.0020366598778004067
group_7567,0.0020366598778004067
group_7568,0.053884201338376486
group_7569,0.05927095889272205
group_757,0.004065006858140406
group_7570,0.006085040941019991
group_7571,0.029677043933663074
group_7572,0.004065006858140407
group_7573,0.0
group_7574,0.002036659877800407
group_7575,0.22012552475165217
group_7576,0.004065006858140406
group_7577,0.0020366598778004067
group_7578,0.0020366598778004067
group_7579,0.13249927262147224
group_758,0.00608504094101999
group_7580,0.16008146639511198
group_7581,0.11807639552766115
group_7582,0.03538800448896462
group_7583,0.0020366598778004067
group_7584,0.0
group_7585,0.19115507710212393
group_7586,0.01999251839228563
group_7587,0.12825969491666322
group_7588,0.24664366765035958
group_7589,0.002036659877800407
group_759,0.002036659877800407
group_7590,0.13109439295066294
group_7591,0.13666403424913753
group_7592,0.0
group_7593,0.057483685938733944
group_7594,0.04658547736813667
group_7595,0.04658547736813667
group_7596,0.002036659877800407
group_7597,0.002036659877800407
group_7598,0.04842262770688723
group_7599,0.07326987821605219
group_76,0.01803067459162891
group_760,0.002036659877800407
group_7600,0.0020366598778004067
group_7601,0.004065006858140407
group_7602,0.0996716405503138
group_7603,0.053884201338376486
group_7604,0.10125109106779168
group_7605,0.04842262770688723
group_7606,0.006085040941019991
group_7607,0.14870942266927137
group_7608,0.02389126730121784
group_7609,0.01999251839228563
group_761,0.027756764620308405
group_7610,0.002036659877800407
group_7611,0.004065006858140406
group_7612,0.07668647907228063
group_7613,0.00809676212643917
group_7614,0.008096762126439167
group_7615,0.11807639552766118
group_7616,0.0020366598778004067
group_7617,0.033492663867991185
group_7618,0.002036659877800407
group_7619,0.21417349016999876
group_762,0.021946049295481933
group_7620,0.004065006858140406
group_7621,0.002036659877800407
group_7622,0.16962467267966252
group_7623,0.002036659877800407
group_7624,0.01999251839228563
group_7625,0.002036659877800407
group_7626,0.24434930795128643
group_7627,0.004065006858140407
group_7628,0.03727503221247766
group_7629,0.01010017041439794
group_763,0.012095265804896291
group_7630,0.002036659877800407
group_7631,0.1901575294068748
group_7632,0.002036659877800407
group_7633,0.12825969491666322
group_7634,0.053884201338376486
group_7635,0.002036659877800407
group_7636,0.24892971445197226
group_7637,0.010100170414397938
group_7638,0.002036659877800407
group_7639,0.002036659877800407
group_764,0.090020366598778
group_7640,0.2386134087036036
group_7641,0.2386134087036036
group_7642,0.03538800448896462
group_7643,0.05748368593873395
group_7644,0.15885115757097137
group_7645,0.039153747038530286
group_7646,0.008096762126439169
group_7647,0.02389126730121784
group_7648,0.05207198969200715
group_7649,0.006085040941019988
group_765,0.006085040941019991
group_7650,0.014082048297934241
group_7651,0.02389126730121784
group_7652,0.002036659877800407
group_7653,0.027756764620308415
group_7654,0.033492663867991185
group_7655,0.033492663867991185
group_7656,0.24497277526081715
group_7657,0.016060517893511785
group_7658,0.0020366598778004067
group_7659,0.21941061557005695
group_766,0.12825969491666322
group_7660,0.004065006858140406
group_7661,0.0040650068581404054
group_7662,0.04288623799825429
group_7663,0.002036659877800407
group_7664,0.01010017041439794
group_7665,0.22489712789392743
group_7666,0.018030674591628906
group_7667,0.11658838688224782
group_7668,0.002036659877800407
group_7669,0.016060517893511785
group_767,0.021946049295481933
group_7670,0.01209526580489629
group_7671,0.03158901034955734
group_7672,0.014082048297934241
group_7673,0.006085040941019991
group_7674,0.006085040941019989
group_7675,0.13389583939482105
group_7676,0.19015752940687483
group_7677,0.09002036659877799
group_7678,0.09164969450101831
group_7679,0.021946049295481926
group_768,0.002036659877800407
group_7680,0.021946049295481926
group_7681,0.006085040941019991
group_7682,0.002036659877800407
group_7683,0.03538800448896462
group_7684,0.06282056610831707
group_7685,0.04842262770688724
group_7686,0.00608504094101999
group_7687,0.1253917452928218
group_7688,0.0020366598778004067
group_7689,0.002036659877800407
group_769,0.0020366598778004067
group_7690,0.02582817240949334
group_7691,0.004065006858140406
group_7692,0.04842262770688723
group_7693,0.014082048297934243
group_7694,0.24497277526081718
group_7695,0.0020366598778004067
group_7696,0.16846086703520513
group_7697,0.033492663867991185
group_7698,0.01999251839228563
group_7699,0.021946049295481933
group_77,0.08673677210191613
group_770,0.0020366598778004067
group_7700,0.14075397979965917
group_7701,0.004065006858140408
group_7702,0.004065006858140407
group_7703,0.002036659877800407
group_7704,0.002036659877800407
group_7705,0.16008146639511198
group_7706,0.16008146639511198
group_7707,0.0020366598778004067
group_7708,0.004065006858140406
group_7709,0.04842262770688723
group_771,0.0020366598778004067
group_7710,0.004065006858140406
group_7711,0.002036659877800407
group_7712,0.18711500893636476
group_7713,0.010100170414397938
group_7714,0.20336672347146598
group_7715,0.13939897751361238
group_7716,0.004065006858140408
group_7717,0.0020366598778004067
group_7718,0.03727503221247765
group_7719,0.15761253584937032
group_772,0.00608504094101999
group_7720,0.029677043933663074
group_7721,0.008096762126439167
group_7722,0.00608504094101999
group_7723,0.004065006858140406
group_7724,0.008096762126439167
group_7725,0.01010017041439794
group_7726,0.023891267301217843
group_7727,0.08673677210191613
group_7728,0.12539174529282182
group_7729,0.07498233509289662
group_773,0.006085040941019991
group_7730,0.20336672347146603
group_7731,0.1741967662828879
group_7732,0.002036659877800407
group_7733,0.08673677210191613
group_7734,0.004065006858140408
group_7735,0.004065006858140407
group_7736,0.03538800448896462
group_7737,0.17863585352674674
group_7738,0.15384679329980466
group_7739,0.018030674591628906
group_774,0.09648780082297684
group_7740,0.029677043933663074
group_7741,0.03727503221247765
group_7742,0.002036659877800407
group_7743,0.09002036659877799
group_7744,0.03158901034955734
group_7745,0.021946049295481933
group_7746,0.021946049295481933
group_7747,0.01803067459162891
group_7748,0.01010017041439794
group_7749,0.0
group_775,0.0020366598778004067
group_7750,0.1901575294068748
group_7751,0.021946049295481933
group_7752,0.0040650068581404054
group_7753,0.006085040941019991
group_7754,0.01803067459162891
group_7755,0.0
group_7756,0.002036659877800407
group_7757,0.004065006858140406
group_7758,0.053884201338376486
group_7759,0.24821480527037698
group_776,0.012095265804896291
group_7760,0.04288623799825429
group_7761,0.0020366598778004067
group_7762,0.002036659877800407
group_7763,0.11807639552766114
group_7764,0.0020366598778004067
group_7765,0.07154910844174737
group_7766,0.21721601064050877
group_7767,0.02967704393366307
group_7768,0.002036659877800407
group_7769,0.1447691092730371
group_777,0.004065006858140407
group_7770,0.18294193441123907
group_7771,0.033492663867991185
group_7772,0.016060517893511785
group_7773,0.006085040941019991
group_7774,0.002036659877800407
group_7775,0.23676794546739263
group_7776,0.002036659877800407
group_7777,0.03727503221247766
group_7778,0.006085040941019989
group_7779,0.006085040941019989
group_778,0.018030674591628906
group_7780,0.19506213890851656
group_7781,0.012095265804896293
group_7782,0.002036659877800407
group_7783,0.20768943015087912
group_7784,0.16846086703520513
group_7785,0.002036659877800407
group_7786,0.1901575294068748
group_7787,0.09327070950579824
group_7788,0.03349266386799119
group_7789,0.02582817240949334
group_779,0.0020366598778004067
group_7790,0.004065006858140406
group_7791,0.05568810008728542
group_7792,0.004065006858140406
group_7793,0.14870942266927137
group_7794,0.00608504094101999
group_7795,0.05568810008728542
group_7796,0.029677043933663074
group_7797,0.15129473377945882
group_7798,0.044740014131925666
group_7799,0.07668647907228063
group_78,0.1891516688141652
group_780,0.01999251839228563
group_7800,0.02389126730121784
group_7801,0.02582817240949334
group_7802,0.05927095889272205
group_7803,0.14740429776798705
group_7804,0.0020366598778004067
group_7805,0.04842262770688723
group_7806,0.0020366598778004067
group_7807,0.004065006858140406
group_7808,0.0834199260152126
group_7809,0.09002036659877799
group_781,0.0020366598778004067
group_7810,0.2051207448356125
group_7811,0.008096762126439165
group_7812,0.052071989692007145
group_7813,0.002036659877800407
group_7814,0.1931252338002411
group_7815,0.09327070950579824
group_7816,0.19115507710212393
group_7817,0.1950621389085166
group_7818,0.0020366598778004067
group_7819,0.04842262770688723
group_782,0.008096762126439169
group_7820,0.16610831705390913
group_7821,0.10748576416309909
group_7822,0.04658547736813668
group_7823,0.19409784280310902
group_7824,0.19409784280310902
group_7825,0.13939897751361238
group_7826,0.08673677210191615
group_7827,0.05025146514817742
group_7828,0.24073319755600817
group_7829,0.2504842262770689
group_783,0.006085040941019991
group_7830,0.012095265804896293
group_7831,0.016060517893511785
group_7832,0.1224905440791388
group_7833,0.18813749532399518
group_7834,0.012095265804896291
group_7835,0.09648780082297682
group_7836,0.012095265804896291
group_7837,0.006085040941019991
group_7838,0.021946049295481933
group_7839,0.01999251839228563
group_784,0.016060517893511785
group_7840,0.053884201338376486
group_7841,0.17192734527619608
group_7842,0.004065006858140406
group_7843,0.012095265804896293
group_7844,0.03349266386799119
group_7845,0.21868739349100128
group_7846,0.033492663867991185
group_7847,0.10438505341036618
group_7848,0.07838231015420423
group_7849,0.039153747038530286
group_785,0.00608504094101999
group_7850,0.004065006858140407
group_7851,0.08508250550729456
group_7852,0.004065006858140406
group_7853,0.033492663867991185
group_7854,0.10593956523546283
group_7855,0.03158901034955734
group_7856,0.004065006858140406
group_7857,0.09808387713537554
group_7858,0.023891267301217843
group_7859,0.21099796334012216
group_786,0.002036659877800407
group_7860,0.0020366598778004067
group_7861,0.03158901034955734
group_7862,0.24073319755600817
group_7863,0.004065006858140406
group_7864,0.1253917452928218
group_7865,0.018030674591628913
group_7866,0.08174903362567025
group_7867,0.20852903279438045
group_7868,0.004065006858140407
group_7869,0.006085040941019991
group_787,0.002036659877800407
group_7870,0.20157945051747786
group_7871,0.08006982833866745
group_7872,0.027756764620308412
group_7873,0.004065006858140408
group_7874,0.0020366598778004067
group_7875,0.002036659877800407
group_7876,0.008096762126439167
group_7877,0.0020366598778004067
group_7878,0.008096762126439167
group_7879,0.053884201338376486
group_788,0.002036659877800407
group_7880,0.0020366598778004067
group_7881,0.07668647907228064
group_7882,0.0020366598778004067
group_7883,0.052071989692007145
group_7884,0.22290203250342902
group_7885,0.09327070950579826
group_7886,0.057483685938733944
group_7887,0.18504509746872275
group_7888,0.0
group_7889,0.0040650068581404054
group_789,0.027756764620308415
group_7890,0.2501350845837317
group_7891,0.14870942266927137
group_7892,0.02582817240949334
group_7893,0.23375036368926388
group_7894,0.11055322332599027
group_7895,0.01010017041439794
group_7896,0.13939897751361238
group_7897,0.10438505341036618
group_7898,0.023891267301217843
group_7899,0.004065006858140407
group_79,0.029677043933663074
group_790,0.01999251839228563
group_7900,0.2455629909805062
group_7901,0.002036659877800407
group_7902,0.018030674591628906
group_7903,0.02775676462030841
group_7904,0.002036659877800407
group_7905,0.01010017041439794
group_7906,0.09164969450101831
group_7907,0.19115507710212393
group_7908,0.002036659877800407
group_7909,0.01803067459162891
group_791,0.08174903362567024
group_7910,0.08006982833866745
group_7911,0.12825969491666322
group_7912,0.09808387713537554
group_7913,0.008096762126439167
group_7914,0.002036659877800407
group_7915,0.004065006858140408
group_7916,0.008096762126439167
group_7917,0.09488341161311774
group_7918,0.12825969491666322
group_7919,0.1891516688141652
group_792,0.002036659877800407
group_7920,0.01209526580489629
group_7921,0.03727503221247765
group_7922,0.0020366598778004067
group_7923,0.002036659877800407
group_7924,0.002036659877800407
group_7925,0.0020366598778004067
group_7926,0.2500519556091276
group_7927,0.00608504094101999
group_7928,0.002036659877800407
group_7929,0.002036659877800407
group_793,0.0020366598778004067
group_7930,0.0020366598778004067
group_7931,0.0020366598778004067
group_7932,0.002036659877800407
group_7933,0.008096762126439169
group_7934,0.002036659877800407
group_7935,0.2500519556091276
group_7936,0.24996051373706304
group_7937,0.2500519556091276
group_7938,0.023891267301217843
group_7939,0.09327070950579824
group_794,0.006085040941019992
group_7940,0.008096762126439167
group_7941,0.0020366598778004067
group_7942,0.0020366598778004067
group_7943,0.0020366598778004067
group_7944,0.11358743089903987
group_7945,0.0020366598778004067
group_7946,0.15511035371378692
group_7947,0.14740429776798705
group_7948,0.002036659877800407
group_7949,0.033492663867991185
group_795,0.002036659877800407
group_7950,0.004065006858140408
group_7951,0.021946049295481933
group_7952,0.2440251049503304
group_7953,0.004065006858140408
group_7954,0.00809676212643917
group_7955,0.004065006858140408
group_7956,0.021946049295481933
group_7957,0.00809676212643917
group_7958,0.057483685938733944
group_7959,0.1282596949166632
group_796,0.016060517893511785
group_7960,0.00608504094101999
group_7961,0.08006982833866744
group_7962,0.00608504094101999
group_7963,0.00608504094101999
group_7964,0.08673677210191613
group_7965,0.004065006858140407
group_7966,0.14740429776798705
group_7967,0.03158901034955734
group_7968,0.03727503221247765
group_7969,0.002036659877800407
group_797,0.08838272579907729
group_7970,0.10748576416309906
group_7971,0.03727503221247766
group_7972,0.2455629909805062
group_7973,0.1447691092730371
group_7974,0.2452720395693919
group_7975,0.021946049295481933
group_7976,0.0020366598778004067
group_7977,0.14740429776798702
group_7978,0.01999251839228563
group_7979,0.01803067459162891
group_798,0.021946049295481933
group_7980,0.014082048297934241
group_7981,0.04658547736813667
group_7982,0.07668647907228066
group_7983,0.0020366598778004067
group_7984,0.1741967662828879
group_7985,0.021946049295481933
group_7986,0.0
group_7987,0.01408204829793424
group_7988,0.014082048297934241
group_7989,0.004065006858140407
group_799,0.11509206533937405
group_7990,0.18608420965127392
group_7991,0.012095265804896293
group_7992,0.06104991894924976
group_7993,0.24996051373706304
group_7994,0.14343904567937152
group_7995,0.004065006858140406
group_7996,0.04842262770688723
group_7997,0.04102414896712249
group_7998,0.17643293569973809
group_7999,0.016060517893511785
group_8,0.01999251839228563
group_80,0.012095265804896291
group_800,0.004065006858140408
group_8000,0.0834199260152126
group_8001,0.0020366598778004067
group_8002,0.01999251839228563
group_8003,0.004065006858140406
group_8004,0.014082048297934238
group_8005,0.012095265804896291
group_8006,0.0020366598778004067
group_8007,0.014082048297934236
group_8008,0.004065006858140406
group_8009,0.02775676462030841
group_801,0.004065006858140408
group_8010,0.002036659877800407
group_8011,0.0020366598778004067
group_8012,0.20852903279438045
group_8013,0.002036659877800407
group_8014,0.0
group_8015,0.004065006858140408
group_8016,0.22985161478033167
group_8017,0.1808055197639137
group_8018,0.06282056610831706
group_8019,0.04102414896712249
group_802,0.004065006858140408
group_8020,0.11955609127561415
group_8021,0.016060517893511785
group_8022,0.04288623799825429
group_8023,0.14075397979965917
group_8024,0.0020366598778004067
group_8025,0.00608504094101999
group_8026,0.023891267301217843
group_8027,0.025828172409493335
group_8028,0.006085040941019991
group_8029,0.004065006858140406
group_803,0.002036659877800407
group_8030,0.0
group_8031,0.0020366598778004067
group_8032,0.05568810008728542
group_8033,0.15257491998836195
group_8034,0.1960181221164637
group_8035,0.08838272579907729
group_8036,0.0020366598778004067
group_8037,0.01999251839228563
group_8038,0.004065006858140406
group_8039,0.10748576416309906
group_804,0.006085040941019991
group_8040,0.0
group_8041,0.15636560123030882
group_8042,0.002036659877800407
group_8043,0.01010017041439794
group_8044,0.002036659877800407
group_8045,0.029677043933663074
group_8046,0.03158901034955734
group_8047,0.18399767238871106
group_8048,0.21018329938900202
group_8049,0.19696579242695042
group_805,0.004065006858140407
group_8050,0.23628579741468894
group_8051,0.2497526913005528
group_8052,0.05025146514817741
group_8053,0.002036659877800407
group_8054,0.20852903279438045
group_8055,0.002036659877800407
group_8056,0.002036659877800407
group_8057,0.016060517893511785
group_8058,0.016060517893511785
group_8059,0.23579533646452472
group_806,0.006085040941019993
group_8060,0.09327070950579824
group_8061,0.002036659877800407
group_8062,0.004065006858140406
group_8063,0.16846086703520516
group_8064,0.03538800448896462
group_8065,0.15885115757097137
group_8066,0.14740429776798702
group_8067,0.027756764620308412
group_8068,0.04658547736813667
group_8069,0.006085040941019991
group_807,0.0020366598778004067
group_8070,0.018030674591628913
group_8071,0.01408204829793424
group_8072,0.13528409327070956
group_8073,0.18399767238871106
group_8074,0.008096762126439167
group_8075,0.004065006858140406
group_8076,0.10748576416309906
group_8077,0.11509206533937401
group_8078,0.01803067459162891
group_8079,0.002036659877800407
group_808,0.0020366598778004067
group_8080,0.18711500893636476
group_8081,0.24073319755600817
group_8082,0.012095265804896291
group_8083,0.002036659877800407
group_8084,0.0
group_8085,0.04474001413192567
group_8086,0.006085040941019992
group_8087,0.01010017041439794
group_8088,0.243692589051914
group_8089,0.002036659877800407
group_809,0.002036659877800407
group_8090,0.1282596949166632
group_8091,0.13109439295066294
group_8092,0.08838272579907729
group_8093,0.014082048297934243
group_8094,0.002036659877800407
group_8095,0.002036659877800407
group_8096,0.06282056610831706
group_8097,0.0020366598778004067
group_8098,0.0020366598778004067
group_8099,0.004065006858140406
group_81,0.09648780082297684
group_810,0.033492663867991185
group_8100,0.13389583939482105
group_8101,0.1661083170539091
group_8102,0.11509206533937402
group_8103,0.0020366598778004067
group_8104,0.002036659877800407
group_8105,0.07326987821605217
group_8106,0.07326987821605217
group_8107,0.004065006858140406
group_8108,0.1500062346730953
group_8109,0.04474001413192567
group_811,0.023891267301217843
group_8110,0.04288623799825429
group_8111,0.00809676212643917
group_8112,0.04474001413192567
group_8113,0.0020366598778004067
group_8114,0.016060517893511785
group_8115,0.023891267301217843
group_8116,0.05748368593873395
group_8117,0.012095265804896295
group_8118,0.016060517893511785
group_8119,0.0
group_812,0.002036659877800407
group_8120,0.006085040941019993
group_8121,0.0663369217340704
group_8122,0.15636560123030885
group_8123,0.008096762126439169
group_8124,0.006085040941019993
group_8125,0.029677043933663074
group_8126,0.029677043933663074
group_8127,0.03538800448896463
group_8128,0.021946049295481933
group_8129,0.06808263020075646
group_813,0.0020366598778004067
group_8130,0.021946049295481933
group_8131,0.008096762126439169
group_8132,0.01803067459162891
group_8133,0.019992518392285625
group_8134,0.006085040941019993
group_8135,0.002036659877800407
group_8136,0.006085040941019992
group_8137,0.20336672347146598
group_8138,0.0020366598778004067
group_8139,0.012095265804896295
group_814,0.002036659877800407
group_8140,0.006085040941019992
group_8141,0.006085040941019992
group_8142,0.006085040941019992
group_8143,0.19115507710212393
group_8144,0.016060517893511785
group_8145,0.24073319755600817
group_8146,0.008096762126439167
group_8147,0.012095265804896293
group_8148,0.0020366598778004067
group_8149,0.0020366598778004067
group_815,0.029677043933663074
group_8150,0.1165883868822478
group_8151,0.012095265804896293
group_8152,0.07838231015420423
group_8153,0.006085040941019992
group_8154,0.0020366598778004067
group_8155,0.002036659877800407
group_8156,0.004065006858140407
group_8157,0.006085040941019991
group_8158,0.006085040941019991
group_8159,0.04288623799825429
group_816,0.002036659877800407
group_8160,0.01010017041439794
group_8161,0.04102414896712249
group_8162,0.0020366598778004067
group_8163,0.004065006858140406
group_8164,0.002036659877800407
group_8165,0.04842262770688723
group_8166,0.021946049295481926
group_8167,0.002036659877800407
group_8168,0.1576125358493703
group_8169,0.04842262770688724
group_817,0.002036659877800407
group_8170,0.004065006858140406
group_8171,0.002036659877800407
group_8172,0.07668647907228064
group_8173,0.002036659877800407
group_8174,0.04102414896712248
group_8175,0.006085040941019993
group_8176,0.07326987821605219
group_8177,0.0020366598778004067
group_8178,0.0020366598778004067
group_8179,0.11807639552766115
group_818,0.0020366598778004067
group_8180,0.004065006858140407
group_8181,0.01010017041439794
group_8182,0.0020366598778004067
group_8183,0.027756764620308415
group_8184,0.029677043933663074
group_8185,0.004065006858140406
group_8186,0.0020366598778004067
group_8187,0.031589010349557335
group_8188,0.016060517893511785
group_8189,0.004065006858140406
group_819,0.002036659877800407
group_8190,0.24840600191196635
group_8191,0.06808263020075646
group_8192,0.05025146514817742
group_8193,0.06982002576998211
group_8194,0.0020366598778004067
group_8195,0.09164969450101831
group_8196,0.02582817240949334
group_8197,0.1500062346730953
group_8198,0.01803067459162891
group_8199,0.01803067459162891
group_82,0.004065006858140407
group_820,0.0020366598778004067
group_8200,0.002036659877800407
group_8201,0.002036659877800407
group_8202,0.006085040941019991
group_8203,0.021946049295481933
group_8204,0.01010017041439794
group_8205,0.03158901034955734
group_8206,0.23948626293694666
group_8207,0.250426035994846
group_8208,0.10125109106779168
group_8209,0.13109439295066297
group_821,0.012095265804896293
group_8210,0.023891267301217843
group_8211,0.13939897751361238
group_8212,0.033492663867991185
group_8213,0.02582817240949334
group_8214,0.2501350845837317
group_8215,0.24497277526081715
group_8216,0.002036659877800407
group_8217,0.027756764620308412
group_8218,0.04102414896712249
group_8219,0.0834199260152126
group_822,0.004065006858140406
group_8220,0.027756764620308415
group_8221,0.21018329938900202
group_8222,0.002036659877800407
group_8223,0.002036659877800407
group_8224,0.09488341161311774
group_8225,0.010100170414397938
group_8226,0.002036659877800407
group_8227,0.0428862379982543
group_8228,0.0
group_8229,0.0
group_823,0.21417349016999876
group_8230,0.0020366598778004067
group_8231,0.0
group_8232,0.010100170414397938
group_8233,0.010100170414397938
group_8234,0.24497277526081715
group_8235,0.0834199260152126
group_8236,0.08673677210191613
group_8237,0.21941061557005695
group_8238,0.14740429776798705
group_8239,0.010100170414397938
group_824,0.016060517893511782
group_8240,0.11207448356124523
group_8241,0.0
group_8242,0.0
group_8243,0.0
group_8244,0.002036659877800407
group_8245,0.004065006858140407
group_8246,0.19790514983997667
group_8247,0.002036659877800407
group_8248,0.002036659877800407
group_8249,0.004065006858140406
group_825,0.002036659877800407
group_8250,0.006085040941019991
group_8251,0.002036659877800407
group_8252,0.12825969491666322
group_8253,0.10438505341036618
group_8254,0.0020366598778004067
group_8255,0.002036659877800407
group_8256,0.027756764620308415
group_8257,0.1447691092730371
group_8258,0.1797248430940604
group_8259,0.021946049295481933
group_826,0.018030674591628906
group_8260,0.006085040941019991
group_8261,0.16251714535101205
group_8262,0.16251714535101205
group_8263,0.03727503221247765
group_8264,0.002036659877800407
group_8265,0.00608504094101999
group_8266,0.02582817240949334
group_8267,0.008096762126439167
group_8268,0.002036659877800407
group_8269,0.008096762126439167
group_827,0.004065006858140406
group_8270,0.01803067459162891
group_8271,0.07326987821605217
group_8272,0.002036659877800407
group_8273,0.01803067459162891
group_8274,0.1253917452928218
group_8275,0.13109439295066294
group_8276,0.06808263020075646
group_8277,0.12825969491666322
group_8278,0.010100170414397938
group_8279,0.1960181221164637
group_828,0.004065006858140407
group_8280,0.057483685938733944
group_8281,0.1447691092730371
group_8282,0.002036659877800407
group_8283,0.0502514651481774
group_8284,0.03158901034955734
group_8285,0.18080551976391376
group_8286,0.23529656261690013
group_8287,0.00608504094101999
group_8288,0.160081466395112
group_8289,0.08508250550729456
group_829,0.014082048297934243
group_8290,0.12968120038239328
group_8291,0.11807639552766115
group_8292,0.17192734527619605
group_8293,0.07498233509289662
group_8294,0.006085040941019989
group_8295,0.004065006858140406
group_8296,0.008096762126439167
group_8297,0.033492663867991185
group_8298,0.16130346232179224
group_8299,0.05748368593873394
group_83,0.03158901034955734
group_830,0.002036659877800407
group_8300,0.04842262770688723
group_8301,0.002036659877800407
group_8302,0.002036659877800407
group_8303,0.012095265804896293
group_8304,0.15636560123030885
group_8305,0.004065006858140406
group_8306,0.004065006858140406
group_8307,0.11207448356124525
group_8308,0.00608504094101999
group_8309,0.16251714535101208
group_831,0.002036659877800407
group_8310,0.0428862379982543
group_8311,0.03158901034955734
group_8312,0.004065006858140406
group_8313,0.002036659877800407
group_8314,0.004065006858140406
group_8315,0.09648780082297684
group_8316,0.014082048297934238
group_8317,0.12825969491666322
group_8318,0.006085040941019991
group_8319,0.008096762126439167
group_832,0.002036659877800407
group_8320,0.006085040941019991
group_8321,0.09164969450101831
group_8322,0.01209526580489629
group_8323,0.09648780082297684
group_8324,0.06982002576998211
group_8325,0.01999251839228563
group_8326,0.012095265804896295
group_8327,0.1380356623301051
group_8328,0.17192734527619608
group_8329,0.04102414896712249
group_833,0.004065006858140408
group_8330,0.010100170414397938
group_8331,0.04288623799825429
group_8332,0.05025146514817742
group_8333,0.23478947587181523
group_8334,0.2068415146099173
group_8335,0.010100170414397938
group_8336,0.01999251839228563
group_8337,0.04658547736813667
group_8338,0.0020366598778004067
group_8339,0.0020366598778004067
group_834,0.0020366598778004067
group_8340,0.11807639552766115
group_8341,0.23321833825179775
group_8342,0.002036659877800407
group_8343,0.033492663867991185
group_8344,0.006085040941019991
group_8345,0.01803067459162891
group_8346,0.002036659877800407
group_8347,0.019992518392285632
group_8348,0.0020366598778004067
group_8349,0.004065006858140406
group_835,0.002036659877800407
group_8350,0.08838272579907729
group_8351,0.04474001413192567
group_8352,0.03158901034955734
group_8353,0.12968120038239325
group_8354,0.014082048297934241
group_8355,0.004065006858140406
group_8356,0.13389583939482105
group_8357,0.0834199260152126
group_8358,0.008096762126439169
group_8359,0.010100170414397938
group_836,0.023891267301217843
group_8360,0.237241780622636
group_8361,0.25020990066087534
group_8362,0.08174903362567024
group_8363,0.014082048297934238
group_8364,0.0020366598778004067
group_8365,0.029677043933663074
group_8366,0.01209526580489629
group_8367,0.17306621222827218
group_8368,0.10748576416309909
group_8369,0.0020366598778004067
group_837,0.02582817240949334
group_8370,0.004065006858140406
group_8371,0.04842262770688723
group_8372,0.0020366598778004067
group_8373,0.07668647907228064
group_8374,0.0020366598778004067
group_8375,0.04102414896712249
group_8376,0.006085040941019991
group_8377,0.04842262770688724
group_8378,0.008096762126439167
group_8379,0.13109439295066294
group_838,0.00809676212643917
group_8380,0.02389126730121784
group_8381,0.004065006858140407
group_8382,0.004065006858140407
group_8383,0.012095265804896293
group_8384,0.025828172409493335
group_8385,0.0
group_8386,0.002036659877800407
group_8387,0.17078016542665944
group_8388,0.18608420965127392
group_8389,0.11509206533937402
group_839,0.004065006858140408
group_8390,0.09327070950579826
group_8391,0.010100170414397938
group_8392,0.1380356623301051
group_8393,0.1661083170539091
group_8394,0.14343904567937155
group_8395,0.03727503221247766
group_8396,0.09327070950579826
group_8397,0.12249054407913877
group_8398,0.0428862379982543
group_8399,0.11358743089903986
group_84,0.004065006858140406
group_840,0.002036659877800407
group_8400,0.03727503221247766
group_8401,0.006085040941019992
group_8402,0.023891267301217843
group_8403,0.021946049295481933
group_8404,0.008096762126439167
group_8405,0.0
group_8406,0.004065006858140406
group_8407,0.021946049295481933
group_8408,0.021946049295481933
group_8409,0.11807639552766115
group_841,0.17192734527619602
group_8410,0.03158901034955734
group_8411,0.0020366598778004067
group_8412,0.004065006858140407
group_8413,0.004065006858140406
group_8414,0.15511035371378692
group_8415,0.010100170414397938
group_8416,0.006085040941019991
group_8417,0.002036659877800407
group_8418,0.006085040941019989
group_8419,0.002036659877800407
group_842,0.02582817240949334
group_8420,0.012095265804896295
group_8421,0.002036659877800407
group_8422,0.1613034623217923
group_8423,0.0732698782160522
group_8424,0.014082048297934241
group_8425,0.08006982833866745
group_8426,0.04288623799825429
group_8427,0.07326987821605219
group_8428,0.2068415146099173
group_8429,0.11358743089903987
group_843,0.10438505341036618
group_8430,0.016060517893511785
group_8431,0.016060517893511785
group_8432,0.11207448356124526
group_8433,0.014082048297934241
group_8434,0.1881374953239952
group_8435,0.2068415146099173
group_8436,0.008096762126439169
group_8437,0.24937861091483435
group_8438,0.021946049295481933
group_8439,0.02389126730121784
group_844,0.006085040941019988
group_8440,0.021946049295481933
group_8441,0.002036659877800407
group_8442,0.0
group_8443,0.002036659877800407
group_8444,0.002036659877800407
group_8445,0.004065006858140406
group_8446,0.1268298765534727
group_8447,0.03727503221247766
group_8448,0.1960181221164637
group_8449,0.2386134087036036
group_845,0.002036659877800407
group_8450,0.14210066918824552
group_8451,0.002036659877800407
group_8452,0.008096762126439167
group_8453,0.1380356623301051
group_8454,0.03727503221247766
group_8455,0.002036659877800407
group_8456,0.19696579242695042
group_8457,0.002036659877800407
group_8458,0.24369258905191404
group_8459,0.06458290036992395
group_846,0.10593956523546284
group_8460,0.02389126730121784
group_8461,0.08174903362567024
group_8462,0.24986075896753818
group_8463,0.02194604929548193
group_8464,0.002036659877800407
group_8465,0.012095265804896293
group_8466,0.0020366598778004067
group_8467,0.07326987821605219
group_8468,0.008096762126439167
group_8469,0.0996716405503138
group_847,0.004065006858140406
group_8470,0.11358743089903987
group_8471,0.224240408994555
group_8472,0.14870942266927137
group_8473,0.002036659877800407
group_8474,0.0
group_8475,0.002036659877800407
group_8476,0.048422627706887246
group_8477,0.002036659877800407
group_8478,0.008096762126439167
group_8479,0.004065006858140408
group_848,0.04288623799825429
group_8480,0.018030674591628906
group_8481,0.004065006858140406
group_8482,0.061049918949249764
group_8483,0.0020366598778004067
group_8484,0.0834199260152126
group_8485,0.14210066918824554
group_8486,0.14075397979965917
group_8487,0.03915374703853028
group_8488,0.01999251839228563
group_8489,0.10748576416309906
group_849,0.012095265804896291
group_8490,0.01209526580489629
group_8491,0.2504842262770689
group_8492,0.029677043933663074
group_8493,0.01803067459162891
group_8494,0.0020366598778004067
group_8495,0.029677043933663074
group_8496,0.2440251049503304
group_8497,0.027756764620308415
group_8498,0.01999251839228563
group_8499,0.03158901034955734
group_85,0.008096762126439172
group_850,0.002036659877800407
group_8500,0.10593956523546283
group_8501,0.18504509746872275
group_8502,0.0020366598778004067
group_8503,0.03158901034955734
group_8504,0.023891267301217843
group_8505,0.006085040941019991
group_8506,0.012095265804896291
group_8507,0.05748368593873395
group_8508,0.06458290036992395
group_8509,0.039153747038530286
group_851,0.018030674591628906
group_8510,0.03158901034955734
group_8511,0.1753190074400432
group_8512,0.012095265804896291
group_8513,0.0
group_8514,0.0834199260152126
group_8515,0.023891267301217847
group_8516,0.012095265804896291
group_8517,0.023891267301217847
group_8518,0.002036659877800407
group_8519,0.0
group_852,0.22866287044349312
group_8520,0.008096762126439165
group_8521,0.008096762126439167
group_8522,0.24892971445197226
group_8523,0.012095265804896293
group_8524,0.004065006858140406
group_8525,0.016060517893511785
group_8526,0.04842262770688723
group_8527,0.04842262770688724
group_8528,0.19696579242695042
group_8529,0.0020366598778004067
group_853,0.18294193441123904
group_8530,0.002036659877800407
group_8531,0.010100170414397938
group_8532,0.24264516397190242
group_8533,0.10438505341036618
group_8534,0.01999251839228563
group_8535,0.19115507710212393
group_8536,0.004065006858140406
group_8537,0.22866287044349312
group_8538,0.11509206533937402
group_8539,0.21721601064050883
group_854,0.01408204829793424
group_8540,0.13939897751361238
group_8541,0.0
group_8542,0.006085040941019991
group_8543,0.002036659877800407
group_8544,0.0
group_8545,0.16491957271707058
group_8546,0.08838272579907729
group_8547,0.008096762126439169
group_8548,0.0
group_8549,0.021946049295481933
group_855,0.012095265804896293
group_8550,0.16251714535101205
group_8551,0.11358743089903987
group_8552,0.016060517893511785
group_8553,0.01999251839228563
group_8554,0.048422627706887246
group_8555,0.01999251839228563
group_8556,0.0
group_8557,0.1165883868822478
group_8558,0.012095265804896291
group_8559,0.0
group_856,0.01209526580489629
group_8560,0.004065006858140406
group_8561,0.02582817240949334
group_8562,0.002036659877800407
group_8563,0.04658547736813668
group_8564,0.2068415146099173
group_8565,0.039153747038530286
group_8566,0.004065006858140406
group_8567,0.05207198969200715
group_8568,0.12682987655347272
group_8569,0.0020366598778004067
group_857,0.0020366598778004067
group_8570,0.0834199260152126
group_8571,0.06282056610831706
group_8572,0.07668647907228066
group_8573,0.06282056610831706
group_8574,0.012095265804896291
group_8575,0.023891267301217847
group_8576,0.0020366598778004067
group_8577,0.004065006858140406
group_8578,0.010100170414397938
group_8579,0.002036659877800407
group_858,0.002036659877800407
group_8580,0.0020366598778004067
group_8581,0.1380356623301051
group_8582,0.02582817240949334
group_8583,0.1268298765534727
group_8584,0.2415229228147471
group_8585,0.004065006858140406
group_8586,0.17306621222827215
group_8587,0.07154910844174737
group_8588,0.13666403424913753
group_8589,0.002036659877800407
group_859,0.04102414896712249
group_8590,0.1753190074400432
group_8591,0.24584562949416025
group_8592,0.22618562700029096
group_8593,0.006085040941019991
group_8594,0.18399767238871106
group_8595,0.07838231015420424
group_8596,0.014082048297934243
group_8597,0.06982002576998213
group_8598,0.05388420133837649
group_8599,0.08508250550729454
group_86,0.002036659877800407
group_860,0.0020366598778004067
group_8600,0.01803067459162891
group_8601,0.23267799991687094
group_8602,0.002036659877800407
group_8603,0.18813749532399518
group_8604,0.016060517893511785
group_8605,0.14870942266927137
group_8606,0.006085040941019991
group_8607,0.002036659877800407
group_8608,0.16962467267966252
group_8609,0.008096762126439169
group_861,0.0040650068581404054
group_8610,0.08838272579907729
group_8611,0.0040650068581404054
group_8612,0.004065006858140406
group_8613,0.039153747038530286
group_8614,0.016060517893511785
group_8615,0.03158901034955734
group_8616,0.0040650068581404054
group_8617,0.11509206533937404
group_8618,0.002036659877800407
group_8619,0.029677043933663074
group_862,0.019992518392285625
group_8620,0.08838272579907729
group_8621,0.09002036659877798
group_8622,0.029677043933663074
group_8623,0.23905399226900534
group_8624,0.008096762126439167
group_8625,0.010100170414397938
group_8626,0.027756764620308415
group_8627,0.14870942266927137
group_8628,0.0020366598778004067
group_8629,0.0
group_863,0.002036659877800407
group_8630,0.006085040941019991
group_8631,0.2478074732948169
group_8632,0.031589010349557335
group_8633,0.07838231015420423
group_8634,0.05388420133837649
group_8635,0.0040650068581404054
group_8636,0.01999251839228563
group_8637,0.03915374703853028
group_8638,0.029677043933663074
group_8639,0.002036659877800407
group_864,0.002036659877800407
group_8640,0.01999251839228563
group_8641,0.004065006858140406
group_8642,0.07668647907228063
group_8643,0.021946049295481933
group_8644,0.01999251839228563
group_8645,0.0020366598778004067
group_8646,0.008096762126439167
group_8647,0.002036659877800407
group_8648,0.004065006858140408
group_8649,0.002036659877800407
group_865,0.004065006858140407
group_8650,0.23375036368926388
group_8651,0.002036659877800407
group_8652,0.02582817240949334
group_8653,0.1797248430940604
group_8654,0.09002036659877799
group_8655,0.1268298765534727
group_8656,0.08838272579907726
group_8657,0.02582817240949334
group_8658,0.006085040941019991
group_8659,0.002036659877800407
group_866,0.0020366598778004067
group_8660,0.008096762126439167
group_8661,0.0020366598778004067
group_8662,0.004065006858140406
group_8663,0.014082048297934241
group_8664,0.2015794505174779
group_8665,0.004065006858140406
group_8666,0.016060517893511785
group_8667,0.004065006858140406
group_8668,0.20247724344320214
group_8669,0.0502514651481774
group_867,0.10438505341036618
group_8670,0.18504509746872272
group_8671,0.012095265804896295
group_8672,0.002036659877800407
group_8673,0.004065006858140406
group_8674,0.018030674591628913
group_8675,0.014082048297934241
group_8676,0.20512074483561246
group_8677,0.016060517893511785
group_8678,0.00608504094101999
group_8679,0.18711500893636476
group_868,0.021946049295481933
group_8680,0.039153747038530286
group_8681,0.004065006858140406
group_8682,0.03349266386799119
group_8683,0.03915374703853028
group_8684,0.03538800448896462
group_8685,0.09967164055031381
group_8686,0.00809676212643917
group_8687,0.04842262770688724
group_8688,0.002036659877800407
group_8689,0.0
group_869,0.01010017041439794
group_8690,0.1268298765534727
group_8691,0.006085040941019991
group_8692,0.1931252338002411
group_8693,0.09648780082297684
group_8694,0.2443493079512864
group_8695,0.027756764620308412
group_8696,0.008096762126439169
group_8697,0.16728874849328734
group_8698,0.029677043933663074
group_8699,0.004065006858140407
group_87,0.25050916496945014
group_870,0.004065006858140408
group_8700,0.008096762126439165
group_8701,0.07498233509289662
group_8702,0.014082048297934241
group_8703,0.016060517893511785
group_8704,0.00608504094101999
group_8705,0.008096762126439165
group_8706,0.03727503221247766
group_8707,0.00608504094101999
group_8708,0.023891267301217843
group_8709,0.20067334469429327
group_871,0.012095265804896293
group_8710,0.01803067459162891
group_8711,0.13249927262147224
group_8712,0.0
group_8713,0.006085040941019991
group_8714,0.23267799991687094
group_8715,0.014082048297934241
group_8716,0.004065006858140406
group_8717,0.1775385510619726
group_8718,0.08174903362567024
group_8719,0.053884201338376486
group_872,0.012095265804896293
group_8720,0.2006733446942932
group_8721,0.08006982833866745
group_8722,0.006085040941019993
group_8723,0.21795585851448518
group_8724,0.014082048297934241
group_8725,0.002036659877800407
group_8726,0.002036659877800407
group_8727,0.14740429776798705
group_8728,0.006085040941019991
group_8729,0.006085040941019991
group_873,0.0040650068581404054
group_8730,0.22357537719772222
group_8731,0.016060517893511782
group_8732,0.22012552475165217
group_8733,0.0020366598778004067
group_8734,0.006085040941019991
group_8735,0.021946049295481933
group_8736,0.01803067459162891
group_8737,0.025828172409493335
group_8738,0.004065006858140407
group_8739,0.01999251839228563
group_874,0.0040650068581404054
group_8740,0.010100170414397938
group_8741,0.13109439295066294
group_8742,0.012095265804896295
group_8743,0.11955609127561415
group_8744,0.018030674591628913
group_8745,0.01803067459162891
group_8746,0.15511035371378695
group_8747,0.04658547736813667
group_8748,0.24190531609792598
group_8749,0.002036659877800407
group_875,0.004065006858140406
group_8750,0.04474001413192567
group_8751,0.01803067459162891
group_8752,0.12825969491666322
group_8753,0.01803067459162891
group_8754,0.053884201338376486
group_8755,0.15384679329980466
group_8756,0.0020366598778004067
group_8757,0.014082048297934241
group_8758,0.008096762126439167
group_8759,0.006085040941019991
group_876,0.004065006858140406
group_8760,0.010100170414397938
group_8761,0.019992518392285625
group_8762,0.023891267301217843
group_8763,0.002036659877800407
group_8764,0.20936032254042145
group_8765,0.22985161478033167
group_8766,0.006085040941019991
group_8767,0.004065006858140406
group_8768,0.20247724344320214
group_8769,0.1950621389085166
group_877,0.0020366598778004067
group_8770,0.016060517893511785
group_8771,0.016060517893511785
group_8772,0.016060517893511785
group_8773,0.20936032254042145
group_8774,0.006085040941019991
group_8775,0.057483685938733944
group_8776,0.006085040941019993
group_8777,0.018030674591628902
group_8778,0.004065006858140406
group_8779,0.0020366598778004067
group_878,0.002036659877800407
group_8780,0.0020366598778004067
group_8781,0.13528409327070956
group_8782,0.16008146639511198
group_8783,0.010100170414397938
group_8784,0.11955609127561416
group_8785,0.03727503221247766
group_8786,0.0020366598778004067
group_8787,0.008096762126439165
group_8788,0.21646784986907183
group_8789,0.2315723845546365
group_879,0.016060517893511785
group_8790,0.01010017041439794
group_8791,0.01408204829793424
group_8792,0.012095265804896291
group_8793,0.002036659877800407
group_8794,0.004065006858140406
group_8795,0.029677043933663074
group_8796,0.15257491998836195
group_8797,0.11207448356124523
group_8798,0.17192734527619602
group_8799,0.016060517893511782
group_88,0.021946049295481933
group_880,0.0020366598778004067
group_8800,0.0020366598778004067
group_8801,0.21941061557005695
group_8802,0.004065006858140405
group_8803,0.1891516688141652
group_8804,0.033492663867991185
group_8805,0.08508250550729454
group_8806,0.01010017041439794
group_8807,0.232129348684484
group_8808,0.004065006858140406
group_8809,0.04842262770688723
group_881,0.006085040941019991
group_8810,0.01010017041439794
group_8811,0.008096762126439167
group_8812,0.15885115757097137
group_8813,0.0020366598778004067
group_8814,0.006085040941019992
group_8815,0.15511035371378695
group_8816,0.1979051498399767
group_8817,0.004065006858140407
group_8818,0.002036659877800407
group_8819,0.004065006858140407
group_882,0.021946049295481933
group_8820,0.03158901034955734
group_8821,0.018030674591628913
group_8822,0.002036659877800407
group_8823,0.1931252338002411
group_8824,0.17192734527619602
group_8825,0.004065006858140406
group_8826,0.04842262770688724
group_8827,0.002036659877800407
group_8828,0.2484060019119664
group_8829,0.01999251839228563
group_883,0.004065006858140406
group_8830,0.002036659877800407
group_8831,0.18294193441123904
group_8832,0.18608420965127392
group_8833,0.0663369217340704
group_8834,0.002036659877800407
group_8835,0.0
group_8836,0.016060517893511782
group_8837,0.04474001413192567
group_8838,0.004065006858140407
group_8839,0.11955609127561415
group_884,0.002036659877800407
group_8840,0.04842262770688723
group_8841,0.027756764620308412
group_8842,0.04842262770688724
group_8843,0.0020366598778004067
group_8844,0.02389126730121784
group_8845,0.006085040941019991
group_8846,0.004065006858140406
group_8847,0.12102747412610664
group_8848,0.2504592875846877
group_8849,0.008096762126439169
group_885,0.02582817240949334
group_8850,0.24986075896753812
group_8851,0.004065006858140406
group_8852,0.13939897751361238
group_8853,0.002036659877800407
group_8854,0.006085040941019991
group_8855,0.004065006858140406
group_8856,0.010100170414397938
group_8857,0.002036659877800407
group_8858,0.023891267301217843
group_8859,0.002036659877800407
group_886,0.004065006858140407
group_8860,0.13939897751361238
group_8861,0.04288623799825429
group_8862,0.004065006858140406
group_8863,0.002036659877800407
group_8864,0.006085040941019991
group_8865,0.01408204829793424
group_8866,0.016060517893511785
group_8867,0.0663369217340704
group_8868,0.23991022070742757
group_8869,0.17306621222827215
group_887,0.01999251839228563
group_8870,0.008096762126439167
group_8871,0.23628579741468894
group_8872,0.018030674591628906
group_8873,0.004065006858140406
group_8874,0.002036659877800407
group_8875,0.006085040941019991
group_8876,0.0020366598778004067
group_8877,0.021946049295481933
group_8878,0.01010017041439794
group_8879,0.029677043933663074
group_888,0.002036659877800407
group_8880,0.0020366598778004067
group_8881,0.0020366598778004067
group_8882,0.006085040941019991
group_8883,0.021946049295481933
group_8884,0.07498233509289662
group_8885,0.006085040941019991
group_8886,0.004065006858140406
group_8887,0.004065006858140406
group_8888,0.09164969450101831
group_8889,0.00608504094101999
group_889,0.016060517893511785
group_8890,0.004065006858140407
group_8891,0.004065006858140406
group_8892,0.08673677210191613
group_8893,0.016060517893511782
group_8894,0.00608504094101999
group_8895,0.014082048297934241
group_8896,0.021946049295481933
group_8897,0.006085040941019992
group_8898,0.016060517893511785
group_8899,0.016060517893511785
group_89,0.0020366598778004067
group_890,0.002036659877800407
group_8900,0.016060517893511785
group_8901,0.1960181221164637
group_8902,0.002036659877800407
group_8903,0.002036659877800407
group_8904,0.006085040941019991
group_8905,0.006085040941019991
group_8906,0.004065006858140407
group_8907,0.18504509746872275
group_8908,0.004065006858140407
group_8909,0.0020366598778004067
group_891,0.002036659877800407
group_8910,0.01209526580489629
group_8911,0.0
group_8912,0.0020366598778004067
group_8913,0.027756764620308412
group_8914,0.010100170414397938
group_8915,0.14870942266927137
group_8916,0.12825969491666322
group_8917,0.0020366598778004067
group_8918,0.004065006858140406
group_8919,0.03158901034955734
group_892,0.20067334469429327
group_8920,0.0020366598778004067
group_8921,0.004065006858140406
group_8922,0.029677043933663074
group_8923,0.010100170414397938
group_8924,0.006085040941019991
group_8925,0.14870942266927137
group_8926,0.002036659877800407
group_8927,0.006085040941019991
group_8928,0.002036659877800407
group_8929,0.027756764620308412
group_893,0.002036659877800407
group_8930,0.002036659877800407
group_8931,0.006085040941019991
group_8932,0.006085040941019991
group_8933,0.008096762126439167
group_8934,0.002036659877800407
group_8935,0.1950621389085166
group_8936,0.021946049295481933
group_8937,0.10282222868780913
group_8938,0.24369258905191396
group_8939,0.09002036659877799
group_894,0.0020366598778004067
group_8940,0.008096762126439167
group_8941,0.002036659877800407
group_8942,0.2386134087036036
group_8943,0.029677043933663074
group_8944,0.1324992726214722
group_8945,0.05388420133837648
group_8946,0.05748368593873395
group_8947,0.008096762126439169
group_8948,0.03158901034955734
group_8949,0.05207198969200715
group_895,0.002036659877800407
group_8950,0.004065006858140406
group_8951,0.002036659877800407
group_8952,0.002036659877800407
group_8953,0.2505091649694501
group_8954,0.014082048297934243
group_8955,0.0040650068581404054
group_8956,0.04842262770688724
group_8957,0.24858888565609544
group_8958,0.12968120038239328
group_8959,0.0
group_896,0.03158901034955734
group_8960,0.13109439295066294
group_8961,0.15761253584937027
group_8962,0.09648780082297685
group_8963,0.021946049295481926
group_8964,0.002036659877800407
group_8965,0.014082048297934241
group_8966,0.04842262770688723
group_8967,0.027756764620308412
group_8968,0.04658547736813668
group_8969,0.002036659877800407
group_897,0.002036659877800407
group_8970,0.002036659877800407
group_8971,0.15257491998836195
group_8972,0.00809676212643917
group_8973,0.00608504094101999
group_8974,0.012095265804896291
group_8975,0.002036659877800407
group_8976,0.029677043933663074
group_8977,0.002036659877800407
group_8978,0.15384679329980466
group_8979,0.00608504094101999
group_898,0.044740014131925666
group_8980,0.004065006858140406
group_8981,0.0020366598778004067
group_8982,0.03915374703853027
group_8983,0.002036659877800407
group_8984,0.0020366598778004067
group_8985,0.06808263020075646
group_8986,0.12102747412610664
group_8987,0.004065006858140404
group_8988,0.018030674591628906
group_8989,0.24073319755600817
group_899,0.004065006858140407
group_8990,0.01803067459162891
group_8991,0.02389126730121784
group_8992,0.023891267301217847
group_8993,0.01803067459162891
group_8994,0.002036659877800407
group_8995,0.027756764620308412
group_8996,0.021946049295481933
group_8997,0.09808387713537554
group_8998,0.002036659877800407
group_8999,0.21571137620017458
group_9,0.03158901034955734
group_90,0.0020366598778004067
group_900,0.004065006858140407
group_9000,0.0020366598778004067
group_9001,0.002036659877800407
group_9002,0.2109979633401222
group_9003,0.006085040941019991
group_9004,0.00608504094101999
group_9005,0.1960181221164637
group_9006,0.0020366598778004067
group_9007,0.249636310736107
group_9008,0.006085040941019989
group_9009,0.00809676212643917
group_901,0.0020366598778004067
group_9010,0.09488341161311774
group_9011,0.010100170414397938
group_9012,0.09488341161311774
group_9013,0.03158901034955734
group_9014,0.24073319755600817
group_9015,0.24073319755600817
group_9016,0.01408204829793424
group_9017,0.029677043933663074
group_9018,0.01010017041439794
group_9019,0.16491957271707058
group_902,0.002036659877800407
group_9020,0.22290203250342905
group_9021,0.14075397979965917
group_9022,0.002036659877800407
group_9023,0.010100170414397936
group_9024,0.002036659877800407
group_9025,0.05748368593873395
group_9026,0.04288623799825429
group_9027,0.02775676462030841
group_9028,0.027756764620308415
group_9029,0.24638596782908678
group_903,0.002036659877800407
group_9030,0.0020366598778004067
group_9031,0.19015752940687483
group_9032,0.01999251839228563
group_9033,0.006085040941019991
group_9034,0.0502514651481774
group_9035,0.24264516397190242
group_9036,0.2068415146099173
group_9037,0.006085040941019992
group_9038,0.06458290036992395
group_9039,0.11055322332599027
group_904,0.00809676212643917
group_9040,0.19214431189991268
group_9041,0.10593956523546283
group_9042,0.07154910844174737
group_9043,0.0020366598778004067
group_9044,0.002036659877800407
group_9045,0.21571137620017455
group_9046,0.002036659877800407
group_9047,0.0020366598778004067
group_9048,0.02194604929548193
group_9049,0.03158901034955734
group_905,0.004065006858140406
group_9050,0.0020366598778004067
group_9051,0.002036659877800407
group_9052,0.07838231015420423
group_9053,0.002036659877800407
group_9054,0.24876345650276405
group_9055,0.0
group_9056,0.09488341161311774
group_9057,0.12249054407913877
group_9058,0.1380356623301051
group_9059,0.023891267301217843
group_906,0.002036659877800407
group_9060,0.006085040941019991
group_9061,0.0
group_9062,0.2059852861714951
group_9063,0.004065006858140406
group_9064,0.15761253584937032
group_9065,0.10748576416309906
group_9066,0.2452720395693919
group_9067,0.021946049295481933
group_9068,0.01803067459162891
group_9069,0.07326987821605219
group_907,0.004065006858140406
group_9070,0.002036659877800407
group_9071,0.002036659877800407
group_9072,0.018030674591628906
group_9073,0.01408204829793424
group_9074,0.01803067459162891
group_9075,0.10593956523546283
group_9076,0.05025146514817742
group_9077,0.04842262770688724
group_9078,0.002036659877800407
group_9079,0.014082048297934241
group_908,0.008096762126439169
group_9080,0.18711500893636476
group_9081,0.002036659877800407
group_9082,0.008096762126439167
group_9083,0.15636560123030885
group_9084,0.002036659877800407
group_9085,0.20936032254042145
group_9086,0.02775676462030841
group_9087,0.002036659877800407
group_9088,0.033492663867991185
group_9089,0.07668647907228064
group_909,0.004065006858140406
group_9090,0.029677043933663074
group_9091,0.05927095889272205
group_9092,0.002036659877800407
group_9093,0.006085040941019989
group_9094,0.002036659877800407
group_9095,0.006085040941019991
group_9096,0.002036659877800407
group_9097,0.03158901034955734
group_9098,0.006085040941019991
group_9099,0.025828172409493335
group_91,0.00608504094101999
group_910,0.09648780082297684
group_9100,0.01803067459162891
group_9101,0.1871150089363648
group_9102,0.01803067459162891
group_9103,0.02775676462030841
group_9104,0.004065006858140408
group_9105,0.09808387713537554
group_9106,0.004065006858140407
group_9107,0.004065006858140406
group_9108,0.002036659877800407
group_9109,0.2466436676503596
group_911,0.0020366598778004067
group_9110,0.1338958393948211
group_9111,0.17753855106197264
group_9112,0.19975892597364814
group_9113,0.20852903279438048
group_9114,0.00809676212643917
group_9115,0.0040650068581404054
group_9116,0.07326987821605217
group_9117,0.05025146514817742
group_9118,0.01010017041439794
group_9119,0.10902365019327485
group_912,0.0020366598778004067
group_9120,0.20852903279438045
group_9121,0.010100170414397938
group_9122,0.20684151460991726
group_9123,0.12539174529282182
group_9124,0.10282222868780912
group_9125,0.004065006858140406
group_9126,0.002036659877800407
group_9127,0.002036659877800407
group_9128,0.002036659877800407
group_9129,0.008096762126439167
group_913,0.006085040941019992
group_9130,0.029677043933663074
group_9131,0.008096762126439169
group_9132,0.014082048297934241
group_9133,0.018030674591628916
group_9134,0.01803067459162891
group_9135,0.19115507710212393
group_9136,0.23043351760256037
group_9137,0.07154910844174737
group_9138,0.002036659877800407
group_9139,0.11807639552766115
group_914,0.004065006858140407
group_9140,0.04288623799825429
group_9141,0.0
group_9142,0.01803067459162891
group_9143,0.07326987821605219
group_9144,0.006085040941019992
group_9145,0.13109439295066294
group_9146,0.02194604929548193
group_9147,0.029677043933663074
group_9148,0.006085040941019992
group_9149,0.004065006858140407
group_915,0.004065006858140407
group_9150,0.006085040941019991
group_9151,0.16728874849328731
group_9152,0.02582817240949334
group_9153,0.006085040941019991
group_9154,0.13389583939482103
group_9155,0.018030674591628906
group_9156,0.004065006858140406
group_9157,0.006085040941019988
group_9158,0.006085040941019991
group_9159,0.09164969450101831
group_916,0.15636560123030885
group_9160,0.04658547736813667
group_9161,0.008096762126439165
group_9162,0.004065006858140406
group_9163,0.01803067459162891
group_9164,0.031589010349557335
group_9165,0.14740429776798705
group_9166,0.03915374703853027
group_9167,0.00608504094101999
group_9168,0.14740429776798705
group_9169,0.002036659877800407
group_917,0.002036659877800407
group_9170,0.021946049295481933
group_9171,0.10125109106779168
group_9172,0.03158901034955734
group_9173,0.24190531609792598
group_9174,0.1268298765534727
group_9175,0.004065006858140406
group_9176,0.010100170414397938
group_9177,0.01999251839228563
group_9178,0.01999251839228563
group_9179,0.04842262770688723
group_918,0.004065006858140406
group_9180,0.0020366598778004067
group_9181,0.010100170414397938
group_9182,0.018030674591628906
group_9183,0.04658547736813667
group_9184,0.031589010349557335
group_9185,0.11207448356124523
group_9186,0.18187788353630654
group_9187,0.004065006858140406
group_9188,0.004065006858140406
group_9189,0.16130346232179224
group_919,0.09002036659877799
group_9190,0.15129473377945882
group_9191,0.014082048297934241
group_9192,0.23628579741468897
group_9193,0.20936032254042145
group_9194,0.2505008520719897
group_9195,0.00608504094101999
group_9196,0.0020366598778004067
group_9197,0.004065006858140407
group_9198,0.00608504094101999
group_9199,0.1808055197639137
group_92,0.010100170414397938
group_920,0.002036659877800407
group_9200,0.04842262770688723
group_9201,0.1797248430940604
group_9202,0.11509206533937402
group_9203,0.04658547736813667
group_9204,0.21941061557005695
group_9205,0.04288623799825429
group_9206,0.004065006858140407
group_9207,0.004065006858140406
group_9208,0.2452720395693919
group_9209,0.0020366598778004067
group_921,0.006085040941019991
group_9210,0.09164969450101831
group_9211,0.006085040941019991
group_9212,0.0
group_9213,0.24858888565609544
group_9214,0.002036659877800407
group_9215,0.05388420133837649
group_9216,0.08838272579907729
group_9217,0.002036659877800407
group_9218,0.06808263020075646
group_9219,0.004065006858140408
group_922,0.019992518392285632
group_9220,0.09488341161311774
group_9221,0.010100170414397938
group_9222,0.004065006858140406
group_9223,0.004065006858140408
group_9224,0.0020366598778004067
group_9225,0.20157945051747786
group_9226,0.24527203956939192
group_9227,0.20336672347146598
group_9228,0.0020366598778004067
group_9229,0.18813749532399518
group_923,0.01010017041439794
group_9230,0.004065006858140407
group_9231,0.06982002576998211
group_9232,0.05927095889272205
group_9233,0.002036659877800407
group_9234,0.023891267301217843
group_9235,0.15257491998836195
group_9236,0.002036659877800407
group_9237,0.08174903362567024
group_9238,0.05568810008728542
group_9239,0.008096762126439167
group_924,0.004065006858140406
group_9240,0.002036659877800407
group_9241,0.02582817240949334
group_9242,0.002036659877800407
group_9243,0.0
group_9244,0.006085040941019991
group_9245,0.03158901034955734
group_9246,0.002036659877800407
group_9247,0.023891267301217843
group_9248,0.002036659877800407
group_9249,0.002036659877800407
group_925,0.008096762126439169
group_9250,0.023891267301217843
group_9251,0.02775676462030841
group_9252,0.01209526580489629
group_9253,0.03349266386799119
group_9254,0.023891267301217843
group_9255,0.11207448356124526
group_9256,0.023891267301217843
group_9257,0.021946049295481933
group_9258,0.0
group_9259,0.03349266386799119
group_926,0.008096762126439169
group_9260,0.05207198969200715
group_9261,0.002036659877800407
group_9262,0.03349266386799119
group_9263,0.03349266386799119
group_9264,0.18080551976391374
group_9265,0.03349266386799119
group_9266,0.1960181221164637
group_9267,0.002036659877800407
group_9268,0.09002036659877798
group_9269,0.06458290036992395
group_927,0.002036659877800407
group_9270,0.06458290036992394
group_9271,0.027756764620308415
group_9272,0.09488341161311774
group_9273,0.0663369217340704
group_9274,0.0020366598778004067
group_9275,0.002036659877800407
group_9276,0.11358743089903987
group_9277,0.035388004488964626
group_9278,0.06808263020075646
group_9279,0.06808263020075646
group_928,0.002036659877800407
group_9280,0.002036659877800407
group_9281,0.06982002576998211
group_9282,0.13939897751361238
group_9283,0.10125109106779168
group_9284,0.002036659877800407
group_9285,0.10282222868780912
group_9286,0.03727503221247766
group_9287,0.016060517893511785
group_9288,0.002036659877800407
group_9289,0.002036659877800407
group_929,0.004065006858140406
group_9290,0.10902365019327487
group_9291,0.05748368593873395
group_9292,0.07838231015420423
group_9293,0.008096762126439167
group_9294,0.008096762126439165
group_9295,0.08006982833866745
group_9296,0.04102414896712249
group_9297,0.002036659877800407
group_9298,0.016060517893511785
group_9299,0.19115507710212393
group_93,0.008096762126439167
group_930,0.004065006858140406
group_9300,0.09002036659877798
group_9301,0.10902365019327485
group_9302,0.22357537719772222
group_9303,0.2248971278939274
group_9304,0.02582817240949334
group_9305,0.01999251839228563
group_9306,0.21721601064050883
group_9307,0.21018329938900202
group_9308,0.11207448356124526
group_9309,0.006085040941019991
group_931,0.0020366598778004067
group_9310,0.0
group_9311,0.008096762126439167
group_9312,0.23100710752732856
group_9313,0.008096762126439169
group_9314,0.12968120038239325
group_9315,0.00809676212643917
group_9316,0.1753190074400432
group_9317,0.2268174072072821
group_9318,0.00608504094101999
group_9319,0.16728874849328734
group_932,0.002036659877800407
group_9320,0.0020366598778004067
group_9321,0.07154910844174737
group_9322,0.19696579242695042
group_9323,0.018030674591628906
group_9324,0.07668647907228064
group_9325,0.23816451224074145
group_9326,0.04842262770688723
group_9327,0.002036659877800407
group_9328,0.03538800448896462
group_9329,0.22866287044349312
group_933,0.002036659877800407
group_9330,0.002036659877800407
group_9331,0.01999251839228563
group_9332,0.002036659877800407
group_9333,0.01999251839228563
group_9334,0.0020366598778004067
group_9335,0.08673677210191613
group_9336,0.0020366598778004067
group_9337,0.24638596782908678
group_9338,0.07668647907228064
group_9339,0.10902365019327485
group_934,0.002036659877800407
group_9340,0.004065006858140407
group_9341,0.033492663867991185
group_9342,0.012095265804896291
group_9343,0.004065006858140407
group_9344,0.023891267301217843
group_9345,0.09648780082297684
group_9346,0.006085040941019994
group_9347,0.008096762126439169
group_9348,0.012095265804896293
group_9349,0.08838272579907729
group_935,0.002036659877800407
group_9350,0.029677043933663074
group_9351,0.006085040941019991
group_9352,0.010100170414397936
group_9353,0.03538800448896462
group_9354,0.16962467267966252
group_9355,0.1268298765534727
group_9356,0.09164969450101831
group_9357,0.03727503221247765
group_9358,0.17419676628288788
group_9359,0.057483685938733944
group_936,0.16491957271707058
group_9360,0.00608504094101999
group_9361,0.15885115757097137
group_9362,0.014082048297934241
group_9363,0.08508250550729457
group_9364,0.006085040941019991
group_9365,0.18813749532399518
group_9366,0.002036659877800407
group_9367,0.1500062346730953
group_9368,0.09808387713537554
group_9369,0.004065006858140406
group_937,0.002036659877800407
group_9370,0.008096762126439167
group_9371,0.018030674591628913
group_9372,0.00608504094101999
group_9373,0.002036659877800407
group_9374,0.006085040941019992
group_9375,0.1891516688141652
group_9376,0.014082048297934241
group_9377,0.00608504094101999
group_9378,0.014082048297934243
group_9379,0.01010017041439794
group_938,0.0020366598778004067
group_9380,0.0
group_9381,0.033492663867991185
group_9382,0.16008146639511198
group_9383,0.15885115757097132
group_9384,0.02194604929548193
group_9385,0.057483685938733944
group_9386,0.006085040941019991
group_9387,0.1625171453510121
group_9388,0.004065006858140407
group_9389,0.002036659877800407
group_939,0.0020366598778004067
group_9390,0.0020366598778004067
group_9391,0.02582817240949334
group_9392,0.008096762126439169
group_9393,0.10125109106779168
group_9394,0.010100170414397938
group_9395,0.010100170414397938
group_9396,0.0020366598778004067
group_9397,0.004065006858140407
group_9398,0.006085040941019989
group_9399,0.1979051498399767
group_94,0.24032586558044808
group_940,0.002036659877800407
group_9400,0.004065006858140406
group_9401,0.004065006858140407
group_9402,0.04474001413192567
group_9403,0.010100170414397938
group_9404,0.010100170414397938
group_9405,0.004065006858140407
group_9406,0.016060517893511785
group_9407,0.11509206533937402
group_9408,0.004065006858140406
group_9409,0.0020366598778004067
group_941,0.00608504094101999
group_9410,0.10125109106779166
group_9411,0.01999251839228563
group_9412,0.004065006858140406
group_9413,0.004065006858140407
group_9414,0.0020366598778004067
group_9415,0.004065006858140407
group_9416,0.004065006858140407
group_9417,0.2381645122407415
group_9418,0.04288623799825429
group_9419,0.19696579242695042
group_942,0.002036659877800407
group_9420,0.1797248430940604
group_9421,0.008096762126439167
group_9422,0.01803067459162891
group_9423,0.23628579741468897
group_9424,0.18711500893636476
group_9425,0.0020366598778004067
group_9426,0.2006733446942932
group_9427,0.0020366598778004067
group_9428,0.008096762126439169
group_9429,0.0020366598778004067
group_943,0.004065006858140406
group_9430,0.0020366598778004067
group_9431,0.006085040941019991
group_9432,0.008096762126439169
group_9433,0.0020366598778004067
group_9434,0.008096762126439169
group_9435,0.008096762126439169
group_9436,0.002036659877800407
group_9437,0.07498233509289662
group_9438,0.014082048297934241
group_9439,0.09164969450101831
group_944,0.002036659877800407
group_9440,0.09002036659877799
group_9441,0.07326987821605219
group_9442,0.016060517893511785
group_9443,0.002036659877800407
group_9444,0.006085040941019991
group_9445,0.09164969450101831
group_9446,0.002036659877800407
group_9447,0.002036659877800407
group_9448,0.006085040941019991
group_9449,0.002036659877800407
group_945,0.002036659877800407
group_9450,0.17078016542665944
group_9451,0.012095265804896295
group_9452,0.006085040941019991
group_9453,0.0020366598778004067
group_9454,0.006085040941019991
group_9455,0.008096762126439167
group_9456,0.006085040941019992
group_9457,0.09002036659877799
group_9458,0.006085040941019991
group_9459,0.1797248430940604
group_946,0.002036659877800407
group_9460,0.002036659877800407
group_9461,0.09327070950579824
group_9462,0.06282056610831707
group_9463,0.19214431189991268
group_9464,0.05388420133837648
group_9465,0.05207198969200715
group_9466,0.14609085996924226
group_9467,0.008096762126439167
group_9468,0.012095265804896291
group_9469,0.00608504094101999
group_947,0.002036659877800407
group_9470,0.04842262770688723
group_9471,0.0040650068581404054
group_9472,0.01209526580489629
group_9473,0.002036659877800407
group_9474,0.008096762126439169
group_9475,0.002036659877800407
group_9476,0.002036659877800407
group_9477,0.19601812211646372
group_9478,0.06982002576998213
group_9479,0.01803067459162891
group_948,0.010100170414397938
group_9480,0.002036659877800407
group_9481,0.008096762126439165
group_9482,0.20852903279438045
group_9483,0.18711500893636474
group_9484,0.002036659877800407
group_9485,0.021946049295481926
group_9486,0.002036659877800407
group_9487,0.0040650068581404054
group_9488,0.03727503221247766
group_9489,0.010100170414397938
group_949,0.002036659877800407
group_9490,0.006085040941019991
group_9491,0.029677043933663074
group_9492,0.21260235254998136
group_9493,0.0020366598778004067
group_9494,0.00608504094101999
group_9495,0.002036659877800407
group_9496,0.023891267301217843
group_9497,0.1576125358493703
group_9498,0.002036659877800407
group_9499,0.0502514651481774
group_95,0.023891267301217843
group_950,0.0020366598778004067
group_9500,0.03158901034955734
group_9501,0.17643293569973809
group_9502,0.07326987821605217
group_9503,0.13939897751361238
group_9504,0.0
group_9505,0.23579533646452472
group_9506,0.13666403424913753
group_9507,0.0020366598778004067
group_9508,0.004065006858140406
group_9509,0.01010017041439794
group_951,0.10282222868780913
group_9510,0.006085040941019992
group_9511,0.002036659877800407
group_9512,0.002036659877800407
group_9513,0.004065006858140408
group_9514,0.0020366598778004067
group_9515,0.029677043933663074
group_9516,0.002036659877800407
group_9517,0.02194604929548193
group_9518,0.0020366598778004067
group_9519,0.18504509746872272
group_952,0.002036659877800407
group_9520,0.10593956523546284
group_9521,0.01999251839228563
group_9522,0.1253917452928218
group_9523,0.004065006858140407
group_9524,0.004065006858140406
group_9525,0.07326987821605219
group_9526,0.19790514983997673
group_9527,0.04102414896712248
group_9528,0.023891267301217843
group_9529,0.014082048297934241
group_953,0.18294193441123907
group_9530,0.023891267301217843
group_9531,0.004065006858140407
group_9532,0.11509206533937404
group_9533,0.2452720395693919
group_9534,0.002036659877800407
group_9535,0.01803067459162891
group_9536,0.09648780082297684
group_9537,0.07326987821605219
group_9538,0.10593956523546283
group_9539,0.010100170414397938
group_954,0.01803067459162891
group_9540,0.012095265804896291
group_9541,0.05025146514817742
group_9542,0.22489712789392743
group_9543,0.004065006858140406
group_9544,0.0020366598778004067
group_9545,0.0020366598778004067
group_9546,0.002036659877800407
group_9547,0.21018329938900202
group_9548,0.027756764620308415
group_9549,0.055688100087285405
group_955,0.002036659877800407
group_9550,0.22866287044349312
group_9551,0.002036659877800407
group_9552,0.055688100087285405
group_9553,0.23770730288041897
group_9554,0.24527203956939192
group_9555,0.0502514651481774
group_9556,0.10438505341036618
group_9557,0.0020366598778004067
group_9558,0.08341992601521261
group_9559,0.006085040941019991
group_956,0.002036659877800407
group_9560,0.004065006858140406
group_9561,0.012095265804896293
group_9562,0.01999251839228563
group_9563,0.012095265804896293
group_9564,0.029677043933663074
group_9565,0.002036659877800407
group_9566,0.004065006858140406
group_9567,0.0020366598778004067
group_9568,0.01803067459162891
group_9569,0.19115507710212393
group_957,0.00809676212643917
group_9570,0.006085040941019991
group_9571,0.012095265804896293
group_9572,0.018030674591628913
group_9573,0.029677043933663074
group_9574,0.09808387713537554
group_9575,0.01803067459162891
group_9576,0.02582817240949334
group_9577,0.012095265804896291
group_9578,0.06808263020075646
group_9579,0.08006982833866746
group_958,0.002036659877800407
group_9580,0.08174903362567025
group_9581,0.1797248430940604
group_9582,0.03158901034955734
group_9583,0.00608504094101999
group_9584,0.04842262770688723
group_9585,0.16728874849328731
group_9586,0.10125109106779168
group_9587,0.09164969450101831
group_9588,0.10902365019327487
group_9589,0.004065006858140407
group_959,0.0502514651481774
group_9590,0.243692589051914
group_9591,0.004065006858140407
group_9592,0.029677043933663074
group_9593,0.18813749532399518
group_9594,0.0020366598778004067
group_9595,0.07498233509289662
group_9596,0.053884201338376486
group_9597,0.0020366598778004067
group_9598,0.010100170414397938
group_9599,0.0020366598778004067
group_96,0.01010017041439794
group_960,0.033492663867991185
group_9600,0.004065006858140406
group_9601,0.00608504094101999
group_9602,0.15384679329980466
group_9603,0.014082048297934241
group_9604,0.016060517893511785
group_9605,0.1500062346730953
group_9606,0.008096762126439169
group_9607,0.09002036659877798
group_9608,0.09002036659877798
group_9609,0.17306621222827215
group_961,0.04658547736813667
group_9610,0.016060517893511785
group_9611,0.07668647907228064
group_9612,0.10748576416309907
group_9613,0.010100170414397938
group_9614,0.1637225154827715
group_9615,0.002036659877800407
group_9616,0.0
group_9617,0.00608504094101999
group_9618,0.002036659877800407
group_9619,0.0428862379982543
group_962,0.004065006858140407
group_9620,0.002036659877800407
group_9621,0.11509206533937405
group_9622,0.023891267301217847
group_9623,0.0020366598778004067
group_9624,0.004065006858140407
group_9625,0.004065006858140407
group_9626,0.006085040941019991
group_9627,0.002036659877800407
group_9628,0.01999251839228563
group_9629,0.002036659877800407
group_963,0.10438505341036618
group_9630,0.008096762126439167
group_9631,0.004065006858140406
group_9632,0.006085040941019991
group_9633,0.03727503221247766
group_9634,0.1576125358493703
group_9635,0.004065006858140406
group_9636,0.1901575294068748
group_9637,0.23628579741468894
group_9638,0.06104991894924977
group_9639,0.16846086703520516
group_964,0.033492663867991185
group_9640,0.0
group_9641,0.16962467267966252
group_9642,0.1224905440791388
group_9643,0.002036659877800407
group_9644,0.1224905440791388
group_9645,0.004065006858140406
group_9646,0.002036659877800407
group_9647,0.002036659877800407
group_9648,0.002036659877800407
group_9649,0.002036659877800407
group_965,0.008096762126439165
group_9650,0.1224905440791388
group_9651,0.1224905440791388
group_9652,0.1224905440791388
group_9653,0.002036659877800407
group_9654,0.008096762126439169
group_9655,0.002036659877800407
group_9656,0.002036659877800407
group_9657,0.016060517893511785
group_9658,0.006085040941019991
group_9659,0.03158901034955734
group_966,0.025828172409493342
group_9660,0.16491957271707053
group_9661,0.02389126730121784
group_9662,0.23579533646452472
group_9663,0.05568810008728542
group_9664,0.2059852861714951
group_9665,0.006085040941019988
group_9666,0.006085040941019991
group_9667,0.0020366598778004067
group_9668,0.14343904567937152
group_9669,0.23724178062263598
group_967,0.004065006858140407
group_9670,0.004065006858140406
group_9671,0.006085040941019992
group_9672,0.05748368593873395
group_9673,0.006085040941019991
group_9674,0.14609085996924226
group_9675,0.014082048297934241
group_9676,0.002036659877800407
group_9677,0.002036659877800407
group_9678,0.002036659877800407
group_9679,0.006085040941019991
group_968,0.17078016542665947
group_9680,0.006085040941019991
group_9681,0.09488341161311775
group_9682,0.006085040941019991
group_9683,0.0
group_9684,0.002036659877800407
group_9685,0.004065006858140406
group_9686,0.06458290036992395
group_9687,0.05207198969200715
group_9688,0.19214431189991268
group_9689,0.021946049295481926
group_969,0.0020366598778004067
group_9690,0.0020366598778004067
group_9691,0.04288623799825429
group_9692,0.16008146639511198
group_9693,0.01010017041439794
group_9694,0.002036659877800407
group_9695,0.002036659877800407
group_9696,0.05207198969200715
group_9697,0.023891267301217843
group_9698,0.002036659877800407
group_9699,0.0502514651481774
group_97,0.11358743089903987
group_970,0.03538800448896462
group_9700,0.01999251839228563
group_9701,0.07326987821605219
group_9702,0.18813749532399518
group_9703,0.23100710752732856
group_9704,0.20936032254042145
group_9705,0.20424789060226942
group_9706,0.01999251839228563
group_9707,0.016060517893511785
group_9708,0.029677043933663074
group_9709,0.0020366598778004067
group_971,0.12249054407913877
group_9710,0.0
group_9711,0.008096762126439167
group_9712,0.008096762126439167
group_9713,0.00608504094101999
group_9714,0.01999251839228563
group_9715,0.014082048297934241
group_9716,0.10438505341036618
group_9717,0.004065006858140406
group_9718,0.03727503221247766
group_9719,0.08006982833866746
group_972,0.0663369217340704
group_9720,0.004065006858140407
group_9721,0.044740014131925666
group_9722,0.05025146514817741
group_9723,0.008096762126439167
group_9724,0.0020366598778004067
group_9725,0.01010017041439794
group_9726,0.0020366598778004067
group_9727,0.18813749532399518
group_9728,0.01408204829793424
group_9729,0.0020366598778004067
group_973,0.0020366598778004067
group_9730,0.016060517893511785
group_9731,0.0020366598778004067
group_9732,0.010100170414397938
group_9733,0.004065006858140406
group_9734,0.15129473377945882
group_9735,0.1901575294068748
group_9736,0.006085040941019991
group_9737,0.004065006858140407
group_9738,0.004065006858140407
group_9739,0.0428862379982543
group_974,0.016060517893511785
group_9740,0.0020366598778004067
group_9741,0.16372251548277153
group_9742,0.1282596949166632
group_9743,0.14740429776798702
group_9744,0.0020366598778004067
group_9745,0.0020366598778004067
group_9746,0.0020366598778004067
group_9747,0.06982002576998211
group_9748,0.004065006858140407
group_9749,0.010100170414397938
group_975,0.004065006858140407
group_9750,0.008096762126439167
group_9751,0.01999251839228563
group_9752,0.0
group_9753,0.006085040941019991
group_9754,0.008096762126439167
group_9755,0.027756764620308415
group_9756,0.0040650068581404054
group_9757,0.0020366598778004067
group_9758,0.027756764620308412
group_9759,0.203366723471466
group_976,0.004065006858140406
group_9760,0.033492663867991185
group_9761,0.002036659877800407
group_9762,0.16962467267966252
group_9763,0.03158901034955734
group_9764,0.0020366598778004067
group_9765,0.0020366598778004067
group_9766,0.025828172409493335
group_9767,0.033492663867991185
group_9768,0.0
group_9769,0.0
group_977,0.14210066918824554
group_9770,0.002036659877800407
group_9771,0.033492663867991185
group_9772,0.016060517893511785
group_9773,0.2059852861714951
group_9774,0.006085040941019991
group_9775,0.04842262770688723
group_9776,0.0
group_9777,0.002036659877800407
group_9778,0.004065006858140407
group_9779,0.01010017041439794
group_978,0.004065006858140406
group_9780,0.002036659877800407
group_9781,0.0
group_9782,0.002036659877800407
group_9783,0.1268298765534727
group_9784,0.006085040941019991
group_9785,0.1576125358493703
group_9786,0.002036659877800407
group_9787,0.002036659877800407
group_9788,0.006085040941019991
group_9789,0.002036659877800407
group_979,0.004065006858140406
group_9790,0.006085040941019991
group_9791,0.19696579242695042
group_9792,0.033492663867991185
group_9793,0.002036659877800407
group_9794,0.20157945051747786
group_9795,0.010100170414397938
group_9796,0.002036659877800407
group_9797,0.002036659877800407
group_9798,0.03158901034955734
group_9799,0.01803067459162891
group_98,0.029677043933663078
group_980,0.0020366598778004067
group_9800,0.04842262770688724
group_9801,0.23043351760256037
group_9802,0.029677043933663074
group_9803,0.002036659877800407
group_9804,0.07838231015420423
group_9805,0.004065006858140406
group_9806,0.07326987821605219
group_9807,0.002036659877800407
group_9808,0.0
group_9809,0.002036659877800407
group_981,0.012095265804896293
group_9810,0.01999251839228563
group_9811,0.016060517893511785
group_9812,0.0
group_9813,0.01999251839228563
group_9814,0.0020366598778004067
group_9815,0.09164969450101831
group_9816,0.002036659877800407
group_9817,0.19696579242695042
group_9818,0.19696579242695042
group_9819,0.008096762126439167
group_982,0.004065006858140407
group_9820,0.18813749532399518
group_9821,0.0663369217340704
group_9822,0.0020366598778004067
group_9823,0.010100170414397938
group_9824,0.014082048297934238
group_9825,0.010100170414397938
group_9826,0.01999251839228563
group_9827,0.002036659877800407
group_9828,0.0020366598778004067
group_9829,0.0428862379982543
group_983,0.023891267301217847
group_9830,0.002036659877800407
group_9831,0.004065006858140407
group_9832,0.006085040941019991
group_9833,0.033492663867991185
group_9834,0.02582817240949334
group_9835,0.03915374703853027
group_9836,0.15885115757097137
group_9837,0.12968120038239328
group_9838,0.057483685938733944
group_9839,0.20684151460991726
group_984,0.1637225154827715
group_9840,0.016060517893511785
group_9841,0.006085040941019991
group_9842,0.2006733446942932
group_9843,0.01408204829793424
group_9844,0.23427407622926968
group_9845,0.006085040941019991
group_9846,0.014082048297934241
group_9847,0.0020366598778004067
group_9848,0.00608504094101999
group_9849,0.07326987821605219
group_985,0.004065006858140407
group_9850,0.160081466395112
group_9851,0.10902365019327485
group_9852,0.10125109106779168
group_9853,0.008096762126439167
group_9854,0.09488341161311774
group_9855,0.05568810008728542
group_9856,0.004065006858140406
group_9857,0.002036659877800407
group_9858,0.15129473377945882
group_9859,0.004065006858140406
group_986,0.004065006858140407
group_9860,0.027756764620308415
group_9861,0.14609085996924226
group_9862,0.01408204829793424
group_9863,0.03158901034955734
group_9864,0.004065006858140407
group_9865,0.004065006858140408
group_9866,0.03158901034955734
group_9867,0.006085040941019991
group_9868,0.14343904567937155
group_9869,0.02194604929548193
group_987,0.004065006858140406
group_9870,0.033492663867991185
group_9871,0.0
group_9872,0.010100170414397938
group_9873,0.2006733446942932
group_9874,0.0
group_9875,0.0020366598778004067
group_9876,0.0020366598778004067
group_9877,0.002036659877800407
group_9878,0.006085040941019991
group_9879,0.10902365019327485
group_988,0.002036659877800407
group_9880,0.10125109106779166
group_9881,0.016060517893511785
group_9882,0.008096762126439169
group_9883,0.0020366598778004067
group_9884,0.002036659877800407
group_9885,0.07326987821605219
group_9886,0.004065006858140406
group_9887,0.002036659877800407
group_9888,0.01999251839228563
group_9889,0.006085040941019992
group_989,0.0040650068581404054
group_9890,0.002036659877800407
group_9891,0.004065006858140406
group_9892,0.004065006858140406
group_9893,0.0020366598778004067
group_9894,0.08673677210191613
group_9895,0.15511035371378695
group_9896,0.004065006858140407
group_9897,0.018030674591628913
group_9898,0.02194604929548193
group_9899,0.018030674591628913
group_99,0.002036659877800407
group_990,0.002036659877800407
group_9900,0.004065006858140406
group_9901,0.002036659877800407
group_9902,0.002036659877800407
group_9903,0.002036659877800407
group_9904,0.00608504094101999
group_9905,0.22222037491167543
group_9906,0.0040650068581404054
group_9907,0.00809676212643917
group_9908,0.002036659877800407
group_9909,0.006085040941019992
group_991,0.035388004488964626
group_9910,0.002036659877800407
group_9911,0.07326987821605219
group_9912,0.19696579242695042
group_9913,0.002036659877800407
group_9914,0.039153747038530286
group_9915,0.03727503221247766
group_9916,0.01010017041439794
group_9917,0.002036659877800407
group_9918,0.004065006858140407
group_9919,0.0
group_992,0.0020366598778004067
group_9920,0.002036659877800407
group_9921,0.002036659877800407
group_9922,0.07326987821605219
group_9923,0.21721601064050877
group_9924,0.0020366598778004067
group_9925,0.002036659877800407
group_9926,0.004065006858140407
group_9927,0.004065006858140406
group_9928,0.002036659877800407
group_9929,0.008096762126439169
group_993,0.14210066918824554
group_9930,0.07326987821605219
group_9931,0.19409784280310902
group_9932,0.004065006858140407
group_9933,0.002036659877800407
group_9934,0.0020366598778004067
group_9935,0.07326987821605219
group_9936,0.002036659877800407
group_9937,0.002036659877800407
group_9938,0.002036659877800407
group_9939,0.004065006858140407
group_994,0.20067334469429327
group_9940,0.006085040941019991
group_9941,0.07326987821605219
group_9942,0.01010017041439794
group_9943,0.006085040941019991
group_9944,0.09808387713537556
group_9945,0.002036659877800407
group_9946,0.0
group_9947,0.014082048297934241
group_9948,0.008096762126439169
group_9949,0.09164969450101831
group_995,0.004065006858140406
group_9950,0.008096762126439167
group_9951,0.004065006858140406
group_9952,0.004065006858140407
group_9953,0.10902365019327485
group_9954,0.09648780082297682
group_9955,0.004065006858140408
group_9956,0.04102414896712249
group_9957,0.006085040941019989
group_9958,0.004065006858140407
group_9959,0.06282056610831706
group_996,0.008096762126439169
group_9960,0.20067334469429324
group_9961,0.027756764620308415
group_9962,0.01408204829793424
group_9963,0.0
group_9964,0.06458290036992395
group_9965,0.03538800448896462
group_9966,0.01408204829793424
group_9967,0.1268298765534727
group_9968,0.04288623799825429
group_9969,0.24434930795128643
group_997,0.0020366598778004067
group_9970,0.004065006858140408
group_9971,0.0020366598778004067
group_9972,0.021946049295481933
group_9973,0.0020366598778004067
group_9974,0.008096762126439167
group_9975,0.004065006858140407
group_9976,0.021946049295481926
group_9977,0.0020366598778004067
group_9978,0.1661083170539091
group_9979,0.006085040941019991
group_998,0.004065006858140406
group_9980,0.00608504094101999
group_9981,0.1447691092730371
group_9982,0.012095265804896295
group_9983,0.0020366598778004067
group_9984,0.004065006858140407
group_9985,0.17972484309406042
group_9986,0.004065006858140406
group_9987,0.004065006858140407
group_9988,0.02389126730121784
group_9989,0.008096762126439167
group_999,0.04474001413192567
group_9990,0.18608420965127392
group_9991,0.004065006858140407
group_9992,0.19506213890851656
group_9993,0.13528409327070956
group_9994,0.0020366598778004067
group_9995,0.008096762126439167
group_9996,0.03727503221247766
group_9997,0.004065006858140406
group_9998,0.053884201338376486
group_9999,0.004065006858140406
grpE,0.0
grsB,0.20067334469429327
grxA,0.010100170414397938
grxA_2~~~grxA_1,0.029677043933663074
grxB_1~~~grxB_2~~~grxB,0.002036659877800407
grxC,0.0
grxD,0.0
gshA,0.012095265804896291
gshB_2~~~gshB_1~~~gshB,0.0
gsiA_1~~~gsiA~~~gsiA_2,0.004065006858140406
gsiA_2~~~gsiA_1,0.006085040941019992
gsiB_3~~~gsiB_2~~~gsiB_1~~~btuD_5~~~gsiB,0.0
gsiC_1~~~gsiC~~~gsiC_2,0.0
gsiD,0.0
gsk,0.0
gspA_1,0.10125109106779166
gspA_2,0.10125109106779166
gspA_2~~~gspA_1~~~gspA,0.14210066918824552
gspA~~~gspA_2~~~gspA_1,0.23676794546739263
gspB,0.14210066918824552
gspC,0.14609085996924226
gspC2~~~gspK_1,0.11955609127561415
gspD2_1~~~gspD2_2~~~sctC~~~gspD2~~~gspD2_3,0.12102747412610664
gspD_1,0.002036659877800407
gspD_2~~~gspD~~~gspD_1,0.14343904567937152
gspE_1~~~gspE_2~~~gspE,0.14343904567937152
gspE_2,0.002036659877800407
gspF_2~~~gspF_1~~~gspF,0.14343904567937152
gspG,0.14343904567937152
gspH,0.14343904567937152
gspI,0.14343904567937152
gspJ,0.002036659877800407
gspK_2~~~gspK_1~~~gspK_3,0.14343904567937152
gspK~~~gspK_2~~~gspK_1,0.06982002576998211
gspL_2~~~gspL_1~~~gspL,0.14343904567937152
gspM,0.14343904567937152
gspO_3~~~gspO~~~gspO_2~~~gspO_1,0.14210066918824552
gspS2~~~yghG,0.11955609127561415
gss_1~~~gss_2~~~gss,0.0
gstA~~~gstA_2~~~gstA_1,0.0
gstB_1~~~gstB_2,0.21099796334012216
gstB_1~~~gstB_2~~~gstB,0.0
gtfA,0.002036659877800407
guaA_1~~~guaA_2~~~guaA_3~~~guaA,0.0
guaB_1,0.002036659877800407
guaB_2~~~guaB_1~~~guaB,0.0
guaC_2~~~guaC_1~~~guaC,0.0
guaD_1~~~guaD,0.008096762126439167
guaD_2,0.002036659877800407
guaD_3,0.002036659877800407
guaD_4,0.002036659877800407
gudD,0.008096762126439167
gudD_1~~~gudD_2~~~gudD_3~~~gudD~~~gudD_4,0.006085040941019991
gudP,0.012095265804896293
gudP~~~gudP_2~~~gudP_1,0.008096762126439169
gudX_1~~~gudX,0.008096762126439169
gudX~~~gudX_2,0.0040650068581404054
gutQ~~~gutQ_2~~~gutQ_1,0.0020366598778004067
gyrA_1,0.002036659877800407
gyrA_2,0.002036659877800407
gyrA_3,0.002036659877800407
gyrA_4,0.002036659877800407
gyrA_5~~~gyrA,0.002036659877800407
gyrB_1,0.004065006858140406
gyrB_3~~~gyrB_2~~~gyrB,0.0
haeIIIM,0.002036659877800407
hbd,0.02582817240949334
hbp,0.02582817240949334
hbp_2,0.018030674591628913
hcaB_2,0.014082048297934243
hcaB_3~~~hcaB_2~~~hcaB_1~~~hcaB,0.19696579242695042
hcaC,0.19696579242695042
hcaD,0.19696579242695042
hcaE_2,0.002036659877800407
hcaE_3~~~hcaE_2~~~hcaE_1~~~hcaE,0.19696579242695042
hcaF,0.19696579242695042
hcaR_1,0.08508250550729456
hcaR_1~~~hcaR_2~~~hcaR_3,0.19696579242695042
hcaR_2~~~hcaR_4,0.02775676462030841
hcaR_2~~~hdfR_4~~~hdfR_3~~~hcaR_1,0.10748576416309905
hcaT~~~hcaT_2~~~hcaT_1,0.0
hchA_2,0.08673677210191615
hchA~~~hchA_1~~~hchA_2~~~hchA_3,0.002036659877800407
hcp1,0.04658547736813668
hcpA,0.004065006858140407
hcpA_1,0.24152292281474708
hcpA_1~~~hcpA_2,0.2484060019119664
hcpA_2,0.14343904567937155
hcpA_2~~~hcpA_3~~~hcpA_1~~~hcpA_5,0.24975269130055278
hcpA_2~~~hcpA~~~hcpA_3~~~hcpA_4,0.24190531609792598
hcpA_3,0.25050916496945014
hcp_1~~~hcp_2~~~hcp,0.010100170414397938
hcp_3,0.002036659877800407
hcr,0.010100170414397938
hcxA,0.0
hcxB~~~hcxB_1~~~hcxB_2,0.0
hda,0.0
hdeA,0.0
hdeA_2,0.004065006858140406
hdeB,0.0
hdeB_2,0.004065006858140406
hdeD,0.0
hdfR_1~~~hdfR_2~~~cynR_2~~~hdfR_4~~~cynR_1,0.0
hdfR_1~~~hdfR_6~~~hcaR_2,0.0
hdfR_2,0.006085040941019989
hdfR_2~~~hdfR_1~~~hdfR_3,0.0
hdfR_3,0.010100170414397938
hdfR_3~~~gltC_1~~~hdfR_2,0.0
hdfR_5~~~allS_1~~~hdfR_1,0.0
hdhA_2~~~hdhA_1~~~hdhA,0.002036659877800407
helD_2,0.002036659877800407
helD_3,0.002036659877800407
helD_4,0.004065006858140406
helD~~~helD_1,0.002036659877800407
hemA,0.002036659877800407
hemB,0.0
hemB_2,0.00608504094101999
hemC_3~~~hemC_2~~~hemC_1~~~hemC,0.0
hemD,0.0
hemE_1~~~hemE_2~~~hemE_3~~~hemE_4~~~hemE,0.0
hemF_2~~~hemF_1~~~hemF,0.0
hemG_1~~~hemG~~~hemG_2,0.0
hemH,0.002036659877800407
hemL~~~hemL_2~~~hemL_1,0.0
hemN_1~~~hemN,0.0
hemN_2,0.002036659877800407
hemR_1~~~hemR_2,0.13109439295066294
hemR_2~~~hemR_1,0.1253917452928218
hemR_2~~~hemR_3~~~hemR_1,0.039153747038530286
hemR_3~~~hemR_2~~~hemR_4,0.22290203250342902
hemR_4,0.00608504094101999
hemS~~~hemS_2~~~hemS_1,0.1253917452928218
hemW_1~~~hemW_2,0.13939897751361238
hemW~~~hemW_1~~~hemW_2,0.0020366598778004067
hemX_2~~~hemX~~~hemX_1,0.0
hemY_1~~~hemY_2~~~hemY,0.0
hexR_1,0.010100170414397938
hexR~~~hexR_1,0.0
hflC_1,0.13666403424913753
hflC_2,0.004065006858140406
hflC_2~~~hflC,0.002036659877800407
hflD,0.002036659877800407
hflD_2~~~hflD_1~~~hflD,0.002036659877800407
hflK,0.002036659877800407
hflX,0.004065006858140406
hflX_1~~~hflX_2~~~hflX,0.002036659877800407
hfq,0.002036659877800407
hha,0.0
hhaIM,0.008096762126439169
hha_1~~~hha_2,0.016060517893511785
hha_3,0.012095265804896293
hicA,0.16962467267966252
hicB,0.19312523380024108
hifA,0.004065006858140406
higA,0.17306621222827215
higA1,0.002036659877800407
higA_1~~~higA_2~~~higA,0.14075397979965917
higA_2,0.004065006858140406
higA_3,0.03158901034955734
higB1,0.20598528617149506
higB1_2,0.004065006858140407
higB2,0.021946049295481933
higB2_1,0.13109439295066294
higB2~~~higB2_2,0.13939897751361238
higB_1~~~higB,0.1352840932707095
higB_2,0.03158901034955734
higB~~~higB_1,0.16728874849328734
higB~~~higB_2,0.24892971445197226
hilA_1~~~hilA~~~hilA_2,0.1881374953239952
hilA_2,0.10438505341036618
hin,0.002036659877800407
hinT,0.002036659877800407
hin_1,0.0020366598778004067
hin_1~~~hin_2~~~hin,0.1901575294068748
hin_1~~~hin_2~~~hin~~~hin_3,0.13109439295066294
hin_1~~~hin~~~hin_3,0.18294193441123902
hin_2,0.014082048297934243
hin_2~~~hin,0.027756764620308415
hin_2~~~hin_1,0.016060517893511785
hin_2~~~hin_1~~~hin,0.03727503221247766
hin_2~~~hin_3,0.00809676212643917
hin_2~~~hin~~~hin_1,0.13389583939482105
hin_3,0.0040650068581404054
hin_3~~~hin_4~~~hin_1~~~hin_6~~~hin,0.03538800448896462
hin_3~~~hin_4~~~hin_2~~~hin,0.0663369217340704
hin_4~~~hin_2~~~hin~~~hin_3~~~pinR,0.06808263020075646
hin_5~~~hin,0.012095265804896298
hin~~~hin_3,0.031589010349557335
hipA_1,0.002036659877800407
hipA_2~~~hipA~~~hipA_1,0.021946049295481933
hipA_3~~~hipA_2,0.012095265804896293
hipB,0.14343904567937152
hipO~~~hipO_2~~~hipO_1,0.17972484309406042
hisA,0.0
hisB_3,0.004065006858140406
hisB~~~hisB_1~~~hisB_2,0.0
hisC~~~hisC_2~~~hisC_1,0.0
hisD~~~hisD_1~~~hisD_2,0.0
hisF~~~hisF_1~~~hisF_2,0.0
hisG~~~hisG_2~~~hisG_1,0.0
hisH,0.0
hisI_2,0.00608504094101999
hisI~~~hisI_1~~~hisI_2,0.0
hisJ,0.0
hisM~~~hisM_2~~~hisM_1,0.0
hisP,0.002036659877800407
hisP_1~~~hisP,0.0
hisQ_1~~~hisQ_2~~~hisQ,0.0
hisS,0.002036659877800407
hisS_1,0.002036659877800407
hisS_2,0.002036659877800407
hiuH,0.0
hiuH_2,0.002036659877800407
hldD_2~~~hldD_1~~~hldD,0.0
hldE_2~~~hldE_1~~~hldE,0.0
hlyA_2~~~hlyA_1~~~hlyA,0.15885115757097137
hlyA~~~hlyA_1,0.010100170414397938
hlyB,0.006085040941019991
hlyB_1~~~hlyB_3~~~hlyB_2~~~hlyB,0.15885115757097137
hlyC,0.15885115757097137
hlyD,0.008096762126439167
hlyD_2~~~hlyD,0.16251714535101208
hlyE~~~hlyE_2~~~hlyE_1,0.248214805270377
hmp,0.0
hmuT~~~btuF_1,0.1253917452928218
hmuU,0.1268298765534727
hmuU_1,0.0834199260152126
hmuU_2~~~btuC_2,0.01999251839228563
hns_1,0.029677043933663074
hns_1~~~hns_2,0.016060517893511785
hns_2,0.010100170414397938
hns_2~~~hns_1,0.23321833825179775
hns_3,0.002036659877800407
hns_4~~~hns_2,0.021946049295481933
hokA,0.008096762126439169
hokB,0.01010017041439794
hokC,0.13109439295066294
hokC_1,0.15885115757097137
hokC_2~~~hokC_3,0.021946049295481926
hokE_1,0.07154910844174737
hokE_1~~~hokE_2~~~hokE_3,0.14210066918824554
hokE_3,0.24556299098050624
hokE~~~hokE_2,0.035388004488964626
holA_1~~~holA_2~~~holA,0.0
holB_2~~~holB_1~~~holB,0.002036659877800407
holC,0.002036659877800407
holD,0.002036659877800407
holE,0.0
holE_2,0.002036659877800407
hosA,0.16491957271707058
hpaB,0.14740429776798705
hpaC,0.14870942266927137
hpaIIM,0.0020366598778004067
hpcB,0.14740429776798705
hpcD,0.14740429776798705
hpcE,0.14740429776798705
hpcG,0.14740429776798705
hpcH,0.14740429776798705
hpf,0.0
hph,0.004065006858140406
hprR,0.0
hprS~~~hprS_2~~~hprS_1,0.0
hpt_2~~~hpt_1~~~hpt,0.0
hrpA_1,0.002036659877800407
hrpA_2,0.002036659877800407
hrpA_3,0.002036659877800407
hrpB_1,0.002036659877800407
hrpB_2~~~hrpB_3~~~hrpB,0.0020366598778004067
hscA_1~~~hscA_2~~~hscA,0.0
hscB_1~~~hscB_2~~~hscB,0.0
hscC_2~~~hscC_1~~~hscC,0.24923729165800734
hsdM,0.08838272579907729
hsdR,0.20247724344320212
hsdR_1,0.0040650068581404054
hsdR_1~~~hsdR_2~~~hsdR_3,0.008096762126439167
hsdR_2,0.002036659877800407
hsdR_3,0.002036659877800407
hsdR_4,0.002036659877800407
hsdR~~~hsdR_2,0.1380356623301051
hsdS,0.002036659877800407
hsdS_1,0.0040650068581404054
hslJ_1~~~hslJ,0.0020366598778004067
hslO_1~~~hslO_2~~~hslO,0.0020366598778004067
hslR_2~~~hslR~~~hslR_1,0.0020366598778004067
hslU_1,0.002036659877800407
hslU_2~~~hslU_3~~~hslU,0.0020366598778004067
hslV,0.0020366598778004067
hspA_1,0.0020366598778004067
hspA_2,0.004065006858140406
hspQ,0.002036659877800407
htpG_1~~~htpG_2~~~htpG,0.0
htpG_2,0.012095265804896291
htpX_1,0.0020366598778004067
htpX_1~~~htpX_2~~~htpX,0.002036659877800407
htpX_2,0.004065006858140406
htpX_2~~~htpX_1,0.006085040941019991
htrC,0.17753855106197264
htrE,0.002036659877800407
htrE_1~~~htrE~~~htrE_3~~~htrE_2,0.002036659877800407
htrE_2,0.008096762126439167
htrE_2~~~htrE_1,0.006085040941019991
htrE_3,0.004065006858140407
htrL_1~~~htrL~~~htrL_2,0.10593956523546283
hupA,0.0
hupB,0.0
hupB_2,0.006085040941019991
hutG,0.006085040941019991
hutH,0.006085040941019991
hutI,0.006085040941019991
hutU,0.006085040941019991
hutX,0.1253917452928218
hxlA,0.03158901034955734
hxlB,0.03158901034955734
hxlB~~~hxlB_1,0.14740429776798702
hxpA_1,0.00608504094101999
hxpA_1~~~hxpA_2~~~hxpA,0.0
hxpB,0.0
hxpB_2,0.01803067459162891
hyaA,0.002036659877800407
hyaB_2~~~hyaB_1~~~hyaB,0.002036659877800407
hyaC,0.002036659877800407
hyaD,0.002036659877800407
hyaE,0.002036659877800407
hybB_2~~~hybB_1~~~hybB,0.0
hybC_2~~~hybC_1~~~hybC,0.0
hybD,0.0
hybE_2~~~hybE_1~~~hybE,0.0
hybF,0.0
hybF_2,0.010100170414397938
hybG,0.0
hybO_2~~~hybO_1~~~hybO,0.0
hycA,0.0020366598778004067
hycD,0.0020366598778004067
hycE,0.0020366598778004067
hycG,0.0020366598778004067
hycG_2~~~ndhK~~~hycG_1,0.1960181221164637
hycI_2~~~hycI_1~~~hycI,0.0020366598778004067
hyfA_1~~~hyfA_2,0.0020366598778004067
hyfA_3,0.002036659877800407
hyfA_4~~~hyfA_1~~~hyfA_3~~~hyfA_2,0.01010017041439794
hyfA_5~~~hyfA_1~~~hyfA_2~~~hyfA_3,0.19696579242695042
hyfB_1~~~ndhB,0.0020366598778004067
hyfB_2,0.002036659877800407
hyfB_7~~~hyfB_3~~~hyfB_4~~~hyfB_5~~~hyfB_6~~~hyfB_2~~~ndhB_4~~~hyfB~~~hyfB_1,0.19696579242695042
hyfC_1~~~hyfC_2~~~hyfC,0.19696579242695042
hyfE_1~~~hyfE~~~hyfE_2,0.1960181221164637
hyfG_1~~~ndhB_2~~~hyfG_2~~~hyfG~~~nuoC_2~~~ndhB_1~~~ndhB_3,0.19696579242695042
hyfR_1~~~hyfR_2~~~hyfR_3~~~hyfR,0.19696579242695042
hyi_1~~~hyi~~~hyi_2,0.0040650068581404054
hyi_2,0.1224905440791388
hypA,0.0020366598778004067
hypB,0.0020366598778004067
hypBA1~~~hypBA1_1~~~hypBA1_2,0.244665198054782
hypC,0.0020366598778004067
hypD,0.0020366598778004067
hypE,0.0020366598778004067
hypE_1,0.002036659877800407
hypF_1,0.002036659877800407
hypF~~~hypF_4~~~hypF_3~~~hypF_2~~~hypF_1,0.0020366598778004067
hyuA_2~~~hyuA_1~~~hyuA_3~~~hyuA,0.01010017041439794
iaaA_1~~~iaaA_2~~~iaaA,0.0
iaaA_2,0.01999251839228563
iadA,0.002036659877800407
iadA~~~iadA_1~~~iadA_2~~~iadA_3,0.018030674591628906
ibaG_1~~~ibaG_2~~~ibaG,0.0
ibpA,0.0
ibpB_1~~~ibpB_2~~~ibpB,0.0
icd_1~~~icd_3~~~icd_2,0.014082048297934241
icd_2~~~icd_1,0.002036659877800407
iclR_1~~~iclR_2,0.16372251548277147
iclR_2~~~iclR_1,0.0
icsA,0.10438505341036618
icsA_1~~~icsA,0.1960181221164637
icsA_2,0.0020366598778004067
icsA_2~~~icsA_3~~~icsA_4,0.03158901034955734
icsA~~~aidAI~~~icsA_1,0.18608420965127392
icsA~~~bmaC~~~icsA_2~~~icsA_1,0.19696579242695042
idi_2,0.004065006858140406
idi~~~idi_1~~~idi_2,0.0
idnD,0.23905399226900534
idnO,0.23905399226900534
idnT_1,0.23905399226900534
idnT_2~~~idnT_1~~~gntT_2~~~gntT_1,0.24996051373706304
idnT_3,0.0020366598778004067
ifcA,0.01010017041439794
ihfA,0.0
ihfB,0.0
ileS_1~~~ileS_2~~~ileS_3~~~ileS_4~~~ileS,0.0
ilvA_1~~~ilvA_2~~~ilvA,0.0
ilvB_1~~~ilvB_2~~~ilvB,0.0
ilvB_3,0.004065006858140407
ilvC_1~~~ilvC_4~~~ilvC_3~~~ilvC_2~~~ilvC,0.0
ilvD_1,0.002036659877800407
ilvD_2~~~ilvD_3~~~ilvD_1~~~ilvD,0.0
ilvE,0.0
ilvG_3~~~ilvG_2~~~ilvG_1~~~ilvG,0.0
ilvH,0.0
ilvI_1~~~ilvI_2,0.004065006858140406
ilvI_2~~~iolD_2~~~ilvI_1~~~ilvI,0.0
ilvM,0.0
ilvN,0.0
imm_1,0.00608504094101999
imm_1~~~imm_2,0.25050916496945014
imm_1~~~imm_3~~~imm_2,0.24638596782908684
imm_2,0.010100170414397938
imm_2~~~cim,0.006085040941019991
imm_3,0.002036659877800407
imm_3~~~imm_2~~~imm_1,0.19214431189991268
imm_4,0.014082048297934238
imm_4~~~imm_2~~~imm_3,0.22290203250342902
imm~~~imm_2,0.24892971445197226
inaA_2~~~inaA_1~~~inaA,0.002036659877800407
infA,0.0
infB_2~~~infB_1~~~infB,0.0
infC,0.0
insK,0.20936032254042145
insK_2,0.023891267301217843
insK_2~~~insK,0.08341992601521261
insK_3~~~insK,0.08838272579907729
insK_4~~~insK,0.004065006858140406
insK_5,0.09648780082297682
insK~~~insK_2,0.1637225154827715
insK~~~insK_6~~~insK_2,0.18915166881416523
intA_1,0.008096762126439169
intA_1~~~intA_2~~~intA_3~~~intS_5~~~intS_6~~~intA_5~~~intA~~~intA_4~~~intS_3~~~intS_2,0.24908765950372003
intA_1~~~intA_3~~~intA_4~~~intA_5,0.04288623799825429
intA_1~~~intA_5~~~intS_2,0.17643293569973806
intA_1~~~intA_6~~~intA_7~~~intS_3~~~intS_1~~~intS_4~~~intA_5,0.11509206533937402
intA_1~~~intA_8,0.19312523380024108
intA_1~~~intA~~~intA_5~~~intA_6~~~intA_4~~~intA_3,0.09967164055031381
intA_2,0.002036659877800407
intA_2~~~intA_3,0.014082048297934241
intA_2~~~intA_4~~~intA_3,0.03727503221247766
intA_2~~~intA_4~~~intA_7~~~intA_1~~~intA_5,0.11807639552766115
intA_2~~~intA~~~intA_1~~~intA_3~~~intA_5,0.06982002576998211
intA_2~~~intS_1~~~intA_5~~~intA_4~~~intA_3~~~intA_1,0.1380356623301051
intA_3,0.004065006858140408
intA_3~~~intA_1~~~intA_2~~~intA_5~~~intS_1~~~intS_3~~~intS_2,0.15511035371378695
intA_3~~~intA_1~~~intA_6~~~intS_3~~~intS_1~~~intS_2~~~intS~~~intS_4~~~intA_2,0.1891516688141652
intA_3~~~intA_1~~~intA~~~intA_2~~~intA_5~~~intS_1~~~intA_4,0.10125109106779168
intA_3~~~intA_2,0.02582817240949334
intA_3~~~intA_2~~~intA_1~~~intA_5~~~intA_4,0.08508250550729454
intA_3~~~intA_4~~~intA_1~~~intA_2,0.03915374703853028
intA_4,0.03538800448896462
intA_4~~~intA_1~~~intA_2,0.016060517893511785
intA_4~~~intA_2,0.004065006858140407
intA_4~~~intA_3~~~intA_2~~~intA_1,0.14210066918824554
intA_4~~~intA_5~~~intA_3~~~intA_2~~~intA_1,0.23579533646452472
intA_4~~~intS_2~~~intA_3~~~intA_6~~~intS_1~~~intA_5~~~intA_1~~~intS_3,0.2248971278939274
intA_5,0.006085040941019992
intQ_1,0.006085040941019988
intQ_1~~~intQ,0.1931252338002411
intQ_2,0.016060517893511785
intQ_2~~~intQ,0.08508250550729457
intQ~~~intQ_2~~~intQ_1,0.10902365019327487
intS,0.016060517893511785
intS_1,0.006085040941019991
intS_1~~~intA_4~~~intA_2~~~intA_1,0.13528409327070956
intS_1~~~intS_2~~~intS_3,0.016060517893511785
intS_1~~~intS_5~~~intS_3~~~intS~~~intS_4~~~intS_2,0.07154910844174737
intS_1~~~intS~~~intS_2,0.13389583939482103
intS_2,0.016060517893511785
intS_2~~~intA_2,0.17192734527619605
intS_2~~~intS_3~~~intA_1,0.12968120038239328
intS_2~~~intS_4,0.25050916496945014
intS_3,0.004065006858140406
intS_3~~~intA_1,0.01010017041439794
intS_3~~~intA_1~~~intS_2~~~intS_1~~~intA_2,0.21417349016999876
intS_3~~~intS_1~~~intS_4,0.07326987821605217
intS_4,0.0020366598778004067
intS_7,0.014082048297934241
intS~~~intS_1~~~intS_5~~~intS_4~~~intS_3~~~intS_2,0.18399767238871106
intS~~~intS_3~~~intS_2,0.014082048297934241
invA~~~invA_2~~~invA_1,0.10438505341036618
invF,0.10593956523546283
iolG,0.03158901034955734
iolG~~~afr,0.10282222868780913
iolS,0.004065006858140408
iolS_1~~~iolS,0.1268298765534727
iolS_2,0.002036659877800407
iolS_2~~~iolS_1,0.09327070950579824
iolU_1~~~iolU_2~~~iolU,0.0
ipaB,0.10748576416309906
iprA_1~~~iprA_2~~~iprA,0.0
iraD,0.002036659877800407
iraM,0.24227939648364438
iraP,0.0
irtA~~~btuD_4,0.11955609127561416
iscA,0.0
iscR,0.0
iscR_2,0.002036659877800407
iscS_2~~~iscS_1~~~iscS,0.0
iscU_2~~~iscU_1~~~iscU,0.0
iscX,0.0
isfD~~~isfD2,0.0040650068581404054
ispA,0.0
ispB~~~ispB_1~~~ispB_2,0.0
ispD_3~~~ispD_2~~~ispD_1~~~ispD,0.0
ispE~~~ispE_2~~~ispE_1,0.002036659877800407
ispF,0.0
ispG,0.002036659877800407
ispG_1,0.002036659877800407
ispG_2,0.002036659877800407
ispH_1~~~ispH,0.0
ispH_2,0.002036659877800407
ispH_3,0.002036659877800407
iucA_1~~~iucA_2~~~iucA,0.2452720395693919
iucA~~~iucA_2~~~iucA_1,0.07326987821605219
iucB_1~~~iucB_2~~~iucB,0.07326987821605219
iucC_1~~~iucC,0.2452720395693919
iucC~~~iucC_2~~~iucC_1,0.08838272579907729
iucD,0.016060517893511785
iucD~~~iucD_2~~~iucD_1,0.244665198054782
iutA,0.09002036659877799
iutA~~~iutA_1,0.24584562949416025
ivy_2~~~ivy_1~~~ivy,0.0
katE_1~~~katE_2,0.004065006858140406
katE_2~~~katE_1~~~katE,0.0
katG_3~~~katG_2~~~katG_1~~~katG,0.0020366598778004067
katG_4,0.004065006858140406
kbaY_1,0.24190531609792598
kbaY_2~~~kbaY_3,0.18399767238871106
kbaY_3~~~kbaY_2~~~kbaY_1,0.033492663867991185
kbaY_3~~~kbaY_4~~~kbaY_1,0.09808387713537556
kbaY~~~kbaY_1,0.0
kbaZ_1~~~kbaZ~~~kbaZ_2,0.0
kbaZ_2,0.004065006858140406
kbl,0.0
kbp,0.0020366598778004067
kch_1~~~kch_2~~~kch_3~~~kch,0.002036659877800407
kdgK_2~~~RBKS_2~~~kdgK_1,0.002036659877800407
kdgK_3,0.016060517893511785
kdgK~~~kdgK_2,0.0
kdgM,0.010100170414397938
kdgR_2,0.24996051373706304
kdgR~~~kdgR_1~~~kdgR_2,0.0
kdgT_2,0.03538800448896462
kdgT_3~~~kdgT_2~~~kdgT~~~kdgT_1,0.0020366598778004067
kdpA_1~~~kdpA_2~~~kdpA_3~~~kdpA,0.0
kdpB_1~~~kdpB_2~~~kdpB_3~~~kdpB_4~~~kdpB_5~~~kdpB,0.0
kdpC~~~kdpC_3~~~kdpC_2~~~kdpC_1,0.0
kdpD_2,0.004065006858140406
kdpD_3~~~kdpD_5~~~kdpD_1~~~kdpD_4,0.006085040941019992
kdpD~~~kdpD_2~~~kdpD_1~~~kdpD_3,0.0
kdpE,0.0020366598778004067
kdsA_1~~~kdsA_2~~~kdsA,0.002036659877800407
kdsB,0.0
kdsC,0.0
kdsD_1,0.1901575294068748
kdsD_1~~~kdsD_2,0.0
kdsD_2,0.004065006858140407
kduD_1,0.01010017041439794
kduD_1~~~kduD_3~~~kduD_2,0.0
kduD_2~~~kduD_1~~~fabG_2,0.21018329938900202
kduD_3~~~kduD_4,0.11807639552766115
kduI,0.002036659877800407
kefC_1,0.006085040941019991
kefC_1~~~kefB_2~~~kefB_1~~~kefC_2~~~kefB,0.0
kefC_2~~~kefC_3~~~kefC_1,0.0
kefF_1~~~kefF_2,0.09327070950579824
kefF_2~~~kefF_1~~~kefF,0.0
kefG_1~~~kefG~~~ywrO,0.0
kefG_2,0.002036659877800407
kfoC,0.016060517893511785
kgtP_1~~~kgtP_2~~~kgtP_3,0.0
kilR,0.00608504094101999
kilR_2,0.008096762126439169
klcA,0.02582817240949334
klcA_1,0.0020366598778004067
klcA_1~~~klcA_2~~~klcA_3~~~klcA~~~klcA_4~~~klcA_5,0.10902365019327485
klcA_1~~~klcA_2~~~klcA~~~klcA_3,0.10438505341036619
klcA_1~~~klcA_3,0.014082048297934241
klcA_1~~~klcA_3~~~klcA_6~~~klcA_2~~~klcA_5,0.16008146639511198
klcA_1~~~klcA~~~klcA_3~~~klcA_2~~~klcA_5~~~klcA_6,0.24638596782908678
klcA_2~~~klcA_3~~~klcA_1~~~klcA~~~klcA_4,0.2461199551103537
klcA_2~~~klcA_4~~~klcA_1~~~klcA_6,0.11207448356124526
klcA_3,0.08174903362567026
klcA_3~~~klcA_2~~~klcA_4,0.090020366598778
klcA_3~~~klcA_2~~~klcA_4~~~klcA_1~~~klcA_5,0.20336672347146598
klcA_3~~~klcA_6~~~klcA~~~klcA_2~~~klcA_4,0.1282596949166632
klcA_5~~~klcA,0.12394530113471049
klcA_5~~~klcA_4~~~klcA~~~klcA_1~~~klcA_3,0.2386134087036036
klcA_6,0.002036659877800407
klcA~~~klcA_4,0.004065006858140406
klcA~~~klcA_4~~~klcA_1~~~klcA_3~~~klcA_2,0.25050916496945014
klcB,0.014082048297934241
korB,0.014082048297934241
kpsD,0.02582817240949334
kpsD_2~~~kpsD_1~~~kpsD,0.18399767238871106
kpsF,0.18294193441123907
kpsM,0.02582817240949334
kpsT,0.21260235254998133
kpsU~~~kpsU_1~~~kpsU_2,0.18399767238871106
kptA_1,0.002036659877800407
kptA_2,0.002036659877800407
kptA~~~kptA_1~~~kptA_2,0.01999251839228563
kup_4~~~kup_3~~~kup_1~~~kup_2~~~kup,0.0
lacA_1~~~lacA~~~dapH~~~lacA_2,0.03915374703853028
lacA_2,0.14609085996924223
lacB,0.14740429776798702
lacC,0.0
lacG,0.04474001413192567
lacI_1~~~lacI_2~~~lacI,0.004065006858140407
lacI_2,0.0020366598778004067
lacI_2~~~lacI_1,0.010100170414397938
lacY,0.0020366598778004067
lacY_1,0.006085040941019992
lacY_1~~~lacY~~~lacY_2,0.006085040941019991
lacZ_2,0.0020366598778004067
lacZ_4~~~lacZ_1~~~lacZ_2~~~lacZ_3~~~lacZ,0.006085040941019991
lafS,0.2455629909805062
lafT,0.24584562949416025
lafU,0.0
lamB_1,0.008096762126439167
lamB_1~~~lamB_2~~~lamB,0.0
lamB_2,0.002036659877800407
lamB_3~~~lamB_4~~~lamB_5~~~lamB_1,0.006085040941019992
lapA,0.0
lapB_1~~~lapB_2,0.0
lapB_1~~~lapB_2~~~lapB_3~~~lapB,0.0
ldcA,0.0040650068581404054
ldcC,0.0
ldcC_1,0.002036659877800407
ldcC_3~~~ldcC_1,0.004065006858140406
ldcC_4~~~ldcC~~~ldcC_2,0.004065006858140406
ldh,0.19696579242695042
ldhA_1~~~ldhA_2~~~ldhA,0.0020366598778004067
ldrA_1~~~ldrA_2~~~ldrA,0.0834199260152126
ldrA_1~~~ldrA~~~ldrA_2,0.14740429776798705
ldrD_1~~~ldrD_2~~~ldrD_3~~~ldrD,0.24466519805478198
ldrD_2,0.1253917452928218
ldrD_2~~~ldrD,0.1797248430940604
ldrD_2~~~ldrD_3~~~ldrD,0.16846086703520513
legI,0.18504509746872277
lemA,0.24858888565609544
lepA,0.0
lepB,0.0
leuA_2~~~leuA_1~~~leuA,0.002036659877800407
leuB_1~~~leuB_2~~~leuB,0.002036659877800407
leuC1,0.002036659877800407
leuC_1~~~leuC_2,0.0
leuC_2,0.002036659877800407
leuC_3,0.002036659877800407
leuC_4,0.002036659877800407
leuD,0.002036659877800407
leuE~~~leuE_3~~~leuE_2~~~leuE_1,0.0
leuO_1~~~ybdO_2~~~ybdO_1,0.090020366598778
leuO_2,0.002036659877800407
leuO_2~~~leuO_1~~~leuO,0.002036659877800407
leuS_1~~~leuS_4~~~leuS_3~~~leuS_2~~~leuS,0.0
leuS_3,0.0020366598778004067
levE_1,0.01999251839228563
lexA_1,0.15885115757097137
lexA_1~~~lexA_2~~~lexA_4,0.07154910844174737
lexA_1~~~lexA_3,0.14210066918824552
lexA_1~~~lexA_4,0.06458290036992395
lexA_1~~~lexA_4~~~lexA_2,0.20067334469429327
lexA_2,0.20768943015087912
lexA_2~~~lexA_1,0.16251714535101208
lexA_3,0.019992518392285632
lexA_3~~~lexA_2,0.16130346232179227
lexA_5,0.04102414896712249
lgoD_2,0.002036659877800407
lgoD_2~~~lgoD_1,0.1950621389085166
lgoD_2~~~lgoD_1~~~lgoD_3~~~lgoD_4,0.01999251839228563
lgoR,0.002036659877800407
lgoR_1,0.0020366598778004067
lgoR~~~lgoR_1~~~lgoR_2,0.04102414896712249
lgoT_1,0.004065006858140406
lgoT_1~~~lgoT_2~~~lgoT_3~~~lgoT,0.24858888565609544
lgrD_1,0.002036659877800407
lgt,0.00608504094101999
lgt_2~~~lgt_1~~~lgt,0.0
lhgD_2~~~lhgD_1~~~lhgD,0.006085040941019991
lhgD_3,0.002036659877800407
licC,0.002036659877800407
licT,0.1901575294068748
licT_2,0.002036659877800407
ligA_1~~~ligA_2~~~ligA_3~~~ligA_4~~~ligA_5~~~ligA,0.0
ligA_2,0.03538800448896462
ligB_2~~~ligB~~~ligB_1~~~ligB_3,0.0
lip1,0.008096762126439169
lipA_2~~~lipA_1~~~lipA,0.0
lipB,0.0
livF,0.04474001413192567
livH,0.04474001413192567
livJ_2~~~livJ_1~~~livJ,0.023891267301217843
livJ_3~~~livJ,0.01999251839228563
livK,0.04474001413192567
livK_2~~~livK_1~~~livK,0.04288623799825429
lktA,0.027756764620308415
lldD_1~~~lldD,0.0
lldD_2,0.002036659877800407
lldD_2~~~hmo,0.15129473377945882
lldP_1~~~lldP_2~~~lldP_3~~~lldP,0.002036659877800407
lldR_1,0.0
lldR_3,0.002036659877800407
lldR~~~lldR_2,0.0
lnpD,0.008096762126439167
lnt_2~~~lnt_4~~~lnt~~~lnt_1~~~lnt_3,0.0
loiP_1~~~loiP_2~~~loiP,0.0
lolA,0.002036659877800407
lolA_1,0.14870942266927137
lolB,0.002036659877800407
lolC_2,0.0040650068581404054
lolC_3~~~lolC_2~~~lolC~~~lolC_1,0.002036659877800407
lolD_1,0.0020366598778004067
lolD_1~~~lolD_2,0.002036659877800407
lolD_3,0.2255455338958394
lolD_3~~~lolD_1,0.0
lolE_3~~~lolE_2~~~lolE_1~~~lolE,0.002036659877800407
lon_1~~~lon_2,0.002036659877800407
lon_3,0.05207198969200715
lon_5~~~lon_4~~~lon_3~~~lon_2~~~lon_1,0.0
lpd,0.19696579242695042
lpdA,0.0
lpfA,0.044740014131925666
lpfA_2~~~lpfA_1~~~lpfA_3,0.18813749532399518
lpfA_2~~~lpfA_3,0.08508250550729456
lpfA_3~~~lpfA_2,0.05927095889272205
lpfB,0.0020366598778004067
lpfB_1,0.002036659877800407
lpfB_2~~~focC~~~focC_3~~~lpfB,0.016060517893511785
lpfB~~~lpfB_2,0.1282596949166632
lpfB~~~lpfB_2~~~lpfB_1,0.09002036659877799
lpfC~~~lpfC,0.18813749532399518
lpfD,0.0020366598778004067
lpfD_2~~~lpfD_1~~~lpfD,0.1268298765534727
lpfE,0.0020366598778004067
lplA_1,0.002036659877800407
lplA~~~lplA_2,0.0
lplT_3~~~lplT_1~~~lplT_2~~~lplT,0.0
lpoA_3~~~lpoA_1~~~lpoA_2~~~lpoA,0.0
lpoB,0.002036659877800407
lpp,0.0
lpp1,0.0
lptA,0.0
lptB_1,0.04474001413192567
lptB~~~lptB_1~~~lptB_2,0.0
lptC,0.0
lptD_3~~~lptD_1~~~lptD_2~~~lptD,0.0
lptE_1~~~lptE~~~lptE_2,0.0
lptF,0.002036659877800407
lptG,0.002036659877800407
lptG_2,0.002036659877800407
lptG_2~~~lptG_1,0.03727503221247766
lptG_3~~~lptG_2,0.002036659877800407
lpxA,0.0
lpxB_1,0.002036659877800407
lpxB_2~~~lpxB,0.0
lpxC_2~~~lpxC_1~~~lpxC,0.0
lpxD_1,0.02194604929548193
lpxD_2~~~lpxD_1~~~lpxD,0.0
lpxG,0.160081466395112
lpxH,0.0
lpxK~~~lpxK_1~~~lpxK_2,0.0
lpxL_1~~~lpxL_2~~~lpxL,0.002036659877800407
lpxM2_2~~~lpxM2_1~~~lpxM2,0.029677043933663074
lpxM_1~~~lpxM_2~~~lpxM,0.0
lpxP_2~~~lpxP_3~~~lpxP_1~~~lpxP,0.0
lpxT_1~~~lpxT_2~~~lpxT,0.0
lrp,0.002036659877800407
lsoA,0.018030674591628906
lsoB,0.01606051789351179
lspA,0.0
lsrA,0.002036659877800407
lsrA_2,0.008096762126439167
lsrA~~~lsrA_3~~~lsrA_2~~~lsrA_1,0.19409784280310902
lsrB,0.21018329938900202
lsrB_1,0.002036659877800407
lsrB_2,0.002036659877800407
lsrB_3,0.002036659877800407
lsrB_4,0.008096762126439167
lsrB_4~~~lsrB_2~~~lsrB_1,0.19696579242695042
lsrC_2,0.008096762126439167
lsrC_2~~~lsrC_1~~~lsrC,0.1960181221164637
lsrD,0.21099796334012216
lsrD_2~~~lsrD_1,0.1960181221164637
lsrD_3,0.008096762126439167
lsrE,0.008096762126439167
lsrF_2,0.008096762126439167
lsrF_4~~~lsrF_3~~~lsrF_2~~~lsrF_1~~~lsrF,0.1979051498399767
lsrG_3,0.008096762126439167
lsrG~~~lsrG_1~~~lsrG_2,0.09327070950579824
lsrG~~~lsrG_2~~~lsrG_1,0.1979051498399767
lsrK_3,0.008096762126439167
lsrK_5~~~lsrK_4~~~lsrK_3~~~lsrK_2~~~lsrK_1,0.1960181221164637
lsrR_1~~~lsrR,0.19409784280310902
lsrR_2,0.002036659877800407
lst,0.008096762126439167
ltaE,0.010100170414397938
ltnD_1~~~ltnD_2~~~ltnD_3~~~ltnD_4~~~ltnD,0.07498233509289662
ltrA,0.039153747038530286
ltrA_1,0.002036659877800407
ltrA_1~~~ltrA_2,0.03538800448896462
ltrA_2,0.010100170414397938
ltrA~~~ltrA_1,0.22357537719772222
ltxB,0.09808387713537554
ltxB_2~~~ltxB,0.027756764620308415
ltxC,0.004065006858140407
ltxD~~~hlyD,0.027756764620308415
lutA_1~~~lutA_2,0.014082048297934241
lutA_3~~~lutA_2,0.01803067459162891
lutB_1,0.002036659877800407
lutB_2~~~lutB_1,0.016060517893511785
lutB_2~~~lutB_1~~~lutB,0.014082048297934241
lutC_2,0.002036659877800407
lutC_2~~~lutC_1,0.014082048297934241
lutC~~~lutC_1,0.014082048297934241
lutP,0.23948626293694666
lutR,0.004065006858140406
lutR_1,0.18080551976391374
lutR_2,0.021946049295481933
lutR_3~~~lutR,0.01999251839228563
luxS_1,0.004065006858140406
luxS_1~~~luxS_2~~~luxS,0.012095265804896291
luxS_2,0.0020366598778004067
lysA_1~~~lysA_2~~~lysA_3~~~lysA,0.0
lysA_2,0.008096762126439167
lysC,0.0
lysN,0.0020366598778004067
lysN_2~~~norG,0.2503345941227815
lysN~~~hisC_1~~~lysN_1~~~lysN_2,0.0
lysO_1~~~lysO_2~~~lysO,0.010100170414397938
lysP_1~~~lysP_2~~~lysP,0.0
lysS,0.0
lysU_2~~~lysU_1~~~lysU,0.1901575294068748
lyx_1,0.002036659877800407
lyx_2,0.006085040941019989
maa,0.0
macA_1~~~macA_2~~~macA,0.0
macA_2,0.08174903362567024
macB_1,0.22357537719772222
macB_1~~~macB_2~~~macB_3~~~macB_5~~~macB_4~~~macB,0.0
macB_2,0.08174903362567024
maeA_1~~~maeA_2~~~maeA_3~~~maeA,0.0
maeB_1~~~maeB_2,0.004065006858140406
maeB_3,0.002036659877800407
maeB_4~~~maeB_5~~~maeB_2~~~maeB,0.0
mak_1,0.002036659877800407
mak_2,0.18399767238871106
mak_3,0.002036659877800407
mak~~~mak_2~~~mak_1,0.0040650068581404054
malE_1~~~malE_2~~~malE,0.0
malE_2,0.002036659877800407
malF_1~~~malF_2,0.02582817240949334
malF_2~~~malF_1~~~malF,0.0
malF_3,0.006085040941019992
malG,0.0
malG_1,0.006085040941019992
malG_2~~~ngcG,0.02582817240949334
malI_2,0.01803067459162891
malI_2~~~malI_1~~~malI,0.004065006858140406
malK_1~~~malK_2~~~malK,0.0
malK_3~~~malK_1,0.006085040941019992
malP_3,0.002036659877800407
malP_3~~~malP_2,0.002036659877800407
malP_4~~~malP_6~~~malP_5~~~malP_1,0.0
malQ~~~malQ_1~~~malQ_2~~~malQ_3,0.0
malS_1~~~malS~~~malS_2,0.004065006858140406
malS_3,0.002036659877800407
malS_4,0.002036659877800407
malT_1~~~malT_2~~~malT_3~~~malT_4~~~malT_5~~~malT,0.0
malX,0.004065006858140408
malX_1~~~malX_3~~~malX_2~~~malX,0.1901575294068748
malX_2,0.03538800448896462
malX~~~malX_1~~~malX_2,0.0
malY_1~~~malY_2~~~malY_3,0.1901575294068748
malY_2,0.004065006858140408
malY~~~malY_2,0.0
malZ_1~~~malZ_2~~~malZ,0.0
manA,0.0
manC1_1~~~manC1_2,0.012095265804896295
manC1_1~~~manC1_2~~~manC1,0.029677043933663074
manC1_2,0.004065006858140406
manC1_2~~~manC1,0.0732698782160522
manC1_2~~~manC1_1,0.02194604929548193
manC1_2~~~manC1_1~~~manC1,0.1797248430940604
manC1_3,0.002036659877800407
manC1~~~manC1_2~~~manC1_3~~~rfbM~~~manC1_1,0.03727503221247766
manX_2,0.0
manX_2~~~manX_1,0.0
manX_2~~~manX_3,0.006085040941019991
manX_3,0.11658838688224782
manX_4,0.11658838688224782
manY_1~~~manY_2~~~manY,0.0
manZ_1,0.01999251839228563
manZ_1~~~sorD~~~manZ_4,0.0
manZ_2~~~manZ_3,0.0
manZ_3,0.11658838688224782
manZ_3~~~manZ_1,0.0
map,0.0
marA,0.002036659877800407
marA_2,0.004065006858140408
marA~~~marA_1~~~marA_2,0.002036659877800407
marR,0.002036659877800407
marR_2~~~marR_1~~~marR,0.002036659877800407
matP,0.002036659877800407
mazE,0.004065006858140406
mazE_2~~~mazE,0.031589010349557335
mazF,0.004065006858140406
mazF_2,0.031589010349557335
mazF~~~mazF_1,0.2452720395693919
mazG,0.008096762126439167
mazG_1~~~mazG_2~~~mazG_3~~~mazG,0.006085040941019991
mbeA,0.027756764620308412
mbeC,0.04658547736813667
mbeC~~~mbeC_1,0.09648780082297684
mbeC~~~mbeC_2,0.02582817240949334
mbtB_1~~~COQ5~~~COQ5_2~~~eryA~~~ppsE~~~ppsE_2~~~COQ5_1,0.11955609127561416
mbtB_2,0.002036659877800407
mbtI,0.11955609127561416
mcbA,0.004065006858140407
mcbA_2,0.05568810008728542
mcbB,0.05568810008728542
mcbC,0.057483685938733944
mcbD,0.057483685938733944
mcbR~~~mcbR_1~~~mcbR_2,0.1960181221164637
mccF,0.008096762126439167
mchB,0.10282222868780913
mchI,0.11055322332599025
mcjA,0.01408204829793424
mcjD,0.016060517893511785
mcpU,0.006085040941019991
mcpU~~~aer_2~~~mcpQ,0.03538800448896462
mcr11,0.012095265804896295
mcrA,0.014082048297934241
mcrB,0.002036659877800407
mcrC,0.053884201338376486
mdaB~~~mdaB_1~~~mdaB_2,0.0
mdh_1~~~mdh_3,0.0
mdh_2,0.002036659877800407
mdh_3,0.002036659877800407
mdlB_4~~~mdlB_3~~~mdlB_2~~~mdlB_1~~~mdlB,0.004065006858140406
mdoB,0.002036659877800407
mdoB_1,0.06282056610831709
mdoB_2,0.002036659877800407
mdoB_3,0.002036659877800407
mdoB_4,0.002036659877800407
mdoB~~~mdoB_5~~~mdoB_1~~~mdoB_6~~~mdoB_2,0.01999251839228563
mdoC_1~~~mdoC,0.008096762126439169
mdoC_2,0.002036659877800407
mdoC_2~~~mdoC_3~~~mdoC,0.0040650068581404054
mdoD,0.004065006858140407
mdoD_2~~~mdoD_1~~~mdoD,0.0
mdoG_1~~~mdoG,0.0040650068581404054
mdoG_2,0.002036659877800407
mdoG_3~~~mdoG,0.002036659877800407
mdoH_1~~~mdoH_2~~~mdoH_3~~~mdoH,0.008096762126439169
mdoH_4~~~mdoH_5~~~mdoH_2~~~mdoH_1~~~mdoH,0.002036659877800407
mdrP,0.002036659877800407
mdtA_1~~~acrE~~~acrE_1~~~acrE_2,0.008096762126439169
mdtA_2~~~mdtA,0.0
mdtB_1~~~mdtB_2~~~mdtB_3~~~mdtB_4~~~mdtB_5~~~mdtB,0.0
mdtC_1~~~mdtC_2~~~mdtC_3~~~mdtC_4~~~mdtC_5~~~mdtC_6~~~mdtC_7~~~mdtC,0.0
mdtD_1~~~mdtD_2~~~mdtD,0.0
mdtD_2~~~hsrA_2~~~hsrA_1~~~hsrA,0.0
mdtE_1~~~mdtE_2~~~mdtE_3~~~mdtE,0.0
mdtF_3~~~mdtF_2~~~mdtF_1~~~mdtF,0.0
mdtF_4,0.002036659877800407
mdtF_5,0.002036659877800407
mdtF_6,0.002036659877800407
mdtF_7,0.002036659877800407
mdtF_8,0.004065006858140406
mdtF_9~~~acrB_4~~~acrB_3~~~acrB_2~~~acrB_1~~~ttgE~~~acrB_5~~~acrF_2~~~mexB_2,0.0
mdtG_2~~~mdtG_3~~~mdtG_4~~~sbnD~~~mdtG~~~sbnD_1,0.002036659877800407
mdtH_1~~~mdtH_2~~~mdtH,0.002036659877800407
mdtH_2,0.012095265804896291
mdtI,0.0
mdtJ_2,0.09648780082297684
mdtJ_2~~~emrE_1~~~emrE,0.09327070950579824
mdtJ~~~mdtJ_2,0.0
mdtK_2~~~mdtK_1~~~mdtK,0.0
mdtL_1,0.021946049295481933
mdtL_2,0.002036659877800407
mdtL_2~~~ydhC_2~~~cmlA1,0.008096762126439169
mdtL_3,0.002036659877800407
mdtL_5~~~mdfA~~~mdfA_1~~~mdfA_2,0.0
mdtL~~~mdtL_1~~~mdtL_4,0.0
mdtM_1,0.002036659877800407
mdtM_2~~~mdtM_3~~~mdtM,0.24923729165800737
mdtO_1~~~mdtO~~~mdtO_3~~~mdtO_2,0.0
melA_3~~~melA_2~~~melA_1~~~melA,0.0
melB~~~melB_1~~~melB_2~~~melB_3~~~melB_4,0.19115507710212393
melR_2~~~melR_1,0.0
melR_3~~~melR_1,0.0
menA_2~~~menA_1~~~menA,0.0020366598778004067
menB_1~~~menB_2~~~menB,0.002036659877800407
menC,0.002036659877800407
menC_1,0.002036659877800407
menC_1~~~ycjG~~~ycjG_2~~~ycjG_1,0.002036659877800407
menD_1~~~menD_2~~~menD_3~~~menD,0.0
menE_2~~~menE_1~~~oleD_1~~~oleD_3~~~oleD_2~~~oleD,0.03727503221247766
menE~~~menE_2~~~menE_1~~~menE_3,0.002036659877800407
menF_1,0.002036659877800407
menF_2~~~menF_1~~~menF,0.0
menH_2,0.0020366598778004067
menH_2~~~menH_3~~~menH,0.0
menI,0.0020366598778004067
mepA,0.0
mepA_2,0.20067334469429327
mepH,0.0
mepM_1,0.002036659877800407
mepM_2,0.02582817240949334
mepM_2~~~mepM,0.0
mepS_1,0.0
mepS_1~~~mepS_2,0.0
merA_1,0.004065006858140407
merA~~~merA_1~~~merA_2,0.11509206533937404
merC,0.11509206533937404
merP,0.11509206533937404
merR,0.12102747412610664
merT,0.11509206533937404
metAS,0.0
metB_1,0.002036659877800407
metB_2~~~metB_1~~~metB,0.0
metC_2,0.006085040941019989
metC~~~metC_2~~~metC_1,0.0
metE_3~~~metE_2~~~metE_1~~~metE,0.0
metF_2~~~metF_1~~~metF,0.0
metG_1~~~metG_2~~~metG,0.05748368593873395
metG~~~metG_2~~~metG_3~~~metG_1,0.0
metH_7~~~metH_6~~~metH_5~~~metH_4~~~metH_3~~~metH_2~~~metH_1~~~metH,0.0
metI,0.0
metJ,0.0
metK_1,0.002036659877800407
metK_1~~~metK_2~~~metK,0.018030674591628906
metK_2,0.2006733446942932
metL,0.0
metL_1,0.002036659877800407
metL_2,0.002036659877800407
metN,0.0
metQ_2~~~metQ_1~~~metQ,0.0
metR,0.0
mexB_1~~~acrF_2~~~mexB~~~acrB_2~~~acrB_3~~~mexB_2,0.16251714535101205
mexB_2~~~mexB_1~~~ttgE,0.2006733446942932
mfd_6~~~mfd_5~~~mfd_4~~~mfd_3~~~mfd_2~~~mfd_1~~~mfd,0.002036659877800407
mggB_1~~~mggB_2~~~yfkN_1,0.250426035994846
mggB~~~mggB_2,0.250426035994846
mglA_1,0.002036659877800407
mglA_3,0.002036659877800407
mglA_3~~~mglA_1~~~mglA_2~~~btuD_2,0.0
mglA_5~~~mglA_4~~~mglA_3~~~mglA_2~~~mglA_1,0.0
mglB,0.0
mglC_2~~~mglC_1~~~mglC,0.0
mgsA_2~~~mgsA_1~~~mgsA,0.002036659877800407
mgtA,0.002036659877800407
mgtA_1,0.002036659877800407
mgtA_2,0.002036659877800407
mgtA_3,0.002036659877800407
mgtA_4,0.002036659877800407
mgtA_5~~~mgtA_6~~~mgtA~~~mgtA_1~~~mgtA_2,0.0
mgtS,0.004065006858140406
mhbM~~~mhbM_2~~~mhbM_1,0.018030674591628913
mhbT,0.018030674591628913
mhpA_2,0.006085040941019991
mhpA_4~~~mhpA~~~mhpA_1~~~mhpA_2~~~mhpA_3,0.2502764038405586
mhpB_1~~~mhpB_2~~~mhpB_3~~~mhpB,0.2502764038405586
mhpB_2,0.0020366598778004067
mhpC_2,0.0020366598778004067
mhpC_2~~~mhpC_1~~~mhpC,0.2502764038405586
mhpD_1~~~mhpD_2~~~mhpD,0.2502764038405586
mhpD_2,0.0020366598778004067
mhpE_1~~~mhpE_2~~~mhpE,0.2502764038405586
mhpE_2,0.0020366598778004067
mhpF_1~~~mhpF_2~~~mhpF_3~~~mhpF,0.2502764038405586
mhpF_2,0.0020366598778004067
mhpT_1~~~mhpT_2~~~mhpT,0.2502764038405586
mhpT_2,0.0020366598778004067
miaA,0.004065006858140406
miaA_1~~~miaA_2~~~miaA,0.002036659877800407
miaB_1~~~miaB_2~~~miaB_3~~~miaB,0.0
minC_2~~~minC_1~~~minC,0.002036659877800407
minD,0.002036659877800407
minE,0.0040650068581404054
mioC,0.0
mipA_1,0.1380356623301051
mipA_1~~~mipA_2,0.008096762126439167
mipA_2~~~mipA,0.0
mkl,0.0020366598778004067
mlaA,0.0
mlaB,0.002036659877800407
mlaC,0.0
mlaD_1~~~mlaD_2~~~mlaD,0.0
mlaE_2~~~mlaE_1~~~mlaE,0.0
mlaF_1~~~mlaF~~~mlaF_2,0.0
mlc_2~~~mlc_1~~~nanK_2~~~nanK_1,0.0
mlc_2~~~mlc_3~~~mlc_1,0.0
mleN,0.1224905440791388
mliC,0.0020366598778004067
mlrA_2,0.002036659877800407
mlrA~~~mlrA_2~~~mlrA_1,0.0
mltA,0.0834199260152126
mltA_2~~~mltA_1~~~mltA,0.08508250550729456
mltB,0.014082048297934243
mltB_1~~~mltB_2~~~mltB,0.014082048297934241
mltC_1~~~mltC_2~~~mltC,0.0
mltC_2,0.02582817240949334
mltD_1~~~mltD_2~~~mltD_3~~~mltD_4~~~mltD,0.0020366598778004067
mltF_1,0.002036659877800407
mltF_2~~~mltF_1,0.012095265804896291
mltF_2~~~mltF_1~~~mltF,0.0
mltF_2~~~mltF_3~~~mltF_4,0.0040650068581404054
mltG,0.006085040941019991
mmgB~~~fadB_2~~~hbd,0.20067334469429327
mmr~~~emrE,0.160081466395112
mmuM,0.10902365019327485
mnaT,0.0
mngA_3~~~mngA_2~~~mngA_1~~~mngA,0.24113221663410783
mngB_2~~~mngB~~~mngB_3~~~mngB_1,0.24113221663410783
mngR_1~~~mngR_2~~~mngR_3,0.24113221663410783
mngR_2,0.002036659877800407
mngR_2~~~mngR_1,0.2415229228147471
mngR_2~~~nagR_2,0.23724178062263598
mnmA,0.002036659877800407
mnmA_2~~~mnmA_1~~~mnmA,0.002036659877800407
mnmC_2,0.00608504094101999
mnmC~~~mnmC_1~~~mnmC_2~~~mnmC_6~~~mnmC_5~~~mnmC_4~~~mnmC_3,0.0
mnmE_1~~~mnmE_2~~~mnmE,0.0
mnmG_1,0.002036659877800407
mnmG_3~~~mnmG_2~~~mnmG_1~~~mnmG,0.0
mntA,0.012095265804896295
mntB_1,0.18711500893636474
mntB_1~~~mntB_3,0.08838272579907729
mntB_2,0.06982002576998211
mntB_2~~~mntB_4~~~mntB_3,0.17863585352674674
mntB_3,0.00608504094101999
mntB_3~~~mntB_4~~~mntB_1~~~mntB~~~mntB_2,0.16962467267966252
mntB_4,0.012095265804896295
mntB_4~~~btuD_5~~~mntB_1,0.01999251839228563
mntB_5~~~mntB_2,0.018030674591628906
mntB_6~~~mntB_1~~~mntB_4~~~mntB_2,0.09808387713537554
mntC,0.00608504094101999
mntH_2,0.17643293569973809
mntH_2~~~mntH_1~~~mntH,0.002036659877800407
mntP_2~~~mntP_1~~~mntP,0.0
mntR~~~mntR_1~~~mntR_2,0.0
mntS,0.0
moaA_1,0.027756764620308415
moaA_2,0.002036659877800407
moaA_2~~~moaA_1~~~moaA,0.0
moaB,0.0
moaC,0.0
moaD,0.0
moaE,0.0
mobA_1,0.18399767238871106
mobA~~~mobA_1,0.0
mobB~~~mobB_1~~~mobA_2,0.0020366598778004067
mocA,0.012095265804896291
modA,0.002036659877800407
modB,0.0
modE,0.0
modF_3~~~modF_1~~~modF_2~~~modF,0.0
moeA_1~~~moeA_2~~~moeA,0.0
moeB,0.0
mog_1~~~mog_2~~~mog,0.0
mopA,0.12968120038239328
motA_1~~~motA_2~~~motA,0.0
motB_1~~~motB_2~~~motB_3~~~motB_4~~~motB,0.0
mpa,0.023891267301217843
mpaA~~~mpaA_2~~~mpaA_1,0.002036659877800407
mpl,0.002036659877800407
mpl_1~~~mpl_2~~~mpl_3~~~mpl,0.0
mppA_1~~~mppA_2~~~mppA,0.0
mppA_2~~~mppA_3~~~mppA_1,0.004065006858140406
mprA_2,0.25050916496945014
mprA_2~~~mprA_3,0.016060517893511785
mprA_2~~~mprA_3~~~mprA_1~~~mprA_4,0.12539174529282182
mprA_2~~~mprA_3~~~mprA_5~~~mprA_4,0.14609085996924226
mprA_3~~~mprA_1~~~mprA_2,0.24527203956939192
mprA~~~mprA_1,0.006085040941019992
mqo~~~mqo_1~~~mqo_2,0.0
mqsA,0.17078016542665944
mqsR,0.17078016542665944
mraY_1~~~mraY_2~~~mraY,0.0
mraZ,0.0
mrcA_3~~~mrcA_1~~~mrcA_2~~~mrcA,0.0020366598778004067
mrcB_4~~~mrcB_3~~~mrcB_2~~~mrcB_1~~~mrcB,0.0
mrcB_5,0.002036659877800407
mrdA_1~~~mrdA_2~~~mrdA_3~~~mrdA_4~~~mrdA,0.0
mrdB_2~~~mrdB_1~~~mrdB,0.0
mrdB_3,0.002036659877800407
mreB_1~~~mreB_2~~~mreB,0.002036659877800407
mreC_1~~~mreC_2~~~mreC,0.002036659877800407
mreD,0.002036659877800407
mrpA~~~ybgD_1,0.20157945051747786
mrr,0.1891516688141652
msbA_1,0.008096762126439167
msbA_2,0.18080551976391374
msbA_2~~~msbA_1,0.0
msbA_3,0.002036659877800407
mscK_3~~~mscK_1~~~mscK_2~~~mscK,0.0
mscL_1~~~mscL_2~~~mscL,0.0
mscM,0.004065006858140406
mscM_2,0.002036659877800407
mscM_3,0.002036659877800407
mscM_4~~~mscM_5~~~mscM,0.002036659877800407
mscS_2~~~mscS~~~mscS_1,0.0
mshA_1,0.004065006858140408
mshA_1~~~mshA_2,0.029677043933663074
mshA_1~~~rfaG_1,0.1500062346730953
mshA_2,0.03158901034955734
mshA_2~~~cotSA,0.10125109106779166
mshA_2~~~mshA_1,0.029677043933663074
mshA_3,0.002036659877800407
mshA_3~~~gtfA~~~pimB~~~mshA~~~mshA_2,0.06808263020075646
mshA_3~~~mshA_1,0.06982002576998211
mshA_3~~~mshA_2,0.008096762126439167
mshA_4,0.0020366598778004067
mshA_4~~~mshA_1,0.06282056610831706
msiK~~~potA_3~~~potA_1~~~potA_2,0.0
msmE,0.10125109106779168
msmX_1,0.02194604929548193
msmX_1~~~msmX~~~msmX_2~~~btuD_3,0.09967164055031381
msrA,0.0
msrB,0.0
msrC,0.002036659877800407
msrE,0.002036659877800407
msrP,0.0
msrQ~~~msrQ_1~~~msrQ_2,0.0
mtfA,0.0
mtgA_1,0.002036659877800407
mtgA~~~mtgA_1~~~mtgA_2,0.0
mtlA_2,0.0
mtlA_2~~~mtlA_1~~~mtlA_3~~~mtlA_5~~~mtlA_4,0.0020366598778004067
mtlA_3~~~mtlA_2~~~mtlA_1,0.012095265804896293
mtlD~~~mtlD_1~~~mtlD_2,0.0
mtlK_1,0.01803067459162891
mtlK~~~mtlK_2~~~mtlK_1,0.19409784280310902
mtlK~~~por_1~~~por_3~~~por_2~~~mtlK_1~~~mtlK_2~~~uxaB_2,0.0
mtlR,0.0
mtlR_2~~~manR,0.18399767238871106
mtnA_2~~~mtnA_1~~~mtnA,0.2500519556091276
mtnN,0.0
mtnN_1,0.0020366598778004067
mtr_2~~~mtr_1~~~mtr,0.0
mug,0.0
mukB_1~~~mukB_2~~~mukB_3~~~mukB_4~~~mukB_5~~~mukB_6~~~mukB,0.0
mukE_1~~~mukE_2~~~mukE,0.0
mukF~~~mukF_1~~~mukF_2,0.0
murA_1~~~murA_2~~~murA_3~~~murA,0.0
murB,0.002036659877800407
murC_2~~~murC_1~~~murC,0.0
murC_3,0.004065006858140406
murD_1~~~murD_2~~~murD,0.0
murE_1~~~murE,0.0
murE_2,0.002036659877800407
murF,0.0
murG_1~~~murG_2~~~murG,0.0
murG_2,0.002036659877800407
murI_1,0.004065006858140406
murI_1~~~murI_2~~~murI,0.0
murI_3,0.002036659877800407
murJ_1,0.004065006858140406
murJ_4~~~murJ_3~~~murJ_2~~~murJ_1~~~murJ,0.002036659877800407
murP_1~~~murP_3,0.004065006858140406
murP_2~~~murP_1~~~murP,0.0040650068581404054
murQ_1,0.002036659877800407
murQ_2~~~murQ~~~murQ_1,0.0
murR_1~~~murR,0.0
murR_3~~~murR_2~~~murR_1,0.19696579242695042
mutH,0.0
mutL,0.004065006858140406
mutL_3~~~mutL_2~~~mutL_1~~~mutL,0.002036659877800407
mutL_4,0.002036659877800407
mutM_2~~~mutM_1~~~mutM,0.0
mutM_3,0.002036659877800407
mutM_4,0.004065006858140406
mutS2,0.004065006858140406
mutS_1~~~mutS_2~~~mutS,0.0020366598778004067
mutT,0.0
mutY_1~~~mutY_2~~~mutY,0.0
mxiC,0.0996716405503138
mzrA,0.002036659877800407
nadA_3~~~nadA_2~~~nadA_1~~~nadA,0.0
nadB_1~~~nadB_2~~~nadB,0.0
nadC_1~~~nadC_2~~~nadC_3,0.0
nadC_2,0.1268298765534727
nadD_2~~~nadD_1~~~nadD,0.0
nadE,0.0
nadK_1,0.0040650068581404054
nadK_2~~~nadK_3~~~nadK,0.0
nadR_2~~~nadR_1,0.2489297144519723
nadR~~~nadR_2~~~nadR_1,0.0
nagA_1~~~nagA_2~~~nagA_3~~~nagA_4~~~nagA,0.0
nagB_1~~~nagB_2,0.0
nagB_2,0.002036659877800407
nagB_3~~~nagB_1,0.0
nagC,0.0
nagD_2~~~nagD_1~~~nagD,0.0
nagE_1~~~nagE_2~~~nagE_3~~~nagE,0.0
nagK_1,0.018030674591628913
nagK_1~~~nagK_2~~~nagK,0.002036659877800407
nagL,0.018030674591628913
nagR_2,0.016060517893511782
nagZ_2~~~nagZ_1~~~nagZ,0.002036659877800407
nanA,0.0
nanA_2,0.2186873934910013
nanC,0.012095265804896288
nanC_2~~~nanC_1,0.2186873934910013
nanE,0.0
nanE_2,0.10593956523546283
nanK_1~~~nanK~~~nanK_2,0.0
nanK_2,0.2186873934910013
nanM,0.008096762126439165
nanM_1,0.004065006858140406
nanM_2~~~nanM_1,0.2186873934910013
nanM_2~~~nanM_3,0.014082048297934241
nanM~~~nanM_2~~~nanM_1,0.014082048297934238
nanR_1~~~lutR,0.01010017041439794
nanR_2~~~glcC,0.039153747038530286
nanR_2~~~nanR_1,0.0
nanR_3,0.2186873934910013
nanR_3~~~pdhR_1~~~lldR_3,0.018030674591628906
nanS,0.002036659877800407
nanS_1,0.06982002576998211
nanS_1~~~nanS,0.014082048297934238
nanS_2,0.2186873934910013
nanT_1,0.002036659877800407
nanT_2,0.2186873934910013
nanT_2~~~lgoT_1~~~lgoT~~~lgoT_2,0.24369258905191404
nanT_3~~~nanT_2~~~nanT_1~~~nanT,0.0
nanT_4~~~ynfM_1~~~ynfM~~~ynfM_2,0.0
napA_4~~~napA_3~~~napA_2~~~napA~~~napA_1,0.0
napA_5,0.002036659877800407
napA_6,0.002036659877800407
napB,0.0
napC,0.0
napD,0.0
napF,0.0
napF_2~~~napG,0.0
napH_1,0.002036659877800407
napH_2,0.002036659877800407
napH_3~~~napH_1~~~napH_2~~~napH,0.0
narG_1~~~narG_2~~~narG_3~~~narG_4~~~narG,0.0040650068581404054
narH~~~narH_1~~~narH_2,0.0040650068581404054
narI,0.0040650068581404054
narJ,0.0040650068581404054
narK,0.0040650068581404054
narL_1,0.0
narL_1~~~narL_2~~~narL_3,0.002036659877800407
narQ_3~~~narQ_1~~~narQ_2~~~narQ,0.0
narU_1~~~narU_2,0.0040650068581404054
narU~~~narU_2~~~narU_4~~~narU_5~~~narU_3~~~narU_1,0.0
narV~~~narV_1~~~narV_2,0.0040650068581404054
narW~~~narW_2~~~narW_1,0.0040650068581404054
narX,0.002036659877800407
narX_1,0.002036659877800407
narX_2,0.002036659877800407
narY_1~~~narY_2~~~narY,0.0040650068581404054
narZ_3,0.002036659877800407
narZ_4,0.0040650068581404054
narZ~~~narZ_1~~~narZ_2,0.0
nasD~~~nasB_1~~~nasB_2,0.0
ndhB_1~~~ndhB_2~~~ndhD~~~nuoL_2~~~mrpA~~~ndhB_3,0.1950621389085166
ndhB_3~~~nuoN_3~~~nuoN_2~~~nuoN,0.0
ndhC,0.0
ndhE~~~nuoK,0.0
ndhF,0.01010017041439794
ndhI_1~~~ndhI~~~ndhI_2,0.0020366598778004067
ndhI_2~~~ndhI_1,0.19696579242695042
ndhS,0.01010017041439794
ndh_2~~~ndh_1~~~ndh,0.002036659877800407
ndk,0.002036659877800407
nei_1~~~nei_2~~~nei,0.0
nemA_1~~~nemA~~~nemA_2,0.0
nemA_2,0.008096762126439169
nemR,0.0
nemR_2,0.008096762126439169
neo,0.18711500893636474
neo_2,0.002036659877800407
neo_2~~~neo,0.031589010349557335
neo_3,0.002036659877800407
neo~~~neo_6,0.006085040941019991
nepI_1~~~nepI_2,0.09488341161311774
nepI_1~~~nepI_3,0.02582817240949334
nepI_4~~~nepI_1~~~nepI_3~~~nepI_2~~~nepI,0.0
neuA,0.01010017041439794
neuA~~~neuA_1~~~neuA_2,0.18080551976391374
neuC,0.008096762126439167
neuC_1~~~neuC_2~~~neuC,0.18080551976391374
neuO,0.023891267301217843
nfaA,0.02582817240949334
nfdA,0.008096762126439167
nfi_2~~~nfi_1~~~nfi,0.0
nfnB,0.004065006858140408
nfo,0.0
nfrA,0.0020366598778004067
nfrA_1,0.002036659877800407
nfrA_2~~~nfrA_1~~~nfrA,0.006085040941019991
nfsA~~~nfsA_2~~~nfsA_1,0.010100170414397938
nfsB,0.002036659877800407
nfsB_1~~~nfsB~~~nfsB_2,0.002036659877800407
nfuA,0.0020366598778004067
ngcG,0.03538800448896462
nhaA_1,0.002036659877800407
nhaA_2,0.0020366598778004067
nhaA_3~~~nhaA_4~~~nhaA_1~~~nhaA_2~~~nhaA,0.0
nhaB_2~~~nhaB_1~~~nhaB,0.002036659877800407
nhaK_1,0.002036659877800407
nhaK_2~~~nhaK_3~~~nhaK_1,0.2455629909805062
nhaK_3~~~nhaK_2~~~nhaK_1~~~nhaK,0.0
nhaR_2~~~nhaR_1~~~nhaR,0.0
nhoA~~~nhoA_3~~~nhoA_2~~~nhoA_1,0.004065006858140406
nicS,0.002036659877800407
nifH,0.002036659877800407
nifJ_1~~~nifJ,0.0020366598778004067
nifJ_2,0.0040650068581404054
nikA,0.006085040941019993
nikA_1~~~nikA_2~~~nikA_3~~~nikA,0.008096762126439169
nikB,0.002036659877800407
nikB_2~~~nikB~~~nikB_1,0.006085040941019993
nikC,0.008096762126439169
nikC_2~~~nikC_1~~~nikC,0.006085040941019993
nikD,0.008096762126439169
nikE,0.008096762126439169
nikR,0.008096762126439169
nimR_2,0.002036659877800407
nimR_2~~~rhaR_4,0.1808055197639137
nimR~~~nimR_2~~~nimR_3,0.0
nimT_1~~~nimT~~~nimT_2,0.0
nirC,0.0
nirD_2~~~nirD_1~~~nirD,0.0
nlhH~~~aes_2~~~aes_1,0.13939897751361238
nlpA_1,0.002036659877800407
nlpA~~~nlpA_1~~~nlpA_2,0.008096762126439167
nlpD_1~~~nlpD_2,0.006085040941019991
nlpD~~~nlpD_1,0.0
nlpE~~~arfB~~~prfB_3,0.0
nlpI,0.0
nnr,0.004065006858140406
nnr_1~~~nnr_3~~~nnr~~~nnr_2,0.002036659877800407
noc,0.002036659877800407
noc_1,0.006085040941019991
noc_1~~~noc,0.13528409327070956
noc_2,0.004065006858140407
noc_3,0.002036659877800407
noc~~~noc_1,0.04288623799825429
noc~~~noc_2~~~noc_1,0.21795585851448518
noc~~~noc_2~~~noc_1~~~noc_3,0.15384679329980466
nodD2,0.002036659877800407
nohA_1,0.03158901034955734
nohA_1~~~nohA,0.01010017041439794
nohA_1~~~nohA_2,0.15761253584937032
nohA_2,0.10438505341036618
nohA_2~~~nohA_1,0.15885115757097137
nohA_2~~~nohA~~~nohA_1,0.10748576416309906
nohA_3~~~nohA_2~~~nohA~~~nohA_1,0.07154910844174737
nohA~~~nohA_2,0.24923729165800731
norR_1,0.002036659877800407
norR_1~~~norR_3~~~norR_2~~~norR_4,0.0
norR_2,0.012095265804896291
norR_3~~~norR_4~~~norR_2~~~norR_1,0.0020366598778004067
norR_4,0.027756764620308415
norR_5~~~atoC_2~~~atoC_1~~~atoC,0.08006982833866745
norV_1~~~norV_2~~~norV_3~~~norV,0.0020366598778004067
norW~~~norW_3~~~norW_2~~~norW_1,0.0020366598778004067
nplT,0.02582817240949334
nqrC_2~~~nqrC_1~~~nqrC,0.22357537719772222
nrdA_1~~~nrdA~~~nrdA_2,0.002036659877800407
nrdA_2,0.03158901034955734
nrdB_2,0.03158901034955734
nrdB_3~~~nrdB_1~~~nrdB_2~~~nrdB,0.002036659877800407
nrdD,0.002036659877800407
nrdD_1~~~nrdD_2~~~nrdD,0.0
nrdD_2,0.002036659877800407
nrdD_3,0.002036659877800407
nrdE_1,0.002036659877800407
nrdE_2,0.002036659877800407
nrdE_2~~~nrdE_1~~~nrdE,0.0
nrdF_2~~~nrdF_1~~~nrdF,0.0
nrdG,0.0
nrdH,0.0
nrdI,0.0
nrdR_1~~~nrdR_2~~~nrdR,0.0
nrfA_1~~~nrfA_5~~~nrfA_4~~~nrfA_3~~~nrfA_2~~~nrfA,0.0
nrfB_2~~~nrfB_1~~~nrfB,0.0
nrfG,0.0020366598778004067
nrfG~~~nrfG_2~~~nrfG_1,0.0020366598778004067
nsrR,0.004065006858140406
nsrR_1~~~nsrR_2~~~nsrR,0.002036659877800407
ntdA,0.023891267301217843
ntdB,0.021946049295481933
ntdC,0.07668647907228064
nth_1~~~nth_2~~~nth,0.0
nudC_1~~~nudC_2~~~nudC,0.0
nudE_2~~~nudE~~~nudE_1,0.0020366598778004067
nudF,0.0
nudG,0.0
nudI,0.0040650068581404054
nudJ,0.002036659877800407
nudK_2~~~nudK_1~~~nudK,0.0
nudL,0.0
nuoB_1~~~nuoB_2~~~nuoB,0.0
nuoC_1,0.002036659877800407
nuoC_2~~~nuoC_4~~~nuoC_3~~~nuoC_1~~~nuoC,0.0
nuoE,0.0
nuoF_1~~~nuoF_2~~~nuoF,0.0
nuoG_1~~~nuoG_2~~~nuoG,0.0
nuoH_2~~~nuoH_1~~~nuoH,0.0
nuoI~~~ndhI_3,0.0
nuoJ,0.006085040941019992
nuoL_3~~~nuoL_2~~~nuoL_1~~~nuoL,0.0
nuoM_3~~~nuoM_2~~~nuoM_1~~~nuoM,0.0
nuoN_1,0.002036659877800407
nupC_1~~~nupC_2~~~nupC_3~~~nupC,0.002036659877800407
nupG_1~~~nupG,0.0
nupX_1~~~nupX~~~nupX_2,0.21941061557005695
nusA_1~~~nusA_3~~~nusA_2~~~nusA,0.0
nusB_1,0.002036659877800407
nusB_2~~~nusB,0.0
nusG_1~~~nusG_2~~~nusG,0.0
oatA,0.002036659877800407
oatWY,0.0020366598778004067
obgE_1~~~obgE_2~~~obgE,0.0
occR,0.0
ogg,0.0020366598778004067
ogl,0.11807639552766115
ogl_1,0.002036659877800407
ogl_2,0.002036659877800407
ogl_3,0.002036659877800407
ogt_2~~~ogt~~~ogt_1,0.0
oleD_1,0.21941061557005695
oleD~~~oleD_1~~~oleD_2,0.010100170414397938
ompA~~~ompA_2,0.002036659877800407
ompC_1~~~ompC_2~~~ompC,0.01010017041439794
ompC_2~~~ompD_1~~~ompD_3~~~ompD_2,0.07838231015420423
ompD_1,0.004065006858140407
ompD_1~~~ompD_2~~~ompD,0.20336672347146598
ompD_2~~~ompD~~~ompD_1,0.24689305457417185
ompD_4,0.0020366598778004067
ompD~~~ompD_1,0.25050916496945014
ompF_2,0.006085040941019988
ompF_2~~~ompF~~~ompF_1,0.002036659877800407
ompG_1,0.0020366598778004067
ompG_2~~~ompG,0.09967164055031381
ompL,0.2502099006608753
ompN_1~~~ompN_2~~~ompC_1,0.11358743089903987
ompN~~~ompN_2~~~ompC_2,0.0020366598778004067
ompP~~~ompT_2~~~ompT,0.09327070950579824
ompR_2,0.002036659877800407
ompR_2~~~ompR_1~~~ompR,0.0020366598778004067
ompT_1~~~ompT,0.14075397979965917
ompT_1~~~ompT_2,0.03158901034955734
ompT_3~~~ompT_2~~~ompT_1~~~ompT,0.05207198969200714
ompW~~~ompW_1~~~ompW_2,0.002036659877800407
ompX_2~~~ail~~~ompX_1~~~ompX_3~~~ompX_4,0.18813749532399518
ompX_2~~~ompX_1~~~ompX_3~~~ompX_4~~~ail,0.21494658963381685
ompX_3~~~ompX_1~~~ompX_2~~~ompX_4,0.11358743089903987
ompX_3~~~ompX_2~~~ompX_1~~~ail,0.24638596782908678
ompX_4~~~ompX_2~~~ompX_3,0.09164969450101831
ompX~~~ompX_1,0.0
opgE_2~~~opgE_3,0.02582817240949334
opgE_2~~~opgE_3~~~opgE_1~~~opgE_4~~~opgE_6,0.18399767238871106
opgE_2~~~opgE~~~opgE_3~~~opgE_1,0.0
opgE_3,0.006085040941019991
opgE_4~~~opgE_1~~~opgE_2~~~opgE_3,0.10902365019327485
opgE_4~~~opgE_1~~~opgE_2~~~opgE_3~~~opgE_5,0.2255455338958394
oppA_1~~~oppA_2~~~oppA_3~~~oppA,0.002036659877800407
oppA_2,0.014082048297934241
oppB_1~~~oppB_2~~~oppB,0.002036659877800407
oppC,0.002036659877800407
oppD_1~~~oppD_2~~~oppD_3~~~oppD_4~~~oppD,0.002036659877800407
oprM_1,0.0020366598778004067
opuE,0.008096762126439167
orgA,0.18187788353630657
orn,0.004065006858140406
orn_2~~~orn~~~orn_1,0.002036659877800407
ortT,0.0
osmB,0.0
osmC,0.002036659877800407
osmE_2~~~osmE_1~~~osmE,0.0
osmY_1~~~osmY_2,0.0
osmY_4~~~osmY_3~~~osmY_2~~~osmY_1,0.0
otnC,0.07498233509289662
otnI,0.07498233509289662
otnK_1~~~otnK_2~~~otnK,0.07498233509289662
otsA_1~~~otsA_2~~~otsA,0.002036659877800407
otsB_1~~~otsB,0.002036659877800407
otsB_2,0.002036659877800407
oxc_4~~~oxc_3~~~oxc_1~~~oxc_2~~~oxc,0.0
oxyR_1~~~oxyR_2~~~oxyR_3,0.0
oxyR_3~~~oxyR_1~~~cmpR_2~~~cynR_1~~~allS_2~~~pgrR_3~~~catM_1,0.0
paaA_1~~~paaA_2~~~paaA,0.15129473377945882
paaB,0.15129473377945882
paaC,0.15129473377945882
paaD,0.15129473377945882
paaE_1~~~paaE~~~paaE_2~~~paaE_3,0.1500062346730953
paaF,0.1500062346730953
paaG_2~~~paaG_1~~~paaG,0.1500062346730953
paaH_3~~~paaH_1~~~paaH_2~~~paaH,0.1500062346730953
paaI,0.1500062346730953
paaJ_1~~~paaJ_2~~~paaJ_3~~~paaJ_4~~~paaJ,0.1500062346730953
paaK_1,0.002036659877800407
paaK_2,0.002036659877800407
paaK_3~~~paaK,0.1500062346730953
paaX,0.15384679329980466
paaZ_1~~~paaZ_2,0.004065006858140406
paaZ_2~~~paaZ,0.1500062346730953
pabB~~~pabB_2~~~pabB_1,0.0
pabC_1~~~pabC~~~pabC_2,0.002036659877800407
pac_2~~~pac,0.08508250550729456
paeR7IM,0.002036659877800407
paeR7IR,0.002036659877800407
pagN_2,0.0020366598778004067
pagN_2~~~pagN~~~pagN_1,0.16491957271707058
pagN_3~~~pagN_1~~~pagN,0.0663369217340704
pagN~~~pagN_2,0.1447691092730371
pagP,0.0
pal_1~~~ompA_2~~~ompA_1,0.2068415146099173
pal_1~~~pal_2~~~pal_3,0.04658547736813668
pal_2,0.0020366598778004067
pal_3,0.0020366598778004067
pal_4,0.002036659877800407
pal~~~pal_1,0.0
panB_2,0.002036659877800407
panB~~~panB_1,0.0
panC_2~~~panC~~~panC_1,0.0
panD,0.0
panE,0.0
panF_3~~~panF_2~~~panF_1~~~panF,0.0
panZ,0.04288623799825429
paoA~~~paoA_2~~~paoA_1,0.18399767238871106
paoB,0.18399767238871106
paoC_1~~~xdhA_1~~~xdhA_2,0.01010017041439794
paoC_2~~~paoC_3~~~paoC_1~~~paoC,0.18399767238871106
paoD~~~paoD_2~~~paoD_1,0.18399767238871106
papA,0.0020366598778004067
papA_1~~~papA,0.09002036659877799
papA_2,0.0020366598778004067
papA_2~~~papA~~~papA_1,0.09002036659877798
papA_3,0.004065006858140404
papA~~~papA_1~~~papA_2,0.027756764620308415
papA~~~papA_2~~~papA_1,0.22681740720728208
papB,0.004065006858140404
papB_2,0.0020366598778004067
papB~~~papB_1,0.11358743089903987
papC_1,0.0020366598778004067
papC_1~~~papC_2~~~papC_3~~~papC_5~~~papC_4~~~papC~~~yfcS_2~~~yfcS_1,0.0
papC_1~~~papC_2~~~papC_4~~~papC_3,0.20157945051747786
papC_1~~~papC_2~~~papC_4~~~papC_3~~~papC_6,0.19115507710212395
papC_1~~~papC_3~~~papC_2,0.24759133796084626
papC_1~~~papC_3~~~papC_4~~~papC_2,0.18813749532399518
papC_2,0.0020366598778004067
papC_2~~~papC_4~~~papC_5~~~papC_3,0.07668647907228064
papC_3,0.0020366598778004067
papC_3~~~papC_1~~~papC_2~~~papC_4,0.06282056610831707
papC_4,0.004065006858140406
papC_7,0.002036659877800407
papD,0.01803067459162891
papD_1,0.021946049295481933
papD_1~~~papD,0.18187788353630657
papD_2~~~papD_1~~~papD_3~~~papD,0.06633692173407038
papD_2~~~papD~~~papD_1,0.19115507710212395
papE,0.0020366598778004067
papE_1,0.004065006858140404
papE_1~~~papE,0.02194604929548193
papE_2,0.006085040941019988
papE_2~~~papE~~~papE_1,0.0996716405503138
papE~~~papE_2~~~papE_1,0.12102747412610664
papF,0.0020366598778004067
papF_1,0.004065006858140404
papF_1~~~papF~~~prsF,0.1960181221164637
papF~~~prsF~~~prsF_1,0.06458290036992395
papG,0.016060517893511785
papG_2~~~papG~~~papG_1,0.09327070950579826
papH,0.0020366598778004067
papH_1~~~papH_2~~~papH~~~papH_3,0.09808387713537554
papH_2~~~papH,0.01803067459162891
papH_2~~~papH~~~papH_1,0.16251714535101205
papH_3~~~papH,0.06982002576998211
papK,0.18294193441123907
papK_1,0.004065006858140404
papK_2,0.0020366598778004067
papK_2~~~papK,0.027756764620308415
parA,0.012095265804896291
parC_1~~~parC_2~~~parC,0.0
parD1,0.090020366598778
parE_1~~~parE_2~~~parE_4~~~parE_3~~~parE,0.0
parM,0.09808387713537554
parM_1~~~parM_2,0.023891267301217843
parM_1~~~parM_2~~~parM,0.012095265804896293
parM_1~~~parM_2~~~parM_3,0.09967164055031381
parM_1~~~parM~~~parM_2,0.18608420965127392
parM_2~~~parM,0.14609085996924226
pasT~~~ratA,0.0040650068581404054
patA_3~~~patA_2~~~patA_1~~~patA,0.0
patB,0.10125109106779166
patB_2,0.008096762126439169
patB~~~malY_2,0.1253917452928218
patZ_1,0.0040650068581404054
patZ_2~~~patZ_3~~~patZ_1~~~patZ,0.0
pbpC_1,0.002036659877800407
pbpC_2,0.006085040941019991
pbpC_3,0.002036659877800407
pbpC_4,0.002036659877800407
pbpC_5,0.002036659877800407
pbpC_6,0.002036659877800407
pbpC~~~pbpC_1,0.002036659877800407
pbpG,0.0
pcaB,0.006085040941019989
pchB,0.0020366598778004067
pchR,0.00608504094101999
pckA_1~~~pckA_2~~~pckA,0.0020366598778004067
pcm_2~~~pcm_1~~~pcm,0.0
pcnB,0.0
pcoC,0.02389126730121784
pcoE~~~pcoE_2~~~pcoE_1,0.02389126730121784
pcpR,0.006085040941019991
pcrA,0.002036659877800407
pdeA_1~~~pdeA_2~~~pdeA,0.002036659877800407
pdeB_1,0.00608504094101999
pdeB_2~~~pdeB_1~~~pdeB,0.0
pdeC_1~~~pdeL_1~~~pdeL_2,0.06458290036992395
pdeC_2~~~pdeC~~~pdeC_1,0.0
pdeD_3~~~pdeD_2~~~pdeD_1~~~pdeD,0.0
pdeF_1,0.004065006858140406
pdeF_1~~~pdeF_2~~~pdeF_3~~~pdeF_4~~~pdeF,0.0
pdeG_2,0.002036659877800407
pdeG_2~~~pdeG_3~~~pdeG~~~pdeG_1,0.004065006858140406
pdeH_1,0.0020366598778004067
pdeH_2~~~pdeH_1~~~pdeH,0.0
pdeI_1~~~pdeI_2,0.004065006858140406
pdeI_1~~~pdeI_2~~~pdeI_3~~~pdeI,0.0
pdeK_1~~~pdeK_2~~~pdeK,0.0
pdeL_1,0.0020366598778004067
pdeL_2,0.004065006858140406
pdeL_2~~~pdeL_1~~~pdeG_1,0.10125109106779166
pdeL_2~~~pdeL~~~pdeL_1,0.02389126730121784
pdeL_3,0.004065006858140406
pdeN_2~~~pdeN_1,0.01010017041439794
pdeN_3~~~pdeN_2~~~pdeN_1~~~pdeN,0.0
pdeN_4,0.002036659877800407
pdeR_3~~~pdeR_1~~~pdeR_2~~~pdeR,0.0
pdg,0.002036659877800407
pdhR_2~~~pdhR_3,0.19409784280310902
pdhR~~~pdhR_2,0.0
pduA,0.2006733446942932
pduA_1,0.18504509746872275
pduA_2,0.09648780082297684
pduA_3,0.09648780082297684
pduB,0.18504509746872275
pduC,0.18504509746872275
pduD,0.18504509746872275
pduE,0.18504509746872275
pduF~~~pduF_2~~~pduF_1,0.18504509746872275
pduL,0.18504509746872275
pduU,0.18504509746872275
pduV_2~~~pduV_1,0.2068415146099173
pduV_2~~~pduV_1~~~pduV,0.0
pdxA2,0.14343904567937152
pdxA_1~~~pdxA_2~~~pdxA,0.0
pdxB_1~~~pdxB_2~~~pdxB,0.0
pdxH,0.0
pdxI,0.008096762126439165
pdxI~~~pdxI_2~~~pdxI_1,0.01010017041439794
pdxJ~~~pdxJ_1~~~pdxJ_2,0.0
pdxK,0.0
pdxY_2~~~pdxY_1~~~pdxY,0.0
pelX,0.002036659877800407
pelX~~~pelX_2~~~pelX_1,0.11807639552766115
pemI,0.002036659877800407
pemK,0.002036659877800407
pemK_1~~~pemK,0.2255455338958394
pemK~~~pemK_1,0.0040650068581404054
pepA,0.002036659877800407
pepA_1,0.002036659877800407
pepA_2,0.002036659877800407
pepB_3~~~pepB_2~~~pepB_1~~~pepB,0.0
pepD_1~~~pepD_2~~~pepD_3~~~pepD,0.0
pepE,0.0
pepN_1~~~pepN_2~~~pepN,0.002036659877800407
pepP_3~~~pepP~~~pepP_2~~~pepP_1,0.0
pepQ_3~~~pepQ_2~~~pepQ_1~~~pepQ,0.0
pepT_2,0.021946049295481933
pepT_3,0.002036659877800407
pepT_4,0.002036659877800407
pepT_4~~~pepT_3~~~pepT_2~~~pepT_1~~~pepT,0.002036659877800407
pepT_5,0.002036659877800407
pepT_6,0.002036659877800407
pet,0.002036659877800407
pet_1,0.0020366598778004067
pet_2,0.0020366598778004067
pet~~~sat~~~sat_1~~~sat_2~~~sat_3,0.2452720395693919
pfeA~~~fepA_2,0.029677043933663074
pfkA_2~~~pfkA_1~~~pfkA,0.0020366598778004067
pfkB,0.0
pflB_2~~~pflB_1~~~pflB,0.0020366598778004067
pflD_2,0.20157945051747786
pflD~~~pflD_2~~~pflD_1~~~cutC_6,0.0
pgaA_1~~~pgaA_2~~~pgaA_3~~~pgaA_4~~~pgaA,0.12968120038239328
pgaA_2,0.002036659877800407
pgaB_1~~~pgaB_2~~~pgaB_3~~~pgaB_4~~~pgaB,0.12968120038239328
pgaB_2,0.002036659877800407
pgaC,0.002036659877800407
pgaC_2~~~pgaC_3~~~pgaC~~~pgaC_1,0.1268298765534727
pgaD,0.1268298765534727
pgaD_2,0.002036659877800407
pgiA,0.03158901034955734
pgi_2~~~pgi_1~~~pgi,0.0
pgk_1~~~pgk_2~~~pgk_3~~~pgk,0.0
pglA,0.0020366598778004067
pglH,0.004065006858140406
pgl_2~~~pgl_1~~~pgl,0.0
pgm_1,0.002036659877800407
pgm_2~~~pgm_3~~~pgm_1~~~pgm,0.0
pgpA,0.0
pgpB,0.0
pgpC~~~pgpC_1~~~pgpC_2,0.0
pgrR_1,0.1282596949166632
pgrR_1~~~pgrR_2~~~pgrR_3~~~pgrR_4,0.021946049295481933
pgrR_1~~~pgrR_4~~~pgrR_2~~~argP_2~~~pgrR_3,0.14609085996924226
pgrR_2,0.12968120038239328
pgrR_2~~~pgrR_1~~~pgrR_3,0.1282596949166632
pgrR_3,0.01209526580489629
pgrR_3~~~pgrR_2~~~pgrR_1,0.1268298765534727
pgrR_4,0.002036659877800407
pgrR_5,0.09488341161311774
pgrR_6,0.02582817240949334
pgsA,0.0
pgtB,0.16728874849328731
pgtC,0.16728874849328731
pgtP,0.16728874849328731
phaA~~~thlA_2~~~thlA_1~~~thlA,0.0
pheA,0.0
pheA2,0.025828172409493342
pheP_1,0.002036659877800407
pheP_1~~~pheP_2~~~pheP,0.002036659877800407
pheP_2,0.002036659877800407
pheP_3,0.002036659877800407
pheS_1~~~pheS_2~~~pheS,0.0
pheT_1~~~pheT_2~~~pheT,0.0
phnE,0.004065006858140406
phnF,0.004065006858140406
phnG~~~phnG_2~~~phnG_1,0.004065006858140406
phnH,0.004065006858140406
phnI~~~phnJ_1~~~phnJ_2~~~phnJ~~~phnJ_3~~~phnI_2~~~phnI_1,0.004065006858140406
phnJ,0.012095265804896291
phnK,0.004065006858140406
phnL,0.004065006858140406
phnM~~~phnM_2~~~phnM_1,0.004065006858140406
phnN_2~~~phnN_1~~~phnN,0.004065006858140406
phnO,0.0
phnP~~~phnP_2~~~phnP_1,0.00608504094101999
phnR,0.24227939648364438
phnU~~~ydcV_3~~~ydcV_2,0.010100170414397938
phoA_2~~~phoA_1~~~phoA,0.0
phoA_3,0.002036659877800407
phoB,0.002036659877800407
phoB_1,0.002036659877800407
phoB_2,0.002036659877800407
phoE_2~~~phoE_1~~~phoE,0.0
phoE_3,0.002036659877800407
phoH_1~~~phoH_2~~~phoH,0.0040650068581404054
phoP_1,0.002036659877800407
phoP_1~~~phoP_2,0.002036659877800407
phoP_2,0.15885115757097132
phoQ,0.002036659877800407
phoQ_1~~~phoQ_2~~~sasA~~~phoQ,0.002036659877800407
phoR_1~~~phoR_2~~~phoR,0.0
phoR_3,0.002036659877800407
phoR_4,0.002036659877800407
phoU,0.0
php_1~~~php_2,0.22290203250342905
php_1~~~php~~~php_2,0.004065006858140406
phrB~~~phrB_1~~~phrB_2,0.0
pic,0.004065006858140406
pifC~~~pifC_1~~~pifC_2,0.021946049295481933
pikAV_2,0.004065006858140406
pikAV~~~lgrE~~~pikAV_1,0.20067334469429327
pinR,0.053884201338376486
pipolB,0.006085040941019991
pir,0.010100170414397938
pitA_1~~~pitA_2~~~pitA_4~~~pitA_3,0.0040650068581404054
pitA_2,0.006085040941019992
pitA_2~~~pitA_3~~~pitA_8~~~pitA_1~~~pitA_5~~~pitA_6~~~pitA_7,0.018030674591628906
pkn1_1,0.002036659877800407
pkn1_2,0.004065006858140406
pknD,0.002036659877800407
pknD_1,0.004065006858140407
pknD_2,0.02582817240949334
pksC,0.11509206533937402
plaP,0.0
pld,0.03158901034955734
pld1,0.08508250550729456
pldA,0.0
pld_2~~~pld,0.006085040941019993
pliG,0.002036659877800407
plsB_1,0.002036659877800407
plsB_2~~~plsB,0.0
plsC,0.0
plsX_1~~~plsX~~~plsX_2,0.002036659877800407
plsY_1~~~plsY,0.0
plsY_2,0.002036659877800407
pmbA,0.0
pmrD,0.002036659877800407
pncA_1~~~pncA,0.0
pncA_2,0.002036659877800407
pncB_2~~~pncB_1~~~pncB,0.002036659877800407
pncC_1~~~cinA~~~pncC_4~~~pncC_2~~~pncC_3,0.12968120038239328
pncC_1~~~pncC_2,0.014082048297934241
pncC_2,0.014082048297934243
pncC_2~~~pncC_3~~~pncC_1~~~cinA,0.002036659877800407
pndA,0.09164969450101831
pndA_2,0.18711500893636474
pnp_4~~~pnp_1~~~pnp_3~~~pnp_2~~~pnp,0.0
pntA_3~~~pntA_2~~~pntA_1~~~pntA,0.0
pntB_2~~~pntB_1~~~pntB,0.0
pnuC,0.0
pnuC_2,0.2489297144519723
polA_1~~~polA_4,0.006085040941019992
polA_3~~~polA_2~~~polA_1~~~polA,0.0
polB_1,0.0020366598778004067
polB_1~~~polB_2~~~polB,0.0
polB_3,0.002036659877800407
por_1,0.002036659877800407
por_2~~~por_1~~~mtlK~~~mtlK_2~~~mtlK_1,0.0
potA_2~~~potA_3~~~potA_1,0.002036659877800407
potA_3,0.0020366598778004067
potA_4,0.006085040941019992
potA_4~~~phnT~~~potA_5~~~potA_2~~~potA_1,0.010100170414397938
potB_2~~~potB_1~~~potB,0.002036659877800407
potD~~~potD_1~~~potD_2,0.002036659877800407
potE_4~~~potE_3~~~potE_2~~~potE~~~potE_1,0.08508250550729457
potF_1~~~potF_2~~~potF,0.010100170414397938
potH_1~~~potH_2~~~potH,0.010100170414397938
poxB_1~~~iolD_1~~~poxB_2~~~poxB,0.010100170414397938
ppa,0.002036659877800407
ppaX,0.002036659877800407
ppc_2~~~ppc_1~~~ppc,0.0
ppc_3,0.0040650068581404054
ppc_4,0.002036659877800407
ppc_5,0.002036659877800407
pphA_1~~~pphA_2,0.053884201338376486
pphA_2,0.044740014131925666
pphA~~~pphA_1,0.0
pphB,0.0040650068581404054
pphC,0.0020366598778004067
pphC_1~~~pphC_2~~~pphC,0.0020366598778004067
ppiA,0.0
ppiB_1~~~ppiB,0.0
ppiC,0.002036659877800407
ppiD_1~~~ppiD_2~~~ppiD_3~~~ppiD,0.0
ppk_4~~~ppk_3~~~ppk_2~~~ppk_1~~~ppk,0.0
ppnN,0.0020366598778004067
ppnN_1~~~ppnN~~~ppnN_2,0.0
ppnP,0.0
pppA,0.12102747412610664
ppsA_1~~~ppsA_2~~~ppsA,0.0020366598778004067
ppsA_2,0.002036659877800407
ppsA_3,0.004065006858140406
ppsB~~~dltA_2~~~dltA_1~~~srfAB~~~tdh_1,0.20067334469429327
ppsE_2~~~pksJ~~~ppsE,0.20067334469429327
ppsE_2~~~ppsE_1~~~COQ5_2~~~COQ5,0.03915374703853028
ppsR_2~~~ppsR_1~~~ppsR,0.0020366598778004067
pptA,0.15636560123030888
ppx_1~~~ppx_2~~~ppx,0.0
pqiA,0.002036659877800407
pqiB_2~~~pqiB_1~~~pqiB,0.002036659877800407
pqiC,0.002036659877800407
prc_2~~~prc_1~~~prc,0.0
preA_2~~~preA_1~~~preA,0.0
preT,0.0
prfA~~~prfA_2~~~prfA_1~~~prfA_3,0.002036659877800407
prfB_2~~~prfA_2~~~prfB_1~~~prfA_1~~~prfA_3,0.008096762126439167
prfB_2~~~prfB_1~~~prfB,0.0
prfC_2,0.00608504094101999
prfC_2~~~prfC_1~~~prfC,0.0
prgH~~~prgH_1,0.18504509746872275
prgI,0.1282596949166632
prgK,0.16372251548277153
priA_4~~~priA_2~~~priA_1~~~priA_3~~~priA,0.0020366598778004067
priB,0.0
priC,0.0
prlC,0.006085040941019992
prlC_2~~~prlC_1~~~prlC,0.0040650068581404054
prlF,0.13249927262147224
prmA,0.0
prmC_2~~~prmB,0.0
prmC~~~prmC_1~~~prmC_2,0.002036659877800407
prn,0.19214431189991268
proA_2,0.016060517893511785
proA_2~~~proA_1,0.0
proB_3~~~proB_2~~~proB_1~~~proB,0.0
proC_1~~~proC_3~~~proC_2~~~proC,0.0
proP,0.0
proP_2,0.01010017041439794
proP_2~~~kgtP_2~~~proP_1,0.17863585352674674
proQ_1~~~proQ_2~~~proQ_3~~~proQ,0.002036659877800407
proQ_2,0.021946049295481933
proQ_2~~~proQ_1,0.03158901034955734
proQ_2~~~proQ_3,0.033492663867991185
proS_1~~~proS_2~~~proS_3~~~proS_4~~~proS,0.0
proV_2~~~proV_1~~~proV,0.0
proW,0.0
proX,0.002036659877800407
proY_2~~~proY_1~~~proY,0.0
prpB_2,0.002036659877800407
prpB_2~~~prpB_1~~~prpB,0.012095265804896293
prpC,0.018030674591628906
prpD_1~~~prpD_3~~~prpD_2~~~prpD,0.018030674591628906
prpR_2,0.002036659877800407
prpR_3~~~prpR~~~prpR_1~~~prpR_2,0.012095265804896293
prr,0.0020366598778004067
prr_3~~~prr_2~~~prr~~~prr_1,0.0
prsE,0.09808387713537554
prsE~~~hlyD_2,0.1282596949166632
prsF,0.027756764620308415
prsF~~~prsF_1,0.03158901034955734
prs_1~~~prs_2,0.0020366598778004067
prs_2,0.002036659877800407
prtR,0.004065006858140406
prtR_2,0.004065006858140406
psd,0.002036659877800407
psiB,0.11955609127561415
psiB_1~~~psiB,0.22554553389583942
psiB_3~~~psiB_1~~~psiB,0.160081466395112
psiB~~~psiB_2,0.04102414896712249
psiE,0.0
psiF,0.0
pspA_2~~~pspA_1~~~pspA,0.0
pspA_3~~~gpmB~~~pspB_1,0.0
pspA_3~~~pspA_2,0.010100170414397938
pspB_2,0.0
pspB_3,0.010100170414397938
pspC,0.0
pspC_2,0.010100170414397938
pspD,0.0
pspD_2,0.010100170414397938
pspE,0.002036659877800407
pspF_1~~~pspF,0.0
pspF_2,0.012095265804896295
pspG,0.0
pssA_2~~~pssA_1~~~pssA,0.0
pstA_3~~~pstA_2~~~pstA_1~~~pstA,0.0
pstB_2~~~pstB_1~~~pstB,0.0
pstC_1~~~pstC_2~~~pstC,0.0
pstS_1,0.24801529573132713
pstS_1~~~pstS_2~~~pstS,0.0
psuG_1,0.03727503221247766
psuG_1~~~psuG_2~~~psuG,0.0
psuK_1~~~psuK_2,0.0
psuK_2,0.03727503221247766
psuK_2~~~psuK_3~~~psuK_1,0.0020366598778004067
psuT_1~~~psuT~~~psuT_2,0.0
psuT_2~~~psuT_3~~~nupX_2~~~psuT_1,0.039153747038530286
pta_3~~~pta_2~~~pta_1~~~pta,0.0
pth_1~~~pth_2~~~pth,0.002036659877800407
ptlA,0.016060517893511785
ptlE,0.01999251839228563
ptlE_2,0.01010017041439794
ptlH,0.004065006858140406
ptrA,0.004065006858140408
ptrA_1~~~ptrA_2~~~ptrA_3~~~ptrA_4~~~ptrA_5~~~ptrA_6~~~ptrA,0.0
ptrB_4~~~ptrB_3~~~ptrB_1~~~ptrB_2~~~ptrB,0.0
ptsG_1,0.03158901034955734
ptsG_2,0.10593956523546283
ptsG~~~ptsG_2~~~ptsG_1,0.002036659877800407
ptsH~~~ptsH_1,0.0
ptsI_1~~~ptsI_2~~~ptsI_3~~~ptsI_4~~~ptsI,0.0
ptsI_2,0.20247724344320212
ptsN,0.0
ptsO,0.0
ptsP_3~~~ptsP_1~~~ptsP_2~~~ptsP,0.0
ptsP_4~~~ptsP_2,0.01010017041439794
ptxA,0.018030674591628902
purA,0.004065006858140406
purA_1~~~purA_2~~~PURA~~~purA,0.002036659877800407
purB,0.002036659877800407
purB_2~~~purB_1~~~purB,0.002036659877800407
purC_2~~~purC_1~~~purC,0.0
purD_2~~~purD_3~~~purD~~~purD_1,0.0
purE,0.0
purF_2~~~purF_1~~~purF,0.0
purH_2~~~purH,0.0
purK,0.0
purL_3~~~purL_2~~~purL_1~~~purL_4~~~purL_5~~~purL,0.0
purM_1~~~purM_2~~~purM,0.0
purN,0.0
purR_2~~~purR_3~~~purR_4~~~purR_1~~~purR,0.0
purT_1,0.002036659877800407
purT_1~~~purT_2~~~purT_3~~~purT,0.0
purU~~~purU_1~~~purU_2,0.002036659877800407
putA_1,0.002036659877800407
putA_2,0.002036659877800407
putA_3,0.002036659877800407
putA_5~~~putA_4~~~putA_2~~~putA_1~~~putA,0.002036659877800407
putP_1,0.002036659877800407
putP_1~~~putP_2~~~putP,0.0040650068581404054
putP_2,0.002036659877800407
puuA_2~~~puuA_1~~~puuA,0.19696579242695042
puuB_1~~~puuB_2~~~puuB_3~~~puuB,0.19696579242695042
puuC_1~~~puuC_2~~~puuC_3~~~puuC,0.19696579242695042
puuD,0.19696579242695042
puuE_1~~~argD_3~~~puuE_2~~~puuE,0.19696579242695042
puuP~~~puuP_2~~~puuP_1,0.19696579242695042
puuR_2~~~puuR_1~~~puuR,0.19696579242695042
pvuIIM,0.002036659877800407
pxpA,0.0
pxpB,0.0040650068581404054
pxpC_1~~~pxpC_2~~~pxpC,0.0
pykA_1~~~pykA_2~~~pykA,0.0
pykF_1~~~pykF_2~~~pykF,0.0
pyrB,0.002036659877800407
pyrB_1,0.002036659877800407
pyrB_2,0.002036659877800407
pyrB_3,0.002036659877800407
pyrB_3~~~pyrB_2~~~pyrB_1~~~pyrB,0.002036659877800407
pyrC_1~~~pyrC,0.002036659877800407
pyrC_2,0.002036659877800407
pyrC_3,0.002036659877800407
pyrD_1~~~pyrD_2~~~pyrD,0.002036659877800407
pyrE_1~~~pyrE_2~~~pyrE,0.0
pyrF_2~~~pyrF~~~pyrF_1,0.0
pyrG,0.008096762126439167
pyrG_1~~~pyrG_2~~~pyrG,0.006085040941019991
pyrH_2~~~pyrH_1~~~pyrH,0.0
pyrI,0.002036659877800407
pyrI_1,0.002036659877800407
pyrI_2,0.002036659877800407
qmcA_2,0.021946049295481933
qmcA_2~~~qmcA_1~~~qmcA,0.0
qorA_1~~~qorA_2~~~qorA,0.0
qorB,0.002036659877800407
qorB~~~qorB_2~~~qorB_1,0.0
qseB_1~~~qseB_2~~~qseB,0.0
qseC_2~~~qseC_1~~~qseC,0.0
qseD,0.002036659877800407
qseD~~~yjiE~~~yjiE_2~~~yjiE_1,0.018030674591628906
qseF_1~~~qseF_2~~~qseF,0.0
qseG,0.0
queA_4~~~queA_3~~~queA_1~~~queA_2~~~queA,0.0
queC_1,0.0020366598778004067
queC_1~~~queC_2~~~queC_3~~~queC,0.0
queC_2,0.16728874849328734
queD_2,0.027756764620308415
queD~~~queD_1,0.0
queE,0.004065006858140407
queE_1,0.002036659877800407
queE~~~queE_2,0.002036659877800407
queF,0.24996051373706304
queG,0.004065006858140406
queG_1,0.002036659877800407
queG_3~~~queG~~~queG_2,0.004065006858140406
queH,0.0502514651481774
radA_1~~~radA_2~~~radA_3~~~radA,0.0
radD_4~~~radD_3~~~radD_2~~~radD_1~~~radD,0.0
rafA,0.016060517893511785
rafA~~~rafA_6~~~rafA_5~~~rafA_4~~~rafA_3~~~rafA_2~~~rafA_1,0.021946049295481933
rafB,0.016060517893511785
rafB_2,0.006085040941019992
rafB~~~rafB_1,0.021946049295481933
rafR,0.016060517893511785
rafR~~~purR_7,0.021946049295481933
raiA,0.0
rapA_1,0.057483685938733944
rapA_1~~~rapA_2~~~rapA_3~~~rapA_4,0.0
rapA_2,0.002036659877800407
rapA_3~~~rapA_1,0.016060517893511782
rapZ_2~~~rapZ_1~~~rapZ,0.0
rarA,0.010100170414397936
rarA_3~~~rarA_2~~~rarA_1~~~rarA,0.006085040941019992
rarD_1~~~rarD_2,0.006085040941019992
rarD_2~~~rarD_1~~~rarD,0.0
ravA_1,0.0020366598778004067
ravA_1~~~ravA_2~~~ravA,0.0
ravA_3,0.002036659877800407
rayT~~~rayT_2,0.1960181221164637
rbbA,0.006085040941019992
rbbA_5~~~rbbA_4~~~rbbA_3~~~rbbA_2~~~rbbA_1~~~rbbA,0.006085040941019993
rbfA_2~~~rbfA_1~~~rbfA,0.0
rbn_2,0.012095265804896291
rbn~~~rbn_3~~~rbn_2~~~rbn_1,0.0
rbsA_1,0.016060517893511785
rbsA_2,0.006085040941019989
rbsA_2~~~rbsA_3~~~mglA_2~~~rbsA_1,0.14870942266927137
rbsA_3~~~btuD_3~~~xylG_1~~~rbsA_4~~~xylG_2~~~rbsA_1,0.23529656261690013
rbsA_3~~~rbsA_2,0.0
rbsA_4,0.002036659877800407
rbsB_1,0.016060517893511785
rbsB_1~~~rbsB_2,0.1921443118999127
rbsB_2~~~rbsB_1,0.0
rbsC_1,0.23529656261690013
rbsC_1~~~rbsC_2,0.0
rbsC_2,0.016060517893511785
rbsC_2~~~rbsC_3~~~rbsC_1,0.0
rbsC_4,0.1921443118999127
rbsC_4~~~rbsC_1,0.21099796334012216
rbsD,0.0
rbsK_1~~~srlR_2~~~RBKS_1,0.18399767238871106
rbsK_2~~~rbsK_1~~~rbsK,0.0
rbsK_2~~~rbsK_1~~~rbsK_3,0.248763456502764
rbsK_3,0.010100170414397938
rbsR_1~~~rbsR,0.0
rbsR_2,0.004065006858140407
rbtD,0.01803067459162891
rcbA,0.0020366598778004067
rcdA_1~~~rcdA_2~~~rcdA,0.0
rcdA_2,0.002036659877800407
rclA_1~~~rclA_2~~~rclA_3~~~rclA_4~~~rclA,0.018030674591628906
rclC_1~~~rclC_2~~~rclC,0.010100170414397938
rclR,0.014082048297934241
rcnA_2~~~rcnA~~~rcnA_1,0.002036659877800407
rcnB,0.002036659877800407
rcnR,0.002036659877800407
rcsA_1,0.20067334469429327
rcsA~~~rcsA_1~~~rcsA_3,0.010100170414397938
rcsB,0.0
rcsB_2,0.11807639552766115
rcsC_1,0.002036659877800407
rcsC_2~~~rcsC_1~~~rcsC,0.0
rcsC_3,0.002036659877800407
rcsC_4,0.0040650068581404054
rcsD_1~~~rcsD_2~~~rcsD_4~~~rcsD_3~~~rcsD,0.0
rcsF,0.0
rdgB_1,0.002036659877800407
rdgB_2~~~rdgB~~~rdgB_1,0.0
rdgC_1,0.002036659877800407
rdgC_2,0.004065006858140406
rdgC_3~~~rdgC_1,0.006085040941019991
rdgC~~~rdgC_2~~~rdgC_3,0.0
rdmC_1,0.002036659877800407
rdmC~~~rutD_2,0.010100170414397938
recA,0.014082048297934241
recA_2~~~recA_1,0.033492663867991185
recB_1~~~recB_5~~~recB_4~~~recB_3~~~recB_2~~~recB,0.0
recB_2,0.023891267301217843
recC_3~~~recC_2~~~recC_1~~~recC,0.008096762126439167
recC_4,0.002036659877800407
recC_5,0.002036659877800407
recC_6~~~recC_7~~~recC,0.002036659877800407
recD2,0.016060517893511785
recD_2,0.004065006858140406
recD_3,0.002036659877800407
recD_5~~~recD_1~~~recD_4~~~recD_2~~~recD,0.0
recE,0.10748576416309907
recE_1,0.002036659877800407
recE_3~~~recE_2~~~recE~~~recE_1,0.14609085996924226
recF_1,0.0020366598778004067
recF_2,0.004065006858140406
recF_3,0.004065006858140406
recF_3~~~recF_2~~~recF_1,0.0
recG_1~~~recG_2~~~recG_3~~~recG_4~~~recG,0.0
recJ_3~~~recJ_2~~~recJ_1~~~recJ,0.0
recN_1~~~recN_2~~~recN_3~~~recN,0.0
recO_1~~~recO_2~~~recO,0.0
recQ,0.0
recQ_2~~~rhlE_1~~~rhlE_2,0.24264516397190242
recR_1,0.002036659877800407
recR_2~~~recR,0.0
recT~~~recT_1~~~recT_2,0.09808387713537554
recX,0.014082048297934241
relA,0.008096762126439167
relA_4~~~relA_3~~~relA_2~~~relA_1~~~relA,0.006085040941019991
relB,0.002036659877800407
relE,0.06982002576998211
relE2,0.09648780082297684
relE_1,0.004065006858140406
relE_1~~~relE,0.08006982833866745
relE_2,0.002036659877800407
relE_2~~~relE,0.04658547736813668
relE~~~relE_2,0.03915374703853027
repA,0.05568810008728542
repA_1~~~repA,0.09648780082297684
repA_2,0.02194604929548193
repA_2~~~repA,0.0834199260152126
repA_3~~~repA_1~~~repA,0.021946049295481933
repA~~~repA_1,0.010100170414397938
repB,0.24556299098050624
repB_1,0.029677043933663074
repB_2,0.012095265804896293
repE,0.10902365019327487
repE_2,0.006085040941019991
repE_2~~~repE,0.059270958892722055
repE~~~repE_1~~~repE_2,0.023891267301217847
repE~~~repE_2~~~repE_1,0.14210066918824557
repE~~~repE_3,0.09327070950579824
rep_1,0.02582817240949334
rep_2,0.0020366598778004067
rep_2~~~rep_1,0.06282056610831709
rep_3,0.01803067459162891
rep_3~~~rep,0.0
resA_1,0.2255455338958394
resA_2,0.21417349016999876
rfaB~~~rfaB_2~~~rfaB_1,0.19696579242695042
rfaC~~~rfaC_1~~~rfaC_2,0.0
rfaF_1~~~rfaF_2~~~rfaF,0.0
rfaG~~~rfaG_2~~~rfaG_1,0.0
rfaH,0.0
rfaH_2,0.008096762126439167
rfaH_3,0.002036659877800407
rfaL,0.06808263020075646
rfaL~~~yibX,0.18294193441123902
rfaP~~~rfaP_2~~~rfaP_1,0.0
rfaQ_2~~~rfaQ_1~~~rfaQ,0.0
rfaY_1~~~rfaY_2~~~rfaY,0.23676794546739263
rfaY~~~rfaY_1~~~rfaY_2,0.19696579242695042
rfbA~~~rffH_2~~~rffH_1~~~rffH_3~~~rmlA,0.2315723845546365
rfbB,0.02582817240949334
rfbB~~~rmlB~~~rffG_2~~~rffG_1~~~rfbB_2~~~rfbB_1,0.23267799991687105
rfbC,0.04102414896712249
rfbC~~~rfbC_2,0.2500519556091276
rfbD,0.004065006858140407
rfbD_1~~~rfbD_2~~~rfbD,0.01803067459162891
rfbD~~~rfbD_2,0.2381645122407415
rfbM,0.002036659877800407
rfbX,0.07154910844174737
rffG_1~~~rffG_2~~~gmd~~~rffG,0.00608504094101999
rffG_3,0.002036659877800407
rffH_2~~~rffH_1~~~rffH,0.00608504094101999
rfnT,0.002036659877800407
rhaA_1,0.0020366598778004067
rhaA_1~~~rhaB~~~rhaA~~~rhaA_2,0.0020366598778004067
rhaB~~~rhaB_2~~~rhaB_1,0.061049918949249764
rhaD_1,0.002036659877800407
rhaD_2~~~rhaD,0.0020366598778004067
rhaM,0.0020366598778004067
rhaR_1~~~rhaR_2,0.2006733446942932
rhaR_2,0.13939897751361238
rhaR_2~~~rhaR_1~~~rhaR_5~~~rhaR_3,0.0020366598778004067
rhaR_3,0.11955609127561416
rhaR_3~~~rhaR_1~~~rhaR_2,0.0
rhaR_3~~~rhaR_1~~~rhaR_4,0.008096762126439167
rhaR_3~~~rhaR_5,0.24300261856270003
rhaR_4,0.002036659877800407
rhaR_4~~~rhaR_1~~~rhaS_6~~~rhaS_3~~~rhaR_3~~~rhaR_2,0.006085040941019991
rhaR_7,0.002036659877800407
rhaR_7~~~rhaR_4,0.004065006858140406
rhaS_1,0.016060517893511785
rhaS_1~~~rhaS_4~~~rhaS_2,0.1239453011347105
rhaS_2~~~rhaS_4~~~rhaS_3,0.0
rhaS_4~~~rhaS_1~~~rhaS_2,0.0020366598778004067
rhaS_5~~~rhaR_1,0.0040650068581404054
rhaS_6,0.03158901034955734
rhaT_2,0.002036659877800407
rhaT_2~~~rhaT_1~~~rhaT,0.0020366598778004067
rhlB,0.0
rhlB_1,0.0020366598778004067
rhlE_1~~~rhlE,0.0
rhlE_2,0.029677043933663074
rhlE_4,0.01803067459162891
rhmA_1~~~rhmA_2~~~rhmA,0.0040650068581404054
rhmD_1~~~rhmD_2~~~rhmD,0.1324992726214722
rhmR_2,0.14740429776798705
rhmR~~~rhmR_2~~~rhmR_1,0.1268298765534727
rhmT_1,0.0020366598778004067
rhmT_2,0.002036659877800407
rhmT_2~~~rhmT_1~~~rhmT_3,0.1625171453510121
rhmT_2~~~rhmT_3~~~rhmT_1~~~rhmT,0.08673677210191613
rho,0.0
rhsA,0.008096762126439169
rhsA_1,0.0020366598778004067
rhsA~~~rhsA_1,0.039153747038530286
rhsA~~~rhsB~~~rhsA_2,0.10282222868780912
rhsB,0.019992518392285625
rhsB_1,0.002036659877800407
rhsB_2,0.002036659877800407
rhsB~~~rhsC,0.023891267301217847
rhsC_1,0.002036659877800407
rhsC_12,0.002036659877800407
rhsC_1~~~rhsC_5~~~rhsC_3~~~rhsC,0.1165883868822478
rhsC_2,0.006085040941019991
rhsC_2~~~rhsD_1~~~rhsD_2~~~rhsD_3~~~rhsD_4~~~rhsD~~~rhsD_5~~~rhsD_6,0.1338958393948211
rhsC_3~~~rhsC_2,0.0040650068581404054
rhsC_4,0.002036659877800407
rhsC_5,0.002036659877800407
rhsC_6,0.002036659877800407
rhsC_6~~~rhsC_1~~~rhsC_2~~~rhsC~~~rhsD~~~rhsC_4~~~rhsD_2~~~rhsC_5~~~rhsD_1,0.18399767238871106
rhsC~~~rhsA,0.023891267301217847
rhsC~~~rhsC_1~~~rhsC_4~~~rhsC_5~~~rhsC_3~~~rhsC_2,0.07838231015420423
rhsC~~~rhsC_2~~~rhsC_3~~~rhsC_4~~~rhsC_1~~~rhsC_9~~~rhsD_1,0.1165883868822478
rhsD_13,0.002036659877800407
rhsD_1~~~rhsC_8,0.05207198969200715
rhsD_1~~~rhsD_8~~~rhsC_3~~~rhsD_3~~~rhsD_2,0.09967164055031381
rhsD_2~~~rhsD_12~~~rhsD_1~~~rhsD_4~~~rhsD_6~~~rhsD_5,0.10125109106779166
rhsD_2~~~rhsD_8~~~rhsD_3~~~rhsD_5~~~rhsD_1,0.06808263020075646
rhsD_4~~~rhsD_5~~~rhsD_18~~~rhsD_17~~~rhsD_16~~~rhsD_15~~~rhsD_6~~~rhsD_1,0.04474001413192567
rhsD_7~~~rhsD_1~~~rhsD_5~~~rhsD_3~~~rhsD_10~~~rhsD_9~~~rhsD_8~~~rhsD_2~~~rhsD_4,0.10125109106779168
rhsD~~~rhsD_1~~~rhsD_3~~~rhsD_6~~~rhsD_2~~~rhsD_4,0.09327070950579824
rhtA_1~~~rhtA~~~rhtA_2,0.0
rhtB_1~~~rhtB_2~~~rhtB,0.0
rhtB_2,0.0020366598778004067
rhtC,0.002036659877800407
rhtC_2~~~leuE_1~~~leuE_2~~~rhtC_1,0.01999251839228563
rhtC~~~rhtC_2,0.0
ribA,0.0
ribB,0.0
ribC_2~~~ribC_1~~~ribC,0.0
ribD,0.0
ribE,0.0
ribF,0.002036659877800407
ribZ_2~~~mdtD_3~~~ribZ~~~ribZ_1~~~hsrA_1,0.0
ridA,0.002036659877800407
ridA_1,0.002036659877800407
ridA_2,0.002036659877800407
rihA_1,0.002036659877800407
rihA_2,0.002036659877800407
rihA_3~~~rihA_4~~~rihA~~~rihA_1~~~rihA_2,0.0
rihB,0.002036659877800407
rihB_2,0.021946049295481933
rihB~~~rihB_1~~~rihB_2,0.002036659877800407
rihC~~~rihC_2~~~rihC_1,0.0
rimI,0.0
rimJ_2~~~rimJ_1~~~rimJ,0.002036659877800407
rimK_1~~~rimK_2~~~rimK,0.010100170414397938
rimL,0.0020366598778004067
rimL~~~rimL_2~~~rimL_1,0.0
rimM_2~~~rimM_1~~~rimM,0.0
rimO_1~~~rimO_2~~~rimO,0.0
rimP_2~~~rimP_1~~~rimP,0.0
rlhA_1,0.0
rlhA_2,0.0020366598778004067
rlhA_2~~~rlhA_1~~~rlhA_3,0.0
rlhA_3,0.004065006858140406
rlmA_2~~~rlmA_1~~~rlmA,0.0
rlmB,0.004065006858140406
rlmB_2~~~rlmB_1~~~rlmB,0.002036659877800407
rlmB_3,0.002036659877800407
rlmC_1,0.002036659877800407
rlmC_2~~~rlmC,0.010100170414397938
rlmD,0.008096762126439167
rlmD_1~~~rlmD_2~~~rlmD,0.006085040941019991
rlmE_3~~~rlmE_2~~~rlmE_1~~~rlmE,0.0
rlmF_1~~~rlmF_2~~~rlmF,0.0
rlmG_2~~~rlmG_1~~~rlmG,0.0
rlmH,0.0
rlmI_1~~~rlmI_2~~~rlmI,0.002036659877800407
rlmJ,0.0040650068581404054
rlmL_1~~~rlmL_2~~~rlmL,0.002036659877800407
rlmL_1~~~rlmL_3,0.0040650068581404054
rlmL_2,0.002036659877800407
rlmM,0.2500519556091276
rlmM_1~~~rlmM_2~~~rlmM,0.24996051373706304
rlmN_1,0.002036659877800407
rlmN_1~~~rlmN_2~~~rlmN,0.002036659877800407
rlmN_2,0.002036659877800407
rlmN_3,0.002036659877800407
rlmN_4,0.002036659877800407
rlpA_1~~~rlpA~~~rlpA_2,0.0
rluA,0.0
rluB,0.002036659877800407
rluB_1,0.002036659877800407
rluB_2,0.002036659877800407
rluC~~~rluC_2~~~rluC_1,0.002036659877800407
rluD_2~~~rluD,0.0
rluE,0.002036659877800407
rluE_2,0.002036659877800407
rluE~~~rluE_1,0.002036659877800407
rluF~~~rluF_2~~~rluF_1,0.0
rmf,0.002036659877800407
rmlA,0.02582817240949334
rmlC,0.004065006858140408
rmpM~~~pal_1~~~pal_2,0.0
rmtB,0.002036659877800407
rmtC,0.002036659877800407
rna~~~rna_2,0.0
rnb_3~~~rnb_2~~~rnb_1~~~rnb,0.0
rnc_2~~~rnc_1~~~rnc,0.0
rnd_1~~~rnd~~~rnd_2,0.0020366598778004067
rne_4~~~rne_3~~~rne_2~~~rne_1~~~rne,0.002036659877800407
rnfH~~~pasI,0.0
rng_1~~~rng_2~~~rng,0.0
rng~~~rng_2,0.010100170414397938
rnhA,0.004065006858140407
rnhA_2~~~rnhA_1,0.029677043933663074
rnhB~~~rnhB_1~~~rnhB_2,0.0
rnk_2~~~rnk_1~~~rnk,0.0
rnlA,0.006085040941019992
rnlB,0.006085040941019992
rnpA,0.0
rnr,0.004065006858140406
rnr_2~~~rnr_1~~~rnr~~~rnr_3,0.002036659877800407
rnt_1,0.002036659877800407
rnt_2~~~rnt,0.0
rob_2,0.01010017041439794
rob_2~~~rob_1~~~soxS_1,0.010100170414397938
rob~~~rob_1,0.0
rocC,0.10902365019327485
rocE,0.0020366598778004067
rodZ_1,0.002036659877800407
rodZ_1~~~rodZ_2~~~rodZ,0.002036659877800407
rodZ_2,0.002036659877800407
rof,0.0
rop,0.04288623799825429
rop_1,0.0502514651481774
rop_1~~~rop,0.08174903362567025
rop_2,0.02582817240949334
rop_2~~~rop~~~rop_3,0.035388004488964626
roxA,0.002036659877800407
rpe,0.0020366598778004067
rpe_1,0.14740429776798702
rpe_2,0.24996051373706304
rph~~~rph_2~~~rph_1,0.0
rpiA_2~~~rpiA_1~~~rpiA,0.0
rpiB,0.14740429776798705
rpiR_2~~~rpiR_1~~~rpiR,0.14740429776798705
rplA,0.0
rplB,0.0
rplC_3~~~rplC_2~~~rplC_1~~~rplC,0.0
rplD,0.0
rplE,0.0
rplF,0.0
rplI,0.0
rplJ,0.0
rplK,0.0
rplL,0.0
rplM,0.0
rplN_2~~~rplN_1~~~rplN,0.0
rplO,0.0
rplP,0.0
rplQ,0.0
rplR,0.0
rplS,0.0
rplT,0.0
rplU,0.0
rplV,0.0040650068581404054
rplV~~~rpsC_2~~~rpsC_1~~~rpsC,0.0
rplW,0.0
rplX,0.0
rplY,0.0
rpmA,0.0
rpmB,0.0
rpmC,0.0
rpmD,0.002036659877800407
rpmE,0.0020366598778004067
rpmF,0.002036659877800407
rpmG,0.0
rpmH,0.0
rpmI,0.002036659877800407
rpmJ,0.0
rpnA,0.22357537719772222
rpnA_2,0.1447691092730371
rpnD,0.012095265804896293
rpnD_1,0.0020366598778004067
rpnD_2,0.0020366598778004067
rpoA,0.0
rpoB_4~~~rpoB_1~~~rpoB_2~~~rpoB_3~~~rpoB,0.0
rpoC_1,0.002036659877800407
rpoC_2,0.002036659877800407
rpoC_2~~~rpoC_1~~~rpoC,0.0
rpoC_3,0.002036659877800407
rpoC_4,0.002036659877800407
rpoC_5,0.002036659877800407
rpoD_1~~~rpoD_2~~~rpoD_3~~~rpoD,0.0
rpoE,0.0
rpoH,0.021946049295481933
rpoN_1~~~rpoN,0.0
rpoN_2,0.002036659877800407
rpoS_2,0.057483685938733944
rpoS_3~~~rpoS_2~~~rpoS_1~~~rpoS,0.0
rpoZ,0.0
rppH_1,0.002036659877800407
rppH_1~~~rppH,0.0
rppH_2~~~nudB,0.0
rpsA,0.0
rpsB_2~~~rpsB_1~~~rpsB,0.0
rpsC_1,0.004065006858140406
rpsD,0.0
rpsE,0.0
rpsF,0.0
rpsG,0.0
rpsH,0.0
rpsI,0.0
rpsJ,0.0
rpsK,0.0
rpsL,0.0
rpsM,0.0
rpsN,0.0
rpsO,0.0
rpsP,0.0
rpsQ,0.0
rpsR,0.002036659877800407
rpsS,0.0
rpsT,0.0
rpsU,0.0
rraA,0.0020366598778004067
rraB,0.002036659877800407
rraB_1,0.002036659877800407
rraB_2,0.002036659877800407
rrrD,0.002036659877800407
rrrD_1,0.0020366598778004067
rrrD_1~~~rrrD_2,0.006085040941019991
rrrD_1~~~rrrD_3,0.006085040941019991
rrrD_1~~~rrrD_3~~~rrrD~~~rrrD_2,0.2500519556091276
rrrD_2,0.16372251548277153
rrrD_2~~~rrrD_1,0.008096762126439169
rrrD_2~~~rrrD_1~~~rrrD_4,0.10125109106779169
rrrD_2~~~rrrD_3,0.03915374703853028
rrrD_2~~~rrrD_3~~~rrrD_1,0.053884201338376486
rrrD_2~~~rrrD_3~~~rrrD~~~rrrD_1,0.22805602892888313
rrrD_4~~~rrrD_2~~~rrrD_3,0.0834199260152126
rrrD_4~~~rrrD_3~~~rrrD_1~~~rrrD_2~~~rrrD,0.21018329938900202
rrrD_5~~~rrrD_3,0.12102747412610665
rrrD_6~~~rrrD~~~rrrD_2~~~rrrD_3~~~rrrD_4~~~rrrD_1,0.16130346232179227
rrrD~~~rrrD_3~~~rrrD_1~~~rrrD_2,0.15511035371378695
rsd,0.0
rseA,0.0
rseB_2~~~rseB_1~~~rseB,0.0
rseC,0.0
rseP_1~~~rseP_2~~~rseP,0.0
rsfS,0.0
rsgA,0.004065006858140406
rsgA_2~~~rsgA_1~~~rsgA,0.002036659877800407
rsmA_1~~~rsmA_2~~~rsmA,0.0
rsmB_3,0.002036659877800407
rsmB~~~rsmB_1~~~rsmB_2,0.0
rsmC_2,0.008096762126439169
rsmC~~~rsmC_3~~~rsmC_2~~~rsmC_1,0.0
rsmD,0.021946049295481933
rsmD_2~~~rsmD_1~~~rsmD,0.023891267301217843
rsmE~~~rsmE_2~~~rsmE_1,0.0
rsmF_1~~~rsmF_2~~~rsmF,0.0
rsmG_2~~~rsmG_1~~~rsmG,0.0
rsmH_2~~~rsmH~~~rsmH_1,0.0
rsmI,0.0
rsmI_2,0.13109439295066294
rsmJ,0.006085040941019992
rspA_1,0.016060517893511785
rspA_2~~~rspA_1,0.24497277526081715
rspA_2~~~rspA_1~~~rspA,0.0020366598778004067
rspB_2~~~rspB~~~rspB_1,0.012095265804896291
rspR,0.002036659877800407
rspR_1,0.016060517893511785
rspR_2~~~rspR_1~~~rspR,0.0
rssB_2~~~rssB_1~~~rssB,0.002036659877800407
rstA_1~~~rstA_2~~~rstA,0.0
rstB_1~~~rstB_2~~~rstB_3~~~rstB_4~~~rstB,0.0
rsuA,0.0
rsxA,0.0
rsxB_2,0.0020366598778004067
rsxB_2~~~rsxB,0.0
rsxC_2~~~rnfC~~~rsxC_1,0.18504509746872275
rsxC_3~~~rsxC_1~~~rsxC_2~~~rsxC,0.0
rsxD_2~~~rsxD~~~rsxD_3~~~rsxD_1,0.0020366598778004067
rsxE_1~~~rsxE_2~~~rsxE,0.0
rsxG_1~~~rsxG_2~~~rsxG,0.0
rtcA~~~rtcA_2~~~rtcA_1,0.0
rtcB_1~~~rtcB_2~~~rtcB_3,0.018030674591628913
rtcB_1~~~rtcB_2~~~rtcB_3~~~rtcB,0.18294193441123904
rtcB_1~~~rtcB~~~rtcB_3~~~rtcB_2,0.006085040941019991
rusA_1,0.004065006858140407
rusA_1~~~rusA_2,0.10902365019327487
rusA_1~~~rusA_2~~~rusA~~~rusA_3,0.24152292281474708
rusA_1~~~rusA_2~~~rusA~~~rusA_4~~~rusA_7~~~rusA_3,0.21494658963381685
rusA_1~~~rusA_3~~~rusA_2,0.07326987821605219
rusA_1~~~rusA_3~~~rusA_4~~~rusA_2~~~rusA,0.20247724344320212
rusA_1~~~rusA~~~rusA_2~~~rusA_4~~~rusA_5,0.2505091649694501
rusA_2,0.006085040941019991
rusA_2~~~rusA_4,0.008096762126439167
rusA_2~~~rusA_5~~~rusA_1~~~rusA_3~~~rusA_4,0.08174903362567024
rusA_3,0.004065006858140407
rusA_4~~~rusA_3~~~rusA_2~~~rusA_1~~~rusA,0.16846086703520513
rusA~~~rusA_4~~~rusA_2~~~rusA_1,0.07668647907228063
rutA_2~~~rutA~~~rutA_1,0.002036659877800407
rutB_1,0.002036659877800407
rutB_2,0.00608504094101999
rutB_2~~~rutB_1,0.1901575294068748
rutB~~~rutB_1~~~rutB_2,0.002036659877800407
rutC,0.008096762126439167
rutC_1,0.008096762126439167
rutD_1~~~rutD~~~rutD_2,0.002036659877800407
rutE~~~rutE_1~~~rutE_2,0.008096762126439167
rutF_1,0.006085040941019991
rutF_2~~~rutE~~~rutF_1~~~rutF,0.002036659877800407
rutG_1~~~rutG~~~rutG_2,0.002036659877800407
rutR,0.002036659877800407
ruvA_2~~~ruvA_1~~~ruvA,0.0
ruvB,0.0
ruvC_1~~~ruvC_2~~~ruvC_3~~~ruvC,0.0
sacA_1~~~sacA,0.23905399226900534
sacA_2,0.016060517893511785
sacA_2~~~sacA,0.021946049295481933
sacX,0.25020990066087534
sad,0.002036659877800407
sadB,0.03538800448896462
sad~~~sad_2~~~sad_1,0.002036659877800407
safA,0.06282056610831707
salL,0.11955609127561415
sapA_2~~~sapA_1~~~sapA,0.0
sapB_1,0.0
sapB_2~~~sapB_1,0.0
sapB_3~~~sapB_2,0.021946049295481933
sapC_2~~~sapC~~~sapC_1,0.0
sapD_1~~~sapD_2~~~sapD,0.0
sapF,0.0
sasA,0.004065006858140408
sasA~~~resE~~~kdpD_2~~~sasA_1,0.13939897751361238
satP_2~~~satP_1~~~satP,0.0
sauU~~~sauU_2~~~sauU_1,0.14609085996924226
sbcB_2,0.002036659877800407
sbcB~~~sbcB_1,0.0
sbcC_1,0.002036659877800407
sbcC_2,0.002036659877800407
sbcC_3,0.002036659877800407
sbcC_4,0.002036659877800407
sbcC_5,0.002036659877800407
sbcC~~~sbcC_2~~~sbcC_1,0.002036659877800407
sbcD,0.002036659877800407
sbcD_1~~~sbcD,0.002036659877800407
sbmA_2~~~sbmA~~~sbmA_1,0.0
sbmC_1~~~sbmC_2,0.0
sbmC_2~~~sbmC_1,0.0
sbp_1~~~sbp_2~~~sbp,0.0020366598778004067
sbp_2,0.002036659877800407
scaC,0.00608504094101999
scoA,0.02582817240949334
scoB,0.02582817240949334
scpA~~~icmF~~~scpA_2~~~scpA_1,0.0
scpB~~~menB_2,0.19883619435554262
scpC,0.1891516688141652
scrB,0.0020366598778004067
scrK,0.0020366598778004067
scrK_2,0.016060517893511785
scrK_2~~~scrK_1~~~scrK_3~~~scrK,0.2501350845837317
scrK~~~scrK_1~~~scrK_2,0.23905399226900534
scrY,0.25020990066087534
scrY_1,0.016060517893511785
sctC,0.021946049295481933
sctC_1~~~pilQ_1~~~pilQ_2~~~sctC~~~pilQ,0.0020366598778004067
sctC_2~~~gspD_2,0.006085040941019991
sdaA~~~sdaA_2~~~sdaA_1,0.0
sdaB,0.24996051373706304
sdaB_3~~~sdaB_2~~~sdaB_1~~~sdaB,0.24986075896753818
sdaC_1~~~sdaC_2~~~sdaC,0.2501350845837317
sdaC_1~~~sdaC_3~~~sdaC_2~~~sdaC,0.24996051373706304
sdcS,0.0
sdgD~~~nagI,0.018030674591628913
sdhA_1,0.002036659877800407
sdhA_2,0.002036659877800407
sdhA_3,0.002036659877800407
sdhA_4,0.002036659877800407
sdhA_5~~~sdhA_2~~~sdhA_1~~~sdhA,0.0
sdhB,0.0
sdhC,0.0
sdhD,0.0
sdhE,0.0
sdhL,0.016060517893511785
sdiA,0.004065006858140405
secA_1,0.002036659877800407
secA_2,0.002036659877800407
secA_3,0.002036659877800407
secA_4~~~secA_5~~~secA_2~~~secA_6~~~secA_1~~~secA,0.0
secB_1,0.002036659877800407
secB_2~~~secB,0.0
secD_2~~~secD_1~~~secD,0.0
secE,0.0
secF_2~~~secF_1~~~secF,0.0
secG,0.0
secM,0.0
secY_1~~~secY_2~~~secY,0.0
selA_3~~~selA_2~~~selA_1~~~selA,0.0
selB_2~~~selB_3~~~selB,0.0
selD_1,0.002036659877800407
selD_2~~~selD,0.0020366598778004067
selO_2~~~selO_1~~~selO,0.0020366598778004067
selU_2,0.002036659877800407
selU~~~selU_1,0.0
sepA,0.004065006858140407
sepA_1,0.004065006858140406
sepA_2,0.004065006858140406
seqA,0.0
serA,0.0
serB_1~~~serB_2~~~serB,0.0
serC_2~~~serC_1~~~serC,0.0020366598778004067
serC_3,0.002036659877800407
serS_2,0.002036659877800407
serS_2~~~serS_1~~~serS,0.002036659877800407
serS_3~~~serS,0.008096762126439169
setA_2~~~setA_1~~~setA,0.12825969491666322
setB~~~setB_1~~~setB_2,0.0
setC~~~setC_2~~~setC_1,0.19312523380024108
sfaA,0.008096762126439165
sfaA_2~~~sfaA_1~~~sfaA,0.06104991894924976
sfaA_2~~~sfaA~~~sfaA_1,0.08673677210191613
sfaA~~~sfaA_2,0.01999251839228563
sfaG,0.014082048297934241
sfaH_1~~~sfaH,0.04658547736813668
sfaH~~~sfaH_2,0.05025146514817741
sfaS,0.00608504094101999
sfaS_1,0.008096762126439167
sfaS_1~~~sfaS,0.07154910844174737
sfmA,0.19696579242695042
sfmC,0.016060517893511785
sfmD_1~~~sfmD~~~sfmD_2,0.1950621389085166
sfmD_2,0.0020366598778004067
sfmD_3,0.002036659877800407
sfmD~~~sfmD_2~~~sfmC,0.19506213890851656
sfmD~~~yraJ,0.016060517893511785
sfmF,0.1950621389085166
sfmH,0.24821480527037698
sfmH_2~~~sfmH_1~~~sfmH,0.1950621389085166
sfmM2,0.14870942266927137
sfp,0.20067334469429327
sfsA~~~sfsA_2~~~sfsA_1,0.0
sgbE_2,0.006085040941019989
sgbH~~~lyx~~~xylB_3,0.012095265804896291
sgrR_1~~~sgrR_2~~~sgrR_3,0.0
sgrR_2~~~sgrR_1~~~sgrR_3,0.03158901034955734
sgrR_5~~~sgrR_4~~~sgrR_3~~~sgrR_2~~~sgrR_1,0.002036659877800407
sgrT,0.006085040941019991
shlB_2,0.004065006858140407
shlB_3~~~shlB_1~~~shlB_2~~~shlB,0.03538800448896462
shlB_3~~~shlB_2~~~shlB,0.09002036659877798
shlB~~~shlB_1~~~shlB_2,0.1500062346730953
shlB~~~shlB_3,0.04658547736813668
siaM_1~~~dctM_3~~~dctM_1,0.18080551976391374
siaM_2~~~dctM_3~~~dctM_2~~~siaM~~~siaM_1,0.24638596782908678
siaP,0.18080551976391374
siaQ,0.09967164055031381
siaT,0.24584562949416025
sicA_1~~~sicA,0.18711500893636476
sicA_2~~~ipgC,0.10748576416309906
silE_1,0.02389126730121784
silE_1~~~silE_2,0.02775676462030841
silP,0.02775676462030841
sixA,0.002036659877800407
skp_1~~~skp_2~~~skp,0.0
slmA,0.0
slp_1~~~slp_2,0.0
slp_2~~~slp_1,0.0
slt_1~~~slt_3~~~slt_2~~~slt,0.0
slyA,0.0
slyB,0.0
slyD,0.0
slyX,0.0
smc,0.012095265804896293
smc_1,0.03158901034955734
smc_2,0.029677043933663074
smf1,0.01010017041439794
smf1_2,0.008096762126439167
smg,0.0
smpB_1,0.002036659877800407
smpB_2~~~smpB,0.0
smrA,0.025828172409493335
socA,0.0020366598778004067
sodA~~~sodA_1~~~sodA_2,0.0020366598778004067
sodB,0.0
sodC,0.004065006858140406
sohB,0.0
soj,0.006085040941019991
solA_1,0.0040650068581404054
solA_2~~~solA~~~solA_1,0.002036659877800407
sopA,0.19696579242695042
sopB,0.03727503221247766
sorA,0.12102747412610666
sorA~~~agaC_3~~~agaC_1,0.0
sorB_1~~~sorB_3,0.0
sorB_3~~~sorB_2~~~sorB_1,0.0
sorB_4~~~sorB_3~~~sorB~~~sorB_2,0.12102747412610666
sorC_1,0.14740429776798702
sorC_2,0.11658838688224782
sorC_3~~~sorC_1~~~sorC_2,0.12102747412610666
sorF,0.1224905440791388
sorM,0.12102747412610666
sotB,0.002036659877800407
sotB_3~~~pbuE~~~ydhP_2,0.012095265804896295
sotB_4~~~sotB_3~~~sotB_2~~~sotB_1~~~sotB,0.002036659877800407
soxR,0.0
soxS,0.0
soxS_2,0.008096762126439167
spaL_2~~~spaL_1~~~spaL,0.10438505341036618
spaO,0.061049918949249764
spaO_1,0.006085040941019991
spaO~~~spaO_1~~~spaO_2,0.1860842096512739
spaP,0.004065006858140406
spaP~~~spaP_2~~~spaP_1,0.18504509746872272
spaQ,0.18504509746872272
spaR,0.18711500893636474
spaS_2~~~spaS_1~~~spaS,0.18608420965127392
speA_1~~~speA_2~~~speA_3~~~speA_4~~~speA,0.0
speA_2,0.002036659877800407
speA_2~~~speA,0.010100170414397938
speB,0.0
speC_1,0.002036659877800407
speC_3~~~speC_2~~~speC~~~speC_1,0.0
speD,0.0
speE,0.0
speF_1~~~speF_3~~~speF~~~speF_2,0.08508250550729457
speG_2~~~speG_1~~~speG,0.0020366598778004067
spoT_1~~~spoT_2~~~spoT,0.0
sppA_3~~~sppA_2~~~sppA_1~~~sppA,0.0
sppA_4,0.008096762126439169
sprT,0.0
spy_2~~~spy_1~~~spy,0.0
sra,0.002036659877800407
srfAA_1~~~srfAA,0.20067334469429327
srfAD~~~pikAV,0.11955609127561416
srkA,0.0
srlA,0.014082048297934243
srlA_2,0.03158901034955734
srlA~~~srlA_1~~~srlA_2,0.014082048297934241
srlB,0.0020366598778004067
srlB_2,0.03158901034955734
srlD,0.09164969450101831
srlE,0.014082048297934243
srlE_1~~~srlE_2,0.03158901034955734
srlE_2~~~srlE_1~~~srlE,0.014082048297934241
srlR_2~~~srlR_3~~~srlR_4,0.0020366598778004067
srlR_2~~~srlR_6~~~srlR_5~~~srlR_1~~~srlR_4~~~srlR_3,0.004065006858140406
srlR_4~~~srlR_1,0.01999251839228563
srlR_5,0.194097842803109
srlR_5~~~srlR_3~~~srlR_2~~~srlR_6~~~srlR_4,0.12102747412610665
srmB_1~~~srmB_2~~~srmB,0.0
srmB_3,0.002036659877800407
srmB_3~~~srmB_1~~~srmB_2,0.19883619435554262
srp54,0.002036659877800407
srpC,0.13249927262147224
ssaV,0.004065006858140406
ssb_1,0.0
ssb_1~~~ssb_2,0.004065006858140407
ssb_1~~~ssb_3,0.04658547736813667
ssb_2,0.006085040941019991
ssb_2~~~ssb_3,0.046585477368136674
ssb_2~~~ssb_4~~~ssb_3~~~ssb_5,0.14075397979965917
ssb_3,0.0020366598778004067
ssb_3~~~ssb_2~~~ssb_1,0.1797248430940604
ssb_3~~~ssb_2~~~ssb_4,0.21018329938900202
ssb_4~~~ssb_2,0.033492663867991185
ssb_5~~~ssb_3~~~ssb_1,0.006085040941019993
sseA,0.0
ssnA~~~ssnA_2~~~ssnA_1,0.01010017041439794
sspA_2~~~sspA_1~~~sspA,0.0
sspB,0.0
sstT_1~~~sstT_2~~~sstT_3~~~sstT,0.0
ssuA~~~ssuA_2~~~ssuA_1,0.002036659877800407
ssuB,0.002036659877800407
ssuB_1,0.012095265804896291
ssuB~~~ssuB_2,0.002036659877800407
ssuC_3~~~ssuC_2~~~ssuC_1,0.002036659877800407
ssuC_4~~~ssuC_2~~~ssuC_1,0.0
ssuD_2~~~ssuD_1~~~ssuD,0.002036659877800407
ssuE,0.002036659877800407
stbB,0.09967164055031381
sthA_4~~~sthA_1~~~sthA_2~~~sthA_3~~~sthA,0.0
stiP,0.014082048297934243
stpA,0.0020366598778004067
stpA_1,0.004065006858140408
stpA_2,0.008096762126439169
stpA_2~~~stpA_1,0.029677043933663074
sucA_1,0.004065006858140406
sucA_1~~~sucA_2,0.19790514983997667
sucA_3~~~sucA_2~~~sucA_1,0.002036659877800407
sucB,0.002036659877800407
sucB_1~~~sucB_2~~~odhB,0.19790514983997667
sucC_1~~~sucC,0.0
sucC_2~~~sucC_3,0.19696579242695042
sucD_1~~~sucD_2,0.006085040941019991
sucD_2,0.19696579242695042
sufA,0.0020366598778004067
sufB_2~~~sufB~~~sufB_1,0.0
sufB_3,0.002036659877800407
sufB_4,0.002036659877800407
sufC_1~~~sufC_2~~~sufC,0.006085040941019991
sufD_2,0.004065006858140406
sufD~~~sufD_1~~~sufD_2,0.0
sufE,0.0
sufS_1,0.004065006858140407
sufS_1~~~sufS_2~~~sufS_3~~~sufS_4~~~sufS_5~~~sufS,0.0
suhB,0.0
sulA_1~~~sulA_2~~~sulA,0.002036659877800407
surA_1~~~surA_2~~~surA_3~~~surA,0.0
surE_1,0.002036659877800407
surE_3~~~surE_2~~~surE,0.0
sutR,0.0
suyB,0.18080551976391374
sxy_1~~~sxy_2~~~sxy,0.002036659877800407
syd,0.0
symE,0.002036659877800407
symE_1~~~symE_2,0.023891267301217843
symE_1~~~symE_3,0.01803067459162891
symE_2,0.014082048297934241
symE_3,0.010100170414397938
symE_5,0.002036659877800407
symE~~~symE_2~~~symE_1~~~symE_4,0.22083212103578703
tabA,0.002036659877800407
tabA_1,0.19790514983997667
tabA_2,0.002036659877800407
tabA_2~~~tabA_1,0.008096762126439167
tadA,0.0
tagD,0.0020366598778004067
tagD~~~tagD_1,0.09648780082297682
tagD~~~tagD_2,0.24497277526081718
tagF~~~tarL,0.004065006858140406
tagG,0.006085040941019991
tagG_1,0.03538800448896462
tagH,0.006085040941019991
tag_1~~~tag_2~~~tag,0.008096762126439169
talB,0.0
tal_1~~~tal_2~~~talB_1~~~tal_3~~~tal,0.0
tamA,0.002036659877800407
tamA_1~~~tamA_2~~~tamA_3~~~tamA_4~~~tamA_5~~~tamA,0.0
tamB,0.002036659877800407
tamB_3~~~tamB_2~~~tamB_1~~~tamB,0.0
tamB_4,0.002036659877800407
tamB_5,0.002036659877800407
tamB_6,0.002036659877800407
tamB_7,0.002036659877800407
tam~~~tam_2~~~tam_1,0.12968120038239328
tap_2,0.05748368593873396
tap_4~~~tap_3~~~tap_2~~~tap_1~~~tap,0.006085040941019991
tarF,0.004065006858140407
tar_1~~~tar_2~~~tar,0.0
tas_2~~~tas_1~~~tas,0.0
tatA,0.0
tatB,0.0
tatC_1~~~tatC_2~~~tatC_3~~~tatC,0.0
tatD_1~~~tatD~~~tatD_2,0.0
tatE,0.0
tauA~~~tauA_1~~~tauA_2,0.0
tauB_1~~~tauB_2~~~tauB,0.0
tauD~~~tauD_2~~~tauD_1,0.0
tcdA,0.24923729165800734
tcdA_1,0.002036659877800407
tcdA_2~~~tcdA,0.24908765950372003
tcpE,0.0663369217340704
tcyP_1~~~tcyP_2~~~tcyP,0.0
tdcB_1~~~tdcB_2~~~tdcB_3~~~tdcB,0.0
tdcC_1~~~tdcC_2~~~tdcC,0.0
tdcD_1~~~tdcD_3~~~tdcD~~~tdcD_2,0.0
tdcD_2,0.2006733446942932
tdcE_4~~~tdcE_3~~~tdcE~~~tdcE_1~~~tdcE_2,0.0
tdcF,0.0
tdcG_1,0.002036659877800407
tdcG_1~~~tdcG_2~~~tdcG_3~~~tdcG,0.0
tdeA,0.08174903362567024
tdh_1,0.002036659877800407
tdh_1~~~tdh_2,0.0
tdh_2,0.01010017041439794
tdh_3,0.002036659877800407
tdh_5~~~tdh_4~~~tdh_2~~~yjmD_1~~~gutB,0.0
tdh_6~~~tdh_1,0.07838231015420424
tdk,0.0040650068581404054
tehA,0.0020366598778004067
tehA_1~~~tehA_2~~~tehA,0.0
tehB,0.0020366598778004067
tehB_1~~~tehB_2~~~tehB,0.0
tesA,0.0
tesB,0.0
tetA,0.09002036659877798
tetA_2~~~tetA_1~~~tetA,0.014082048297934243
tetA~~~tetA_2~~~tetA_1,0.1338958393948211
tetC,0.08006982833866745
tetD,0.06104991894924976
tetR,0.08508250550729456
tetR_2~~~tetR,0.016060517893511785
tetR~~~tetR_1~~~tetR_2,0.1282596949166632
tetX2_1,0.002036659877800407
tfaE,0.002036659877800407
tfaE_1,0.006085040941019988
tfaE_1~~~tfaE,0.03158901034955734
tfaE_1~~~tfaE_2~~~tfaE,0.1979051498399767
tfaE_1~~~tfaE_3~~~tfaE_2~~~tfaE_5,0.027756764620308415
tfaE_1~~~tfaE~~~tfaE_3,0.008096762126439167
tfaE_2,0.018030674591628906
tfaE_2~~~tfaE_1~~~tfaE_3~~~tfaE~~~tfaE_4,0.18080551976391374
tfaE_2~~~tfaE_4~~~tfaE_1,0.012095265804896295
tfaE_2~~~tfaE~~~tfaE_1~~~tfaE_3,0.1393989775136124
tfaE_2~~~tfaE~~~tfaE_3,0.1797248430940604
tfaE_3,0.0020366598778004067
tfaE_3~~~tfaE_1~~~tfaE_2~~~tfaE_4~~~tfaE~~~tfaE_6,0.090020366598778
tfaE_3~~~tfaE_2~~~tfaE_7~~~tfaE_1~~~tfaE~~~tfaE_4~~~tfaE_6,0.0834199260152126
tfaE~~~tfaE_1,0.004065006858140407
tfaE~~~tfaE_2~~~tfaE_4~~~tfaE_1,0.061049918949249764
tfaE~~~tfaE_2~~~tfaE_4~~~tfaE_3,0.01999251839228563
tfaE~~~tfaE_3~~~tfaE_2~~~tfaE_1,0.008096762126439167
tgt,0.0
thi4,0.0
thiB~~~thiB_2~~~thiB_1,0.002036659877800407
thiC_4~~~thiC_3~~~thiC_2~~~thiC_1~~~thiC,0.0
thiD_2~~~thiD~~~thiD_1,0.002036659877800407
thiE,0.0
thiF_2~~~thiF_1~~~thiF,0.0
thiG_2~~~thiG_1~~~thiH~~~thiG,0.0
thiH_2~~~thiH_1~~~thiH,0.1960181221164637
thiI_1~~~thiI_2~~~thiI_3~~~thiI,0.0
thiI_4,0.002036659877800407
thiK,0.002036659877800407
thiL,0.0
thiM~~~thiM_1~~~thiM_2,0.002036659877800407
thiQ_2~~~thiQ_1~~~thiQ,0.002036659877800407
thiS,0.0020366598778004067
thlA_1,0.02582817240949334
thpR~~~thpR_1~~~thpR_2,0.0
thrA_1~~~thrA_3~~~thrA_2~~~thrA,0.0
thrB_1~~~thrB_2~~~thrB,0.0
thrC,0.002036659877800407
thrS_1,0.002036659877800407
thrS_2,0.002036659877800407
thrS_3~~~thrS,0.0
thyA,0.00608504094101999
thyA2,0.03158901034955734
thyA_1,0.004065006858140406
thyA_2,0.004065006858140406
tibC,0.016060517893511785
tig~~~tig_1~~~tig_2~~~tig_3,0.0
tilS~~~tilS_3~~~tilS_2~~~tilS_1,0.0
tir,0.004065006858140406
tisB,0.1997589259736481
tktA_1~~~tktA_2~~~tktA_3~~~tktA_4,0.0
tktA_2,0.006085040941019989
tktA_3~~~tktA_2~~~tktA_1,0.19883619435554262
tktB_1~~~tktB,0.0
tktB_2,0.002036659877800407
tld,0.004065006858140407
tldD_1~~~tldD,0.0
tmcA~~~tmcA_2~~~tmcA_1,0.0
tmk_1,0.029677043933663074
tmk_2,0.033492663867991185
tmk_2~~~tmk~~~mltG,0.002036659877800407
tmk_3,0.002036659877800407
tmrB,0.04288623799825429
tnaA_2~~~tnaA_1~~~tnaA,0.002036659877800407
tnaB~~~tnaB_1~~~tnaB_2,0.0
tnpA,0.05388420133837648
tnpR,0.002036659877800407
tnpR_1,0.0020366598778004067
tnpR_1~~~tnpR,0.15384679329980466
tnpR_1~~~tnpR_2,0.012095265804896293
tnpR_2,0.004065006858140406
tnpR_2~~~hin~~~hin_2~~~hin_1,0.05207198969200714
tnpR_2~~~tnpR_1,0.11207448356124526
tnpR~~~tnpR_1,0.018030674591628913
tnsA,0.002036659877800407
tnsB,0.006085040941019991
tnsB_1,0.002036659877800407
tnsB~~~tnsB_2,0.019992518392285632
tnsC,0.004065006858140406
tnsE,0.03158901034955734
tolA,0.0020366598778004067
tolB,0.0
tolC_1~~~tolC_2~~~tolC,0.0
tolQ_1~~~tolQ_3~~~tolQ_2~~~tolQ,0.0
tolR,0.0
tomB,0.0
tonB~~~tonB_2~~~tonB_1,0.002036659877800407
topA_2,0.0
topA_2~~~topA_5~~~topA_4~~~topA_3~~~topA_1,0.0
topA_6,0.0040650068581404054
topB_1~~~topB_2,0.008096762126439167
topB_1~~~topB_2~~~topB~~~topB_3~~~topB_4,0.0
topB_2,0.004065006858140406
topB_2~~~topB_1,0.006085040941019991
topB_2~~~topB_3,0.012095265804896295
topB_2~~~topB_3~~~topB_1,0.059270958892722055
torA_1,0.004065006858140406
torA_2~~~torA_3~~~torA_1~~~torA_5~~~torA_4~~~torA,0.002036659877800407
torC_3~~~torC_2~~~torC_1~~~torC,0.002036659877800407
torD,0.002036659877800407
torI,0.13389583939482103
torR,0.002036659877800407
torS_1~~~torS~~~torS_2~~~torS_3~~~torS_4,0.002036659877800407
torT_2~~~torT_1~~~torT,0.002036659877800407
torY~~~torY_1~~~torY_2,0.0
torZ,0.002036659877800407
torZ_1~~~torZ_2~~~torZ,0.0
toxA,0.1500062346730953
toxN,0.006085040941019991
tpd,0.22357537719772222
tpiA_2~~~tpiA_1~~~tpiA,0.0020366598778004067
tpx_1~~~tpx_2~~~tpx,0.0
tqsA_2~~~tqsA_1,0.08341992601521261
tqsA_2~~~tqsA_1~~~tqsA_3~~~tqsA,0.0020366598778004067
traA,0.0834199260152126
traA_1~~~traA~~~traA_2,0.010100170414397938
traA_2,0.002036659877800407
traA~~~traA_2~~~traA_1,0.24584562949416025
traB,0.0020366598778004067
traC,0.0020366598778004067
traC_1,0.016060517893511785
traC_10,0.002036659877800407
traC_1~~~traC_3,0.012095265804896293
traC_2,0.00809676212643917
traC_2~~~traC_3~~~traC_5~~~traC_1~~~traC_4~~~traC,0.018030674591628913
traC_2~~~traC~~~traC_1,0.09488341161311774
traC_4,0.002036659877800407
traC_8,0.002036659877800407
traC_9,0.002036659877800407
traC~~~traC_2~~~traC_6~~~traC_3~~~traC_1,0.2502764038405586
traD,0.0020366598778004067
traD_1~~~traD_2,0.00809676212643917
traD_1~~~traD_3~~~traD,0.0502514651481774
traD_2~~~traD~~~traD_1,0.2504842262770689
traD_4~~~traD_3~~~traD_2,0.039153747038530286
traD~~~traD_1,0.031589010349557335
traD~~~traD_2,0.029677043933663074
traD~~~traD_3~~~traD_1,0.006085040941019993
traG,0.021946049295481933
traI,0.0020366598778004067
traI_1~~~traI_2,0.00809676212643917
traI_2~~~traI_8~~~traI_7~~~traI_6~~~traI_5~~~traI_4~~~traI_1~~~traI_3~~~traI,0.07154910844174737
traI_9,0.002036659877800407
traI~~~traI_1~~~traI_2~~~traI_10~~~traI_11~~~traI_12~~~traI_13~~~traI_14~~~traI_15,0.24963631073610704
traJ,0.014082048297934241
traJ_2,0.1338958393948211
traJ~~~traJ_2,0.014082048297934241
traL,0.004065006858140406
traM,0.002036659877800407
traM_1~~~traM_2~~~traM,0.13939897751361238
traM_1~~~traM~~~traM_2,0.010100170414397938
traM_2,0.014082048297934241
traM_2~~~traM_1,0.014082048297934241
traM~~~traM_2~~~traM_3~~~traM_1,0.23267799991687094
traN,0.0020366598778004067
traN_1~~~traN_2,0.00809676212643917
traN_2,0.002036659877800407
traN_3,0.002036659877800407
traN_4,0.002036659877800407
traN_5,0.002036659877800407
traN~~~traN_2~~~traN_1,0.17643293569973809
traN~~~traN_3~~~traN_2~~~traN_1,0.2051207448356125
traQ,0.2411322166341078
traQ_2~~~traQ,0.1165883868822478
traR,0.014082048297934245
traR_1~~~traR_2~~~traR,0.18294193441123904
traR~~~traR_1,0.01408204829793424
traR~~~traR_2,0.00809676212643917
traS,0.018030674591628906
traV,0.20684151460991723
traV_1~~~traV_2,0.00809676212643917
traV_2,0.002036659877800407
traV_2~~~traV,0.1797248430940604
traY,0.02967704393366307
traY~~~traY_1,0.16728874849328731
treA_3~~~treA_1~~~treA_2~~~treA,0.002036659877800407
treA_4,0.004065006858140406
treB,0.002036659877800407
treB~~~treB_3~~~treB_1~~~treB_2,0.0
treC,0.002036659877800407
treC~~~treC_3~~~treC_2~~~treC_1,0.0
treF_3~~~treF_1~~~treF_2~~~treF,0.0
treR,0.002036659877800407
treR~~~treR_1~~~treR_2,0.0
trfA,0.012095265804896293
trfB,0.014082048297934241
trg,0.004065006858140407
trg~~~trg_1~~~trg_2,0.0
tri1,0.002036659877800407
trkA_1~~~trkA,0.0
trkA_2,0.002036659877800407
trkG,0.09488341161311774
trkH~~~trkH_1~~~trkH_2,0.0
trmA_1~~~trmA,0.0
trmA_2,0.002036659877800407
trmB~~~trmB_1~~~trmB_2,0.0
trmD,0.0
trmH_2~~~trmH_1,0.0
trmH~~~trmH_2,0.0
trmJ_1~~~trmJ_2~~~trmJ,0.0
trmL,0.0
trmO,0.0
trmR,0.0020366598778004067
trpA_1~~~trpA_2~~~trpA,0.0
trpB_1~~~trpB,0.0
trpC_1~~~trpC_3~~~trpC_2~~~trpC,0.0
trpE_1,0.002036659877800407
trpE_2~~~trpE_4~~~trpE_3~~~trpE~~~trpE_1,0.0
trpF,0.008096762126439169
trpGD_1~~~trpGD_2~~~trpGD,0.0
trpR,0.0
trpS,0.0020366598778004067
truA_1~~~truA_2~~~truA,0.0
truB_1~~~truB_2~~~truB,0.0
truC,0.08838272579907729
truD_2~~~truD_1~~~truD,0.0
trxA,0.0
trxB,0.0
trxC,0.0
trxC_2,0.006085040941019991
tsaB,0.0
tsaC,0.0
tsaD_1~~~tsaD_2~~~tsaD_3~~~tsaD,0.0
tsaE,0.002036659877800407
tsaR_1,0.20424789060226944
tsaR~~~tsaR_1~~~tsaR_2~~~hdfR_1,0.0
tsf,0.0
tsgA_2~~~tsgA_3~~~tsgA~~~tsgA_1,0.0
tsh~~~hbp_1~~~hbp~~~tsh_2~~~hbp_2~~~tsh_3~~~tsh_1,0.25050916496945014
tsh~~~pic~~~pet,0.19883619435554262
tsr,0.002036659877800407
tsr_1~~~tsr_2~~~tsr~~~tsr_3,0.02389126730121784
tsx_2~~~tsx_1,0.250426035994846
tsx~~~tsx_1,0.0
ttcA_2~~~ttcA_1~~~ttcA,0.0
ttdA_2~~~ttdA_1~~~ttdA,0.0
ttdB_1~~~ttdB_2~~~ttdB,0.002036659877800407
ttdT_1~~~ttdT_3~~~ttdT_2,0.0
ttdT_4~~~ttdT_5~~~ttdT_2~~~ttdT_1,0.0
ttgA~~~mexA,0.16251714535101205
ttgC~~~oprM_2~~~oprM,0.16251714535101205
ttgI~~~ttgC,0.0
ttgR,0.2006733446942932
ttuB,0.012095265804896291
ttuB_1,0.016060517893511785
ttuB_2~~~ttuB_1~~~ttuB,0.13939897751361238
tuaB,0.012095265804896295
tuaG,0.004065006858140408
tufB_3~~~tufB_2~~~tufB~~~tuf1~~~tufB_1~~~tuf1_2,0.22489712789392743
tufB~~~tuf1,0.20067334469429324
tusA,0.006085040941019993
tusB,0.0
tusC,0.0
tusD~~~tusD_1~~~tusD_2,0.0
tusE,0.002036659877800407
tus_1~~~tus_3~~~tus_2~~~tus,0.0
tus_2,0.006085040941019991
tynA_5~~~tynA_1~~~tynA_3~~~tynA_2~~~tynA_4~~~tynA,0.15511035371378695
typA_1~~~typA_2~~~typA_3~~~typA_4~~~typA,0.0
tyrA,0.0
tyrB~~~tyrB_1~~~tyrB_2,0.002036659877800407
tyrP_1~~~tyrP_2~~~tyrP,0.002036659877800407
tyrR_1~~~tyrR_2~~~tyrR_3~~~tyrR_4~~~tyrR,0.0
tyrS_2~~~tyrS_1~~~tyrS,0.0
uacT_1~~~uacT_2~~~uacT,0.002036659877800407
ubiA,0.0
ubiB_3~~~ubiB_1~~~ubiB_2~~~ubiB,0.0
ubiC,0.0
ubiD_1,0.002036659877800407
ubiD_2,0.002036659877800407
ubiD_3,0.002036659877800407
ubiD_4~~~ubiD_1~~~ubiD_2~~~ubiD,0.0
ubiE,0.0
ubiF_1~~~ubiF_2~~~ubiF_3~~~ubiF,0.0
ubiG_2,0.002036659877800407
ubiH,0.0
ubiI_3~~~ubiI_2~~~ubiI_1~~~ubiI,0.0
ubiJ_1,0.0
ubiJ_2,0.0
ubiK,0.002036659877800407
ubiX,0.0
ucpA,0.0
udk,0.0
udp_3~~~udp_2~~~udp_1~~~udp,0.0
ugd_1,0.008096762126439167
ugd_2,0.13109439295066294
ugd_2~~~ugd_1,0.01999251839228563
ugd~~~ugd_4~~~ugd_3~~~ugd_2~~~ugd_1,0.008096762126439169
ugpA,0.04474001413192567
ugpA_2,0.03538800448896462
ugpA_2~~~ugpA_1~~~ugpA,0.04288623799825429
ugpB,0.04474001413192567
ugpB_1~~~ugpB_2~~~ugpB_3~~~ugpB,0.04288623799825429
ugpB_2,0.03538800448896462
ugpB_2~~~ugpB_3,0.006085040941019988
ugpC,0.04474001413192567
ugpC_1~~~ugpC_2~~~ugpC,0.04288623799825429
ugpC_2,0.03538800448896462
ugpQ,0.0
uhpA_1~~~uhpA_2~~~uhpA,0.0
uhpA_2,0.023891267301217843
uhpB_2~~~uhpB_1,0.021946049295481933
uhpB_2~~~uhpB_1~~~uhpB,0.0
uhpC_1,0.012095265804896293
uhpC_1~~~uhpC_2~~~uhpC,0.0
uhpC_2,0.002036659877800407
uhpC_3,0.002036659877800407
uhpT_1~~~uhpT_2~~~uhpT_3~~~uhpT,0.0
uidA_3~~~uidA_2~~~uidA_1~~~uidA,0.0
uidB_2~~~uidB_1~~~uidB,0.0040650068581404054
uidB_4,0.004065006858140406
uidC_1~~~uidC_2~~~uidC,0.0
ulaA_1,0.04102414896712249
ulaA_1~~~ulaA_2,0.2495116172742009
ulaA_2~~~ulaA_1~~~ulaA_3,0.0
ulaB_1,0.04102414896712249
ulaB_1~~~ulaB_2,0.13249927262147224
ulaB_2,0.1268298765534727
ulaC,0.002036659877800407
ulaC_1~~~ulaC_2~~~ulaC,0.0
ulaC_2,0.008096762126439165
ulaC_2~~~ulaC_3,0.20936032254042145
ulaD,0.002036659877800407
ulaD_1~~~ulaD_2~~~ulaD,0.0
ulaE_1,0.002036659877800407
ulaE_1~~~ulaE_2,0.0
ulaE_2~~~ulaE_1~~~sgbE_1~~~sgbE~~~sgbE_2,0.012095265804896291
ulaE_3,0.006085040941019989
ulaF,0.002036659877800407
ulaF_2,0.002036659877800407
ulaF_2~~~ulaF_1~~~ulaF,0.0
ulaF_3,0.002036659877800407
ulaG,0.002036659877800407
ulaG_1,0.002036659877800407
ulaG_2~~~ulaG~~~ulaG_1,0.0
ulaR,0.002036659877800407
ulaR_2~~~ulaR_1~~~ulaR,0.0
ulaR_3~~~ulaR_1~~~srlR_4,0.0
umuC_1,0.00608504094101999
umuC_1~~~umuC_2~~~umuC_3,0.029677043933663074
umuC_2,0.0020366598778004067
umuC_2~~~umuC_3~~~umuC_1,0.2051207448356125
umuC_2~~~umuC_3~~~umuC_4,0.23321833825179775
umuC_3,0.0020366598778004067
umuC_3~~~umuC_2,0.00608504094101999
umuC_5,0.002036659877800407
umuC~~~umuC_1~~~dinB_1~~~dinB_2~~~umuC_3~~~umuC_2,0.002036659877800407
umuD_1,0.002036659877800407
umuD_1~~~umuD_2~~~umuD,0.002036659877800407
umuD_2,0.02194604929548193
umuD_3,0.002036659877800407
umuD_4,0.0020366598778004067
ung,0.0
uppP_1,0.002036659877800407
uppP_3~~~uppP_2~~~uppP_1~~~uppP,0.0
uppS~~~ispU,0.0
upp_1~~~upp_2~~~upp,0.0
uraA_1~~~uraA_2~~~uraA,0.0
uraA_2,0.002036659877800407
uraA_3,0.002036659877800407
uraA_4,0.004065006858140406
usg,0.0
ushA_2~~~ushA_1~~~ushA,0.0
uspA,0.0040650068581404054
uspB,0.0040650068581404054
uspC,0.002036659877800407
uspD_1~~~uspD_2~~~uspD,0.0020366598778004067
uspD_2,0.0020366598778004067
uspE_1~~~uspE_2~~~uspE_3~~~uspE,0.0
uspF,0.0020366598778004067
uspG,0.0
uup_2~~~uup_1~~~uup,0.002036659877800407
uvrA_2,0.002036659877800407
uvrA_3~~~uvrA_1~~~uvrA_4~~~uvrA_2~~~uvrA,0.0
uvrB_1,0.0020366598778004067
uvrB_1~~~uvrB_2~~~uvrB,0.0
uvrC_2,0.002036659877800407
uvrC_3,0.002036659877800407
uvrC~~~uvrC_1~~~uvrC_2,0.0
uvrD_1,0.0020366598778004067
uvrD_2~~~yjcD,0.012095265804896293
uvrD_3~~~uvrD_2~~~uvrD_1~~~uvrD,0.0
uvrY_2~~~uvrY_1~~~uvrY,0.002036659877800407
uxaA_1,0.18080551976391374
uxaA_2~~~uxaA_1,0.1625171453510121
uxaA_3~~~uxaA_4~~~uxaA_1,0.0
uxaB,0.004065006858140406
uxaB_2~~~uxaB_1~~~uxaB,0.002036659877800407
uxaC_2~~~uxaC_1~~~uxaC,0.0
uxuA,0.018030674591628906
valS,0.002036659877800407
valS_1,0.002036659877800407
valS_1~~~valS_2~~~valS,0.002036659877800407
valS_2,0.002036659877800407
valS_3,0.002036659877800407
vapB,0.07838231015420423
vapB_1,0.09002036659877799
vapB~~~vapB_2,0.06808263020075646
vapC,0.0020366598778004067
vapC_1,0.09002036659877799
vapC_1~~~vapC~~~vapC_2,0.055688100087285426
vapC_2,0.0663369217340704
vapC~~~vapC_2,0.06982002576998211
vapC~~~vapC_2~~~vapC_1,0.08673677210191613
vatD,0.0020366598778004067
vdcD,0.16491957271707058
ves,0.0020366598778004067
ves_1~~~ves_2,0.006085040941019991
vgrG1,0.05568810008728542
vgrG1_1,0.039153747038530286
vgrG1_1~~~vgrG1_4~~~vgrG1_2~~~vgrG1~~~vgrG1_3,0.22222037491167543
vgrG1_1~~~vgrG1~~~vgrG1_2~~~vgrG1_3,0.14740429776798705
vgrG1_2~~~vgrG1~~~vgrG1_1,0.012095265804896291
vgrG1_4,0.23375036368926388
vgrG1~~~vgrG1_1~~~vgrG1_2~~~vgrG1_4~~~vgrG1_3,0.24975269130055278
vgrG1~~~vgrG1_2~~~vgrG1_1~~~vgrG1_4~~~vgrG1_5~~~vgrG1_3,0.250426035994846
vgrG1~~~vgrG1_3~~~vgrG1_2~~~vgrG1_1,0.1460908599692423
viaA_1~~~viaA_2~~~viaA_3~~~viaA,0.0
vioA,0.0020366598778004067
vioB,0.004065006858140406
virB,0.012095265804896293
virB1,0.021946049295481933
virB4,0.004065006858140406
virB4_1,0.012095265804896293
virB4_2,0.03158901034955734
virB4_3,0.01010017041439794
virB4~~~virB4_1,0.021946049295481933
virB5,0.027756764620308415
virB6,0.031589010349557335
virB8,0.027756764620308415
virB9,0.01999251839228563
virB9_1,0.027756764620308415
virB9_1~~~virB9,0.031589010349557335
virB9_2,0.01010017041439794
virB9~~~virB9_2,0.03158901034955734
virD4,0.03158901034955734
virF,0.24689305457417188
vnfA~~~atoC_1~~~atoC_2,0.24497277526081718
vsr_2,0.002036659877800407
vsr~~~vsr_2~~~vsr_1,0.004065006858140406
waaA_1~~~waaA_2~~~waaA,0.0
walR~~~phoP_2,0.008096762126439167
wapA,0.004065006858140406
wbbD,0.010100170414397938
wbbI,0.03915374703853028
wbbL,0.11509206533937405
wbbL_1,0.002036659877800407
wbbL_2~~~wbbL,0.03915374703853028
wbdD,0.004065006858140407
wbdD~~~wbdD_1~~~wbdD_2,0.027756764620308412
wbjC,0.057483685938733944
wbnH,0.010100170414397938
wbnJ,0.0020366598778004067
wbnK,0.0020366598778004067
wbpI,0.05927095889272205
wcaJ,0.0040650068581404054
wcaJ_2,0.00809676212643917
wcaJ~~~wcaJ_2~~~wcaJ_1,0.055688100087285426
wecA,0.0
wecB_1,0.01999251839228563
wecB_1~~~wecB_3~~~wecB~~~wecB_2,0.0
wecC_1,0.004065006858140406
wecC_1~~~wecC_2~~~wecC_3~~~wecC,0.0
wecC_2~~~wecC_1,0.01999251839228563
wecD_1,0.01209526580489629
wecD_1~~~wecD_2~~~wecD~~~wecD_3,0.0
wecE_1~~~wecE_2~~~wecE_3~~~wecE,0.0
wecE_2,0.0020366598778004067
wecF_1~~~wecF_2~~~wecF,0.0
wecG_1~~~wecG_2~~~wecG,0.0
wecH_1,0.0020366598778004067
wecH_2,0.0020366598778004067
wecH~~~wecH_2~~~wecH_1,0.004065006858140406
wfeD,0.0040650068581404054
wfgD,0.02389126730121784
wrbA_2,0.008096762126439167
wrbA~~~wrbA_1~~~wrbA_2,0.002036659877800407
wzb,0.010100170414397938
wzb~~~etp_1,0.0040650068581404054
wzc_2~~~wzc_1~~~wzc,0.0428862379982543
wzxC_1,0.0020366598778004067
wzxC~~~wzxC_2,0.06982002576998213
wzxE_1,0.002036659877800407
wzxE_2,0.002036659877800407
wzxE_3~~~wzxE,0.0
wzyE_1,0.002036659877800407
wzyE_1~~~wzyE_3~~~wzyE_2~~~wzyE,0.0
wzzB,0.00608504094101999
wzzB_1,0.002036659877800407
wzzB~~~wzzB_1~~~wzzB_2,0.050251465148177396
wzzE_2~~~wzzE_1~~~wzzE,0.0
xanP,0.0
xanQ_1,0.002036659877800407
xanQ_2,0.002036659877800407
xanQ_3~~~xanQ_2~~~xanQ_1~~~xanQ,0.008096762126439167
xapA~~~xapA_2~~~xapA_1,0.10902365019327485
xapB~~~nupG_3~~~xapB_2~~~xapB_1,0.10902365019327485
xcpQ~~~sctC,0.010100170414397938
xcpV,0.12102747412610664
xcpW,0.11807639552766117
xdhA_4~~~xdhA_3~~~xdhA_2~~~xdhA_1,0.008096762126439167
xerC_1,0.01010017041439794
xerC_10~~~xerC_3~~~xerC_8~~~xerC_6,0.09648780082297684
xerC_11~~~xerC_3~~~xerD_2~~~xerC_6,0.04658547736813667
xerC_11~~~xerC_4,0.0996716405503138
xerC_1~~~intS_2,0.006085040941019991
xerC_1~~~xerC_2,0.008096762126439167
xerC_1~~~xerC_2~~~xerC_5,0.023891267301217843
xerC_1~~~xerC_3,0.09164969450101831
xerC_1~~~xerC_5~~~xerC_2,0.09488341161311774
xerC_2,0.0020366598778004067
xerC_2~~~xerC_1,0.1753190074400432
xerC_2~~~xerC_1~~~xerC_3,0.12394530113471049
xerC_2~~~xerC_3,0.0
xerC_2~~~xerC_3~~~xerC_1,0.023891267301217847
xerC_2~~~xerC_4~~~xerC_5~~~xerC_1~~~xerH~~~xerC_3,0.03727503221247766
xerC_2~~~xerC_5,0.006085040941019994
xerC_2~~~xerC_6,0.0040650068581404054
xerC_2~~~xerD_3~~~xerD_2,0.08174903362567025
xerC_3,0.00809676212643917
xerC_3~~~intQ~~~intQ_1~~~intQ_2,0.10125109106779168
xerC_3~~~xerC_1,0.01803067459162891
xerC_3~~~xerC_1~~~xerC_2,0.1460908599692423
xerC_3~~~xerC_2,0.004065006858140406
xerC_3~~~xerC_2~~~xerC_6,0.01999251839228563
xerC_3~~~xerC_5~~~xerC_4,0.10593956523546283
xerC_3~~~xerC_7~~~xerC_5~~~xerC_6~~~xerC_4~~~xerC_1,0.1352840932707095
xerC_4,0.02582817240949334
xerC_4~~~xerC_1~~~xerC_3,0.016060517893511785
xerC_4~~~xerC_2,0.00608504094101999
xerC_4~~~xerC_3,0.010100170414397938
xerC_4~~~xerC_7~~~xerC_3~~~xerC_5~~~xerC_2,0.1282596949166632
xerC_5,0.021946049295481933
xerC_5~~~xerC_1~~~xerC_4~~~xerC_3~~~xerC_2~~~xerC_6,0.14740429776798705
xerC_5~~~xerC_6~~~xerD_2~~~xerC_3~~~xerC_2,0.24497277526081712
xerC_6,0.012095265804896293
xerC_7,0.002036659877800407
xerC_9,0.033492663867991185
xerC_9~~~xerC_3,0.004065006858140406
xerD_1~~~xerC_4,0.03915374703853027
xerD_2,0.17863585352674677
xerD_3,0.10438505341036618
xerD_3~~~xerC_3~~~xerC_2~~~xerC_4~~~xerD_2~~~xerC_7~~~xerC_6~~~xerC_5~~~xerC_1,0.23478947587181517
xerD_3~~~xerD_1,0.19975892597364814
xerD_3~~~xerD_2,0.1282596949166632
xerD_4,0.002036659877800407
xerD_5,0.016060517893511785
xerD~~~xerD_1,0.0
xni,0.033492663867991185
xseA_1,0.002036659877800407
xseA_1~~~xseA~~~xseA_2,0.002036659877800407
xseA_2,0.002036659877800407
xseB,0.0
xthA,0.0
xylA_1,0.002036659877800407
xylA_2~~~xylA,0.004065006858140406
xylB_1,0.01803067459162891
xylB_1~~~xylB_2~~~lsrK~~~glpK_3~~~glpK_1~~~lsrK_1~~~lsrK_2,0.0040650068581404054
xylB_2,0.002036659877800407
xylB_2~~~xylB_1~~~fucK_2,0.24190531609792598
xylB_3~~~xylB_1~~~xylB_2~~~xylB,0.004065006858140406
xylE_1~~~xylE_2~~~xylE_3~~~xylE_4~~~xylE,0.13528409327070956
xylF_1~~~xylF_2~~~xylF,0.004065006858140406
xylG_1,0.002036659877800407
xylG_2~~~aldB_2~~~betB_2~~~betB_1,0.14740429776798705
xylG_2~~~xylG,0.004065006858140406
xylH_1~~~xylH_2~~~xylH_3~~~xylH,0.004065006858140406
xylP,0.18813749532399518
xylR,0.002036659877800407
xynR,0.2502764038405586
yaaA_1~~~yaaA_2~~~yaaA,0.0
yabI_1,0.002036659877800407
yabI_2~~~yabI,0.002036659877800407
yabJ,0.0
yabJ_2,0.03538800448896462
yacG,0.0
yadA,0.016060517893511785
yadC,0.10593956523546284
yadC_2~~~yadC,0.06808263020075646
yadG,0.0
yadH~~~yadH_1~~~yadH_2,0.0
yadK,0.0663369217340704
yadL,0.004065006858140406
yadM,0.06808263020075646
yadN,0.02582817240949334
yadV_2,0.01010017041439794
yadV_2~~~yadV_3~~~yadV_1,0.01010017041439794
yadV_3~~~yadV_1~~~yadV,0.0
yaeQ,0.0
yafJ,0.0
yafN,0.25050916496945014
yafO,0.25050916496945014
yafP,0.0
yafQ,0.13389583939482105
yafV,0.0
yafY,0.002036659877800407
yagA,0.006085040941019988
yagE,0.1625171453510121
yagU_1~~~yagU_3~~~yagU_2,0.039153747038530286
yagU_2~~~yagU,0.01010017041439794
yahB_2~~~yahB_3~~~yahB_1,0.025828172409493335
yahB_3,0.1901575294068748
yahB_4,0.006085040941019991
yahK_2~~~yahK_1~~~yahK~~~tdh_1,0.01999251839228563
yaiA,0.0
yaiY,0.0
yajC_2~~~yajC_1~~~yajC,0.0
yajI~~~yajI_1,0.0
yajL,0.0040650068581404054
yajO_1~~~yajO~~~yajO_2,0.0
yajO_3~~~yajO_2~~~yajO_4,0.09327070950579824
yajR_1~~~yajR_2~~~yajR~~~yajR_3,0.0
ybaA,0.0
ybaB,0.0
ybaK,0.002036659877800407
ybaL_1~~~ybaL_2~~~ybaL_3~~~ybaL,0.0
ybaN,0.0
ybaQ,0.006085040941019991
ybaQ_1,0.002036659877800407
ybaT_4~~~ybaT_3~~~ybaT_2~~~ybaT_1~~~ybaT,0.0
ybaT_5,0.002036659877800407
ybaY,0.0
ybbA,0.02582817240949334
ybbC_1~~~ybbC,0.14609085996924226
ybbC~~~ybbC_2,0.0663369217340704
ybbH_1~~~murR_1~~~ybbH,0.19696579242695042
ybbH_2~~~ybbH_1,0.10593956523546283
ybbJ_2,0.021946049295481933
ybbJ_2~~~ybbJ_1~~~ybbJ,0.0
ybbW~~~ybbW_1~~~ybbW_2,0.0040650068581404054
ybbY,0.008096762126439167
ybcI_1~~~ybcI~~~ybcI_2,0.0
ybcJ,0.0
ybcO,0.004065006858140407
ybcO_1~~~ybcO~~~ybcO_2~~~ybcO_3,0.11055322332599027
ybcO_2,0.15129473377945882
ybcO_3~~~ybcO_1~~~ybcO,0.25038447150754395
ybcO~~~ybcO_1,0.08006982833866745
ybcO~~~ybcO_2~~~ybcO_1,0.15511035371378695
ybdG,0.002036659877800407
ybdK,0.0
ybdL_1~~~ybdL_2~~~ybdL,0.0
ybdM_2,0.0020366598778004067
ybdM_2~~~ybdM_3,0.2466436676503596
ybdM_4~~~ybdM_3~~~ybdM_1~~~ybdM_2,0.13528409327070956
ybdM~~~ybdM_1~~~ybdM_2,0.0
ybdO_1~~~ybdO_2,0.008096762126439169
ybdO_1~~~ybdO~~~ybdO_2,0.0
ybeM_1~~~ybeM_2~~~ybeM,0.0
ybeT,0.24923729165800734
ybeY,0.0
ybeZ,0.0
ybfE,0.0
ybfF,0.0
ybgC,0.0
ybgD,0.24759133796084626
ybgD~~~ybgD_2,0.19115507710212395
ybgI,0.0
ybgU,0.0
ybhA_2,0.14075397979965917
ybhA~~~ybhA_1~~~ybhA_2,0.0
ybhC~~~ybhC_2~~~ybhC_1,0.0
ybhF_1,0.002036659877800407
ybhF_2,0.002036659877800407
ybhF_3~~~ybhF_4~~~ybhF_5~~~ybhF_1~~~ybhF~~~ybhF_2,0.0
ybhH~~~ybhH_1~~~ybhH_2,0.0
ybhI_3,0.19696579242695042
ybhI~~~ybhI_3~~~ybhI_1~~~ybhI_2,0.0
ybhK_1~~~ybhK_2~~~ybhK,0.0
ybhL,0.0
ybhN~~~ybhN_1~~~ybhN_2,0.0
ybhQ,0.0
ybhR_1~~~ybhR_2~~~ybhR_3~~~ybhR,0.0
ybhS_1~~~ybhS_2~~~ybhS,0.0
ybiA~~~ybiA_2~~~ybiA_1,0.22744087451681286
ybiB,0.0
ybiI_2,0.05568810008728542
ybiI~~~ybiI_2~~~ybiI_1,0.0
ybiO_1~~~ybiO,0.01803067459162891
ybiO_2~~~ybiO_1~~~ybiO,0.0
ybiR_1,0.004065006858140407
ybiR_1~~~ybiR_2~~~ybiR,0.0
ybiS~~~ybiS_1~~~ybiS_2,0.0
ybiT_1~~~ybiT_2~~~ybiT_3~~~ybiT_4~~~ybiT,0.0
ybiU_1~~~ybiU_2~~~ybiU~~~ybiU_3,0.1950621389085166
ybiV,0.0
ybjG,0.0
ybjI,0.0
ybjI_1,0.002036659877800407
ybjI_2,0.002036659877800407
ybjJ_1,0.002036659877800407
ybjJ~~~ybjJ_1~~~ybjJ_2,0.0
ybjL_1,0.002036659877800407
ybjL_3~~~ybjL_2~~~aspT_2~~~aspT_3~~~aspT_1,0.010100170414397938
ybjM,0.012095265804896291
ybjN,0.010100170414397938
ybjO,0.010100170414397938
ybjP,0.010100170414397938
ycaC_2,0.008096762126439167
ycaC_2~~~ycaC,0.0020366598778004067
ycaC_3,0.00608504094101999
ycaD_1~~~ycaD_2~~~ycaD_3~~~ycaD_4~~~ycaD,0.0020366598778004067
ycaL_1~~~ycaL~~~ycaL_2,0.0
ycaM_1,0.002036659877800407
ycaM_2~~~ycaM_1~~~ycaM,0.19696579242695042
ycaO,0.0020366598778004067
ycbB_2~~~ycbB_1~~~ycbB,0.0
ycbF,0.2503345941227815
ycbU,0.16491957271707056
ycbU~~~lpfA,0.24821480527037698
ycbV,0.16491957271707056
ycbV~~~fimF_3~~~fimF_1~~~fimF_2,0.24821480527037698
ycbX~~~ycbX_1~~~ycbX_2,0.002036659877800407
yccA,0.002036659877800407
yccF,0.002036659877800407
yccJ,0.002036659877800407
yccM_1~~~yccM_2~~~yccM,0.002036659877800407
yccS_1~~~yccS_2~~~yccS_4~~~yccS_3~~~yccS,0.002036659877800407
yccU,0.002036659877800407
yccX,0.002036659877800407
ycdX_1,0.004065006858140406
ycdX_1~~~ycdX_2~~~ycdX,0.0040650068581404054
ycdY,0.0040650068581404054
ycdZ_2~~~ycdZ~~~ycdZ_1,0.0040650068581404054
yceB_2~~~yceB_1~~~yceB,0.002036659877800407
yceD,0.002036659877800407
yceD_2,0.014082048297934243
yceD_3,0.014082048297934243
yceD_3~~~yceD_4,0.014082048297934243
yceD_5,0.014082048297934243
yceF,0.002036659877800407
yceI_1~~~yceI_2~~~yceI,0.002036659877800407
yceJ,0.002036659877800407
yceM~~~yceM_2~~~yceM_1,0.002036659877800407
yceO,0.0040650068581404054
ycfH_2,0.17078016542665947
ycfS~~~ycfS_1~~~ycfS_2,0.002036659877800407
ycfT~~~ycfT_2~~~ycfT_1,0.002036659877800407
ycfZ~~~ycfZ_1~~~ycfZ_2,0.012095265804896293
ycgJ,0.0020366598778004067
ycgL,0.002036659877800407
ycgM_1~~~ycgM_2~~~ycgM,0.002036659877800407
ycgR,0.0040650068581404054
ycgR_1,0.0020366598778004067
ycgR_2,0.002036659877800407
ycgZ,0.03158901034955734
ychF_1~~~ychF,0.002036659877800407
ychF_2,0.002036659877800407
ychN,0.002036659877800407
ychQ,0.002036659877800407
yciB~~~yciB_1~~~yciB_2,0.002036659877800407
yciC,0.12968120038239328
yciC_1,0.00608504094101999
yciC_2,0.00608504094101999
yciE,0.2440251049503304
yciE_2,0.010100170414397938
yciF_2,0.010100170414397938
yciF~~~yciF_1~~~yciF_3~~~yciF_2,0.2440251049503304
yciH,0.0
yciI,0.002036659877800407
yciK,0.0
yciN,0.0
yciO_1~~~yciO_2~~~yciO,0.0
yciV,0.0
ycjG,0.002036659877800407
ycjM_1,0.002036659877800407
ycjM_1~~~ycjM~~~ycjM_2,0.09808387713537554
ycjO,0.10125109106779168
ycjP,0.10125109106779168
ycjT~~~ycjT_4~~~ycjT_3~~~ycjT_2~~~ycjT_1,0.10125109106779168
ycjU,0.10125109106779168
ycjX_1~~~ycjX~~~ycjX_2,0.0
ycjY_1,0.004065006858140408
ycjY_2~~~ycjY_1~~~ycjY_3,0.1282596949166632
ycjY_2~~~ycjY_1~~~ycjY~~~ycjY_3,0.006085040941019991
ycjY_3,0.0040650068581404054
ycjY_3~~~ycjY_2,0.11807639552766115
ydaG,0.09808387713537556
ydaW,0.035388004488964626
ydaW_1,0.1661083170539091
ydaW~~~ydaW_2,0.22153040442246147
ydcF,0.004065006858140407
ydcF_2~~~ydcF~~~ydcF_1,0.0020366598778004067
ydcO,0.0020366598778004067
ydcO~~~ydcO_1~~~ydcO_2,0.0
ydcS,0.0020366598778004067
ydcS~~~ydcS_1~~~ydcS_2~~~ydcS_3,0.0020366598778004067
ydcU,0.0020366598778004067
ydcU_1,0.002036659877800407
ydcU_2~~~ydcU,0.0
ydcV_2~~~ydcV_1,0.002036659877800407
ydcV_2~~~ydcV_1~~~ydcV_3,0.002036659877800407
ydcV_3,0.0020366598778004067
ydcY,0.0
ydcZ,0.0020366598778004067
ydcZ_1~~~ydcZ~~~ydcZ_2,0.0
yddA_1~~~yddA_2~~~yddA_3~~~yddA_4~~~yddA,0.2504842262770689
yddE~~~yddE_1~~~yddE_2,0.0040650068581404054
yddG_3~~~yddG_2~~~yddG_1~~~yddG,0.0
yddM,0.01010017041439794
ydeO_1,0.0020366598778004067
ydeO_1~~~rhaR_1~~~ydeO_2~~~ydeO,0.008096762126439167
ydeO_2,0.002036659877800407
ydeO_2~~~gadW_1,0.04102414896712249
ydeP_1~~~ydeP_2,0.014082048297934241
ydeP_3~~~ydeP~~~ydeP_1~~~ydeP_4~~~ydeP_2,0.00608504094101999
ydfB,0.02389126730121784
ydfB~~~ydfB_2,0.16491957271707056
ydfB~~~ydfB_2~~~ydfB_1,0.24996051373706307
ydfG,0.002036659877800407
ydfG~~~hcaB,0.0
ydfJ_1,0.1672887484932873
ydfJ_1~~~ynfP,0.13939897751361238
ydfJ_2~~~ydfJ~~~ydfJ_1,0.006085040941019991
ydfK,0.002036659877800407
ydfO,0.002036659877800407
ydfO_1,0.052071989692007145
ydfO_2~~~ydfO_1~~~ydfO_3,0.16728874849328731
ydfO_3~~~ydfO_1~~~ydfO_2,0.11055322332599027
ydfO~~~ydfO_2,0.0040650068581404054
ydfR,0.012095265804896295
ydfR_2~~~ydfR_1,0.2006733446942932
ydfR~~~ydfR_2,0.18294193441123904
ydfZ,0.0
ydgA_2~~~ydgA_1~~~ydgA_3,0.0
ydgA_5~~~ydgA_4~~~ydgA_2~~~ydgA_3,0.0
ydgC,0.0
ydgH_1~~~ydgH_3~~~ydgH_2~~~ydgH,0.0
ydgI_1,0.002036659877800407
ydgI_2,0.002036659877800407
ydgI_3~~~ydgI,0.0
ydgJ_2~~~ydgJ_1~~~ydgJ,0.0
ydgK_1~~~ydgK_2~~~ydgK,0.0
ydhC_3~~~ydhC_2~~~ydhC_1~~~ydhC,0.0
ydhF_1~~~ydhF_2~~~ydhF,0.0
ydhP_4~~~ydhP_3~~~ydhP_2~~~ydhP_1~~~ydhP,0.0
ydhR,0.0
ydhT,0.0
ydhU,0.0
ydhV_4~~~ydhV_3~~~ydhV_2~~~ydhV_1~~~ydhV,0.0
ydhW,0.0
ydhX_2~~~ydhX_1,0.0
ydhY_1~~~ydhY_2~~~ydhY,0.0
ydiB_2~~~ydiB_1~~~ydiB,0.0
ydiE,0.0020366598778004067
ydiF_2,0.002036659877800407
ydiF_2~~~ydiF_1~~~ydiF_3,0.21018329938900202
ydiF_2~~~ydiF_1~~~ydiF_3~~~ydiF,0.0
ydiK_1~~~ydiK_2~~~ydiK,0.0020366598778004067
ydiM_2~~~ydiM_1~~~ydiM,0.004065006858140406
ydiN_1~~~ydiN_3~~~ydiN_2~~~ydiN,0.004065006858140406
ydiN_2,0.008096762126439169
ydiO,0.090020366598778
ydiO_2,0.004065006858140407
ydiO~~~ydiO_1,0.04102414896712248
ydiV_2,0.004065006858140406
ydiV_2~~~pdeH_2,0.01010017041439794
ydiV_2~~~ydiV_1,0.029677043933663074
ydiV~~~ydiV_1~~~ydiV_2,0.0040650068581404054
ydjA,0.0
ydjA_1,0.0020366598778004067
ydjE_1~~~ydjE_2,0.006085040941019991
ydjE_5~~~ydjE_3~~~ydjE_4~~~ydjE_2~~~ydjE_1,0.07668647907228066
ydjF_1,0.24996051373706304
ydjF_1~~~ydjF_2,0.07838231015420424
ydjF_2,0.14740429776798702
ydjF_3,0.0020366598778004067
ydjG_1~~~ydjG_2~~~ydjG,0.07838231015420424
ydjG_2,0.002036659877800407
ydjH_1~~~ydjH_2~~~ydjH,0.07838231015420424
ydjI_2~~~ydjI_1~~~ydjI,0.08006982833866745
ydjJ_2~~~ydjJ_1~~~tdh_7~~~ydjJ,0.08508250550729457
ydjM,0.0
ydjZ_2~~~ydjZ_1,0.0
ydjZ_2~~~ydjZ~~~ydjZ_1,0.002036659877800407
yeaD_2~~~yeaD_1~~~yeaD,0.0
yeaR,0.0
yeaR_2~~~yeaR_1,0.04474001413192567
yeaW_3~~~yeaW~~~yeaW_2~~~yeaW_1,0.19696579242695042
yeaX_2~~~yeaX~~~yeaX_1,0.1960181221164637
yebC_1~~~yebC_2~~~yebC_3~~~yebC,0.0
yebE,0.0
yebF_1~~~yebF~~~yebF_2,0.0
yebS_1~~~yebS,0.0
yebS_2,0.002036659877800407
yebT_1~~~yebT_2~~~yebT_3~~~yebT~~~yebT_4,0.0
yebV,0.0
yebZ_2~~~yebZ_1~~~yebZ,0.0
yecD_1,0.004065006858140407
yecD~~~yecD_1~~~yecD_2,0.0
yecM,0.0
yecN,0.006085040941019991
yecS,0.004065006858140405
yedA~~~yedA_2~~~yedA_1,0.004065006858140406
yedF_1~~~yedF_2~~~yedF,0.004065006858140406
yedI_1~~~yedI,0.004065006858140406
yedI_2,0.002036659877800407
yedI_3,0.002036659877800407
yedJ~~~yedJ_1~~~yedJ_2,0.004065006858140406
yedK_1,0.002036659877800407
yedK_2,0.002036659877800407
yedK_3~~~yedK_2,0.012095265804896291
yedK~~~yedK_1~~~yedK_2,0.05388420133837649
yedP~~~yedP_2~~~yedP_1~~~mngB,0.006085040941019991
yedR,0.18187788353630654
yedS,0.25050916496945014
yedS~~~yedS_2~~~yedS_1,0.2268174072072821
yedY1~~~yedY1_1,0.16251714535101208
yedY1~~~yedY1_2,0.025828172409493335
yedZ1,0.006085040941019989
yeeA_3~~~yeeA_2~~~yeeA~~~yeeA_1,0.0
yeeD,0.20936032254042145
yeeN_1,0.002036659877800407
yeeN_2~~~yeeN,0.002036659877800407
yeeO_1,0.002036659877800407
yeeO_1~~~yeeO_2~~~mdtK_2~~~yeeO,0.002036659877800407
yeeO_2,0.002036659877800407
yeeR,0.243692589051914
yeeR~~~yeeR_1~~~yeeR_3,0.13803566233010514
yeeW,0.1268298765534727
yeeW_1,0.2315723845546365
yeeW_2~~~yeeW,0.20684151460991723
yeeW~~~yeeW_1,0.22357537719772222
yeeZ,0.0
yefM,0.0663369217340704
yegI,0.008096762126439167
yegI_1~~~yegI_3~~~yegI_2~~~yegI,0.0040650068581404054
yegS_2~~~yegS_1~~~yegS,0.002036659877800407
yegT_3~~~yegT_2~~~yegT_1~~~yegT,0.002036659877800407
yehA_1,0.012095265804896293
yehA_1~~~yehA~~~yehA_2,0.021946049295481933
yehB_2~~~yehB_1~~~yehB_3,0.18711500893636476
yehB_3,0.0020366598778004067
yehB_4~~~yehB_3~~~yehB_2~~~yehB_1~~~yehB,0.0
yehC_2,0.10902365019327485
yehC~~~yehC_1~~~yehC_2,0.0
yehD_2,0.10902365019327485
yehD~~~yehD_2~~~yehD_3~~~yehD_1,0.0
yehF,0.19506213890851656
yehL_1,0.008096762126439167
yehL~~~yehL_2~~~yehL_1,0.00608504094101999
yehR,0.006085040941019989
yehW~~~yehW_2~~~yehW_1,0.0
yehX_2~~~yehX_1~~~yehX,0.0
yehY_2~~~yehY_1~~~yehY,0.0
yehZ_2~~~yehZ_1~~~yehZ,0.0
yeiG,0.0
yeiL,0.004065006858140406
yeiP,0.0
yeiR_1~~~yeiR_2~~~yeiR,0.0
yejB~~~yejB_2~~~yejB_1,0.0
yejE~~~yejE_2~~~yejE_1,0.0
yejF,0.0
yejG,0.0
yejK_1,0.006085040941019988
yejK_2,0.021946049295481933
yejK_2~~~yejK_1~~~yejK,0.0
yejM_2~~~yejM_1~~~yejM,0.0
yesR,0.008096762126439167
yfaL_6~~~yfaL_5~~~yfaL_4~~~yfaL_3~~~yfaL_2~~~yfaL_1~~~yfaL,0.002036659877800407
yfbM~~~yfbM_2,0.0
yfbR_2,0.002036659877800407
yfbR_2~~~yfbR_1~~~yfbR,0.0
yfcA,0.0
yfcD,0.0
yfcE_1~~~yfcE_2~~~yfcE_3~~~yfcE,0.0
yfcF_2~~~yfcF_1~~~yfcF,0.0
yfcG,0.002036659877800407
yfcJ_1~~~yfcJ_3~~~yfcJ_2~~~yfcJ,0.0
yfcO,0.021946049295481933
yfcO_1~~~yfcO_2~~~yfcO,0.2394862629369467
yfcP,0.09488341161311775
yfcP~~~yfcP_2~~~yfcP_1,0.09488341161311775
yfcQ,0.09488341161311775
yfcR,0.002036659877800407
yfcS_1~~~papD_1,0.19409784280310902
yfcS_1~~~yfcS_2~~~papD_1,0.24759133796084626
yfcS~~~yfcS_1~~~yfcS_2,0.2495116172742009
yfcV,0.008096762126439167
yfdC_1~~~yfdC_3~~~yfdC_2~~~yfdC,0.0
yfdE_2,0.027756764620308415
yfdE~~~yfdE_2~~~yfdE_1,0.0
yfdG,0.014082048297934241
yfdH,0.057483685938733944
yfdH_2,0.00608504094101999
yfdX_1,0.0020366598778004067
yfdX_2~~~yfdX_1~~~yfdX,0.0
yfeO_3~~~yfeO_2~~~yfeO_1~~~yfeO,0.0
yfeW_1~~~yfeW_2~~~yfeW,0.17306621222827215
yfeW_2,0.0040650068581404054
yfeX,0.0
yfeY,0.0020366598778004067
yfeZ,0.0
yffB,0.0
yfgD~~~yfgD_2~~~yfgD_1,0.0
yfgG,0.0
yfgJ,0.14870942266927137
yfhL,0.0
yfhM_1~~~yfhM_2~~~yfhM,0.0
yfhM_2,0.004065006858140406
yfhM_3,0.002036659877800407
yfhM_4,0.002036659877800407
yfhM_5,0.002036659877800407
yfhM_6,0.002036659877800407
yfhM_7,0.002036659877800407
yfhM_8,0.002036659877800407
yfiC,0.0
yfiF,0.0
yfiH~~~yfiH_1~~~yfiH_2,0.0
yfiZ,0.21260235254998133
yfiZ_2,0.006085040941019991
yfjS,0.004065006858140406
yfjZ,0.0020366598778004067
yfjZ~~~yafW,0.053884201338376486
yfkM,0.20157945051747786
yfkN,0.13389583939482103
yflS,0.008096762126439167
ygaM,0.0
ygaP_1~~~ygaP_2~~~ygaP,0.0020366598778004067
ygaV,0.004065006858140406
ygaZ_1,0.0020366598778004067
ygaZ_2~~~ygaZ_1~~~ygaZ,0.002036659877800407
ygbE~~~ygbE_1~~~ygbE_2,0.0
ygbF,0.17306621222827215
ygbN_4~~~ygbN_3~~~ygbN_2~~~ygbN_1~~~ygbN,0.07498233509289662
ygbT,0.17753855106197264
ygcB,0.16008146639511198
ygcB~~~ygcB_1~~~ygcB_2~~~ygcB_3~~~ygcB_4,0.033492663867991185
ygcP,0.03915374703853028
ygcS_1~~~ygcS_2~~~ygcS_3,0.0
ygcS_3,0.2502099006608753
ygcS_3~~~ygcS_2~~~ygcS_4~~~ygcS_1~~~nanT_2,0.03915374703853028
ygdG,0.016060517893511785
ygdG~~~ygdG_1~~~ygdG_2,0.014082048297934236
ygdR_1,0.0
ygdR_2,0.0
ygeA_1~~~ygeA~~~ygeA_2,0.0
ygeK~~~rcsB_2,0.1881374953239952
ygeW_2~~~ygeW_1~~~ygeW,0.008096762126439167
ygeX~~~ygeX_2~~~ygeX_1,0.008096762126439167
ygfA,0.002036659877800407
ygfF~~~ygfF_1~~~ygfF_2,0.13528409327070956
ygfK_1~~~ygfK_2~~~ygfK_3~~~ygfK,0.012095265804896291
ygfX,0.0
ygfZ~~~ygfZ_3~~~ygfZ_2~~~ygfZ_1,0.0
yggF_1~~~yggF_2~~~yggF~~~yggF_3,0.01010017041439794
yggP_1~~~yggP_3~~~yggP_2~~~yggP,0.01010017041439794
yggP_2,0.004065006858140406
yggP_2~~~yggP_3,0.12102747412610666
yggR,0.09002036659877798
yggR_2,0.07326987821605219
yggR~~~yggR_1~~~yggR_2,0.0
yggS_1~~~yggS~~~yggS_2,0.0
yggX,0.0
yghA,0.0
yghA_2,0.002036659877800407
yghB_1~~~yghB_2~~~yghB,0.0
yghE,0.06808263020075646
yghO~~~yghO_2~~~yghO_1,0.03538800448896462
yghQ,0.033492663867991185
yghU_1~~~yghU~~~yghU_2,0.0
ygiC_3~~~ygiC_2~~~ygiC_1~~~ygiC,0.0
ygiD_2~~~ygiD_1~~~ygiD,0.0
ygiF,0.0
ygiN,0.0
ygiS~~~ygiS_1~~~ygiS_2,0.1253917452928218
ygiW_1~~~ygiW~~~ygiW_2,0.0
ygiW_2~~~ygiW_1,0.19696579242695042
ygiZ,0.24369258905191404
ygjH_2~~~ygjH_1~~~ygjH,0.0
ygjI_1,0.002036659877800407
ygjI_1~~~ygjI~~~ygjI_2,0.0
ygjK_1~~~ygjK_2~~~ygjK_3~~~ygjK~~~ygjK_4,0.0
ygjP,0.0
ygjV_1~~~ygjV_2~~~ygjV,0.0
yhaH,0.0
yhaI,0.23628579741468894
yhaI_1,0.004065006858140406
yhaJ_2~~~yhaJ_1,0.0
yhaJ_2~~~yhaJ_1~~~yhaJ_4~~~yhaJ_3~~~yahB_1,0.0
yhaJ_5~~~yahB_1~~~yahB_3~~~yahB_2,0.0
yhaK_1~~~yhaK,0.002036659877800407
yhaK_2,0.002036659877800407
yhaV_2~~~yhaV_1~~~yhaV,0.13389583939482105
yhbE,0.0
yhbO_1~~~yhbO_2~~~yhbO,0.08341992601521261
yhbU,0.0
yhbX_2~~~yhbX_1~~~yhbX_3~~~yhbX,0.042886237998254285
yhbX~~~yhbX_3~~~yhbX_2~~~yhbX_1,0.021946049295481933
yhbY,0.0
yhcB,0.0
yhcG~~~yhcG_2~~~yhcG_1,0.23212934868448395
yhcH_1~~~yhcH_2,0.01010017041439794
yhcH~~~yhcH_1~~~yhcH_2,0.0
yhcO,0.0
yhcR,0.01010017041439794
yhcR_1~~~yhcR,0.06458290036992395
yhcR_2~~~yhcR_1~~~nucH~~~yhcR,0.03349266386799119
yhcR~~~nucH,0.0834199260152126
yhdE,0.002036659877800407
yhdJ_1,0.004065006858140406
yhdJ_2~~~yhdJ_1,0.18187788353630654
yhdJ_2~~~yhdJ_1~~~yhdJ_3,0.16846086703520513
yhdJ_2~~~yhdJ_3,0.07668647907228064
yhdJ_2~~~yhdJ_3~~~yhdJ,0.07498233509289662
yhdJ_3,0.0732698782160522
yhdJ~~~yhdJ_2~~~yhdJ_3~~~yhdJ_1,0.0020366598778004067
yhdT,0.002036659877800407
yhdW_2~~~yhdW_1~~~yhdW,0.0
yhdY_1~~~yhdY_2~~~yhdY,0.0
yheI_1~~~yheI_2~~~yheI_3~~~yheI_4~~~yheI,0.004065006858140406
yheS_4~~~yheS_3~~~yheS_2~~~yheS_1~~~yheS,0.0
yhfA_2~~~yhfA_1~~~yhfA,0.0
yhfG,0.0
yhfS_2,0.0020366598778004067
yhfS~~~yhfS_2~~~yhfS_1,0.008096762126439167
yhfX~~~deoB_1~~~deoB_2~~~deoB_3,0.004065006858140406
yhgF_1,0.004065006858140406
yhgF_1~~~yhgF_2~~~yhgF,0.0020366598778004067
yhgF_2,0.002036659877800407
yhgF_3,0.002036659877800407
yhhA,0.04658547736813667
yhhA_2~~~yhhA~~~yhhA_1,0.04474001413192567
yhhJ,0.006085040941019992
yhhJ_2~~~yhhJ_1~~~yhhJ,0.006085040941019993
yhhQ,0.006085040941019993
yhhS,0.008096762126439169
yhhS_2~~~yhhS_1~~~yhhS,0.006085040941019993
yhhT_1~~~yhhT_2~~~yhhT_3,0.008096762126439169
yhhT_2,0.0
yhhT_2~~~yhhT_3~~~yhhT_1,0.006085040941019993
yhhW,0.11358743089903986
yhhW_2,0.008096762126439167
yhhX,0.09808387713537556
yhhX~~~yhhX_2~~~yhhX_1,0.09488341161311774
yhiM,0.006085040941019992
yhiM_2~~~yhiM_1~~~yhiM,0.008096762126439167
yhjB,0.0
yhjD,0.0
yhjE_1~~~ydfJ_2,0.021946049295481933
yhjE_3~~~yhjE_2~~~yhjE_1~~~yhjE,0.0
yhjJ_1~~~yhjJ~~~yhjJ_2,0.0
yhjJ_2,0.004065006858140407
yhjR,0.055688100087285426
yhjV_2~~~yhjV_3~~~yhjV,0.17192734527619602
yhjV~~~yhjV_1,0.17419676628288788
yhjX,0.008096762126439169
yiaA_2~~~yiaA,0.004065006858140406
yiaB,0.004065006858140406
yiaC,0.008096762126439169
yiaD,0.008096762126439169
yiaJ_2~~~yiaJ_1~~~yiaJ,0.01010017041439794
yiaM,0.01010017041439794
yiaO_2~~~lyx~~~lyx_1~~~lyx_2~~~xylB_1~~~lyx_3~~~xylB_3,0.18080551976391374
yiaO_2~~~yiaO_1~~~yiaO~~~yiaO_3~~~yiaO_4,0.012095265804896291
yiaV_1,0.002036659877800407
yiaV_2~~~yiaV_1~~~yiaV,0.13666403424913753
yiaW_2~~~yiaW_1,0.1380356623301051
yiaW_2~~~yiaW~~~yiaW_1,0.0
yiaX1~~~yiaX1_1~~~yiaX1_2,0.19696579242695042
yibA_2,0.04288623799825429
yibA~~~yibA_2~~~yibA_1,0.13803566233010514
yibF,0.002036659877800407
yibH_1~~~yibH_2~~~yibH_3~~~yibH,0.0
yibL,0.0
yibN,0.0
yicI_1~~~yicI,0.031589010349557335
yicI_2~~~yicI_1~~~yicI,0.0
yicJ_1,0.006085040941019991
yicJ_2~~~yicJ_1~~~yagG,0.10902365019327487
yicJ_2~~~yicJ_3~~~yicJ,0.0
yicL,0.0
yidA_3~~~yidA_2~~~yidA_1~~~yidA,0.0
yidC_1~~~yidC~~~yidC_2,0.0
yidC_2,0.002036659877800407
yidE_1~~~yidE_2~~~aspT_2,0.0
yidG,0.0
yidH,0.0
yidI,0.18813749532399518
yidK_2~~~yidK_1~~~yidK,0.006085040941019991
yidZ~~~yidZ_1~~~yidZ_2,0.0
yieH_1~~~yieH_2~~~yieH,0.0
yifK,0.0
yigB,0.0
yigG,0.23770730288041897
yigL,0.0
yigZ_1~~~yigZ,0.0
yihD_1~~~yihD_2~~~yihD,0.0
yihG_1~~~yihG_2~~~yihG,0.0
yihI_2~~~yihI_1~~~yihI,0.0
yihN,0.002036659877800407
yihN_1~~~yihN_2~~~yihN_3~~~yihN,0.24227939648364438
yihN_2,0.01803067459162891
yihP_1~~~yihP_2~~~yihP_3,0.2502099006608753
yihP_4~~~yihP_2~~~yihP_1~~~yihP_3,0.2502099006608753
yihQ_2~~~yihQ_1~~~yihQ,0.2502099006608753
yihR_2~~~yihR_1~~~yihR,0.2502099006608753
yihS_2~~~yihS_1~~~yihS,0.2502099006608753
yihS_3,0.002036659877800407
yihT,0.2502099006608753
yihT_2~~~yihT_1~~~yihT,0.2502099006608753
yihU,0.2502099006608753
yihU_2~~~yihU_1~~~yihU,0.2502099006608753
yihV,0.2502099006608753
yihV_3~~~yihV_2~~~yihV_1~~~yihV,0.2502099006608753
yihX_1~~~yihX,0.0
yihX_2,0.002036659877800407
yiiM_1~~~yiiM~~~yiiM_2,0.004065006858140407
yijD,0.0
yijE_1~~~yijE_2~~~yijE,0.0
yjaB_1,0.06282056610831707
yjaB~~~yjaB_1~~~yjaB_2,0.00608504094101999
yjbR,0.0
yjcD,0.006085040941019992
yjcH,0.0
yjcS_2,0.03727503221247765
yjcS_2~~~yjcS~~~yjcS_1~~~yjcS_3,0.008096762126439167
yjdF~~~yjdF_2~~~yjdF_1,0.0
yjdJ,0.19115507710212393
yjdJ~~~yjdJ_1,0.02582817240949334
yjeH_1~~~yjeH_2~~~yjeH,0.002036659877800407
yjeM,0.004065006858140406
yjeM_1~~~yjeM_2~~~yjeM_3~~~yjeM,0.002036659877800407
yjeO,0.002036659877800407
yjeO_1~~~yjeO,0.24073319755600817
yjeO_2,0.002036659877800407
yjfC,0.002036659877800407
yjfC_1~~~yjfC_2~~~yjfC,0.0
yjfF,0.002036659877800407
yjfF_1~~~yjfF_2~~~yjfF,0.0
yjgH,0.24152292281474708
yjgL_1,0.002036659877800407
yjgL_2,0.002036659877800407
yjgL_2~~~yjgL_3~~~yjgL_1,0.07838231015420423
yjgL~~~yjgL_2~~~yjgL_1,0.24152292281474708
yjgN,0.2440251049503304
yjgN_2~~~yjgN_1~~~yjgN,0.23267799991687105
yjhB_1~~~yjhB,0.012095265804896295
yjhB_2~~~yjhB,0.19696579242695042
yjhC,0.012095265804896295
yjhC_1~~~yjhC_2~~~yjhC,0.19696579242695042
yjhG,0.24996051373706304
yjhH,0.24996051373706304
yjhP_2~~~yjhP_1~~~yjhP,0.2501350845837317
yjiA,0.02194604929548193
yjiE_2,0.02775676462030841
yjiG,0.002036659877800407
yjiG_2~~~yjiG_1~~~yjiG,0.018030674591628906
yjiK,0.002036659877800407
yjiK_1~~~yjiK~~~yjiK_2,0.018030674591628906
yjiK_2,0.00608504094101999
yjjG,0.0
yjjI_1~~~yjjI_2~~~yjjI_3~~~yjjI,0.0
yjjJ,0.0020366598778004067
yjjJ_1,0.002036659877800407
yjjJ~~~yjjJ_2,0.2315723845546365
yjjP,0.01999251839228563
yjjQ,0.002036659877800407
yjjQ~~~yjjQ_2~~~yjjQ_1,0.01999251839228563
yjjV~~~yjjV_1~~~yjjV_2~~~dtd3,0.0
yjjW,0.0
yjjX,0.0
yjmC~~~yjmC_1~~~yjmC_2,0.1950621389085166
yjmD,0.18080551976391374
yjmD_2,0.018030674591628906
ykfI_1~~~ykfI,0.07838231015420423
ykfI~~~ypjF~~~ypjF_2,0.05927095889272205
ykgM,0.0040650068581404054
ykgM_1,0.004065006858140407
ykgO,0.008096762126439169
ykgR,0.0040650068581404054
ykgV,0.006085040941019989
yknY,0.01010017041439794
ylaC,0.0
ylcG,0.004065006858140407
ylcG~~~ylcG_1,0.23676794546739263
yldA,0.12825969491666322
yliI_1,0.004065006858140406
yliI_2~~~yliI~~~yliI_1,0.0
ylpA,0.0020366598778004067
ylpA_1~~~ylpA_2,0.00809676212643917
ylpA_2~~~ylpA_1~~~ylpA,0.24264516397190242
ylpA_3~~~ylpA,0.11207448356124525
ylpA_4,0.002036659877800407
ymdA,0.0040650068581404054
ymdB,0.0040650068581404054
ymfA,0.014082048297934241
ymgC,0.03158901034955734
ymgD~~~ymgD_1~~~ymgD_2,0.002036659877800407
ymiA,0.006085040941019992
ymoA,0.002036659877800407
ymoA~~~hha_1~~~hha_2,0.19696579242695045
ynaI_2~~~ynaI_1~~~ynaI,0.0
ynaL,0.0
ynbA~~~ynbA_1~~~ynbA_2,0.2248971278939274
ynbC_1,0.002036659877800407
ynbC_2,0.002036659877800407
ynbC_3,0.002036659877800407
ynbC~~~ynbC_1~~~ynbC_2,0.22290203250342905
ynbD_1,0.002036659877800407
ynbD_2,0.002036659877800407
ynbD~~~ynbD_2~~~ynbD_1,0.22290203250342905
yncE,0.0020366598778004067
yncE_1~~~yncE_2,0.2051207448356125
yncE_1~~~yncE_2~~~yncE,0.0
yncE_2,0.006085040941019991
ynfD,0.0020366598778004067
ynfE_2~~~ynfE~~~ynfE_1,0.08508250550729457
ynfE~~~napA_7~~~ynfE_2~~~ynfE_1,0.012095265804896293
ynfF_1~~~ynfF_3~~~ynfF_2~~~ynfF,0.08508250550729457
ynfF_2~~~ynfF_1,0.17972484309406042
yngG,0.027756764620308415
ynhF,0.0
ynhG_1~~~ynhG~~~ynhG_2,0.0
yniD,0.0
ynjB~~~ynjB_1~~~ynjB_2,0.0
ynjC_2~~~ynjC_1~~~ynjC,0.0
ynjC_3,0.002036659877800407
ynjE_2~~~ynjE_1~~~ynjE,0.0
ynjF,0.0
ynjI~~~ynjI_1~~~ynjI_2,0.14075397979965917
yoaA_1~~~dinG_2~~~yoaA_2~~~yoaA,0.0
yoaA_2,0.002036659877800407
yoaA_3,0.002036659877800407
yoaG,0.08006982833866745
yobA,0.0
yodB_1~~~yodB_2~~~yodB,0.11055322332599027
yoeB,0.06808263020075646
yofA~~~cmpR~~~gltR_2~~~argP_2,0.0
yohC,0.0
yohD,0.0
yohF_3~~~yohF_2~~~yohF~~~yohF_1,0.0
yohK_2,0.20247724344320212
yohK_2~~~yohK_1,0.0
yojI,0.0
yokD,0.11055322332599027
ypdA_1~~~ypdA_2~~~ypdA_3~~~ypdA,0.0
ypdB_1,0.002036659877800407
ypdB_2~~~ypdB,0.0
ypdE_2~~~ypdE_1~~~ypdE,0.0
ypdF~~~ypdF_1~~~ypdF_2,0.0
ypeA_1~~~ypeA_2~~~ypeA,0.0
yphA_2,0.00608504094101999
yphA~~~yphA_2~~~yphA_1,0.0
yphB_2,0.2502099006608753
yphB~~~yphB_1~~~yphB_2,0.0
yphF_3~~~yphF_2~~~yphF_1~~~yphF,0.0
ypjD,0.0
ypjF_1,0.00608504094101999
yqaA,0.012095265804896291
yqaB_1~~~yqaB,0.012095265804896291
yqcC,0.0040650068581404054
yqcE_3~~~yqcE_2~~~yqcE_1~~~yqcE,0.03915374703853028
yqcG,0.24858888565609544
yqeG_4~~~yqeG_3~~~yqeG_2~~~yqeG_1~~~yqeG,0.0
yqfG~~~uacT_1,0.0040650068581404054
yqgF,0.0
yqhD_2~~~yqhD_1~~~yqhD,0.01010017041439794
yqhI~~~clcD_1,0.004065006858140407
yqiD,0.24759133796084626
yqiJ_2,0.06808263020075646
yqiJ_2~~~yqiJ_1,0.004065006858140406
yqiJ~~~yqiJ_2,0.0
yqiK_1~~~yqiK_2,0.06982002576998211
yqiK_2~~~yqiK_1~~~yqiK~~~yqiK_3,0.0
yqjA,0.0
yqjC,0.0
yqjD,0.0
yqjE,0.0
yqjE_2,0.027756764620308415
yqjF,0.0
yqjG,0.0
yqjH,0.0
yqjI_2~~~yqjI_1~~~yqjI,0.0
yqjZ,0.0502514651481774
yraH_2~~~yraH_1~~~yraH,0.19115507710212393
yraI,0.03158901034955734
yraJ,0.002036659877800407
yraJ_1~~~yraJ,0.1253917452928218
yraJ_2,0.002036659877800407
yraJ~~~lpfC,0.1871150089363648
yraJ~~~yraJ_1,0.033492663867991185
yraJ~~~yraJ_3~~~yraJ_2,0.19214431189991268
yraK,0.19214431189991268
yrbG_1~~~yrbG_2~~~yrbG,0.0
yrbL,0.0
yrdA_2~~~yrdA_1,0.0
yrdA_2~~~yrdA_4~~~yrdA_1,0.004065006858140406
yrdA_3,0.002036659877800407
yrfF_2~~~yrfF_1~~~yrfF,0.0020366598778004067
yrfG,0.0020366598778004067
yscJ,0.004065006858140406
yscN,0.004065006858140406
yscU,0.004065006858140406
ysdC,0.24996051373706304
ysdC~~~ysdC_1,0.17863585352674674
yshB,0.0
ysnE,0.07838231015420423
ytbE~~~morA~~~yvgN_2,0.09164969450101831
ytfE,0.002036659877800407
ytfE_2~~~ytfE_1~~~ytfE,0.002036659877800407
ytfF,0.002036659877800407
ytfF_2~~~ytfF_1~~~ytfF~~~ytfF_3,0.0
ytfJ_1,0.002036659877800407
ytfJ_2~~~ytfJ_1,0.03538800448896462
ytfJ_3~~~ytfJ~~~ytfJ_2~~~ytfJ_1,0.0
ytfP,0.0
ytfQ,0.002036659877800407
ytfQ_1~~~ytfQ~~~ytfQ_2,0.0
ytfT,0.002036659877800407
ytfT_1~~~ytfT_2~~~ytfT_3~~~ytfT,0.0
ythA,0.1753190074400432
ytjB,0.0
yusV,0.21260235254998133
yusV_2~~~btuD_5~~~btuD_4~~~fepC_2,0.2502764038405586
yvaM,0.0020366598778004067
yvgN_2,0.004065006858140408
yvgN_2~~~yvgN_1~~~yvgN~~~yhdN,0.0020366598778004067
ywrO_1,0.0020366598778004067
yxeO~~~artM_3~~~artM_2~~~artM_1,0.004065006858140405
yycB~~~nimT_2,0.19696579242695042
zapA,0.0
zapB,0.0020366598778004067
zapC~~~zapC_2~~~zapC_1,0.002036659877800407
zapD_2~~~zapD_1~~~zapD,0.0
zapE_1,0.002036659877800407
zapE_2~~~zapE~~~zapE_3,0.0
zinT,0.0
zipA,0.0
zitB_1~~~zitB~~~zitB_2,0.0
zntA,0.006085040941019993
zntA_1~~~zntA_2~~~zntA_3~~~zntA,0.008096762126439169
zntB_1~~~zntB_2~~~zntB,0.0
zntR,0.0
znuA,0.0
znuB,0.0
znuC_2,0.057483685938733944
znuC_3~~~znuC_2~~~znuC_1~~~znuC,0.0
zraP~~~zraP_2~~~zraP_1,0.0
zraR_1,0.002036659877800407
zraR_2~~~zraR_3~~~zraR~~~zraR_1,0.0
zraS~~~zraS_1~~~zraS_2~~~zraS_3,0.0
zupT_2~~~zupT_1~~~zupT,0.0
zur_1,0.00608504094101999
zur_2~~~zur_1~~~zur,0.0
zwf_1~~~zwf_2~~~zwf_3~~~zwf,0.0
