,0
COQ5,0.008948545861297539
DNPH1,0.0044742729306487695
aacA4,0.03355704697986577
aacA4_1,0.0022371364653243847
acnR,0.0044742729306487695
acr3,0.008948545861297539
acsAB,0.0022371364653243847
acuR,0.0022371364653243847
adh2,0.0044742729306487695
adhB_1,0.0022371364653243847
adhB_2,0.0022371364653243847
afaD,0.006711409395973154
agaC,0.0044742729306487695
aggB,0.0022371364653243847
agp_2~~~agp,0.35570469798657717
ahr,0.03803131991051454
aidA,0.2975391498881432
ais,0.11409395973154363
algC,0.0022371364653243847
alx,0.013422818791946308
amj,0.0022371364653243847
ampC,0.020134228187919462
ampC_1~~~ampC_2~~~ampC,0.006711409395973154
ampR,0.006711409395973154
ant1,0.15436241610738255
ant1_2~~~ant1,0.02237136465324385
ant1~~~ant1_1,0.029082774049217
ant1~~~ant1_3,0.026845637583892617
apbC,0.03355704697986577
aphA,0.013422818791946308
appY,0.015659955257270694
apxIB,0.015659955257270694
apxIB_1~~~apxIB,0.07606263982102908
apxIB_2,0.0022371364653243847
apxIC~~~ltxC,0.03131991051454139
arcA_1~~~arcA_2~~~arcA,0.042505592841163314
arcC1,0.006711409395973154
arcC2,0.006711409395973154
argI~~~argF,0.042505592841163314
argR,0.042505592841163314
aroH,0.10067114093959731
arsA_1,0.0022371364653243847
arsA_2,0.0022371364653243847
arsB,0.0022371364653243847
arsC,0.008948545861297539
arsD_1,0.0022371364653243847
arsD_2,0.0022371364653243847
arsH,0.008948545861297539
atm1_1~~~atm1,0.013422818791946308
atm1_2,0.0022371364653243847
atzF,0.006711409395973154
bcr,0.008948545861297539
bcr_1,0.0022371364653243847
bcsA,0.0022371364653243847
bcsB,0.0022371364653243847
bcsC,0.0022371364653243847
bcsE,0.0044742729306487695
bcsG,0.0022371364653243847
bcsQ,0.0022371364653243847
bepA,0.0022371364653243847
bepF,0.0044742729306487695
bfpB,0.087248322147651
bigR,0.0022371364653243847
bigR_1,0.0022371364653243847
bin3,0.013422818791946308
bla,0.0022371364653243847
blaNDM1,0.006711409395973154
bla_1~~~bla,0.03803131991051454
bla_2,0.0022371364653243847
bla_2~~~bla,0.03131991051454139
bla~~~bla_1,0.03131991051454139
bla~~~bla_2,0.4116331096196868
bla~~~bla_2~~~bla_9,0.006711409395973154
blc,0.017897091722595078
ble,0.006711409395973154
bspRIM,0.0022371364653243847
caeA~~~caeB,0.03355704697986577
caeB,0.006711409395973154
caf1A,0.006711409395973154
caf1A_1,0.0022371364653243847
caf1A_2,0.0022371364653243847
caf1M,0.0022371364653243847
cah,0.0022371364653243847
cai,0.008948545861297539
catM,0.006711409395973154
cat_2~~~cat_1~~~cat,0.029082774049217
cat_3~~~cat_2~~~cat,0.013422818791946308
cba,0.006711409395973154
cbeA,0.006711409395973154
cbtA,0.006711409395973154
ccdA,0.015659955257270694
ccdA_1~~~ccdA,0.48322147651006714
ccdB,0.47874720357941836
ccpA,0.0022371364653243847
cdhR,0.0044742729306487695
cdr,0.0022371364653243847
cea,0.0022371364653243847
ceaC,0.006711409395973154
cea_1,0.0022371364653243847
cea_2,0.0022371364653243847
cea_4~~~cea_3~~~cea~~~cea_1~~~cea_2,0.05592841163310962
cfaD,0.0022371364653243847
cia,0.03355704697986577
cia_1~~~cia,0.11185682326621924
cia_2~~~cia,0.008948545861297539
cim,0.0044742729306487695
cirA,0.0044742729306487695
clpP,0.024608501118568233
clpV1,0.006711409395973154
clpX,0.011185682326621925
clsA,0.0022371364653243847
clsA~~~pld,0.10961968680089486
clsB,0.0044742729306487695
cma,0.020134228187919462
cmi,0.02237136465324385
cmoA,0.017897091722595078
cna,0.013422818791946308
cnl,0.05592841163310962
cnl_2~~~cnl,0.0044742729306487695
cnl~~~cnl_1,0.029082774049217
cobS,0.0022371364653243847
codB,0.006711409395973154
colE7,0.006711409395973154
colE7_1,0.008948545861297539
col_2,0.006711409395973154
col~~~col_1~~~colE7,0.024608501118568233
copA,0.006711409395973154
copB,0.008948545861297539
copD,0.006711409395973154
copR,0.006711409395973154
cpdA,0.03803131991051454
crcB,0.08053691275167785
csaA,0.0022371364653243847
cscB,0.0022371364653243847
cshA,0.0022371364653243847
csoR,0.0044742729306487695
cspB,0.006711409395973154
ctxB,0.0044742729306487695
cusA,0.011185682326621925
cusB,0.011185682326621925
cusC,0.011185682326621925
cusF,0.011185682326621925
cusR,0.011185682326621925
cusS_1~~~sasA,0.006711409395973154
cusS_2~~~cusS,0.011185682326621925
cutA,0.0022371364653243847
cvaA,0.0022371364653243847
cvaC,0.08053691275167785
cvaC_2,0.0022371364653243847
cydA,0.0044742729306487695
cydB,0.0044742729306487695
cysE,0.024608501118568233
dam,0.013422818791946308
dapA~~~yjhH,0.03803131991051454
dapH,0.015659955257270694
dbpA,0.03803131991051454
dcm,0.0022371364653243847
dctD,0.006711409395973154
dcuA,0.006711409395973154
def,0.0044742729306487695
deoR,0.029082774049217
der,0.0022371364653243847
dfrD,0.03355704697986577
dhfrI,0.24161073825503357
dinB,0.0022371364653243847
dinG,0.10514541387024609
dmlR,0.0044742729306487695
dmsA,0.0022371364653243847
dmsB,0.0022371364653243847
dmsC,0.0022371364653243847
dmsD,0.0022371364653243847
dnaB,0.03355704697986577
dnaB_1,0.0022371364653243847
dnaE1~~~dnaE,0.035794183445190156
dnaE2,0.0044742729306487695
dnaG_1,0.0022371364653243847
dnaG_2,0.0022371364653243847
dnaJ,0.006711409395973154
dnaQ,0.03355704697986577
dsbC,0.011185682326621925
dsbD,0.006711409395973154
dut,0.006711409395973154
eatA,0.0022371364653243847
ecoRIIR_2~~~ecoRIIR_1~~~ecoRIIR,0.03131991051454139
elmGT,0.0044742729306487695
elmGT_2~~~elmGT_1~~~elmGT,0.13870246085011187
emrE,0.013422818791946308
eno,0.08277404921700224
erm,0.0044742729306487695
espC,0.06263982102908278
espP,0.0022371364653243847
ettA,0.0022371364653243847
fabG,0.008948545861297539
faeE,0.0022371364653243847
faeE_1,0.0022371364653243847
faeE~~~faeE_1,0.0044742729306487695
faeG,0.0022371364653243847
fdrA_1,0.006711409395973154
fdrA_2,0.006711409395973154
fdtC,0.06487695749440715
fecA,0.011185682326621925
fecB,0.006711409395973154
fecC,0.006711409395973154
fecD,0.006711409395973154
fecE,0.008948545861297539
fecI,0.011185682326621925
fecR,0.011185682326621925
fepA,0.0044742729306487695
fepE,0.011185682326621925
fes,0.14317673378076062
fimD,0.0022371364653243847
finO~~~finO_1,0.3400447427293065
finO~~~finO_2,0.2953020134228188
flmA,0.116331096196868
flmC,0.3691275167785235
flmC_2,0.0022371364653243847
flmC~~~flmC_1,0.07606263982102908
flmC~~~flmC_2,0.024608501118568233
flxA,0.0022371364653243847
focC~~~lpfB,0.013422818791946308
folA,0.008948545861297539
folP,0.015659955257270694
folP_1~~~folP~~~folP_2,0.008948545861297539
folP~~~folP1~~~folP_1,0.20134228187919462
folP~~~folP_2,0.25727069351230425
folP~~~folP_4,0.006711409395973154
fosA,0.008948545861297539
frmA,0.0022371364653243847
frmB,0.0022371364653243847
frmR,0.0022371364653243847
ftsH,0.0044742729306487695
fucP,0.03131991051454139
galF,0.0022371364653243847
garP,0.0044742729306487695
gdx,0.017897091722595078
glgS,0.0022371364653243847
glmM,0.035794183445190156
glmU~~~fdtC,0.09172259507829977
glnS,0.0044742729306487695
glpR,0.011185682326621925
gltS,0.020134228187919462
gntR,0.03355704697986577
groL,0.0022371364653243847
groS,0.0022371364653243847
group_0,0.0022371364653243847
group_1,0.006711409395973154
group_10,0.15659955257270694
group_100,0.05592841163310962
group_1000,0.006711409395973154
group_1001,0.013422818791946308
group_1002,0.0044742729306487695
group_1003,0.015659955257270694
group_1004,0.006711409395973154
group_1005,0.03803131991051454
group_1006,0.0022371364653243847
group_1007,0.0022371364653243847
group_1008,0.024608501118568233
group_1009,0.03355704697986577
group_101,0.06935123042505593
group_1010,0.006711409395973154
group_1011,0.03803131991051454
group_1012,0.040268456375838924
group_1013,0.0022371364653243847
group_1014,0.0022371364653243847
group_1015,0.0447427293064877
group_1016,0.013422818791946308
group_1017,0.0447427293064877
group_1018,0.040268456375838924
group_1019,0.017897091722595078
group_102,0.11185682326621924
group_1020,0.03355704697986577
group_1021,0.006711409395973154
group_1022,0.40268456375838924
group_1023,0.08501118568232663
group_1024,0.0044742729306487695
group_1025,0.011185682326621925
group_1026,0.1342281879194631
group_1027,0.0022371364653243847
group_1028,0.0022371364653243847
group_1029,0.006711409395973154
group_103,0.017897091722595078
group_1030,0.06935123042505593
group_1031,0.27069351230425054
group_1032,0.029082774049217
group_1033,0.0738255033557047
group_1034,0.006711409395973154
group_1035,0.31767337807606266
group_1036,0.017897091722595078
group_1037,0.013422818791946308
group_1038,0.0022371364653243847
group_1039,0.011185682326621925
group_104,0.0022371364653243847
group_1040,0.23042505592841164
group_1041,0.008948545861297539
group_1042,0.232662192393736
group_1043,0.04697986577181208
group_1044,0.042505592841163314
group_1045,0.0022371364653243847
group_1046,0.006711409395973154
group_1047,0.006711409395973154
group_1048,0.017897091722595078
group_1049,0.008948545861297539
group_105,0.0022371364653243847
group_1050,0.011185682326621925
group_1051,0.04697986577181208
group_1052,0.0022371364653243847
group_1053,0.0044742729306487695
group_1054,0.03803131991051454
group_1055,0.0044742729306487695
group_1056,0.03803131991051454
group_1057,0.013422818791946308
group_1058,0.011185682326621925
group_1059,0.015659955257270694
group_106,0.05592841163310962
group_1060,0.08053691275167785
group_1061,0.06935123042505593
group_1062,0.087248322147651
group_1063,0.0022371364653243847
group_1064,0.05145413870246085
group_1065,0.32662192393736017
group_1066,0.39373601789709173
group_1067,0.37583892617449666
group_1068,0.006711409395973154
group_1069,0.15659955257270694
group_107,0.0022371364653243847
group_1070,0.015659955257270694
group_1071,0.015659955257270694
group_1072,0.03355704697986577
group_1073,0.05145413870246085
group_1074,0.0044742729306487695
group_1075,0.008948545861297539
group_1076,0.006711409395973154
group_1077,0.03803131991051454
group_1078,0.006711409395973154
group_1079,0.0044742729306487695
group_108,0.0022371364653243847
group_1080,0.02237136465324385
group_1081,0.020134228187919462
group_1082,0.0022371364653243847
group_1083,0.006711409395973154
group_1084,0.08277404921700224
group_1085,0.0738255033557047
group_1086,0.0022371364653243847
group_1087,0.02237136465324385
group_1088,0.02237136465324385
group_1089,0.0022371364653243847
group_109,0.011185682326621925
group_1090,0.0022371364653243847
group_1091,0.006711409395973154
group_1092,0.006711409395973154
group_1093,0.0044742729306487695
group_1094,0.4407158836689038
group_1095,0.0022371364653243847
group_1096,0.006711409395973154
group_1097,0.0022371364653243847
group_1098,0.03131991051454139
group_1099,0.07829977628635347
group_11,0.006711409395973154
group_110,0.1342281879194631
group_1100,0.0022371364653243847
group_1101,0.087248322147651
group_1102,0.006711409395973154
group_1103,0.024608501118568233
group_1104,0.24161073825503357
group_1105,0.03355704697986577
group_1106,0.029082774049217
group_1107,0.0022371364653243847
group_1108,0.4407158836689038
group_1109,0.08277404921700224
group_111,0.006711409395973154
group_1110,0.006711409395973154
group_1111,0.006711409395973154
group_1112,0.17225950782997762
group_1113,0.10961968680089486
group_1114,0.07606263982102908
group_1115,0.04697986577181208
group_1116,0.0022371364653243847
group_1117,0.40268456375838924
group_1118,0.006711409395973154
group_1119,0.008948545861297539
group_112,0.0022371364653243847
group_1120,0.008948545861297539
group_1121,0.0022371364653243847
group_1122,0.006711409395973154
group_1123,0.024608501118568233
group_1124,0.006711409395973154
group_1125,0.11185682326621924
group_1126,0.116331096196868
group_1127,0.006711409395973154
group_1128,0.006711409395973154
group_1129,0.0044742729306487695
group_113,0.024608501118568233
group_1130,0.024608501118568233
group_1131,0.15212527964205816
group_1132,0.0044742729306487695
group_1133,0.011185682326621925
group_1134,0.0022371364653243847
group_1135,0.05592841163310962
group_1136,0.0022371364653243847
group_1137,0.013422818791946308
group_1138,0.035794183445190156
group_1139,0.17225950782997762
group_114,0.015659955257270694
group_1140,0.0022371364653243847
group_1141,0.29082774049217003
group_1142,0.011185682326621925
group_1143,0.02237136465324385
group_1144,0.0022371364653243847
group_1145,0.2348993288590604
group_1146,0.10067114093959731
group_1147,0.0022371364653243847
group_1148,0.25279642058165547
group_1149,0.06487695749440715
group_115,0.4407158836689038
group_1150,0.0894854586129754
group_1151,0.006711409395973154
group_1152,0.10067114093959731
group_1153,0.006711409395973154
group_1154,0.006711409395973154
group_1155,0.013422818791946308
group_1156,0.02237136465324385
group_1157,0.0022371364653243847
group_1158,0.06935123042505593
group_1159,0.04697986577181208
group_116,0.02237136465324385
group_1160,0.0022371364653243847
group_1161,0.006711409395973154
group_1162,0.4519015659955257
group_1163,0.30201342281879195
group_1164,0.116331096196868
group_1165,0.02237136465324385
group_1166,0.0044742729306487695
group_1167,0.024608501118568233
group_1168,0.1789709172259508
group_1169,0.10514541387024609
group_117,0.0044742729306487695
group_1170,0.006711409395973154
group_1171,0.05592841163310962
group_1172,0.15883668903803133
group_1173,0.006711409395973154
group_1174,0.02237136465324385
group_1175,0.011185682326621925
group_1176,0.0044742729306487695
group_1177,0.03131991051454139
group_1178,0.011185682326621925
group_1179,0.011185682326621925
group_118,0.0044742729306487695
group_1180,0.0738255033557047
group_1181,0.07158836689038031
group_1182,0.03803131991051454
group_1183,0.015659955257270694
group_1184,0.013422818791946308
group_1185,0.09172259507829977
group_1186,0.011185682326621925
group_1187,0.0022371364653243847
group_1188,0.006711409395973154
group_1189,0.087248322147651
group_119,0.0022371364653243847
group_1190,0.006711409395973154
group_1191,0.0022371364653243847
group_1192,0.19239373601789708
group_1193,0.0044742729306487695
group_1194,0.0044742729306487695
group_1195,0.011185682326621925
group_1196,0.020134228187919462
group_1197,0.0022371364653243847
group_1198,0.3534675615212528
group_1199,0.0044742729306487695
group_12,0.006711409395973154
group_120,0.0044742729306487695
group_1200,0.008948545861297539
group_1201,0.0022371364653243847
group_1202,0.04697986577181208
group_1203,0.013422818791946308
group_1204,0.02237136465324385
group_1205,0.006711409395973154
group_1206,0.013422818791946308
group_1207,0.024608501118568233
group_1208,0.0044742729306487695
group_1209,0.013422818791946308
group_121,0.013422818791946308
group_1210,0.07158836689038031
group_1211,0.008948545861297539
group_1212,0.31096196868008946
group_1213,0.0044742729306487695
group_1214,0.02237136465324385
group_1215,0.013422818791946308
group_1216,0.006711409395973154
group_1217,0.0044742729306487695
group_1218,0.006711409395973154
group_1219,0.011185682326621925
group_122,0.006711409395973154
group_1220,0.06487695749440715
group_1221,0.0022371364653243847
group_1222,0.10067114093959731
group_1223,0.0044742729306487695
group_1224,0.08277404921700224
group_1225,0.017897091722595078
group_1226,0.07829977628635347
group_1227,0.0022371364653243847
group_1228,0.087248322147651
group_1229,0.020134228187919462
group_123,0.015659955257270694
group_1230,0.0022371364653243847
group_1231,0.08053691275167785
group_1232,0.017897091722595078
group_1233,0.006711409395973154
group_1234,0.13646532438478748
group_1235,0.024608501118568233
group_1236,0.008948545861297539
group_1237,0.08277404921700224
group_1238,0.008948545861297539
group_1239,0.1029082774049217
group_124,0.0022371364653243847
group_1240,0.008948545861297539
group_1241,0.08053691275167785
group_1242,0.008948545861297539
group_1243,0.011185682326621925
group_1244,0.017897091722595078
group_1245,0.024608501118568233
group_1246,0.16778523489932887
group_1247,0.053691275167785234
group_1248,0.06487695749440715
group_1249,0.09172259507829977
group_125,0.006711409395973154
group_1250,0.3400447427293065
group_1251,0.017897091722595078
group_1252,0.087248322147651
group_1253,0.006711409395973154
group_1254,0.0022371364653243847
group_1255,0.0022371364653243847
group_1256,0.008948545861297539
group_1257,0.020134228187919462
group_1258,0.017897091722595078
group_1259,0.013422818791946308
group_126,0.17002237136465326
group_1260,0.006711409395973154
group_1261,0.013422818791946308
group_1262,0.006711409395973154
group_1263,0.013422818791946308
group_1264,0.006711409395973154
group_1265,0.0022371364653243847
group_1266,0.013422818791946308
group_1267,0.015659955257270694
group_1268,0.013422818791946308
group_1269,0.08053691275167785
group_127,0.3378076062639821
group_1270,0.02237136465324385
group_1271,0.011185682326621925
group_1272,0.042505592841163314
group_1273,0.006711409395973154
group_1274,0.12527964205816555
group_1275,0.017897091722595078
group_1276,0.008948545861297539
group_1277,0.0044742729306487695
group_1278,0.006711409395973154
group_1279,0.0022371364653243847
group_128,0.0044742729306487695
group_1280,0.04697986577181208
group_1281,0.0022371364653243847
group_1282,0.006711409395973154
group_1283,0.015659955257270694
group_1284,0.008948545861297539
group_1285,0.0022371364653243847
group_1286,0.0022371364653243847
group_1287,0.006711409395973154
group_1288,0.006711409395973154
group_1289,0.0022371364653243847
group_129,0.0022371364653243847
group_1290,0.006711409395973154
group_1291,0.02237136465324385
group_1292,0.0044742729306487695
group_1293,0.006711409395973154
group_1294,0.006711409395973154
group_1295,0.0044742729306487695
group_1296,0.013422818791946308
group_1297,0.013422818791946308
group_1298,0.013422818791946308
group_1299,0.0022371364653243847
group_13,0.0044742729306487695
group_130,0.0022371364653243847
group_1300,0.1476510067114094
group_1301,0.11409395973154363
group_1302,0.22595078299776286
group_1303,0.10738255033557047
group_1304,0.0022371364653243847
group_1305,0.15212527964205816
group_1306,0.09395973154362416
group_1307,0.32662192393736017
group_1308,0.05592841163310962
group_1309,0.053691275167785234
group_131,0.07606263982102908
group_1310,0.2662192393736018
group_1311,0.058165548098434
group_1312,0.017897091722595078
group_1313,0.09843400447427293
group_1314,0.040268456375838924
group_1315,0.03355704697986577
group_1316,0.08277404921700224
group_1317,0.024608501118568233
group_1318,0.0022371364653243847
group_1319,0.23042505592841164
group_132,0.0044742729306487695
group_1320,0.006711409395973154
group_1321,0.0022371364653243847
group_1322,0.040268456375838924
group_1323,0.0022371364653243847
group_1324,0.0022371364653243847
group_1325,0.0022371364653243847
group_1326,0.008948545861297539
group_1327,0.006711409395973154
group_1328,0.0022371364653243847
group_1329,0.0044742729306487695
group_133,0.0022371364653243847
group_1330,0.0022371364653243847
group_1331,0.015659955257270694
group_1332,0.0022371364653243847
group_1333,0.03131991051454139
group_1334,0.0044742729306487695
group_1335,0.020134228187919462
group_1336,0.0022371364653243847
group_1337,0.0022371364653243847
group_1338,0.0022371364653243847
group_1339,0.0022371364653243847
group_134,0.015659955257270694
group_1340,0.035794183445190156
group_1341,0.024608501118568233
group_1342,0.0044742729306487695
group_1343,0.0022371364653243847
group_1344,0.0022371364653243847
group_1345,0.006711409395973154
group_1346,0.0022371364653243847
group_1347,0.0022371364653243847
group_1348,0.013422818791946308
group_1349,0.0022371364653243847
group_135,0.16778523489932887
group_1350,0.0022371364653243847
group_1351,0.0022371364653243847
group_1352,0.0022371364653243847
group_1353,0.0022371364653243847
group_1354,0.0044742729306487695
group_1355,0.006711409395973154
group_1356,0.006711409395973154
group_1357,0.017897091722595078
group_1358,0.0022371364653243847
group_1359,0.0044742729306487695
group_136,0.18791946308724833
group_1360,0.0022371364653243847
group_1361,0.035794183445190156
group_1362,0.02237136465324385
group_1363,0.0022371364653243847
group_1364,0.0044742729306487695
group_1365,0.042505592841163314
group_1366,0.0022371364653243847
group_1367,0.0022371364653243847
group_1368,0.0044742729306487695
group_1369,0.0022371364653243847
group_137,0.011185682326621925
group_1370,0.0022371364653243847
group_1371,0.013422818791946308
group_1372,0.008948545861297539
group_1373,0.053691275167785234
group_1374,0.006711409395973154
group_1375,0.10961968680089486
group_1376,0.006711409395973154
group_1377,0.0022371364653243847
group_1378,0.013422818791946308
group_1379,0.1185682326621924
group_138,0.34675615212527966
group_1380,0.0022371364653243847
group_1381,0.0022371364653243847
group_1382,0.013422818791946308
group_1383,0.024608501118568233
group_1384,0.013422818791946308
group_1385,0.0022371364653243847
group_1386,0.013422818791946308
group_1387,0.0044742729306487695
group_1388,0.040268456375838924
group_1389,0.006711409395973154
group_139,0.008948545861297539
group_1390,0.0022371364653243847
group_1391,0.0022371364653243847
group_1392,0.0044742729306487695
group_1393,0.006711409395973154
group_1394,0.10961968680089486
group_1395,0.006711409395973154
group_1396,0.006711409395973154
group_1397,0.0022371364653243847
group_1398,0.06263982102908278
group_1399,0.006711409395973154
group_14,0.024608501118568233
group_140,0.011185682326621925
group_1400,0.011185682326621925
group_1401,0.0044742729306487695
group_1402,0.0022371364653243847
group_1403,0.0044742729306487695
group_1404,0.0022371364653243847
group_1405,0.0022371364653243847
group_1406,0.0022371364653243847
group_1407,0.0044742729306487695
group_1408,0.013422818791946308
group_1409,0.0044742729306487695
group_141,0.0022371364653243847
group_1410,0.006711409395973154
group_1411,0.011185682326621925
group_1412,0.011185682326621925
group_1413,0.0022371364653243847
group_1414,0.0022371364653243847
group_1415,0.0044742729306487695
group_1416,0.020134228187919462
group_1417,0.0022371364653243847
group_1418,0.006711409395973154
group_1419,0.006711409395973154
group_142,0.013422818791946308
group_1420,0.0044742729306487695
group_1421,0.0022371364653243847
group_1422,0.0022371364653243847
group_1423,0.013422818791946308
group_1424,0.0022371364653243847
group_1425,0.0022371364653243847
group_1426,0.013422818791946308
group_1427,0.0022371364653243847
group_1428,0.0022371364653243847
group_1429,0.29977628635346754
group_143,0.013422818791946308
group_1430,0.053691275167785234
group_1431,0.015659955257270694
group_1432,0.0044742729306487695
group_1433,0.024608501118568233
group_1434,0.0044742729306487695
group_1435,0.013422818791946308
group_1436,0.0022371364653243847
group_1437,0.0022371364653243847
group_1438,0.013422818791946308
group_1439,0.017897091722595078
group_144,0.0022371364653243847
group_1440,0.0022371364653243847
group_1441,0.0022371364653243847
group_1442,0.0022371364653243847
group_1443,0.2953020134228188
group_1444,0.0022371364653243847
group_1445,0.013422818791946308
group_1446,0.0022371364653243847
group_1447,0.06711409395973154
group_1448,0.0044742729306487695
group_1449,0.013422818791946308
group_145,0.013422818791946308
group_1450,0.19015659955257272
group_1451,0.013422818791946308
group_1452,0.0044742729306487695
group_1453,0.0022371364653243847
group_1454,0.0044742729306487695
group_1455,0.011185682326621925
group_1456,0.013422818791946308
group_1457,0.0022371364653243847
group_1458,0.0044742729306487695
group_1459,0.0044742729306487695
group_146,0.0022371364653243847
group_1460,0.008948545861297539
group_1461,0.006711409395973154
group_1462,0.0022371364653243847
group_1463,0.05145413870246085
group_1464,0.0022371364653243847
group_1465,0.0022371364653243847
group_1466,0.03131991051454139
group_1467,0.0022371364653243847
group_1468,0.0022371364653243847
group_1469,0.0044742729306487695
group_147,0.017897091722595078
group_1470,0.0022371364653243847
group_1471,0.008948545861297539
group_1472,0.0022371364653243847
group_1473,0.0022371364653243847
group_1474,0.02237136465324385
group_1475,0.008948545861297539
group_1476,0.013422818791946308
group_1477,0.013422818791946308
group_1478,0.008948545861297539
group_1479,0.09395973154362416
group_148,0.0022371364653243847
group_1480,0.0044742729306487695
group_1481,0.0044742729306487695
group_1482,0.0022371364653243847
group_1483,0.0022371364653243847
group_1484,0.0022371364653243847
group_1485,0.015659955257270694
group_1486,0.0022371364653243847
group_1487,0.0022371364653243847
group_1488,0.0022371364653243847
group_1489,0.0022371364653243847
group_149,0.013422818791946308
group_1490,0.0044742729306487695
group_1491,0.0022371364653243847
group_1492,0.024608501118568233
group_1493,0.0044742729306487695
group_1494,0.0022371364653243847
group_1495,0.0022371364653243847
group_1496,0.0022371364653243847
group_1497,0.0447427293064877
group_1498,0.013422818791946308
group_1499,0.013422818791946308
group_15,0.024608501118568233
group_150,0.013422818791946308
group_1500,0.0044742729306487695
group_1501,0.013422818791946308
group_1502,0.008948545861297539
group_1503,0.024608501118568233
group_1504,0.0022371364653243847
group_1505,0.0022371364653243847
group_1506,0.0044742729306487695
group_1507,0.0022371364653243847
group_1508,0.0022371364653243847
group_1509,0.006711409395973154
group_151,0.006711409395973154
group_1510,0.0022371364653243847
group_1511,0.0022371364653243847
group_1512,0.0022371364653243847
group_1513,0.013422818791946308
group_1514,0.006711409395973154
group_1515,0.008948545861297539
group_1516,0.0022371364653243847
group_1517,0.0022371364653243847
group_1518,0.0044742729306487695
group_1519,0.006711409395973154
group_152,0.0044742729306487695
group_1520,0.06040268456375839
group_1521,0.0022371364653243847
group_1522,0.0022371364653243847
group_1523,0.19239373601789708
group_1524,0.0022371364653243847
group_1525,0.08053691275167785
group_1526,0.02237136465324385
group_1527,0.0044742729306487695
group_1528,0.013422818791946308
group_1529,0.0022371364653243847
group_153,0.0022371364653243847
group_1530,0.0044742729306487695
group_1531,0.0022371364653243847
group_1532,0.0022371364653243847
group_1533,0.006711409395973154
group_1534,0.0044742729306487695
group_1535,0.0022371364653243847
group_1536,0.0044742729306487695
group_1537,0.0044742729306487695
group_1538,0.0022371364653243847
group_1539,0.0022371364653243847
group_154,0.0022371364653243847
group_1540,0.0022371364653243847
group_1541,0.0022371364653243847
group_1542,0.035794183445190156
group_1543,0.0022371364653243847
group_1544,0.0044742729306487695
group_1545,0.026845637583892617
group_1546,0.013422818791946308
group_1547,0.006711409395973154
group_1548,0.011185682326621925
group_1549,0.0022371364653243847
group_155,0.0022371364653243847
group_1550,0.020134228187919462
group_1551,0.10067114093959731
group_1552,0.0022371364653243847
group_1553,0.006711409395973154
group_1554,0.0022371364653243847
group_1555,0.013422818791946308
group_1556,0.0044742729306487695
group_1557,0.0022371364653243847
group_1558,0.0022371364653243847
group_1559,0.0022371364653243847
group_156,0.22818791946308725
group_1560,0.0044742729306487695
group_1561,0.0022371364653243847
group_1562,0.0044742729306487695
group_1563,0.013422818791946308
group_1564,0.035794183445190156
group_1565,0.0022371364653243847
group_1566,0.0022371364653243847
group_1567,0.0022371364653243847
group_1568,0.013422818791946308
group_1569,0.0022371364653243847
group_157,0.04697986577181208
group_1570,0.0022371364653243847
group_1571,0.0022371364653243847
group_1572,0.0022371364653243847
group_1573,0.0022371364653243847
group_1574,0.0022371364653243847
group_1575,0.0022371364653243847
group_1576,0.0022371364653243847
group_1577,0.0044742729306487695
group_1578,0.0022371364653243847
group_1579,0.011185682326621925
group_158,0.19015659955257272
group_1580,0.0022371364653243847
group_1581,0.0044742729306487695
group_1582,0.013422818791946308
group_1583,0.026845637583892617
group_1584,0.008948545861297539
group_1585,0.0022371364653243847
group_1586,0.0044742729306487695
group_1587,0.006711409395973154
group_1588,0.0022371364653243847
group_1589,0.0022371364653243847
group_159,0.0022371364653243847
group_1590,0.0022371364653243847
group_1591,0.0044742729306487695
group_1592,0.0044742729306487695
group_1593,0.0044742729306487695
group_1594,0.011185682326621925
group_1595,0.013422818791946308
group_1596,0.0022371364653243847
group_1597,0.013422818791946308
group_1598,0.0044742729306487695
group_1599,0.006711409395973154
group_16,0.015659955257270694
group_160,0.03131991051454139
group_1600,0.0044742729306487695
group_1601,0.0044742729306487695
group_1602,0.006711409395973154
group_1603,0.013422818791946308
group_1604,0.0022371364653243847
group_1605,0.0022371364653243847
group_1606,0.013422818791946308
group_1607,0.006711409395973154
group_1608,0.0044742729306487695
group_1609,0.0022371364653243847
group_161,0.0022371364653243847
group_1610,0.008948545861297539
group_1611,0.006711409395973154
group_1612,0.011185682326621925
group_1613,0.0022371364653243847
group_1614,0.008948545861297539
group_1615,0.0022371364653243847
group_1616,0.035794183445190156
group_1617,0.0022371364653243847
group_1618,0.0022371364653243847
group_1619,0.006711409395973154
group_162,0.0044742729306487695
group_1620,0.008948545861297539
group_1621,0.0044742729306487695
group_1622,0.006711409395973154
group_1623,0.0022371364653243847
group_1624,0.0022371364653243847
group_1625,0.006711409395973154
group_1626,0.05145413870246085
group_1627,0.0022371364653243847
group_1628,0.006711409395973154
group_1629,0.0044742729306487695
group_163,0.017897091722595078
group_1630,0.0044742729306487695
group_1631,0.0044742729306487695
group_1632,0.0044742729306487695
group_1633,0.0022371364653243847
group_1634,0.0044742729306487695
group_1635,0.024608501118568233
group_1636,0.0022371364653243847
group_1637,0.0044742729306487695
group_1638,0.0044742729306487695
group_1639,0.0022371364653243847
group_164,0.0044742729306487695
group_1640,0.011185682326621925
group_1641,0.0022371364653243847
group_1642,0.0022371364653243847
group_1643,0.0022371364653243847
group_1644,0.0022371364653243847
group_1645,0.0022371364653243847
group_1646,0.0022371364653243847
group_1647,0.0022371364653243847
group_1648,0.0022371364653243847
group_1649,0.0044742729306487695
group_165,0.0022371364653243847
group_1650,0.0044742729306487695
group_1651,0.04697986577181208
group_1652,0.013422818791946308
group_1653,0.0044742729306487695
group_1654,0.006711409395973154
group_1655,0.0044742729306487695
group_1656,0.0022371364653243847
group_1657,0.024608501118568233
group_1658,0.0044742729306487695
group_1659,0.0044742729306487695
group_166,0.0022371364653243847
group_1660,0.0022371364653243847
group_1661,0.0022371364653243847
group_1662,0.0022371364653243847
group_1663,0.0022371364653243847
group_1664,0.24608501118568232
group_1665,0.04697986577181208
group_1666,0.0022371364653243847
group_1667,0.0022371364653243847
group_1668,0.0022371364653243847
group_1669,0.006711409395973154
group_167,0.020134228187919462
group_1670,0.020134228187919462
group_1671,0.006711409395973154
group_1672,0.024608501118568233
group_1673,0.05145413870246085
group_1674,0.053691275167785234
group_1675,0.0022371364653243847
group_1676,0.0044742729306487695
group_1677,0.0044742729306487695
group_1678,0.0022371364653243847
group_1679,0.3243847874720358
group_168,0.029082774049217
group_1680,0.0022371364653243847
group_1681,0.0022371364653243847
group_1682,0.0022371364653243847
group_1683,0.0022371364653243847
group_1684,0.0022371364653243847
group_1685,0.0022371364653243847
group_1686,0.0022371364653243847
group_1687,0.03803131991051454
group_1688,0.026845637583892617
group_1689,0.02237136465324385
group_169,0.21923937360178972
group_1690,0.0022371364653243847
group_1691,0.0022371364653243847
group_1692,0.0022371364653243847
group_1693,0.04697986577181208
group_1694,0.0044742729306487695
group_1695,0.0022371364653243847
group_1696,0.0022371364653243847
group_1697,0.0022371364653243847
group_1698,0.0022371364653243847
group_1699,0.0022371364653243847
group_17,0.026845637583892617
group_170,0.0044742729306487695
group_1700,0.0022371364653243847
group_1701,0.0022371364653243847
group_1702,0.0022371364653243847
group_1703,0.0022371364653243847
group_1704,0.0022371364653243847
group_1705,0.0022371364653243847
group_1706,0.0022371364653243847
group_1707,0.0022371364653243847
group_1708,0.0022371364653243847
group_1709,0.0044742729306487695
group_171,0.18791946308724833
group_1710,0.0022371364653243847
group_1711,0.013422818791946308
group_1712,0.008948545861297539
group_1713,0.09395973154362416
group_1714,0.0022371364653243847
group_1715,0.0022371364653243847
group_1716,0.0022371364653243847
group_1717,0.0022371364653243847
group_1718,0.0044742729306487695
group_1719,0.0044742729306487695
group_172,0.0022371364653243847
group_1720,0.0022371364653243847
group_1721,0.0022371364653243847
group_1722,0.0022371364653243847
group_1723,0.006711409395973154
group_1724,0.0022371364653243847
group_1725,0.0022371364653243847
group_1726,0.0022371364653243847
group_1727,0.0022371364653243847
group_1728,0.0022371364653243847
group_1729,0.015659955257270694
group_173,0.015659955257270694
group_1730,0.0022371364653243847
group_1731,0.0044742729306487695
group_1732,0.024608501118568233
group_1733,0.0022371364653243847
group_1734,0.0022371364653243847
group_1735,0.0022371364653243847
group_1736,0.020134228187919462
group_1737,0.0044742729306487695
group_1738,0.0022371364653243847
group_1739,0.024608501118568233
group_174,0.008948545861297539
group_1740,0.015659955257270694
group_1741,0.0022371364653243847
group_1742,0.0044742729306487695
group_1743,0.0044742729306487695
group_1744,0.0022371364653243847
group_1745,0.0022371364653243847
group_1746,0.0022371364653243847
group_1747,0.0022371364653243847
group_1748,0.0022371364653243847
group_1749,0.02237136465324385
group_175,0.0044742729306487695
group_1750,0.011185682326621925
group_1751,0.0022371364653243847
group_1752,0.0022371364653243847
group_1753,0.008948545861297539
group_1754,0.0044742729306487695
group_1755,0.011185682326621925
group_1756,0.020134228187919462
group_1757,0.0022371364653243847
group_1758,0.006711409395973154
group_1759,0.024608501118568233
group_176,0.07829977628635347
group_1760,0.0022371364653243847
group_1761,0.0044742729306487695
group_1762,0.0022371364653243847
group_1763,0.0022371364653243847
group_1764,0.0022371364653243847
group_1765,0.035794183445190156
group_1766,0.0022371364653243847
group_1767,0.006711409395973154
group_1768,0.0022371364653243847
group_1769,0.006711409395973154
group_177,0.1610738255033557
group_1770,0.0022371364653243847
group_1771,0.0022371364653243847
group_1772,0.006711409395973154
group_1773,0.013422818791946308
group_1774,0.0022371364653243847
group_1775,0.020134228187919462
group_1776,0.0022371364653243847
group_1777,0.15436241610738255
group_1778,0.08053691275167785
group_1779,0.0044742729306487695
group_178,0.0022371364653243847
group_1780,0.0022371364653243847
group_1781,0.013422818791946308
group_1782,0.0022371364653243847
group_1783,0.015659955257270694
group_1784,0.0022371364653243847
group_1785,0.0022371364653243847
group_1786,0.024608501118568233
group_1787,0.011185682326621925
group_1788,0.0044742729306487695
group_1789,0.0022371364653243847
group_179,0.02237136465324385
group_1790,0.0044742729306487695
group_1791,0.0022371364653243847
group_1792,0.011185682326621925
group_1793,0.0044742729306487695
group_1794,0.011185682326621925
group_1795,0.0022371364653243847
group_1796,0.0022371364653243847
group_1797,0.0022371364653243847
group_1798,0.013422818791946308
group_1799,0.0022371364653243847
group_18,0.024608501118568233
group_180,0.011185682326621925
group_1800,0.0022371364653243847
group_1801,0.0022371364653243847
group_1802,0.0044742729306487695
group_1803,0.0044742729306487695
group_1804,0.04697986577181208
group_1805,0.015659955257270694
group_1806,0.006711409395973154
group_1807,0.0044742729306487695
group_1808,0.0044742729306487695
group_1809,0.024608501118568233
group_181,0.0044742729306487695
group_1810,0.006711409395973154
group_1811,0.0022371364653243847
group_1812,0.0044742729306487695
group_1813,0.006711409395973154
group_1814,0.0044742729306487695
group_1815,0.042505592841163314
group_1816,0.008948545861297539
group_1817,0.0044742729306487695
group_1818,0.05145413870246085
group_1819,0.013422818791946308
group_182,0.0044742729306487695
group_1820,0.0022371364653243847
group_1821,0.0022371364653243847
group_1822,0.011185682326621925
group_1823,0.0022371364653243847
group_1824,0.0022371364653243847
group_1825,0.0044742729306487695
group_1826,0.0022371364653243847
group_1827,0.0044742729306487695
group_1828,0.0022371364653243847
group_1829,0.0022371364653243847
group_183,0.14988814317673377
group_1830,0.08053691275167785
group_1831,0.03355704697986577
group_1832,0.0044742729306487695
group_1833,0.0044742729306487695
group_1834,0.006711409395973154
group_1835,0.0022371364653243847
group_1836,0.0022371364653243847
group_1837,0.020134228187919462
group_1838,0.0022371364653243847
group_1839,0.0044742729306487695
group_184,0.042505592841163314
group_1840,0.0022371364653243847
group_1841,0.035794183445190156
group_1842,0.0022371364653243847
group_1843,0.011185682326621925
group_1844,0.0022371364653243847
group_1845,0.0022371364653243847
group_1846,0.013422818791946308
group_1847,0.024608501118568233
group_1848,0.0022371364653243847
group_1849,0.0044742729306487695
group_185,0.020134228187919462
group_1850,0.0022371364653243847
group_1851,0.0022371364653243847
group_1852,0.11409395973154363
group_1853,0.011185682326621925
group_1854,0.0022371364653243847
group_1855,0.026845637583892617
group_1856,0.15659955257270694
group_1857,0.013422818791946308
group_1858,0.008948545861297539
group_1859,0.011185682326621925
group_186,0.008948545861297539
group_1860,0.0044742729306487695
group_1861,0.0022371364653243847
group_1862,0.0022371364653243847
group_1863,0.0022371364653243847
group_1864,0.0022371364653243847
group_1865,0.0044742729306487695
group_1866,0.13870246085011187
group_1867,0.0022371364653243847
group_1868,0.0022371364653243847
group_1869,0.0044742729306487695
group_187,0.10961968680089486
group_1870,0.0022371364653243847
group_1871,0.0044742729306487695
group_1872,0.0022371364653243847
group_1873,0.015659955257270694
group_1874,0.0044742729306487695
group_1875,0.2214765100671141
group_1876,0.0022371364653243847
group_1877,0.0022371364653243847
group_1878,0.008948545861297539
group_1879,0.0022371364653243847
group_188,0.02237136465324385
group_1880,0.008948545861297539
group_1881,0.06935123042505593
group_1882,0.0044742729306487695
group_1883,0.11185682326621924
group_1884,0.0044742729306487695
group_1885,0.0022371364653243847
group_1886,0.0022371364653243847
group_1887,0.008948545861297539
group_1888,0.0022371364653243847
group_1889,0.0022371364653243847
group_189,0.0022371364653243847
group_1890,0.0044742729306487695
group_1891,0.0044742729306487695
group_1892,0.0022371364653243847
group_1893,0.0022371364653243847
group_1894,0.0022371364653243847
group_1895,0.006711409395973154
group_1896,0.0022371364653243847
group_1897,0.0044742729306487695
group_1898,0.0022371364653243847
group_1899,0.0022371364653243847
group_19,0.03131991051454139
group_190,0.0044742729306487695
group_1900,0.0022371364653243847
group_1901,0.013422818791946308
group_1902,0.0022371364653243847
group_1903,0.0044742729306487695
group_1904,0.024608501118568233
group_1905,0.013422818791946308
group_1906,0.0044742729306487695
group_1907,0.0022371364653243847
group_1908,0.0022371364653243847
group_1909,0.013422818791946308
group_191,0.006711409395973154
group_1910,0.015659955257270694
group_1911,0.0022371364653243847
group_1912,0.013422818791946308
group_1913,0.013422818791946308
group_1914,0.0022371364653243847
group_1915,0.0022371364653243847
group_1916,0.0022371364653243847
group_1917,0.0044742729306487695
group_1918,0.0022371364653243847
group_1919,0.0022371364653243847
group_192,0.0022371364653243847
group_1920,0.0022371364653243847
group_1921,0.0022371364653243847
group_1922,0.0044742729306487695
group_1923,0.0022371364653243847
group_1924,0.0022371364653243847
group_1925,0.006711409395973154
group_1926,0.006711409395973154
group_1927,0.0044742729306487695
group_1928,0.0044742729306487695
group_1929,0.0022371364653243847
group_193,0.4899328859060403
group_1930,0.0044742729306487695
group_1931,0.02237136465324385
group_1932,0.011185682326621925
group_1933,0.006711409395973154
group_1934,0.0022371364653243847
group_1935,0.0022371364653243847
group_1936,0.015659955257270694
group_1937,0.0022371364653243847
group_1938,0.0044742729306487695
group_1939,0.0022371364653243847
group_194,0.0022371364653243847
group_1940,0.006711409395973154
group_1941,0.006711409395973154
group_1942,0.0044742729306487695
group_1943,0.0022371364653243847
group_1944,0.0022371364653243847
group_1945,0.0022371364653243847
group_1946,0.0022371364653243847
group_1947,0.0022371364653243847
group_1948,0.0022371364653243847
group_1949,0.0022371364653243847
group_195,0.0022371364653243847
group_1950,0.0022371364653243847
group_1951,0.0022371364653243847
group_1952,0.0022371364653243847
group_1953,0.0022371364653243847
group_1954,0.0022371364653243847
group_1955,0.0022371364653243847
group_1956,0.0044742729306487695
group_1957,0.0044742729306487695
group_1958,0.0022371364653243847
group_1959,0.013422818791946308
group_196,0.12304250559284116
group_1960,0.0022371364653243847
group_1961,0.0044742729306487695
group_1962,0.0044742729306487695
group_1963,0.0022371364653243847
group_1964,0.008948545861297539
group_1965,0.0022371364653243847
group_1966,0.0044742729306487695
group_1967,0.0044742729306487695
group_1968,0.0044742729306487695
group_1969,0.0044742729306487695
group_197,0.18791946308724833
group_1970,0.013422818791946308
group_1971,0.0022371364653243847
group_1972,0.0022371364653243847
group_1973,0.0044742729306487695
group_1974,0.0022371364653243847
group_1975,0.06263982102908278
group_1976,0.0022371364653243847
group_1977,0.0022371364653243847
group_1978,0.0022371364653243847
group_1979,0.0022371364653243847
group_198,0.011185682326621925
group_1980,0.006711409395973154
group_1981,0.024608501118568233
group_1982,0.0022371364653243847
group_1983,0.013422818791946308
group_1984,0.008948545861297539
group_1985,0.0022371364653243847
group_1986,0.0022371364653243847
group_1987,0.0022371364653243847
group_1988,0.0022371364653243847
group_1989,0.035794183445190156
group_199,0.0738255033557047
group_1990,0.0022371364653243847
group_1991,0.024608501118568233
group_1992,0.0022371364653243847
group_1993,0.0044742729306487695
group_1994,0.0022371364653243847
group_1995,0.0022371364653243847
group_1996,0.013422818791946308
group_1997,0.0022371364653243847
group_1998,0.0022371364653243847
group_1999,0.0022371364653243847
group_2,0.0022371364653243847
group_20,0.017897091722595078
group_200,0.0022371364653243847
group_2000,0.10961968680089486
group_2001,0.0022371364653243847
group_2002,0.008948545861297539
group_2003,0.0022371364653243847
group_2004,0.0022371364653243847
group_2005,0.0022371364653243847
group_2006,0.0022371364653243847
group_2007,0.008948545861297539
group_2008,0.020134228187919462
group_2009,0.0022371364653243847
group_201,0.011185682326621925
group_2010,0.006711409395973154
group_2011,0.006711409395973154
group_2012,0.008948545861297539
group_2013,0.006711409395973154
group_2014,0.013422818791946308
group_2015,0.0022371364653243847
group_2016,0.03355704697986577
group_2017,0.0022371364653243847
group_2018,0.0022371364653243847
group_2019,0.0022371364653243847
group_202,0.0022371364653243847
group_2020,0.011185682326621925
group_2021,0.0022371364653243847
group_2022,0.0044742729306487695
group_2023,0.0044742729306487695
group_2024,0.0044742729306487695
group_2025,0.02237136465324385
group_2026,0.0022371364653243847
group_2027,0.0022371364653243847
group_2028,0.0022371364653243847
group_2029,0.0022371364653243847
group_203,0.0022371364653243847
group_2030,0.0022371364653243847
group_2031,0.0022371364653243847
group_2032,0.12527964205816555
group_2033,0.0022371364653243847
group_2034,0.08501118568232663
group_2035,0.0022371364653243847
group_2036,0.0022371364653243847
group_2037,0.0022371364653243847
group_2038,0.0022371364653243847
group_2039,0.0022371364653243847
group_204,0.008948545861297539
group_2040,0.0022371364653243847
group_2041,0.0022371364653243847
group_2042,0.0044742729306487695
group_2043,0.035794183445190156
group_2044,0.035794183445190156
group_2045,0.035794183445190156
group_2046,0.024608501118568233
group_2047,0.013422818791946308
group_2048,0.035794183445190156
group_2049,0.03355704697986577
group_205,0.0447427293064877
group_2050,0.0044742729306487695
group_2051,0.006711409395973154
group_2052,0.0022371364653243847
group_2053,0.024608501118568233
group_2054,0.0022371364653243847
group_2055,0.0022371364653243847
group_2056,0.0044742729306487695
group_2057,0.011185682326621925
group_2058,0.006711409395973154
group_2059,0.015659955257270694
group_206,0.006711409395973154
group_2060,0.0022371364653243847
group_2061,0.0022371364653243847
group_2062,0.0022371364653243847
group_2063,0.024608501118568233
group_2064,0.0044742729306487695
group_2065,0.0022371364653243847
group_2066,0.0022371364653243847
group_2067,0.05145413870246085
group_2068,0.0022371364653243847
group_2069,0.006711409395973154
group_207,0.0022371364653243847
group_2070,0.0022371364653243847
group_2071,0.0022371364653243847
group_2072,0.020134228187919462
group_2073,0.03355704697986577
group_2074,0.035794183445190156
group_2075,0.0022371364653243847
group_2076,0.0022371364653243847
group_2077,0.0044742729306487695
group_2078,0.0044742729306487695
group_2079,0.0022371364653243847
group_208,0.0022371364653243847
group_2080,0.0022371364653243847
group_2081,0.0022371364653243847
group_2082,0.020134228187919462
group_2083,0.0022371364653243847
group_2084,0.0022371364653243847
group_2085,0.0022371364653243847
group_2086,0.0022371364653243847
group_2087,0.0022371364653243847
group_2088,0.0022371364653243847
group_2089,0.0022371364653243847
group_209,0.024608501118568233
group_2090,0.0044742729306487695
group_2091,0.013422818791946308
group_2092,0.013422818791946308
group_2093,0.0022371364653243847
group_2094,0.013422818791946308
group_2095,0.0022371364653243847
group_2096,0.0022371364653243847
group_2097,0.0022371364653243847
group_2098,0.0022371364653243847
group_2099,0.0022371364653243847
group_21,0.013422818791946308
group_210,0.006711409395973154
group_2100,0.024608501118568233
group_2101,0.008948545861297539
group_2102,0.0022371364653243847
group_2103,0.0022371364653243847
group_2104,0.0022371364653243847
group_2105,0.042505592841163314
group_2106,0.0022371364653243847
group_2107,0.035794183445190156
group_2108,0.0022371364653243847
group_2109,0.0022371364653243847
group_211,0.040268456375838924
group_2110,0.0022371364653243847
group_2111,0.0022371364653243847
group_2112,0.0022371364653243847
group_2113,0.0022371364653243847
group_2114,0.0022371364653243847
group_2115,0.0022371364653243847
group_2116,0.0022371364653243847
group_2117,0.0022371364653243847
group_2118,0.0022371364653243847
group_2119,0.0022371364653243847
group_212,0.026845637583892617
group_2120,0.0022371364653243847
group_2121,0.0022371364653243847
group_2122,0.0022371364653243847
group_2123,0.0022371364653243847
group_2124,0.0044742729306487695
group_2125,0.011185682326621925
group_2126,0.042505592841163314
group_2127,0.06711409395973154
group_2128,0.0022371364653243847
group_2129,0.0022371364653243847
group_213,0.10738255033557047
group_2130,0.015659955257270694
group_2131,0.0044742729306487695
group_2132,0.0022371364653243847
group_2133,0.07829977628635347
group_2134,0.0022371364653243847
group_2135,0.0022371364653243847
group_2136,0.0022371364653243847
group_2137,0.0022371364653243847
group_2138,0.0022371364653243847
group_2139,0.0022371364653243847
group_214,0.006711409395973154
group_2140,0.0022371364653243847
group_2141,0.0022371364653243847
group_2142,0.0022371364653243847
group_2143,0.017897091722595078
group_2144,0.0022371364653243847
group_2145,0.0022371364653243847
group_2146,0.0022371364653243847
group_2147,0.006711409395973154
group_2148,0.0022371364653243847
group_2149,0.0022371364653243847
group_215,0.06263982102908278
group_2150,0.0022371364653243847
group_2151,0.0022371364653243847
group_2152,0.0022371364653243847
group_2153,0.0022371364653243847
group_2154,0.0022371364653243847
group_2155,0.0022371364653243847
group_2156,0.0022371364653243847
group_2157,0.0022371364653243847
group_2158,0.07829977628635347
group_2159,0.006711409395973154
group_216,0.015659955257270694
group_2160,0.0022371364653243847
group_2161,0.0022371364653243847
group_2162,0.0022371364653243847
group_2163,0.0022371364653243847
group_2164,0.0022371364653243847
group_2165,0.0022371364653243847
group_2166,0.0022371364653243847
group_2167,0.0022371364653243847
group_2168,0.0022371364653243847
group_2169,0.0022371364653243847
group_217,0.1297539149888143
group_2170,0.0022371364653243847
group_2171,0.0022371364653243847
group_2172,0.0022371364653243847
group_2173,0.0022371364653243847
group_2174,0.0022371364653243847
group_2175,0.0022371364653243847
group_2176,0.0022371364653243847
group_2177,0.0022371364653243847
group_2178,0.0022371364653243847
group_2179,0.0022371364653243847
group_218,0.2639821029082774
group_2180,0.0044742729306487695
group_2181,0.011185682326621925
group_2182,0.0022371364653243847
group_2183,0.0022371364653243847
group_2184,0.0022371364653243847
group_2185,0.0022371364653243847
group_2186,0.0022371364653243847
group_2187,0.0022371364653243847
group_2188,0.0022371364653243847
group_2189,0.02237136465324385
group_219,0.013422818791946308
group_2190,0.008948545861297539
group_2191,0.0022371364653243847
group_2192,0.0044742729306487695
group_2193,0.0022371364653243847
group_2194,0.0044742729306487695
group_2195,0.006711409395973154
group_2196,0.011185682326621925
group_2197,0.0022371364653243847
group_2198,0.0044742729306487695
group_2199,0.0044742729306487695
group_22,0.0022371364653243847
group_220,0.0022371364653243847
group_2200,0.0022371364653243847
group_2201,0.0022371364653243847
group_2202,0.0022371364653243847
group_2203,0.0022371364653243847
group_2204,0.0022371364653243847
group_2205,0.11185682326621924
group_2206,0.02237136465324385
group_2207,0.0022371364653243847
group_2208,0.0022371364653243847
group_2209,0.042505592841163314
group_221,0.0022371364653243847
group_2210,0.020134228187919462
group_2211,0.006711409395973154
group_2212,0.011185682326621925
group_2213,0.013422818791946308
group_2214,0.008948545861297539
group_2215,0.0022371364653243847
group_2216,0.0022371364653243847
group_2217,0.0022371364653243847
group_2218,0.0022371364653243847
group_2219,0.0022371364653243847
group_222,0.1767337807606264
group_2220,0.13646532438478748
group_2221,0.013422818791946308
group_2222,0.0044742729306487695
group_2223,0.006711409395973154
group_2224,0.006711409395973154
group_2225,0.006711409395973154
group_2226,0.0022371364653243847
group_2227,0.011185682326621925
group_2228,0.008948545861297539
group_2229,0.0044742729306487695
group_223,0.0022371364653243847
group_2230,0.006711409395973154
group_2231,0.013422818791946308
group_2232,0.006711409395973154
group_2233,0.0022371364653243847
group_2234,0.0044742729306487695
group_2235,0.03803131991051454
group_2236,0.006711409395973154
group_2237,0.0044742729306487695
group_2238,0.0022371364653243847
group_2239,0.0022371364653243847
group_224,0.0447427293064877
group_2240,0.0022371364653243847
group_2241,0.0022371364653243847
group_2242,0.0044742729306487695
group_2243,0.0022371364653243847
group_2244,0.0022371364653243847
group_2245,0.0022371364653243847
group_2246,0.0022371364653243847
group_2247,0.02237136465324385
group_2248,0.013422818791946308
group_2249,0.0022371364653243847
group_225,0.013422818791946308
group_2250,0.0044742729306487695
group_2251,0.0022371364653243847
group_2252,0.0022371364653243847
group_2253,0.0022371364653243847
group_2254,0.0044742729306487695
group_2255,0.09395973154362416
group_2256,0.0022371364653243847
group_2257,0.0022371364653243847
group_2258,0.0022371364653243847
group_2259,0.008948545861297539
group_226,0.0022371364653243847
group_2260,0.0022371364653243847
group_2261,0.0022371364653243847
group_2262,0.0022371364653243847
group_2263,0.0022371364653243847
group_2264,0.0022371364653243847
group_2265,0.0022371364653243847
group_2266,0.0022371364653243847
group_2267,0.0022371364653243847
group_2268,0.0022371364653243847
group_2269,0.024608501118568233
group_227,0.0022371364653243847
group_2270,0.013422818791946308
group_2271,0.006711409395973154
group_2272,0.006711409395973154
group_2273,0.02237136465324385
group_2274,0.013422818791946308
group_2275,0.0022371364653243847
group_2276,0.0022371364653243847
group_2277,0.0022371364653243847
group_2278,0.0022371364653243847
group_2279,0.0022371364653243847
group_228,0.008948545861297539
group_2280,0.0022371364653243847
group_2281,0.0022371364653243847
group_2282,0.0022371364653243847
group_2283,0.0044742729306487695
group_2284,0.0022371364653243847
group_2285,0.0022371364653243847
group_2286,0.0022371364653243847
group_2287,0.0022371364653243847
group_2288,0.0022371364653243847
group_2289,0.0022371364653243847
group_229,0.011185682326621925
group_2290,0.0022371364653243847
group_2291,0.02237136465324385
group_2292,0.0044742729306487695
group_2293,0.0022371364653243847
group_2294,0.0022371364653243847
group_2295,0.006711409395973154
group_2296,0.0044742729306487695
group_2297,0.0022371364653243847
group_2298,0.0022371364653243847
group_2299,0.0022371364653243847
group_23,0.03131991051454139
group_230,0.0022371364653243847
group_2300,0.0044742729306487695
group_2301,0.0022371364653243847
group_2302,0.0044742729306487695
group_2303,0.0044742729306487695
group_2304,0.0044742729306487695
group_2305,0.0022371364653243847
group_2306,0.0022371364653243847
group_2307,0.0022371364653243847
group_2308,0.0022371364653243847
group_2309,0.024608501118568233
group_231,0.006711409395973154
group_2310,0.0044742729306487695
group_2311,0.0022371364653243847
group_2312,0.0022371364653243847
group_2313,0.0022371364653243847
group_2314,0.0044742729306487695
group_2315,0.006711409395973154
group_2316,0.013422818791946308
group_2317,0.0022371364653243847
group_2318,0.0022371364653243847
group_2319,0.006711409395973154
group_232,0.0022371364653243847
group_2320,0.0022371364653243847
group_2321,0.0022371364653243847
group_2322,0.006711409395973154
group_2323,0.0044742729306487695
group_2324,0.0022371364653243847
group_2325,0.0022371364653243847
group_2326,0.0022371364653243847
group_2327,0.0022371364653243847
group_2328,0.06263982102908278
group_2329,0.0044742729306487695
group_233,0.035794183445190156
group_2330,0.0044742729306487695
group_2331,0.013422818791946308
group_2332,0.008948545861297539
group_2333,0.011185682326621925
group_2334,0.0022371364653243847
group_2335,0.0022371364653243847
group_2336,0.006711409395973154
group_2337,0.0044742729306487695
group_2338,0.0022371364653243847
group_2339,0.013422818791946308
group_234,0.0022371364653243847
group_2340,0.0022371364653243847
group_2341,0.0022371364653243847
group_2342,0.0022371364653243847
group_2343,0.006711409395973154
group_2344,0.0022371364653243847
group_2345,0.0022371364653243847
group_2346,0.0022371364653243847
group_2347,0.0022371364653243847
group_2348,0.0022371364653243847
group_2349,0.008948545861297539
group_235,0.035794183445190156
group_2350,0.008948545861297539
group_2351,0.0022371364653243847
group_2352,0.0022371364653243847
group_2353,0.0022371364653243847
group_2354,0.0022371364653243847
group_2355,0.0022371364653243847
group_2356,0.0044742729306487695
group_2357,0.0022371364653243847
group_2358,0.0022371364653243847
group_2359,0.0022371364653243847
group_236,0.006711409395973154
group_2360,0.0022371364653243847
group_2361,0.0022371364653243847
group_2362,0.0022371364653243847
group_2363,0.053691275167785234
group_2364,0.006711409395973154
group_2365,0.024608501118568233
group_2366,0.006711409395973154
group_2367,0.013422818791946308
group_2368,0.006711409395973154
group_2369,0.006711409395973154
group_237,0.011185682326621925
group_2370,0.015659955257270694
group_2371,0.0044742729306487695
group_2372,0.006711409395973154
group_2373,0.0022371364653243847
group_2374,0.0044742729306487695
group_2375,0.006711409395973154
group_2376,0.0022371364653243847
group_2377,0.0022371364653243847
group_2378,0.006711409395973154
group_2379,0.0022371364653243847
group_238,0.0022371364653243847
group_2380,0.0044742729306487695
group_2381,0.0044742729306487695
group_2382,0.015659955257270694
group_2383,0.013422818791946308
group_2384,0.0022371364653243847
group_2385,0.0022371364653243847
group_2386,0.0044742729306487695
group_2387,0.013422818791946308
group_2388,0.0022371364653243847
group_2389,0.0044742729306487695
group_239,0.020134228187919462
group_2390,0.0044742729306487695
group_2391,0.0022371364653243847
group_2392,0.0022371364653243847
group_2393,0.024608501118568233
group_2394,0.2058165548098434
group_2395,0.011185682326621925
group_2396,0.0044742729306487695
group_2397,0.049217002237136466
group_2398,0.006711409395973154
group_2399,0.0044742729306487695
group_24,0.07606263982102908
group_240,0.1029082774049217
group_2400,0.013422818791946308
group_2401,0.02237136465324385
group_2402,0.0022371364653243847
group_2403,0.06487695749440715
group_2404,0.0022371364653243847
group_2405,0.0022371364653243847
group_2406,0.0022371364653243847
group_2407,0.0022371364653243847
group_2408,0.14317673378076062
group_2409,0.0022371364653243847
group_241,0.013422818791946308
group_2410,0.0044742729306487695
group_2411,0.0044742729306487695
group_2412,0.0044742729306487695
group_2413,0.013422818791946308
group_2414,0.0022371364653243847
group_2415,0.07829977628635347
group_2416,0.006711409395973154
group_2417,0.011185682326621925
group_2418,0.013422818791946308
group_2419,0.0022371364653243847
group_242,0.024608501118568233
group_2420,0.0022371364653243847
group_2421,0.0044742729306487695
group_2422,0.0022371364653243847
group_2423,0.011185682326621925
group_2424,0.0022371364653243847
group_2425,0.12304250559284116
group_2426,0.006711409395973154
group_2427,0.024608501118568233
group_2428,0.0022371364653243847
group_2429,0.08501118568232663
group_243,0.006711409395973154
group_2430,0.013422818791946308
group_2431,0.015659955257270694
group_2432,0.024608501118568233
group_2433,0.0022371364653243847
group_2434,0.116331096196868
group_2435,0.0022371364653243847
group_2436,0.0044742729306487695
group_2437,0.0044742729306487695
group_2438,0.008948545861297539
group_2439,0.015659955257270694
group_244,0.0044742729306487695
group_2440,0.0022371364653243847
group_2441,0.0044742729306487695
group_2442,0.006711409395973154
group_2443,0.0044742729306487695
group_2444,0.017897091722595078
group_2445,0.31096196868008946
group_2446,0.0044742729306487695
group_2447,0.0022371364653243847
group_2448,0.2684563758389262
group_2449,0.011185682326621925
group_245,0.11409395973154363
group_2450,0.0022371364653243847
group_2451,0.0022371364653243847
group_2452,0.0022371364653243847
group_2453,0.006711409395973154
group_2454,0.03131991051454139
group_2455,0.1297539149888143
group_2456,0.020134228187919462
group_2457,0.0022371364653243847
group_2458,0.008948545861297539
group_2459,0.0022371364653243847
group_246,0.08277404921700224
group_2460,0.03355704697986577
group_2461,0.017897091722595078
group_2462,0.011185682326621925
group_2463,0.0022371364653243847
group_2464,0.013422818791946308
group_2465,0.0022371364653243847
group_2466,0.0044742729306487695
group_2467,0.2662192393736018
group_2468,0.06711409395973154
group_2469,0.013422818791946308
group_247,0.0022371364653243847
group_2470,0.0022371364653243847
group_2471,0.013422818791946308
group_2472,0.0044742729306487695
group_2473,0.0022371364653243847
group_2474,0.0044742729306487695
group_2475,0.0044742729306487695
group_2476,0.0044742729306487695
group_2477,0.0022371364653243847
group_2478,0.11185682326621924
group_2479,0.11185682326621924
group_248,0.0044742729306487695
group_2480,0.0022371364653243847
group_2481,0.11185682326621924
group_2482,0.0022371364653243847
group_2483,0.024608501118568233
group_2484,0.013422818791946308
group_2485,0.0022371364653243847
group_2486,0.013422818791946308
group_2487,0.006711409395973154
group_2488,0.0022371364653243847
group_2489,0.0022371364653243847
group_249,0.06263982102908278
group_2490,0.1029082774049217
group_2491,0.011185682326621925
group_2492,0.006711409395973154
group_2493,0.006711409395973154
group_2494,0.006711409395973154
group_2495,0.013422818791946308
group_2496,0.011185682326621925
group_2497,0.008948545861297539
group_2498,0.0044742729306487695
group_2499,0.0022371364653243847
group_25,0.0022371364653243847
group_250,0.5592841163310962
group_2500,0.0022371364653243847
group_2501,0.03355704697986577
group_2502,0.015659955257270694
group_2503,0.024608501118568233
group_2504,0.0022371364653243847
group_2505,0.011185682326621925
group_2506,0.09619686800894854
group_2507,0.0022371364653243847
group_2508,0.1029082774049217
group_2509,0.006711409395973154
group_251,0.015659955257270694
group_2510,0.0022371364653243847
group_2511,0.0022371364653243847
group_2512,0.2058165548098434
group_2513,0.0022371364653243847
group_2514,0.20134228187919462
group_2515,0.006711409395973154
group_2516,0.10961968680089486
group_2517,0.10961968680089486
group_2518,0.0022371364653243847
group_2519,0.015659955257270694
group_252,0.0022371364653243847
group_2520,0.0022371364653243847
group_2521,0.0022371364653243847
group_2522,0.0044742729306487695
group_2523,0.0022371364653243847
group_2524,0.0022371364653243847
group_2525,0.013422818791946308
group_2526,0.013422818791946308
group_2527,0.008948545861297539
group_2528,0.0022371364653243847
group_2529,0.0044742729306487695
group_253,0.11409395973154363
group_2530,0.0044742729306487695
group_2531,0.0022371364653243847
group_2532,0.0022371364653243847
group_2533,0.0022371364653243847
group_2534,0.0022371364653243847
group_2535,0.0022371364653243847
group_2536,0.0022371364653243847
group_2537,0.0022371364653243847
group_2538,0.0022371364653243847
group_2539,0.0022371364653243847
group_254,0.2684563758389262
group_2540,0.0022371364653243847
group_2541,0.0022371364653243847
group_2542,0.15883668903803133
group_2543,0.0022371364653243847
group_2544,0.0044742729306487695
group_2545,0.1029082774049217
group_2546,0.0022371364653243847
group_2547,0.0044742729306487695
group_2548,0.008948545861297539
group_2549,0.020134228187919462
group_255,0.0044742729306487695
group_2550,0.0044742729306487695
group_2551,0.011185682326621925
group_2552,0.006711409395973154
group_2553,0.011185682326621925
group_2554,0.011185682326621925
group_2555,0.011185682326621925
group_2556,0.006711409395973154
group_2557,0.011185682326621925
group_2558,0.011185682326621925
group_2559,0.0022371364653243847
group_256,0.0044742729306487695
group_2560,0.013422818791946308
group_2561,0.013422818791946308
group_2562,0.013422818791946308
group_2563,0.013422818791946308
group_2564,0.013422818791946308
group_2565,0.0022371364653243847
group_2566,0.0022371364653243847
group_2567,0.0022371364653243847
group_2568,0.03355704697986577
group_2569,0.03355704697986577
group_257,0.10961968680089486
group_2570,0.008948545861297539
group_2571,0.0044742729306487695
group_2572,0.0044742729306487695
group_2573,0.0044742729306487695
group_2574,0.0022371364653243847
group_2575,0.013422818791946308
group_2576,0.011185682326621925
group_2577,0.0022371364653243847
group_2578,0.0022371364653243847
group_2579,0.008948545861297539
group_258,0.19463087248322147
group_2580,0.0044742729306487695
group_2581,0.011185682326621925
group_2582,0.008948545861297539
group_2583,0.0044742729306487695
group_2584,0.017897091722595078
group_2585,0.0022371364653243847
group_2586,0.0022371364653243847
group_2587,0.0022371364653243847
group_2588,0.0044742729306487695
group_2589,0.0022371364653243847
group_259,0.0044742729306487695
group_2590,0.0044742729306487695
group_2591,0.008948545861297539
group_2592,0.0022371364653243847
group_2593,0.0022371364653243847
group_2594,0.042505592841163314
group_2595,0.006711409395973154
group_2596,0.015659955257270694
group_2597,0.0022371364653243847
group_2598,0.10067114093959731
group_2599,0.0022371364653243847
group_26,0.0022371364653243847
group_260,0.0022371364653243847
group_2600,0.0022371364653243847
group_2601,0.0022371364653243847
group_2602,0.006711409395973154
group_2603,0.006711409395973154
group_2604,0.006711409395973154
group_2605,0.006711409395973154
group_2606,0.0022371364653243847
group_2607,0.024608501118568233
group_2608,0.0022371364653243847
group_2609,0.017897091722595078
group_261,0.27069351230425054
group_2610,0.008948545861297539
group_2611,0.0022371364653243847
group_2612,0.0022371364653243847
group_2613,0.0022371364653243847
group_2614,0.0044742729306487695
group_2615,0.03355704697986577
group_2616,0.008948545861297539
group_2617,0.0022371364653243847
group_2618,0.0022371364653243847
group_2619,0.0022371364653243847
group_262,0.017897091722595078
group_2620,0.0022371364653243847
group_2621,0.053691275167785234
group_2622,0.015659955257270694
group_2623,0.0022371364653243847
group_2624,0.006711409395973154
group_2625,0.0044742729306487695
group_2626,0.0044742729306487695
group_2627,0.0044742729306487695
group_2628,0.0022371364653243847
group_2629,0.0022371364653243847
group_263,0.2796420581655481
group_2630,0.0022371364653243847
group_2631,0.0022371364653243847
group_2632,0.0022371364653243847
group_2633,0.0022371364653243847
group_2634,0.006711409395973154
group_2635,0.0022371364653243847
group_2636,0.0022371364653243847
group_2637,0.042505592841163314
group_2638,0.011185682326621925
group_2639,0.0022371364653243847
group_264,0.0022371364653243847
group_2640,0.020134228187919462
group_2641,0.0044742729306487695
group_2642,0.0044742729306487695
group_2643,0.0044742729306487695
group_2644,0.0044742729306487695
group_2645,0.0022371364653243847
group_2646,0.0044742729306487695
group_2647,0.0044742729306487695
group_2648,0.0022371364653243847
group_2649,0.0022371364653243847
group_265,0.0022371364653243847
group_2650,0.0022371364653243847
group_2651,0.0022371364653243847
group_2652,0.0022371364653243847
group_2653,0.006711409395973154
group_2654,0.0022371364653243847
group_2655,0.0044742729306487695
group_2656,0.18120805369127516
group_2657,0.011185682326621925
group_2658,0.09843400447427293
group_2659,0.06487695749440715
group_266,0.0022371364653243847
group_2660,0.013422818791946308
group_2661,0.0022371364653243847
group_2662,0.0022371364653243847
group_2663,0.020134228187919462
group_2664,0.008948545861297539
group_2665,0.0022371364653243847
group_2666,0.006711409395973154
group_2667,0.0022371364653243847
group_2668,0.0022371364653243847
group_2669,0.0022371364653243847
group_267,0.0022371364653243847
group_2670,0.0022371364653243847
group_2671,0.0022371364653243847
group_2672,0.0044742729306487695
group_2673,0.053691275167785234
group_2674,0.0044742729306487695
group_2675,0.0022371364653243847
group_2676,0.0022371364653243847
group_2677,0.0044742729306487695
group_2678,0.0022371364653243847
group_2679,0.0022371364653243847
group_268,0.0044742729306487695
group_2680,0.0044742729306487695
group_2681,0.0022371364653243847
group_2682,0.0022371364653243847
group_2683,0.024608501118568233
group_2684,0.0022371364653243847
group_2685,0.06487695749440715
group_2686,0.006711409395973154
group_2687,0.0044742729306487695
group_2688,0.0022371364653243847
group_2689,0.0044742729306487695
group_269,0.011185682326621925
group_2690,0.0022371364653243847
group_2691,0.0022371364653243847
group_2692,0.11185682326621924
group_2693,0.0022371364653243847
group_2694,0.0022371364653243847
group_2695,0.0022371364653243847
group_2696,0.03131991051454139
group_2697,0.0022371364653243847
group_2698,0.0022371364653243847
group_2699,0.0022371364653243847
group_27,0.03131991051454139
group_270,0.0022371364653243847
group_2700,0.024608501118568233
group_2701,0.006711409395973154
group_2702,0.013422818791946308
group_2703,0.0022371364653243847
group_2704,0.0022371364653243847
group_2705,0.13870246085011187
group_2706,0.0022371364653243847
group_2707,0.0022371364653243847
group_2708,0.006711409395973154
group_2709,0.015659955257270694
group_271,0.029082774049217
group_2710,0.008948545861297539
group_2711,0.15436241610738255
group_2712,0.0022371364653243847
group_2713,0.0044742729306487695
group_2714,0.0022371364653243847
group_2715,0.0044742729306487695
group_2716,0.0022371364653243847
group_2717,0.006711409395973154
group_2718,0.0044742729306487695
group_2719,0.008948545861297539
group_272,0.035794183445190156
group_2720,0.0044742729306487695
group_2721,0.0022371364653243847
group_2722,0.008948545861297539
group_2723,0.0044742729306487695
group_2724,0.015659955257270694
group_2725,0.0022371364653243847
group_2726,0.024608501118568233
group_2727,0.0022371364653243847
group_2728,0.0022371364653243847
group_2729,0.08277404921700224
group_273,0.006711409395973154
group_2730,0.0022371364653243847
group_2731,0.0022371364653243847
group_2732,0.0022371364653243847
group_2733,0.0022371364653243847
group_2734,0.008948545861297539
group_2735,0.0022371364653243847
group_2736,0.0022371364653243847
group_2737,0.0044742729306487695
group_2738,0.0022371364653243847
group_2739,0.008948545861297539
group_274,0.015659955257270694
group_2740,0.0044742729306487695
group_2741,0.0022371364653243847
group_2742,0.013422818791946308
group_2743,0.017897091722595078
group_2744,0.013422818791946308
group_2745,0.020134228187919462
group_2746,0.013422818791946308
group_2747,0.0022371364653243847
group_2748,0.07158836689038031
group_2749,0.0044742729306487695
group_275,0.0044742729306487695
group_2750,0.0044742729306487695
group_2751,0.0044742729306487695
group_2752,0.0022371364653243847
group_2753,0.0022371364653243847
group_2754,0.0044742729306487695
group_2755,0.0044742729306487695
group_2756,0.013422818791946308
group_2757,0.0044742729306487695
group_2758,0.035794183445190156
group_2759,0.0022371364653243847
group_276,0.0022371364653243847
group_2760,0.03355704697986577
group_2761,0.024608501118568233
group_2762,0.0022371364653243847
group_2763,0.0022371364653243847
group_2764,0.0022371364653243847
group_2765,0.0022371364653243847
group_2766,0.0022371364653243847
group_2767,0.07829977628635347
group_2768,0.0022371364653243847
group_2769,0.024608501118568233
group_277,0.0022371364653243847
group_2770,0.006711409395973154
group_2771,0.0044742729306487695
group_2772,0.0044742729306487695
group_2773,0.006711409395973154
group_2774,0.035794183445190156
group_2775,0.024608501118568233
group_2776,0.013422818791946308
group_2777,0.0022371364653243847
group_2778,0.12304250559284116
group_2779,0.0022371364653243847
group_278,0.14541387024608501
group_2780,0.013422818791946308
group_2781,0.006711409395973154
group_2782,0.011185682326621925
group_2783,0.0022371364653243847
group_2784,0.0022371364653243847
group_2785,0.024608501118568233
group_2786,0.0022371364653243847
group_2787,0.03355704697986577
group_2788,0.0022371364653243847
group_2789,0.013422818791946308
group_279,0.36017897091722595
group_2790,0.0022371364653243847
group_2791,0.024608501118568233
group_2792,0.013422818791946308
group_2793,0.0044742729306487695
group_2794,0.035794183445190156
group_2795,0.0044742729306487695
group_2796,0.035794183445190156
group_2797,0.0022371364653243847
group_2798,0.011185682326621925
group_2799,0.1185682326621924
group_28,0.0022371364653243847
group_280,0.09395973154362416
group_2800,0.0044742729306487695
group_2801,0.006711409395973154
group_2802,0.040268456375838924
group_2803,0.040268456375838924
group_2804,0.11185682326621924
group_2805,0.11409395973154363
group_2806,0.11409395973154363
group_2807,0.008948545861297539
group_2808,0.008948545861297539
group_2809,0.006711409395973154
group_281,0.0022371364653243847
group_2810,0.013422818791946308
group_2811,0.013422818791946308
group_2812,0.013422818791946308
group_2813,0.013422818791946308
group_2814,0.0022371364653243847
group_2815,0.006711409395973154
group_2816,0.008948545861297539
group_2817,0.0022371364653243847
group_2818,0.0022371364653243847
group_2819,0.0022371364653243847
group_282,0.006711409395973154
group_2820,0.02237136465324385
group_2821,0.013422818791946308
group_2822,0.013422818791946308
group_2823,0.0022371364653243847
group_2824,0.0022371364653243847
group_2825,0.0022371364653243847
group_2826,0.0022371364653243847
group_2827,0.006711409395973154
group_2828,0.0022371364653243847
group_2829,0.0022371364653243847
group_283,0.03131991051454139
group_2830,0.0022371364653243847
group_2831,0.013422818791946308
group_2832,0.0022371364653243847
group_2833,0.015659955257270694
group_2834,0.0022371364653243847
group_2835,0.0022371364653243847
group_2836,0.0022371364653243847
group_2837,0.0022371364653243847
group_2838,0.0022371364653243847
group_2839,0.0022371364653243847
group_284,0.1185682326621924
group_2840,0.0022371364653243847
group_2841,0.0022371364653243847
group_2842,0.0022371364653243847
group_2843,0.02237136465324385
group_2844,0.0044742729306487695
group_2845,0.0022371364653243847
group_2846,0.11409395973154363
group_2847,0.0022371364653243847
group_2848,0.0022371364653243847
group_2849,0.0022371364653243847
group_285,0.013422818791946308
group_2850,0.0044742729306487695
group_2851,0.008948545861297539
group_2852,0.07829977628635347
group_2853,0.024608501118568233
group_2854,0.008948545861297539
group_2855,0.1185682326621924
group_2856,0.015659955257270694
group_2857,0.0022371364653243847
group_2858,0.18791946308724833
group_2859,0.0044742729306487695
group_286,0.011185682326621925
group_2860,0.0022371364653243847
group_2861,0.0022371364653243847
group_2862,0.0022371364653243847
group_2863,0.07158836689038031
group_2864,0.0022371364653243847
group_2865,0.015659955257270694
group_2866,0.006711409395973154
group_2867,0.08053691275167785
group_2868,0.013422818791946308
group_2869,0.008948545861297539
group_287,0.12304250559284116
group_2870,0.013422818791946308
group_2871,0.013422818791946308
group_2872,0.07158836689038031
group_2873,0.015659955257270694
group_2874,0.0022371364653243847
group_2875,0.006711409395973154
group_2876,0.0022371364653243847
group_2877,0.006711409395973154
group_2878,0.006711409395973154
group_2879,0.0022371364653243847
group_288,0.0022371364653243847
group_2880,0.008948545861297539
group_2881,0.008948545861297539
group_2882,0.006711409395973154
group_2883,0.0044742729306487695
group_2884,0.0044742729306487695
group_2885,0.013422818791946308
group_2886,0.0022371364653243847
group_2887,0.024608501118568233
group_2888,0.0022371364653243847
group_2889,0.0022371364653243847
group_289,0.0022371364653243847
group_2890,0.013422818791946308
group_2891,0.3042505592841163
group_2892,0.03131991051454139
group_2893,0.024608501118568233
group_2894,0.011185682326621925
group_2895,0.04697986577181208
group_2896,0.0044742729306487695
group_2897,0.049217002237136466
group_2898,0.049217002237136466
group_2899,0.06711409395973154
group_29,0.0022371364653243847
group_290,0.029082774049217
group_2900,0.0044742729306487695
group_2901,0.013422818791946308
group_2902,0.006711409395973154
group_2903,0.3042505592841163
group_2904,0.20134228187919462
group_2905,0.0022371364653243847
group_2906,0.0022371364653243847
group_2907,0.015659955257270694
group_2908,0.0022371364653243847
group_2909,0.0022371364653243847
group_291,0.035794183445190156
group_2910,0.013422818791946308
group_2911,0.0044742729306487695
group_2912,0.0022371364653243847
group_2913,0.0044742729306487695
group_2914,0.02237136465324385
group_2915,0.0044742729306487695
group_2916,0.10961968680089486
group_2917,0.0044742729306487695
group_2918,0.013422818791946308
group_2919,0.008948545861297539
group_292,0.12751677852348994
group_2920,0.03355704697986577
group_2921,0.0022371364653243847
group_2922,0.024608501118568233
group_2923,0.006711409395973154
group_2924,0.011185682326621925
group_2925,0.0022371364653243847
group_2926,0.0044742729306487695
group_2927,0.0022371364653243847
group_2928,0.013422818791946308
group_2929,0.0022371364653243847
group_293,0.024608501118568233
group_2930,0.0022371364653243847
group_2931,0.0022371364653243847
group_2932,0.013422818791946308
group_2933,0.0022371364653243847
group_2934,0.0044742729306487695
group_2935,0.013422818791946308
group_2936,0.013422818791946308
group_2937,0.0044742729306487695
group_2938,0.0044742729306487695
group_2939,0.0022371364653243847
group_294,0.0022371364653243847
group_2940,0.0022371364653243847
group_2941,0.0044742729306487695
group_2942,0.0022371364653243847
group_2943,0.0022371364653243847
group_2944,0.0022371364653243847
group_2945,0.006711409395973154
group_2946,0.1029082774049217
group_2947,0.011185682326621925
group_2948,0.0044742729306487695
group_2949,0.006711409395973154
group_295,0.015659955257270694
group_2950,0.0022371364653243847
group_2951,0.0022371364653243847
group_2952,0.02237136465324385
group_2953,0.017897091722595078
group_2954,0.013422818791946308
group_2955,0.013422818791946308
group_2956,0.035794183445190156
group_2957,0.0022371364653243847
group_2958,0.10961968680089486
group_2959,0.0022371364653243847
group_296,0.024608501118568233
group_2960,0.0022371364653243847
group_2961,0.0022371364653243847
group_2962,0.0022371364653243847
group_2963,0.0022371364653243847
group_2964,0.035794183445190156
group_2965,0.0022371364653243847
group_2966,0.0022371364653243847
group_2967,0.03355704697986577
group_2968,0.0044742729306487695
group_2969,0.006711409395973154
group_297,0.006711409395973154
group_2970,0.024608501118568233
group_2971,0.0894854586129754
group_2972,0.013422818791946308
group_2973,0.18791946308724833
group_2974,0.03355704697986577
group_2975,0.017897091722595078
group_2976,0.0022371364653243847
group_2977,0.042505592841163314
group_2978,0.12527964205816555
group_2979,0.013422818791946308
group_298,0.015659955257270694
group_2980,0.024608501118568233
group_2981,0.06040268456375839
group_2982,0.0022371364653243847
group_2983,0.013422818791946308
group_2984,0.11185682326621924
group_2985,0.042505592841163314
group_2986,0.015659955257270694
group_2987,0.017897091722595078
group_2988,0.0022371364653243847
group_2989,0.006711409395973154
group_299,0.06487695749440715
group_2990,0.03803131991051454
group_2991,0.006711409395973154
group_2992,0.0044742729306487695
group_2993,0.0022371364653243847
group_2994,0.0022371364653243847
group_2995,0.0022371364653243847
group_2996,0.0447427293064877
group_2997,0.0044742729306487695
group_2998,0.0022371364653243847
group_2999,0.013422818791946308
group_3,0.03355704697986577
group_30,0.08277404921700224
group_300,0.1029082774049217
group_3000,0.0022371364653243847
group_3001,0.035794183445190156
group_3002,0.006711409395973154
group_3003,0.011185682326621925
group_3004,0.008948545861297539
group_3005,0.0022371364653243847
group_3006,0.12751677852348994
group_3007,0.011185682326621925
group_3008,0.011185682326621925
group_3009,0.006711409395973154
group_301,0.0022371364653243847
group_3010,0.0044742729306487695
group_3011,0.013422818791946308
group_3012,0.17225950782997762
group_3013,0.006711409395973154
group_3014,0.035794183445190156
group_3015,0.02237136465324385
group_3016,0.3221476510067114
group_3017,0.0044742729306487695
group_3018,0.006711409395973154
group_3019,0.174496644295302
group_302,0.006711409395973154
group_3020,0.024608501118568233
group_3021,0.0022371364653243847
group_3022,0.013422818791946308
group_3023,0.0022371364653243847
group_3024,0.0044742729306487695
group_3025,0.024608501118568233
group_3026,0.035794183445190156
group_3027,0.013422818791946308
group_3028,0.008948545861297539
group_3029,0.0022371364653243847
group_303,0.0022371364653243847
group_3030,0.013422818791946308
group_3031,0.013422818791946308
group_3032,0.013422818791946308
group_3033,0.011185682326621925
group_3034,0.024608501118568233
group_3035,0.0022371364653243847
group_3036,0.013422818791946308
group_3037,0.013422818791946308
group_3038,0.0022371364653243847
group_3039,0.006711409395973154
group_304,0.06040268456375839
group_3040,0.203579418344519
group_3041,0.0044742729306487695
group_3042,0.0022371364653243847
group_3043,0.0022371364653243847
group_3044,0.0044742729306487695
group_3045,0.006711409395973154
group_3046,0.006711409395973154
group_3047,0.024608501118568233
group_3048,0.0022371364653243847
group_3049,0.0022371364653243847
group_305,0.0022371364653243847
group_3050,0.013422818791946308
group_3051,0.006711409395973154
group_3052,0.006711409395973154
group_3053,0.0044742729306487695
group_3054,0.006711409395973154
group_3055,0.006711409395973154
group_3056,0.024608501118568233
group_3057,0.0022371364653243847
group_3058,0.011185682326621925
group_3059,0.0022371364653243847
group_306,0.03355704697986577
group_3060,0.011185682326621925
group_3061,0.035794183445190156
group_3062,0.026845637583892617
group_3063,0.006711409395973154
group_3064,0.116331096196868
group_3065,0.011185682326621925
group_3066,0.013422818791946308
group_3067,0.013422818791946308
group_3068,0.029082774049217
group_3069,0.011185682326621925
group_307,0.0022371364653243847
group_3070,0.008948545861297539
group_3071,0.16554809843400448
group_3072,0.10514541387024609
group_3073,0.040268456375838924
group_3074,0.0044742729306487695
group_3075,0.0022371364653243847
group_3076,0.0022371364653243847
group_3077,0.0022371364653243847
group_3078,0.015659955257270694
group_3079,0.0022371364653243847
group_308,0.3624161073825503
group_3080,0.0022371364653243847
group_3081,0.05592841163310962
group_3082,0.0022371364653243847
group_3083,0.015659955257270694
group_3084,0.011185682326621925
group_3085,0.011185682326621925
group_3086,0.024608501118568233
group_3087,0.011185682326621925
group_3088,0.0022371364653243847
group_3089,0.0044742729306487695
group_309,0.024608501118568233
group_3090,0.013422818791946308
group_3091,0.013422818791946308
group_3092,0.020134228187919462
group_3093,0.0022371364653243847
group_3094,0.013422818791946308
group_3095,0.013422818791946308
group_3096,0.029082774049217
group_3097,0.0022371364653243847
group_3098,0.0044742729306487695
group_3099,0.0022371364653243847
group_31,0.0022371364653243847
group_310,0.0022371364653243847
group_3100,0.0022371364653243847
group_3101,0.006711409395973154
group_3102,0.011185682326621925
group_3103,0.0044742729306487695
group_3104,0.0044742729306487695
group_3105,0.0044742729306487695
group_3106,0.006711409395973154
group_3107,0.026845637583892617
group_3108,0.0022371364653243847
group_3109,0.013422818791946308
group_311,0.020134228187919462
group_3110,0.03131991051454139
group_3111,0.013422818791946308
group_3112,0.0044742729306487695
group_3113,0.006711409395973154
group_3114,0.008948545861297539
group_3115,0.042505592841163314
group_3116,0.042505592841163314
group_3117,0.0044742729306487695
group_3118,0.0022371364653243847
group_3119,0.0022371364653243847
group_312,0.0022371364653243847
group_3120,0.0022371364653243847
group_3121,0.0044742729306487695
group_3122,0.040268456375838924
group_3123,0.0022371364653243847
group_3124,0.024608501118568233
group_3125,0.0022371364653243847
group_3126,0.0022371364653243847
group_3127,0.0022371364653243847
group_3128,0.011185682326621925
group_3129,0.040268456375838924
group_313,0.024608501118568233
group_3130,0.011185682326621925
group_3131,0.04697986577181208
group_3132,0.024608501118568233
group_3133,0.0044742729306487695
group_3134,0.013422818791946308
group_3135,0.006711409395973154
group_3136,0.0022371364653243847
group_3137,0.015659955257270694
group_3138,0.006711409395973154
group_3139,0.0044742729306487695
group_314,0.013422818791946308
group_3140,0.0044742729306487695
group_3141,0.02237136465324385
group_3142,0.017897091722595078
group_3143,0.0022371364653243847
group_3144,0.013422818791946308
group_3145,0.013422818791946308
group_3146,0.006711409395973154
group_3147,0.006711409395973154
group_3148,0.0022371364653243847
group_3149,0.04697986577181208
group_315,0.0044742729306487695
group_3150,0.011185682326621925
group_3151,0.011185682326621925
group_3152,0.0044742729306487695
group_3153,0.0044742729306487695
group_3154,0.0044742729306487695
group_3155,0.0044742729306487695
group_3156,0.02237136465324385
group_3157,0.006711409395973154
group_3158,0.011185682326621925
group_3159,0.013422818791946308
group_316,0.0044742729306487695
group_3160,0.015659955257270694
group_3161,0.0022371364653243847
group_3162,0.0044742729306487695
group_3163,0.0022371364653243847
group_3164,0.0044742729306487695
group_3165,0.029082774049217
group_3166,0.0022371364653243847
group_3167,0.02237136465324385
group_3168,0.0044742729306487695
group_3169,0.0044742729306487695
group_317,0.16554809843400448
group_3170,0.05145413870246085
group_3171,0.06040268456375839
group_3172,0.006711409395973154
group_3173,0.015659955257270694
group_3174,0.02237136465324385
group_3175,0.006711409395973154
group_3176,0.013422818791946308
group_3177,0.013422818791946308
group_3178,0.0022371364653243847
group_3179,0.011185682326621925
group_318,0.015659955257270694
group_3180,0.011185682326621925
group_3181,0.0022371364653243847
group_3182,0.013422818791946308
group_3183,0.013422818791946308
group_3184,0.013422818791946308
group_3185,0.024608501118568233
group_3186,0.06040268456375839
group_3187,0.19015659955257272
group_3188,0.19239373601789708
group_3189,0.0044742729306487695
group_319,0.0044742729306487695
group_3190,0.0044742729306487695
group_3191,0.013422818791946308
group_3192,0.015659955257270694
group_3193,0.0022371364653243847
group_3194,0.011185682326621925
group_3195,0.0022371364653243847
group_3196,0.013422818791946308
group_3197,0.0044742729306487695
group_3198,0.0022371364653243847
group_3199,0.0044742729306487695
group_32,0.024608501118568233
group_320,0.0044742729306487695
group_3200,0.024608501118568233
group_3201,0.011185682326621925
group_3202,0.0022371364653243847
group_3203,0.0022371364653243847
group_3204,0.0022371364653243847
group_3205,0.0022371364653243847
group_3206,0.0022371364653243847
group_3207,0.013422818791946308
group_3208,0.006711409395973154
group_3209,0.006711409395973154
group_321,0.0022371364653243847
group_3210,0.02237136465324385
group_3211,0.12080536912751678
group_3212,0.14093959731543623
group_3213,0.008948545861297539
group_3214,0.05145413870246085
group_3215,0.0044742729306487695
group_3216,0.0022371364653243847
group_3217,0.0044742729306487695
group_3218,0.0022371364653243847
group_3219,0.024608501118568233
group_322,0.03355704697986577
group_3220,0.0022371364653243847
group_3221,0.0022371364653243847
group_3222,0.024608501118568233
group_3223,0.0738255033557047
group_3224,0.0022371364653243847
group_3225,0.035794183445190156
group_3226,0.0022371364653243847
group_3227,0.0044742729306487695
group_3228,0.0022371364653243847
group_3229,0.006711409395973154
group_323,0.0022371364653243847
group_3230,0.006711409395973154
group_3231,0.14093959731543623
group_3232,0.053691275167785234
group_3233,0.020134228187919462
group_3234,0.024608501118568233
group_3235,0.035794183445190156
group_3236,0.2796420581655481
group_3237,0.008948545861297539
group_3238,0.0044742729306487695
group_3239,0.0022371364653243847
group_324,0.006711409395973154
group_3240,0.0022371364653243847
group_3241,0.0022371364653243847
group_3242,0.0022371364653243847
group_3243,0.006711409395973154
group_3244,0.0022371364653243847
group_3245,0.011185682326621925
group_3246,0.0044742729306487695
group_3247,0.0022371364653243847
group_3248,0.024608501118568233
group_3249,0.006711409395973154
group_325,0.013422818791946308
group_3250,0.03131991051454139
group_3251,0.12527964205816555
group_3252,0.0044742729306487695
group_3253,0.07158836689038031
group_3254,0.25279642058165547
group_3255,0.040268456375838924
group_3256,0.017897091722595078
group_3257,0.013422818791946308
group_3258,0.03131991051454139
group_3259,0.0044742729306487695
group_326,0.12304250559284116
group_3260,0.011185682326621925
group_3261,0.0022371364653243847
group_3262,0.10738255033557047
group_3263,0.0044742729306487695
group_3264,0.09172259507829977
group_3265,0.0022371364653243847
group_3266,0.0022371364653243847
group_3267,0.09395973154362416
group_3268,0.013422818791946308
group_3269,0.006711409395973154
group_327,0.0022371364653243847
group_3270,0.19910514541387025
group_3271,0.10067114093959731
group_3272,0.03131991051454139
group_3273,0.087248322147651
group_3274,0.0044742729306487695
group_3275,0.0022371364653243847
group_3276,0.008948545861297539
group_3277,0.0022371364653243847
group_3278,0.0022371364653243847
group_3279,0.0022371364653243847
group_328,0.035794183445190156
group_3280,0.0044742729306487695
group_3281,0.011185682326621925
group_3282,0.0044742729306487695
group_3283,0.0044742729306487695
group_3284,0.0022371364653243847
group_3285,0.03803131991051454
group_3286,0.008948545861297539
group_3287,0.020134228187919462
group_3288,0.011185682326621925
group_3289,0.0044742729306487695
group_329,0.0022371364653243847
group_3290,0.08501118568232663
group_3291,0.024608501118568233
group_3292,0.0022371364653243847
group_3293,0.011185682326621925
group_3294,0.0044742729306487695
group_3295,0.08501118568232663
group_3296,0.013422818791946308
group_3297,0.0044742729306487695
group_3298,0.0022371364653243847
group_3299,0.0022371364653243847
group_33,0.07158836689038031
group_330,0.0022371364653243847
group_3300,0.0022371364653243847
group_3301,0.006711409395973154
group_3302,0.0022371364653243847
group_3303,0.0022371364653243847
group_3304,0.0022371364653243847
group_3305,0.024608501118568233
group_3306,0.006711409395973154
group_3307,0.06040268456375839
group_3308,0.013422818791946308
group_3309,0.006711409395973154
group_331,0.0022371364653243847
group_3310,0.0044742729306487695
group_3311,0.0044742729306487695
group_3312,0.0022371364653243847
group_3313,0.03355704697986577
group_3314,0.0022371364653243847
group_3315,0.013422818791946308
group_3316,0.0022371364653243847
group_3317,0.11185682326621924
group_3318,0.024608501118568233
group_3319,0.029082774049217
group_332,0.029082774049217
group_3320,0.013422818791946308
group_3321,0.0044742729306487695
group_3322,0.0044742729306487695
group_3323,0.0044742729306487695
group_3324,0.0044742729306487695
group_3325,0.013422818791946308
group_3326,0.013422818791946308
group_3327,0.006711409395973154
group_3328,0.0022371364653243847
group_3329,0.0022371364653243847
group_333,0.087248322147651
group_3330,0.013422818791946308
group_3331,0.0022371364653243847
group_3332,0.0044742729306487695
group_3333,0.0022371364653243847
group_3334,0.0022371364653243847
group_3335,0.0022371364653243847
group_3336,0.05145413870246085
group_3337,0.0022371364653243847
group_3338,0.013422818791946308
group_3339,0.0044742729306487695
group_334,0.0044742729306487695
group_3340,0.024608501118568233
group_3341,0.024608501118568233
group_3342,0.14988814317673377
group_3343,0.013422818791946308
group_3344,0.30201342281879195
group_3345,0.31096196868008946
group_3346,0.0044742729306487695
group_3347,0.0022371364653243847
group_3348,0.0044742729306487695
group_3349,0.011185682326621925
group_335,0.0022371364653243847
group_3350,0.0044742729306487695
group_3351,0.0022371364653243847
group_3352,0.006711409395973154
group_3353,0.0022371364653243847
group_3354,0.0022371364653243847
group_3355,0.0022371364653243847
group_3356,0.1029082774049217
group_3357,0.3624161073825503
group_3358,0.006711409395973154
group_3359,0.0022371364653243847
group_336,0.006711409395973154
group_3360,0.013422818791946308
group_3361,0.029082774049217
group_3362,0.042505592841163314
group_3363,0.006711409395973154
group_3364,0.024608501118568233
group_3365,0.05145413870246085
group_3366,0.011185682326621925
group_3367,0.015659955257270694
group_3368,0.015659955257270694
group_3369,0.0022371364653243847
group_337,0.040268456375838924
group_3370,0.0044742729306487695
group_3371,0.011185682326621925
group_3372,0.06487695749440715
group_3373,0.0044742729306487695
group_3374,0.14541387024608501
group_3375,0.0044742729306487695
group_3376,0.013422818791946308
group_3377,0.013422818791946308
group_3378,0.013422818791946308
group_3379,0.013422818791946308
group_338,0.006711409395973154
group_3380,0.0022371364653243847
group_3381,0.11185682326621924
group_3382,0.011185682326621925
group_3383,0.0022371364653243847
group_3384,0.0044742729306487695
group_3385,0.013422818791946308
group_3386,0.013422818791946308
group_3387,0.015659955257270694
group_3388,0.0044742729306487695
group_3389,0.0022371364653243847
group_339,0.015659955257270694
group_3390,0.0044742729306487695
group_3391,0.0044742729306487695
group_3392,0.0022371364653243847
group_3393,0.013422818791946308
group_3394,0.013422818791946308
group_3395,0.006711409395973154
group_3396,0.013422818791946308
group_3397,0.0022371364653243847
group_3398,0.0022371364653243847
group_3399,0.0022371364653243847
group_34,0.0022371364653243847
group_340,0.006711409395973154
group_3400,0.042505592841163314
group_3401,0.0022371364653243847
group_3402,0.013422818791946308
group_3403,0.087248322147651
group_3404,0.0022371364653243847
group_3405,0.0022371364653243847
group_3406,0.006711409395973154
group_3407,0.0044742729306487695
group_3408,0.015659955257270694
group_3409,0.013422818791946308
group_341,0.1185682326621924
group_3410,0.23042505592841164
group_3411,0.008948545861297539
group_3412,0.0022371364653243847
group_3413,0.0022371364653243847
group_3414,0.06935123042505593
group_3415,0.25279642058165547
group_3416,0.020134228187919462
group_3417,0.006711409395973154
group_3418,0.0044742729306487695
group_3419,0.006711409395973154
group_342,0.0044742729306487695
group_3420,0.0044742729306487695
group_3421,0.058165548098434
group_3422,0.02237136465324385
group_3423,0.06711409395973154
group_3424,0.0022371364653243847
group_3425,0.0022371364653243847
group_3426,0.0022371364653243847
group_3427,0.0022371364653243847
group_3428,0.0044742729306487695
group_3429,0.0022371364653243847
group_343,0.12304250559284116
group_3430,0.0022371364653243847
group_3431,0.0022371364653243847
group_3432,0.0044742729306487695
group_3433,0.09172259507829977
group_3434,0.0022371364653243847
group_3435,0.013422818791946308
group_3436,0.0044742729306487695
group_3437,0.0022371364653243847
group_3438,0.006711409395973154
group_3439,0.013422818791946308
group_344,0.0022371364653243847
group_3440,0.0022371364653243847
group_3441,0.0022371364653243847
group_3442,0.0022371364653243847
group_3443,0.0022371364653243847
group_3444,0.013422818791946308
group_3445,0.0022371364653243847
group_3446,0.040268456375838924
group_3447,0.05145413870246085
group_3448,0.0044742729306487695
group_3449,0.015659955257270694
group_345,0.020134228187919462
group_3450,0.058165548098434
group_3451,0.008948545861297539
group_3452,0.0044742729306487695
group_3453,0.035794183445190156
group_3454,0.013422818791946308
group_3455,0.0022371364653243847
group_3456,0.0022371364653243847
group_3457,0.0022371364653243847
group_3458,0.0022371364653243847
group_3459,0.020134228187919462
group_346,0.013422818791946308
group_3460,0.013422818791946308
group_3461,0.017897091722595078
group_3462,0.013422818791946308
group_3463,0.013422818791946308
group_3464,0.013422818791946308
group_3465,0.042505592841163314
group_3466,0.0022371364653243847
group_3467,0.0022371364653243847
group_3468,0.39149888143176736
group_3469,0.0022371364653243847
group_347,0.07158836689038031
group_3470,0.0022371364653243847
group_3471,0.0044742729306487695
group_3472,0.029082774049217
group_3473,0.006711409395973154
group_3474,0.0022371364653243847
group_3475,0.0022371364653243847
group_3476,0.053691275167785234
group_3477,0.0044742729306487695
group_3478,0.0044742729306487695
group_3479,0.0022371364653243847
group_348,0.0022371364653243847
group_3480,0.0022371364653243847
group_3481,0.006711409395973154
group_3482,0.006711409395973154
group_3483,0.0022371364653243847
group_3484,0.0022371364653243847
group_3485,0.0022371364653243847
group_3486,0.0022371364653243847
group_3487,0.0022371364653243847
group_3488,0.03355704697986577
group_3489,0.07606263982102908
group_349,0.008948545861297539
group_3490,0.011185682326621925
group_3491,0.0044742729306487695
group_3492,0.10961968680089486
group_3493,0.013422818791946308
group_3494,0.0044742729306487695
group_3495,0.0022371364653243847
group_3496,0.0022371364653243847
group_3497,0.0044742729306487695
group_3498,0.011185682326621925
group_3499,0.10514541387024609
group_35,0.0044742729306487695
group_350,0.035794183445190156
group_3500,0.0022371364653243847
group_3501,0.0044742729306487695
group_3502,0.011185682326621925
group_3503,0.0022371364653243847
group_3504,0.0022371364653243847
group_3505,0.024608501118568233
group_3506,0.011185682326621925
group_3507,0.0022371364653243847
group_3508,0.008948545861297539
group_3509,0.0044742729306487695
group_351,0.2505592841163311
group_3510,0.0022371364653243847
group_3511,0.0022371364653243847
group_3512,0.0022371364653243847
group_3513,0.0022371364653243847
group_3514,0.0022371364653243847
group_3515,0.017897091722595078
group_3516,0.0022371364653243847
group_3517,0.015659955257270694
group_3518,0.0022371364653243847
group_3519,0.0022371364653243847
group_352,0.006711409395973154
group_3520,0.013422818791946308
group_3521,0.024608501118568233
group_3522,0.0044742729306487695
group_3523,0.0044742729306487695
group_3524,0.0447427293064877
group_3525,0.09843400447427293
group_3526,0.024608501118568233
group_3527,0.008948545861297539
group_3528,0.015659955257270694
group_3529,0.024608501118568233
group_353,0.006711409395973154
group_3530,0.0022371364653243847
group_3531,0.0022371364653243847
group_3532,0.008948545861297539
group_3533,0.0022371364653243847
group_3534,0.0022371364653243847
group_3535,0.0022371364653243847
group_3536,0.006711409395973154
group_3537,0.174496644295302
group_3538,0.0022371364653243847
group_3539,0.013422818791946308
group_354,0.09395973154362416
group_3540,0.0044742729306487695
group_3541,0.0022371364653243847
group_3542,0.0044742729306487695
group_3543,0.0022371364653243847
group_3544,0.06040268456375839
group_3545,0.0022371364653243847
group_3546,0.0022371364653243847
group_3547,0.0447427293064877
group_3548,0.0022371364653243847
group_3549,0.0022371364653243847
group_355,0.0022371364653243847
group_3550,0.22371364653243847
group_3551,0.0044742729306487695
group_3552,0.03355704697986577
group_3553,0.0022371364653243847
group_3554,0.0022371364653243847
group_3555,0.0044742729306487695
group_3556,0.024608501118568233
group_3557,0.008948545861297539
group_3558,0.0022371364653243847
group_3559,0.03355704697986577
group_356,0.013422818791946308
group_3560,0.006711409395973154
group_3561,0.0022371364653243847
group_3562,0.0022371364653243847
group_3563,0.008948545861297539
group_3564,0.0022371364653243847
group_3565,0.0022371364653243847
group_3566,0.0044742729306487695
group_3567,0.0022371364653243847
group_3568,0.0022371364653243847
group_3569,0.0022371364653243847
group_357,0.011185682326621925
group_3570,0.020134228187919462
group_3571,0.0022371364653243847
group_3572,0.09843400447427293
group_3573,0.006711409395973154
group_3574,0.011185682326621925
group_3575,0.0022371364653243847
group_3576,0.09843400447427293
group_3577,0.0044742729306487695
group_3578,0.0022371364653243847
group_3579,0.0044742729306487695
group_358,0.0044742729306487695
group_3580,0.0447427293064877
group_3581,0.0022371364653243847
group_3582,0.0044742729306487695
group_3583,0.13646532438478748
group_3584,0.0022371364653243847
group_3585,0.0022371364653243847
group_3586,0.026845637583892617
group_3587,0.0022371364653243847
group_3588,0.0022371364653243847
group_3589,0.0022371364653243847
group_359,0.013422818791946308
group_3590,0.0022371364653243847
group_3591,0.049217002237136466
group_3592,0.024608501118568233
group_3593,0.0022371364653243847
group_3594,0.02237136465324385
group_3595,0.006711409395973154
group_3596,0.04697986577181208
group_3597,0.008948545861297539
group_3598,0.06711409395973154
group_3599,0.0022371364653243847
group_36,0.0022371364653243847
group_360,0.03355704697986577
group_3600,0.020134228187919462
group_3601,0.0022371364653243847
group_3602,0.0022371364653243847
group_3603,0.0022371364653243847
group_3604,0.09172259507829977
group_3605,0.0022371364653243847
group_3606,0.024608501118568233
group_3607,0.0022371364653243847
group_3608,0.011185682326621925
group_3609,0.0044742729306487695
group_361,0.0044742729306487695
group_3610,0.03355704697986577
group_3611,0.042505592841163314
group_3612,0.03803131991051454
group_3613,0.0022371364653243847
group_3614,0.378076062639821
group_3615,0.16554809843400448
group_3616,0.008948545861297539
group_3617,0.013422818791946308
group_3618,0.008948545861297539
group_3619,0.0022371364653243847
group_362,0.1342281879194631
group_3620,0.0022371364653243847
group_3621,0.05592841163310962
group_3622,0.011185682326621925
group_3623,0.020134228187919462
group_3624,0.0044742729306487695
group_3625,0.015659955257270694
group_3626,0.0022371364653243847
group_3627,0.026845637583892617
group_3628,0.024608501118568233
group_3629,0.0022371364653243847
group_363,0.08053691275167785
group_3630,0.0022371364653243847
group_3631,0.0044742729306487695
group_3632,0.0044742729306487695
group_3633,0.35570469798657717
group_3634,0.013422818791946308
group_3635,0.0022371364653243847
group_3636,0.008948545861297539
group_3637,0.3512304250559284
group_3638,0.006711409395973154
group_3639,0.042505592841163314
group_364,0.040268456375838924
group_3640,0.0022371364653243847
group_3641,0.08053691275167785
group_3642,0.0022371364653243847
group_3643,0.020134228187919462
group_3644,0.0022371364653243847
group_3645,0.13870246085011187
group_3646,0.011185682326621925
group_3647,0.006711409395973154
group_3648,0.0022371364653243847
group_3649,0.5503355704697986
group_365,0.011185682326621925
group_3650,0.0022371364653243847
group_3651,0.008948545861297539
group_3652,0.011185682326621925
group_3653,0.035794183445190156
group_3654,0.035794183445190156
group_3655,0.35570469798657717
group_3656,0.0022371364653243847
group_3657,0.017897091722595078
group_3658,0.35570469798657717
group_3659,0.0447427293064877
group_366,0.006711409395973154
group_3660,0.0022371364653243847
group_3661,0.0022371364653243847
group_3662,0.0022371364653243847
group_3663,0.029082774049217
group_3664,0.017897091722595078
group_3665,0.0022371364653243847
group_3666,0.0022371364653243847
group_3667,0.011185682326621925
group_3668,0.0022371364653243847
group_3669,0.0022371364653243847
group_367,0.020134228187919462
group_3670,0.02237136465324385
group_3671,0.006711409395973154
group_3672,0.0044742729306487695
group_3673,0.015659955257270694
group_3674,0.024608501118568233
group_3675,0.3131991051454139
group_3676,0.013422818791946308
group_3677,0.011185682326621925
group_3678,0.0044742729306487695
group_3679,0.013422818791946308
group_368,0.0022371364653243847
group_3680,0.0044742729306487695
group_3681,0.011185682326621925
group_3682,0.27293064876957496
group_3683,0.0022371364653243847
group_3684,0.0044742729306487695
group_3685,0.0022371364653243847
group_3686,0.0044742729306487695
group_3687,0.0022371364653243847
group_3688,0.0044742729306487695
group_3689,0.0022371364653243847
group_369,0.006711409395973154
group_3690,0.006711409395973154
group_3691,0.0022371364653243847
group_3692,0.006711409395973154
group_3693,0.3624161073825503
group_3694,0.026845637583892617
group_3695,0.0022371364653243847
group_3696,0.1029082774049217
group_3697,0.16778523489932887
group_3698,0.174496644295302
group_3699,0.008948545861297539
group_37,0.008948545861297539
group_370,0.13870246085011187
group_3700,0.015659955257270694
group_3701,0.0022371364653243847
group_3702,0.1789709172259508
group_3703,0.06711409395973154
group_3704,0.0044742729306487695
group_3705,0.17225950782997762
group_3706,0.17225950782997762
group_3707,0.0022371364653243847
group_3708,0.029082774049217
group_3709,0.0044742729306487695
group_371,0.4519015659955257
group_3710,0.008948545861297539
group_3711,0.0044742729306487695
group_3712,0.006711409395973154
group_3713,0.024608501118568233
group_3714,0.0022371364653243847
group_3715,0.03131991051454139
group_3716,0.0022371364653243847
group_3717,0.017897091722595078
group_3718,0.0022371364653243847
group_3719,0.017897091722595078
group_372,0.0044742729306487695
group_3720,0.0044742729306487695
group_3721,0.058165548098434
group_3722,0.015659955257270694
group_3723,0.0022371364653243847
group_3724,0.0022371364653243847
group_3725,0.006711409395973154
group_3726,0.0022371364653243847
group_3727,0.03803131991051454
group_3728,0.058165548098434
group_3729,0.006711409395973154
group_373,0.09843400447427293
group_3730,0.0044742729306487695
group_3731,0.0022371364653243847
group_3732,0.0022371364653243847
group_3733,0.0022371364653243847
group_3734,0.0044742729306487695
group_3735,0.013422818791946308
group_3736,0.013422818791946308
group_3737,0.006711409395973154
group_3738,0.0044742729306487695
group_3739,0.011185682326621925
group_374,0.013422818791946308
group_3740,0.0044742729306487695
group_3741,0.006711409395973154
group_3742,0.03355704697986577
group_3743,0.008948545861297539
group_3744,0.0022371364653243847
group_3745,0.03355704697986577
group_3746,0.03355704697986577
group_3747,0.0022371364653243847
group_3748,0.0022371364653243847
group_3749,0.0022371364653243847
group_375,0.013422818791946308
group_3750,0.11185682326621924
group_3751,0.087248322147651
group_3752,0.006711409395973154
group_3753,0.040268456375838924
group_3754,0.040268456375838924
group_3755,0.0044742729306487695
group_3756,0.013422818791946308
group_3757,0.024608501118568233
group_3758,0.035794183445190156
group_3759,0.035794183445190156
group_376,0.008948545861297539
group_3760,0.02237136465324385
group_3761,0.02237136465324385
group_3762,0.03355704697986577
group_3763,0.017897091722595078
group_3764,0.011185682326621925
group_3765,0.0022371364653243847
group_3766,0.011185682326621925
group_3767,0.011185682326621925
group_3768,0.0022371364653243847
group_3769,0.013422818791946308
group_377,0.0022371364653243847
group_3770,0.011185682326621925
group_3771,0.0022371364653243847
group_3772,0.035794183445190156
group_3773,0.087248322147651
group_3774,0.008948545861297539
group_3775,0.0022371364653243847
group_3776,0.024608501118568233
group_3777,0.11185682326621924
group_3778,0.024608501118568233
group_3779,0.008948545861297539
group_378,0.0022371364653243847
group_3780,0.015659955257270694
group_3781,0.006711409395973154
group_3782,0.09843400447427293
group_3783,0.013422818791946308
group_3784,0.013422818791946308
group_3785,0.015659955257270694
group_3786,0.013422818791946308
group_3787,0.035794183445190156
group_3788,0.008948545861297539
group_3789,0.013422818791946308
group_379,0.03803131991051454
group_3790,0.024608501118568233
group_3791,0.0447427293064877
group_3792,0.12527964205816555
group_3793,0.035794183445190156
group_3794,0.0044742729306487695
group_3795,0.0022371364653243847
group_3796,0.12527964205816555
group_3797,0.0022371364653243847
group_3798,0.0022371364653243847
group_3799,0.040268456375838924
group_38,0.006711409395973154
group_380,0.0022371364653243847
group_3800,0.0022371364653243847
group_3801,0.0022371364653243847
group_3802,0.0022371364653243847
group_3803,0.0044742729306487695
group_3804,0.0044742729306487695
group_3805,0.0022371364653243847
group_3806,0.008948545861297539
group_3807,0.008948545861297539
group_3808,0.0044742729306487695
group_3809,0.03355704697986577
group_381,0.029082774049217
group_3810,0.08501118568232663
group_3811,0.035794183445190156
group_3812,0.035794183445190156
group_3813,0.02237136465324385
group_3814,0.0044742729306487695
group_3815,0.0044742729306487695
group_3816,0.0044742729306487695
group_3817,0.0044742729306487695
group_3818,0.03803131991051454
group_3819,0.03355704697986577
group_382,0.1297539149888143
group_3820,0.008948545861297539
group_3821,0.024608501118568233
group_3822,0.0044742729306487695
group_3823,0.0022371364653243847
group_3824,0.02237136465324385
group_3825,0.035794183445190156
group_3826,0.020134228187919462
group_3827,0.14541387024608501
group_3828,0.0022371364653243847
group_3829,0.024608501118568233
group_383,0.015659955257270694
group_3830,0.035794183445190156
group_3831,0.0044742729306487695
group_3832,0.008948545861297539
group_3833,0.011185682326621925
group_3834,0.024608501118568233
group_3835,0.035794183445190156
group_3836,0.0022371364653243847
group_3837,0.024608501118568233
group_3838,0.006711409395973154
group_3839,0.035794183445190156
group_384,0.008948545861297539
group_3840,0.008948545861297539
group_3841,0.013422818791946308
group_3842,0.035794183445190156
group_3843,0.12080536912751678
group_3844,0.015659955257270694
group_3845,0.03131991051454139
group_3846,0.0022371364653243847
group_3847,0.049217002237136466
group_3848,0.04697986577181208
group_3849,0.06711409395973154
group_385,0.0044742729306487695
group_3850,0.03355704697986577
group_3851,0.008948545861297539
group_3852,0.02237136465324385
group_3853,0.029082774049217
group_3854,0.040268456375838924
group_3855,0.040268456375838924
group_3856,0.013422818791946308
group_3857,0.035794183445190156
group_3858,0.006711409395973154
group_3859,0.0022371364653243847
group_386,0.0022371364653243847
group_3860,0.006711409395973154
group_3861,0.026845637583892617
group_3862,0.0044742729306487695
group_3863,0.1185682326621924
group_3864,0.1789709172259508
group_3865,0.2751677852348993
group_3866,0.0022371364653243847
group_3867,0.1767337807606264
group_3868,0.040268456375838924
group_3869,0.006711409395973154
group_387,0.0022371364653243847
group_3870,0.008948545861297539
group_3871,0.006711409395973154
group_3872,0.006711409395973154
group_3873,0.0044742729306487695
group_3874,0.017897091722595078
group_3875,0.0022371364653243847
group_3876,0.015659955257270694
group_3877,0.0044742729306487695
group_3878,0.03803131991051454
group_3879,0.040268456375838924
group_388,0.0022371364653243847
group_3880,0.43847874720357943
group_3881,0.013422818791946308
group_3882,0.0044742729306487695
group_3883,0.05592841163310962
group_3884,0.03131991051454139
group_3885,0.008948545861297539
group_3886,0.0022371364653243847
group_3887,0.035794183445190156
group_3888,0.04697986577181208
group_3889,0.0044742729306487695
group_389,0.0022371364653243847
group_3890,0.0447427293064877
group_3891,0.0022371364653243847
group_3892,0.006711409395973154
group_3893,0.03803131991051454
group_3894,0.0044742729306487695
group_3895,0.011185682326621925
group_3896,0.02237136465324385
group_3897,0.0022371364653243847
group_3898,0.0022371364653243847
group_3899,0.042505592841163314
group_39,0.035794183445190156
group_390,0.0044742729306487695
group_3900,0.0022371364653243847
group_3901,0.017897091722595078
group_3902,0.006711409395973154
group_3903,0.0044742729306487695
group_3904,0.3579418344519016
group_3905,0.10067114093959731
group_3906,0.015659955257270694
group_3907,0.013422818791946308
group_3908,0.006711409395973154
group_3909,0.0044742729306487695
group_391,0.024608501118568233
group_3910,0.0022371364653243847
group_3911,0.0044742729306487695
group_3912,0.0022371364653243847
group_3913,0.006711409395973154
group_3914,0.0044742729306487695
group_3915,0.0044742729306487695
group_3916,0.008948545861297539
group_3917,0.024608501118568233
group_3918,0.024608501118568233
group_3919,0.21923937360178972
group_392,0.0044742729306487695
group_3920,0.013422818791946308
group_3921,0.017897091722595078
group_3922,0.013422818791946308
group_3923,0.013422818791946308
group_3924,0.0044742729306487695
group_3925,0.008948545861297539
group_3926,0.035794183445190156
group_3927,0.035794183445190156
group_3928,0.0022371364653243847
group_3929,0.02237136465324385
group_393,0.0022371364653243847
group_3930,0.05145413870246085
group_3931,0.02237136465324385
group_3932,0.006711409395973154
group_3933,0.48322147651006714
group_3934,0.006711409395973154
group_3935,0.0022371364653243847
group_3936,0.026845637583892617
group_3937,0.024608501118568233
group_3938,0.0022371364653243847
group_3939,0.0022371364653243847
group_394,0.09619686800894854
group_3940,0.03355704697986577
group_3941,0.08277404921700224
group_3942,0.04697986577181208
group_3943,0.017897091722595078
group_3944,0.0022371364653243847
group_3945,0.015659955257270694
group_3946,0.0022371364653243847
group_3947,0.0022371364653243847
group_3948,0.006711409395973154
group_3949,0.0022371364653243847
group_395,0.2975391498881432
group_3950,0.087248322147651
group_3951,0.006711409395973154
group_3952,0.03355704697986577
group_3953,0.020134228187919462
group_3954,0.026845637583892617
group_3955,0.024608501118568233
group_3956,0.017897091722595078
group_3957,0.006711409395973154
group_3958,0.0022371364653243847
group_3959,0.011185682326621925
group_396,0.0044742729306487695
group_3960,0.024608501118568233
group_3961,0.0044742729306487695
group_3962,0.035794183445190156
group_3963,0.042505592841163314
group_3964,0.013422818791946308
group_3965,0.020134228187919462
group_3966,0.13870246085011187
group_3967,0.006711409395973154
group_3968,0.011185682326621925
group_3969,0.1319910514541387
group_397,0.006711409395973154
group_3970,0.03355704697986577
group_3971,0.03131991051454139
group_3972,0.011185682326621925
group_3973,0.006711409395973154
group_3974,0.006711409395973154
group_3975,0.0022371364653243847
group_3976,0.0022371364653243847
group_3977,0.008948545861297539
group_3978,0.02237136465324385
group_3979,0.0044742729306487695
group_398,0.465324384787472
group_3980,0.0044742729306487695
group_3981,0.0044742729306487695
group_3982,0.12080536912751678
group_3983,0.0447427293064877
group_3984,0.0044742729306487695
group_3985,0.087248322147651
group_3986,0.024608501118568233
group_3987,0.0044742729306487695
group_3988,0.0022371364653243847
group_3989,0.0022371364653243847
group_399,0.0022371364653243847
group_3990,0.0044742729306487695
group_3991,0.17002237136465326
group_3992,0.015659955257270694
group_3993,0.017897091722595078
group_3994,0.0022371364653243847
group_3995,0.0022371364653243847
group_3996,0.008948545861297539
group_3997,0.13646532438478748
group_3998,0.03131991051454139
group_3999,0.006711409395973154
group_4,0.0022371364653243847
group_40,0.0022371364653243847
group_400,0.013422818791946308
group_4000,0.008948545861297539
group_4001,0.0044742729306487695
group_4002,0.0044742729306487695
group_4003,0.024608501118568233
group_4004,0.006711409395973154
group_4005,0.0044742729306487695
group_4006,0.035794183445190156
group_4007,0.06487695749440715
group_4008,0.015659955257270694
group_4009,0.029082774049217
group_401,0.03131991051454139
group_4010,0.024608501118568233
group_4011,0.008948545861297539
group_4012,0.006711409395973154
group_4013,0.02237136465324385
group_4014,0.008948545861297539
group_4015,0.049217002237136466
group_4016,0.035794183445190156
group_4017,0.03355704697986577
group_4018,0.035794183445190156
group_4019,0.040268456375838924
group_402,0.049217002237136466
group_4020,0.03803131991051454
group_4021,0.12527964205816555
group_4022,0.0044742729306487695
group_4023,0.024608501118568233
group_4024,0.0022371364653243847
group_4025,0.0022371364653243847
group_4026,0.015659955257270694
group_4027,0.0022371364653243847
group_4028,0.03355704697986577
group_4029,0.0022371364653243847
group_403,0.0022371364653243847
group_4030,0.017897091722595078
group_4031,0.013422818791946308
group_4032,0.02237136465324385
group_4033,0.0022371364653243847
group_4034,0.0044742729306487695
group_4035,0.08053691275167785
group_4036,0.0022371364653243847
group_4037,0.0022371364653243847
group_4038,0.0022371364653243847
group_4039,0.024608501118568233
group_404,0.0022371364653243847
group_4040,0.024608501118568233
group_4041,0.013422818791946308
group_4042,0.035794183445190156
group_4043,0.017897091722595078
group_4044,0.006711409395973154
group_4045,0.024608501118568233
group_4046,0.008948545861297539
group_4047,0.024608501118568233
group_4048,0.006711409395973154
group_4049,0.040268456375838924
group_405,0.026845637583892617
group_4050,0.008948545861297539
group_4051,0.006711409395973154
group_4052,0.006711409395973154
group_4053,0.006711409395973154
group_4054,0.0044742729306487695
group_4055,0.006711409395973154
group_4056,0.0044742729306487695
group_4057,0.008948545861297539
group_4058,0.006711409395973154
group_4059,0.006711409395973154
group_406,0.0022371364653243847
group_4060,0.024608501118568233
group_4061,0.03355704697986577
group_4062,0.035794183445190156
group_4063,0.011185682326621925
group_4064,0.0044742729306487695
group_4065,0.035794183445190156
group_4066,0.0447427293064877
group_4067,0.0044742729306487695
group_4068,0.0022371364653243847
group_4069,0.006711409395973154
group_407,0.011185682326621925
group_4070,0.03355704697986577
group_4071,0.0022371364653243847
group_4072,0.0022371364653243847
group_4073,0.0022371364653243847
group_4074,0.006711409395973154
group_4075,0.011185682326621925
group_4076,0.008948545861297539
group_4077,0.026845637583892617
group_4078,0.020134228187919462
group_4079,0.0022371364653243847
group_408,0.03131991051454139
group_4080,0.0022371364653243847
group_4081,0.0022371364653243847
group_4082,0.0022371364653243847
group_4083,0.0022371364653243847
group_4084,0.0022371364653243847
group_4085,0.0022371364653243847
group_4086,0.0022371364653243847
group_4087,0.0022371364653243847
group_4088,0.0022371364653243847
group_4089,0.0022371364653243847
group_409,0.03355704697986577
group_4090,0.0022371364653243847
group_4091,0.0022371364653243847
group_4092,0.0022371364653243847
group_4093,0.0022371364653243847
group_4094,0.0022371364653243847
group_4095,0.0022371364653243847
group_4096,0.0022371364653243847
group_4097,0.0022371364653243847
group_4098,0.0022371364653243847
group_4099,0.0022371364653243847
group_41,0.035794183445190156
group_410,0.03355704697986577
group_4100,0.0022371364653243847
group_4101,0.0022371364653243847
group_4102,0.0022371364653243847
group_4103,0.0022371364653243847
group_4104,0.0022371364653243847
group_4105,0.0022371364653243847
group_4106,0.0022371364653243847
group_4107,0.0022371364653243847
group_4108,0.0022371364653243847
group_4109,0.0022371364653243847
group_411,0.02237136465324385
group_4110,0.0022371364653243847
group_4111,0.0022371364653243847
group_4112,0.0022371364653243847
group_4113,0.0022371364653243847
group_4114,0.0022371364653243847
group_4115,0.0022371364653243847
group_4116,0.0022371364653243847
group_4117,0.0022371364653243847
group_4118,0.0022371364653243847
group_4119,0.0022371364653243847
group_412,0.0044742729306487695
group_4120,0.0022371364653243847
group_4121,0.0022371364653243847
group_4122,0.0022371364653243847
group_4123,0.0022371364653243847
group_4124,0.0022371364653243847
group_4125,0.0022371364653243847
group_4126,0.0022371364653243847
group_4127,0.0022371364653243847
group_4128,0.0022371364653243847
group_4129,0.0022371364653243847
group_413,0.013422818791946308
group_4130,0.0022371364653243847
group_4131,0.0022371364653243847
group_4132,0.0022371364653243847
group_4133,0.0022371364653243847
group_4134,0.0022371364653243847
group_4135,0.0022371364653243847
group_4136,0.0022371364653243847
group_4137,0.0022371364653243847
group_4138,0.011185682326621925
group_4139,0.0022371364653243847
group_414,0.013422818791946308
group_4140,0.024608501118568233
group_4141,0.0022371364653243847
group_4142,0.011185682326621925
group_4143,0.008948545861297539
group_4144,0.02237136465324385
group_4145,0.024608501118568233
group_4146,0.0022371364653243847
group_4147,0.0044742729306487695
group_4148,0.0022371364653243847
group_4149,0.0044742729306487695
group_415,0.0022371364653243847
group_4150,0.0022371364653243847
group_4151,0.0022371364653243847
group_4152,0.0022371364653243847
group_4153,0.0022371364653243847
group_4154,0.0022371364653243847
group_4155,0.0022371364653243847
group_4156,0.0022371364653243847
group_4157,0.0022371364653243847
group_4158,0.0022371364653243847
group_4159,0.0022371364653243847
group_416,0.0044742729306487695
group_4160,0.0022371364653243847
group_4161,0.0022371364653243847
group_4162,0.035794183445190156
group_4163,0.035794183445190156
group_4164,0.035794183445190156
group_4165,0.020134228187919462
group_4166,0.0022371364653243847
group_4167,0.035794183445190156
group_4168,0.035794183445190156
group_4169,0.035794183445190156
group_417,0.0044742729306487695
group_4170,0.035794183445190156
group_4171,0.035794183445190156
group_4172,0.035794183445190156
group_4173,0.011185682326621925
group_4174,0.035794183445190156
group_4175,0.035794183445190156
group_4176,0.035794183445190156
group_4177,0.024608501118568233
group_4178,0.035794183445190156
group_4179,0.035794183445190156
group_418,0.024608501118568233
group_4180,0.026845637583892617
group_4181,0.035794183445190156
group_4182,0.035794183445190156
group_4183,0.015659955257270694
group_4184,0.035794183445190156
group_4185,0.035794183445190156
group_4186,0.015659955257270694
group_4187,0.035794183445190156
group_4188,0.035794183445190156
group_4189,0.03355704697986577
group_419,0.024608501118568233
group_4190,0.035794183445190156
group_4191,0.035794183445190156
group_4192,0.035794183445190156
group_4193,0.0044742729306487695
group_4194,0.035794183445190156
group_4195,0.035794183445190156
group_4196,0.035794183445190156
group_4197,0.02237136465324385
group_4198,0.035794183445190156
group_4199,0.035794183445190156
group_42,0.017897091722595078
group_420,0.08501118568232663
group_4200,0.024608501118568233
group_4201,0.035794183445190156
group_4202,0.035794183445190156
group_4203,0.0022371364653243847
group_4204,0.026845637583892617
group_4205,0.0044742729306487695
group_4206,0.035794183445190156
group_4207,0.008948545861297539
group_4208,0.035794183445190156
group_4209,0.035794183445190156
group_421,0.08053691275167785
group_4210,0.029082774049217
group_4211,0.035794183445190156
group_4212,0.035794183445190156
group_4213,0.035794183445190156
group_4214,0.035794183445190156
group_4215,0.035794183445190156
group_4216,0.011185682326621925
group_4217,0.035794183445190156
group_4218,0.035794183445190156
group_4219,0.035794183445190156
group_422,0.03355704697986577
group_4220,0.017897091722595078
group_4221,0.017897091722595078
group_4222,0.017897091722595078
group_4223,0.0022371364653243847
group_4224,0.0022371364653243847
group_4225,0.0022371364653243847
group_4226,0.0022371364653243847
group_4227,0.0022371364653243847
group_4228,0.0022371364653243847
group_4229,0.0022371364653243847
group_423,0.020134228187919462
group_4230,0.0022371364653243847
group_4231,0.0022371364653243847
group_4232,0.006711409395973154
group_4233,0.0022371364653243847
group_4234,0.0022371364653243847
group_4235,0.008948545861297539
group_4236,0.006711409395973154
group_4237,0.008948545861297539
group_4238,0.008948545861297539
group_4239,0.0044742729306487695
group_424,0.020134228187919462
group_4240,0.008948545861297539
group_4241,0.008948545861297539
group_4242,0.008948545861297539
group_4243,0.006711409395973154
group_4244,0.006711409395973154
group_4245,0.006711409395973154
group_4246,0.008948545861297539
group_4247,0.008948545861297539
group_4248,0.006711409395973154
group_4249,0.0044742729306487695
group_425,0.0044742729306487695
group_4250,0.0044742729306487695
group_4251,0.0044742729306487695
group_4252,0.008948545861297539
group_4253,0.006711409395973154
group_4254,0.0044742729306487695
group_4255,0.008948545861297539
group_4256,0.0022371364653243847
group_4257,0.008948545861297539
group_4258,0.008948545861297539
group_4259,0.006711409395973154
group_426,0.0022371364653243847
group_4260,0.006711409395973154
group_4261,0.008948545861297539
group_4262,0.0022371364653243847
group_4263,0.008948545861297539
group_4264,0.008948545861297539
group_4265,0.008948545861297539
group_4266,0.0022371364653243847
group_4267,0.008948545861297539
group_4268,0.008948545861297539
group_4269,0.008948545861297539
group_427,0.09395973154362416
group_4270,0.008948545861297539
group_4271,0.0022371364653243847
group_4272,0.0022371364653243847
group_4273,0.011185682326621925
group_4274,0.017897091722595078
group_4275,0.011185682326621925
group_4276,0.011185682326621925
group_4277,0.011185682326621925
group_4278,0.011185682326621925
group_4279,0.011185682326621925
group_428,0.07829977628635347
group_4280,0.011185682326621925
group_4281,0.011185682326621925
group_4282,0.011185682326621925
group_4283,0.011185682326621925
group_4284,0.011185682326621925
group_4285,0.011185682326621925
group_4286,0.011185682326621925
group_4287,0.011185682326621925
group_4288,0.011185682326621925
group_4289,0.011185682326621925
group_429,0.0044742729306487695
group_4290,0.011185682326621925
group_4291,0.011185682326621925
group_4292,0.011185682326621925
group_4293,0.011185682326621925
group_4294,0.011185682326621925
group_4295,0.011185682326621925
group_4296,0.011185682326621925
group_4297,0.011185682326621925
group_4298,0.011185682326621925
group_4299,0.011185682326621925
group_43,0.040268456375838924
group_430,0.0738255033557047
group_4300,0.008948545861297539
group_4301,0.011185682326621925
group_4302,0.011185682326621925
group_4303,0.011185682326621925
group_4304,0.011185682326621925
group_4305,0.011185682326621925
group_4306,0.011185682326621925
group_4307,0.011185682326621925
group_4308,0.011185682326621925
group_4309,0.011185682326621925
group_431,0.006711409395973154
group_4310,0.026845637583892617
group_4311,0.015659955257270694
group_4312,0.05145413870246085
group_4313,0.008948545861297539
group_4314,0.017897091722595078
group_4315,0.09395973154362416
group_4316,0.03131991051454139
group_4317,0.0022371364653243847
group_4318,0.0022371364653243847
group_4319,0.0022371364653243847
group_432,0.006711409395973154
group_4320,0.0022371364653243847
group_4321,0.0044742729306487695
group_4322,0.0022371364653243847
group_4323,0.0044742729306487695
group_4324,0.0044742729306487695
group_4325,0.0044742729306487695
group_4326,0.0022371364653243847
group_4327,0.0044742729306487695
group_4328,0.0044742729306487695
group_4329,0.0044742729306487695
group_433,0.0044742729306487695
group_4330,0.0044742729306487695
group_4331,0.0044742729306487695
group_4332,0.0044742729306487695
group_4333,0.0022371364653243847
group_4334,0.0022371364653243847
group_4335,0.0022371364653243847
group_4336,0.0022371364653243847
group_4337,0.0044742729306487695
group_4338,0.0044742729306487695
group_4339,0.0044742729306487695
group_434,0.3579418344519016
group_4340,0.0044742729306487695
group_4341,0.0044742729306487695
group_4342,0.0044742729306487695
group_4343,0.0022371364653243847
group_4344,0.0022371364653243847
group_4345,0.0022371364653243847
group_4346,0.0022371364653243847
group_4347,0.0022371364653243847
group_4348,0.0022371364653243847
group_4349,0.0022371364653243847
group_435,0.029082774049217
group_4350,0.0022371364653243847
group_4351,0.0022371364653243847
group_4352,0.0044742729306487695
group_4353,0.0044742729306487695
group_4354,0.0044742729306487695
group_4355,0.0044742729306487695
group_4356,0.0044742729306487695
group_4357,0.0044742729306487695
group_4358,0.0022371364653243847
group_4359,0.0022371364653243847
group_436,0.026845637583892617
group_4360,0.0022371364653243847
group_4361,0.0022371364653243847
group_4362,0.0022371364653243847
group_4363,0.0022371364653243847
group_4364,0.0044742729306487695
group_4365,0.0044742729306487695
group_4366,0.0044742729306487695
group_4367,0.0022371364653243847
group_4368,0.0022371364653243847
group_4369,0.0022371364653243847
group_437,0.0022371364653243847
group_4370,0.0022371364653243847
group_4371,0.0022371364653243847
group_4372,0.0022371364653243847
group_4373,0.0022371364653243847
group_4374,0.0022371364653243847
group_4375,0.0022371364653243847
group_4376,0.0022371364653243847
group_4377,0.0022371364653243847
group_4378,0.0022371364653243847
group_4379,0.0022371364653243847
group_438,0.08053691275167785
group_4380,0.0022371364653243847
group_4381,0.0022371364653243847
group_4382,0.0022371364653243847
group_4383,0.0044742729306487695
group_4384,0.0044742729306487695
group_4385,0.0044742729306487695
group_4386,0.0044742729306487695
group_4387,0.0044742729306487695
group_4388,0.0044742729306487695
group_4389,0.0044742729306487695
group_439,0.0022371364653243847
group_4390,0.0044742729306487695
group_4391,0.0022371364653243847
group_4392,0.013422818791946308
group_4393,0.013422818791946308
group_4394,0.013422818791946308
group_4395,0.013422818791946308
group_4396,0.013422818791946308
group_4397,0.013422818791946308
group_4398,0.013422818791946308
group_4399,0.013422818791946308
group_44,0.024608501118568233
group_440,0.12304250559284116
group_4400,0.0022371364653243847
group_4401,0.013422818791946308
group_4402,0.006711409395973154
group_4403,0.008948545861297539
group_4404,0.013422818791946308
group_4405,0.013422818791946308
group_4406,0.013422818791946308
group_4407,0.013422818791946308
group_4408,0.013422818791946308
group_4409,0.013422818791946308
group_441,0.0022371364653243847
group_4410,0.013422818791946308
group_4411,0.013422818791946308
group_4412,0.011185682326621925
group_4413,0.013422818791946308
group_4414,0.013422818791946308
group_4415,0.008948545861297539
group_4416,0.011185682326621925
group_4417,0.013422818791946308
group_4418,0.008948545861297539
group_4419,0.013422818791946308
group_442,0.0044742729306487695
group_4420,0.008948545861297539
group_4421,0.013422818791946308
group_4422,0.013422818791946308
group_4423,0.013422818791946308
group_4424,0.0022371364653243847
group_4425,0.0022371364653243847
group_4426,0.0022371364653243847
group_4427,0.0022371364653243847
group_4428,0.040268456375838924
group_4429,0.03355704697986577
group_443,0.0044742729306487695
group_4430,0.020134228187919462
group_4431,0.006711409395973154
group_4432,0.006711409395973154
group_4433,0.006711409395973154
group_4434,0.006711409395973154
group_4435,0.006711409395973154
group_4436,0.006711409395973154
group_4437,0.006711409395973154
group_4438,0.006711409395973154
group_4439,0.011185682326621925
group_444,0.0044742729306487695
group_4440,0.011185682326621925
group_4441,0.006711409395973154
group_4442,0.006711409395973154
group_4443,0.006711409395973154
group_4444,0.0044742729306487695
group_4445,0.0022371364653243847
group_4446,0.013422818791946308
group_4447,0.0022371364653243847
group_4448,0.0022371364653243847
group_4449,0.0022371364653243847
group_445,0.013422818791946308
group_4450,0.0022371364653243847
group_4451,0.0022371364653243847
group_4452,0.0022371364653243847
group_4453,0.0022371364653243847
group_4454,0.0044742729306487695
group_4455,0.0022371364653243847
group_4456,0.0022371364653243847
group_4457,0.0022371364653243847
group_4458,0.0022371364653243847
group_4459,0.0022371364653243847
group_446,0.0022371364653243847
group_4460,0.0022371364653243847
group_4461,0.0022371364653243847
group_4462,0.008948545861297539
group_4463,0.0022371364653243847
group_4464,0.0022371364653243847
group_4465,0.0022371364653243847
group_4466,0.0022371364653243847
group_4467,0.0022371364653243847
group_4468,0.0022371364653243847
group_4469,0.0022371364653243847
group_447,0.0022371364653243847
group_4470,0.0022371364653243847
group_4471,0.0022371364653243847
group_4472,0.0022371364653243847
group_4473,0.0022371364653243847
group_4474,0.0022371364653243847
group_4475,0.0022371364653243847
group_4476,0.0022371364653243847
group_4477,0.0022371364653243847
group_4478,0.0022371364653243847
group_4479,0.0022371364653243847
group_448,0.0022371364653243847
group_4480,0.0022371364653243847
group_4481,0.006711409395973154
group_4482,0.006711409395973154
group_4483,0.008948545861297539
group_4484,0.0022371364653243847
group_4485,0.0022371364653243847
group_4486,0.0022371364653243847
group_4487,0.0022371364653243847
group_4488,0.0022371364653243847
group_4489,0.0022371364653243847
group_449,0.0022371364653243847
group_4490,0.0022371364653243847
group_4491,0.0022371364653243847
group_4492,0.0022371364653243847
group_4493,0.0022371364653243847
group_4494,0.0022371364653243847
group_4495,0.0044742729306487695
group_4496,0.006711409395973154
group_4497,0.0022371364653243847
group_4498,0.0022371364653243847
group_4499,0.006711409395973154
group_45,0.006711409395973154
group_450,0.0022371364653243847
group_4500,0.013422818791946308
group_4501,0.008948545861297539
group_4502,0.015659955257270694
group_4503,0.0022371364653243847
group_4504,0.0044742729306487695
group_4505,0.0044742729306487695
group_4506,0.0022371364653243847
group_4507,0.0044742729306487695
group_4508,0.0022371364653243847
group_4509,0.0044742729306487695
group_451,0.013422818791946308
group_4510,0.0022371364653243847
group_4511,0.0044742729306487695
group_4512,0.0022371364653243847
group_4513,0.0044742729306487695
group_4514,0.0044742729306487695
group_4515,0.0044742729306487695
group_4516,0.0044742729306487695
group_4517,0.0044742729306487695
group_4518,0.0022371364653243847
group_4519,0.0044742729306487695
group_452,0.40492170022371365
group_4520,0.0022371364653243847
group_4521,0.0044742729306487695
group_4522,0.0044742729306487695
group_4523,0.0044742729306487695
group_4524,0.0044742729306487695
group_4525,0.0022371364653243847
group_4526,0.0044742729306487695
group_4527,0.0044742729306487695
group_4528,0.0022371364653243847
group_4529,0.0044742729306487695
group_453,0.035794183445190156
group_4530,0.0044742729306487695
group_4531,0.0022371364653243847
group_4532,0.0044742729306487695
group_4533,0.0022371364653243847
group_4534,0.0022371364653243847
group_4535,0.0044742729306487695
group_4536,0.0044742729306487695
group_4537,0.0044742729306487695
group_4538,0.0044742729306487695
group_4539,0.0022371364653243847
group_454,0.4116331096196868
group_4540,0.0022371364653243847
group_4541,0.0044742729306487695
group_4542,0.0022371364653243847
group_4543,0.0044742729306487695
group_4544,0.0044742729306487695
group_4545,0.0044742729306487695
group_4546,0.0044742729306487695
group_4547,0.0044742729306487695
group_4548,0.0022371364653243847
group_4549,0.0044742729306487695
group_455,0.0022371364653243847
group_4550,0.0044742729306487695
group_4551,0.0022371364653243847
group_4552,0.0022371364653243847
group_4553,0.0022371364653243847
group_4554,0.0044742729306487695
group_4555,0.0044742729306487695
group_4556,0.0044742729306487695
group_4557,0.0044742729306487695
group_4558,0.0022371364653243847
group_4559,0.0044742729306487695
group_456,0.16554809843400448
group_4560,0.0022371364653243847
group_4561,0.0044742729306487695
group_4562,0.0022371364653243847
group_4563,0.0022371364653243847
group_4564,0.0022371364653243847
group_4565,0.0022371364653243847
group_4566,0.0022371364653243847
group_4567,0.0022371364653243847
group_4568,0.0022371364653243847
group_4569,0.0022371364653243847
group_457,0.008948545861297539
group_4570,0.0022371364653243847
group_4571,0.0022371364653243847
group_4572,0.0022371364653243847
group_4573,0.0022371364653243847
group_4574,0.0022371364653243847
group_4575,0.0022371364653243847
group_4576,0.0022371364653243847
group_4577,0.0022371364653243847
group_4578,0.0022371364653243847
group_4579,0.0022371364653243847
group_458,0.16778523489932887
group_4580,0.0022371364653243847
group_4581,0.0022371364653243847
group_4582,0.0022371364653243847
group_4583,0.0022371364653243847
group_4584,0.0022371364653243847
group_4585,0.0022371364653243847
group_4586,0.0022371364653243847
group_4587,0.0022371364653243847
group_4588,0.0022371364653243847
group_4589,0.0022371364653243847
group_459,0.0044742729306487695
group_4590,0.0022371364653243847
group_4591,0.0022371364653243847
group_4592,0.0022371364653243847
group_4593,0.0022371364653243847
group_4594,0.0022371364653243847
group_4595,0.0022371364653243847
group_4596,0.0022371364653243847
group_4597,0.0022371364653243847
group_4598,0.0022371364653243847
group_4599,0.0022371364653243847
group_46,0.0022371364653243847
group_460,0.011185682326621925
group_4600,0.0022371364653243847
group_4601,0.0022371364653243847
group_4602,0.0022371364653243847
group_4603,0.0022371364653243847
group_4604,0.0022371364653243847
group_4605,0.0022371364653243847
group_4606,0.0022371364653243847
group_4607,0.0022371364653243847
group_4608,0.0022371364653243847
group_4609,0.0022371364653243847
group_461,0.0022371364653243847
group_4610,0.0022371364653243847
group_4611,0.0022371364653243847
group_4612,0.0022371364653243847
group_4613,0.0022371364653243847
group_4614,0.087248322147651
group_4615,0.006711409395973154
group_4616,0.14988814317673377
group_4617,0.035794183445190156
group_4618,0.02237136465324385
group_4619,0.011185682326621925
group_462,0.008948545861297539
group_4620,0.15659955257270694
group_4621,0.03131991051454139
group_4622,0.174496644295302
group_4623,0.013422818791946308
group_4624,0.08501118568232663
group_4625,0.0022371364653243847
group_4626,0.0022371364653243847
group_4627,0.0022371364653243847
group_4628,0.0022371364653243847
group_4629,0.0022371364653243847
group_463,0.06711409395973154
group_4630,0.0022371364653243847
group_4631,0.0022371364653243847
group_4632,0.0022371364653243847
group_4633,0.0022371364653243847
group_4634,0.0022371364653243847
group_4635,0.0022371364653243847
group_4636,0.11409395973154363
group_4637,0.12080536912751678
group_4638,0.008948545861297539
group_4639,0.12304250559284116
group_464,0.011185682326621925
group_4640,0.10067114093959731
group_4641,0.013422818791946308
group_4642,0.0044742729306487695
group_4643,0.0022371364653243847
group_4644,0.0022371364653243847
group_4645,0.0022371364653243847
group_4646,0.0022371364653243847
group_4647,0.0022371364653243847
group_4648,0.0022371364653243847
group_4649,0.0022371364653243847
group_465,0.015659955257270694
group_4650,0.0022371364653243847
group_4651,0.0022371364653243847
group_4652,0.0022371364653243847
group_4653,0.0022371364653243847
group_4654,0.0022371364653243847
group_4655,0.0022371364653243847
group_4656,0.0022371364653243847
group_4657,0.0022371364653243847
group_4658,0.0022371364653243847
group_4659,0.0022371364653243847
group_466,0.015659955257270694
group_4660,0.0022371364653243847
group_4661,0.0022371364653243847
group_4662,0.0022371364653243847
group_4663,0.0022371364653243847
group_4664,0.0022371364653243847
group_4665,0.0022371364653243847
group_4666,0.0022371364653243847
group_4667,0.0022371364653243847
group_4668,0.0022371364653243847
group_4669,0.0022371364653243847
group_467,0.0022371364653243847
group_4670,0.0022371364653243847
group_4671,0.0022371364653243847
group_4672,0.0022371364653243847
group_4673,0.0022371364653243847
group_4674,0.0022371364653243847
group_4675,0.0022371364653243847
group_4676,0.0022371364653243847
group_4677,0.0022371364653243847
group_4678,0.0022371364653243847
group_4679,0.0022371364653243847
group_468,0.042505592841163314
group_4680,0.0022371364653243847
group_4681,0.0022371364653243847
group_4682,0.0022371364653243847
group_4683,0.0022371364653243847
group_4684,0.0022371364653243847
group_4685,0.0022371364653243847
group_4686,0.0022371364653243847
group_4687,0.0022371364653243847
group_4688,0.0022371364653243847
group_4689,0.0022371364653243847
group_469,0.0447427293064877
group_4690,0.0022371364653243847
group_4691,0.0022371364653243847
group_4692,0.0022371364653243847
group_4693,0.0022371364653243847
group_4694,0.0022371364653243847
group_4695,0.0022371364653243847
group_4696,0.0022371364653243847
group_4697,0.0022371364653243847
group_4698,0.0022371364653243847
group_4699,0.0022371364653243847
group_47,0.0044742729306487695
group_470,0.020134228187919462
group_4700,0.0022371364653243847
group_4701,0.049217002237136466
group_4702,0.006711409395973154
group_4703,0.0022371364653243847
group_4704,0.0022371364653243847
group_4705,0.049217002237136466
group_4706,0.006711409395973154
group_4707,0.0022371364653243847
group_4708,0.0022371364653243847
group_4709,0.0022371364653243847
group_471,0.19015659955257272
group_4710,0.0022371364653243847
group_4711,0.0022371364653243847
group_4712,0.0022371364653243847
group_4713,0.0022371364653243847
group_4714,0.0022371364653243847
group_4715,0.0022371364653243847
group_4716,0.0022371364653243847
group_4717,0.0022371364653243847
group_4718,0.0022371364653243847
group_4719,0.0022371364653243847
group_472,0.040268456375838924
group_4720,0.0022371364653243847
group_4721,0.0022371364653243847
group_4722,0.0022371364653243847
group_4723,0.0022371364653243847
group_4724,0.0022371364653243847
group_4725,0.0022371364653243847
group_4726,0.0022371364653243847
group_4727,0.0022371364653243847
group_4728,0.0022371364653243847
group_4729,0.0022371364653243847
group_473,0.011185682326621925
group_4730,0.0044742729306487695
group_4731,0.0022371364653243847
group_4732,0.0022371364653243847
group_4733,0.0022371364653243847
group_4734,0.0044742729306487695
group_4735,0.0044742729306487695
group_4736,0.017897091722595078
group_4737,0.0044742729306487695
group_4738,0.0022371364653243847
group_4739,0.017897091722595078
group_474,0.0044742729306487695
group_4740,0.017897091722595078
group_4741,0.0022371364653243847
group_4742,0.017897091722595078
group_4743,0.017897091722595078
group_4744,0.0044742729306487695
group_4745,0.011185682326621925
group_4746,0.011185682326621925
group_4747,0.017897091722595078
group_4748,0.0022371364653243847
group_4749,0.0022371364653243847
group_475,0.013422818791946308
group_4750,0.017897091722595078
group_4751,0.0022371364653243847
group_4752,0.0022371364653243847
group_4753,0.0022371364653243847
group_4754,0.0022371364653243847
group_4755,0.0022371364653243847
group_4756,0.0022371364653243847
group_4757,0.0022371364653243847
group_4758,0.0022371364653243847
group_4759,0.0022371364653243847
group_476,0.0022371364653243847
group_4760,0.0022371364653243847
group_4761,0.0022371364653243847
group_4762,0.0022371364653243847
group_4763,0.0022371364653243847
group_4764,0.0022371364653243847
group_4765,0.0022371364653243847
group_4766,0.0022371364653243847
group_4767,0.0022371364653243847
group_4768,0.0022371364653243847
group_4769,0.0022371364653243847
group_477,0.011185682326621925
group_4770,0.0022371364653243847
group_4771,0.0022371364653243847
group_4772,0.0022371364653243847
group_4773,0.0022371364653243847
group_4774,0.0022371364653243847
group_4775,0.0022371364653243847
group_4776,0.0022371364653243847
group_4777,0.0022371364653243847
group_4778,0.0022371364653243847
group_4779,0.0022371364653243847
group_478,0.015659955257270694
group_4780,0.0022371364653243847
group_4781,0.0022371364653243847
group_4782,0.0022371364653243847
group_4783,0.0022371364653243847
group_4784,0.0022371364653243847
group_4785,0.0022371364653243847
group_4786,0.0022371364653243847
group_4787,0.0022371364653243847
group_4788,0.0044742729306487695
group_4789,0.0044742729306487695
group_479,0.4988814317673378
group_4790,0.0022371364653243847
group_4791,0.0022371364653243847
group_4792,0.0022371364653243847
group_4793,0.0022371364653243847
group_4794,0.0022371364653243847
group_4795,0.0022371364653243847
group_4796,0.0022371364653243847
group_4797,0.0022371364653243847
group_4798,0.0022371364653243847
group_4799,0.0022371364653243847
group_48,0.006711409395973154
group_480,0.10738255033557047
group_4800,0.0022371364653243847
group_4801,0.0022371364653243847
group_4802,0.0022371364653243847
group_4803,0.0022371364653243847
group_4804,0.0022371364653243847
group_4805,0.0044742729306487695
group_4806,0.0022371364653243847
group_4807,0.0022371364653243847
group_4808,0.0044742729306487695
group_4809,0.0044742729306487695
group_481,0.12304250559284116
group_4810,0.0022371364653243847
group_4811,0.0022371364653243847
group_4812,0.0022371364653243847
group_4813,0.0022371364653243847
group_4814,0.0022371364653243847
group_4815,0.0022371364653243847
group_4816,0.0022371364653243847
group_4817,0.0022371364653243847
group_4818,0.0022371364653243847
group_4819,0.0022371364653243847
group_482,0.006711409395973154
group_4820,0.0022371364653243847
group_4821,0.0022371364653243847
group_4822,0.0022371364653243847
group_4823,0.0022371364653243847
group_4824,0.0022371364653243847
group_4825,0.0022371364653243847
group_4826,0.0022371364653243847
group_4827,0.0022371364653243847
group_4828,0.0022371364653243847
group_4829,0.0022371364653243847
group_483,0.19463087248322147
group_4830,0.0022371364653243847
group_4831,0.0022371364653243847
group_4832,0.0022371364653243847
group_4833,0.0022371364653243847
group_4834,0.0022371364653243847
group_4835,0.0022371364653243847
group_4836,0.0022371364653243847
group_4837,0.0022371364653243847
group_4838,0.0022371364653243847
group_4839,0.0022371364653243847
group_484,0.0022371364653243847
group_4840,0.0022371364653243847
group_4841,0.0022371364653243847
group_4842,0.0022371364653243847
group_4843,0.0022371364653243847
group_4844,0.0022371364653243847
group_4845,0.0022371364653243847
group_4846,0.0022371364653243847
group_4847,0.0022371364653243847
group_4848,0.0022371364653243847
group_4849,0.0022371364653243847
group_485,0.008948545861297539
group_4850,0.0022371364653243847
group_4851,0.0022371364653243847
group_4852,0.0022371364653243847
group_4853,0.0022371364653243847
group_4854,0.0022371364653243847
group_4855,0.0022371364653243847
group_4856,0.0022371364653243847
group_4857,0.0022371364653243847
group_4858,0.0022371364653243847
group_4859,0.0022371364653243847
group_486,0.12527964205816555
group_4860,0.0022371364653243847
group_4861,0.0022371364653243847
group_4862,0.0022371364653243847
group_4863,0.0022371364653243847
group_4864,0.0022371364653243847
group_4865,0.0022371364653243847
group_4866,0.0022371364653243847
group_4867,0.0022371364653243847
group_4868,0.0022371364653243847
group_4869,0.0022371364653243847
group_487,0.035794183445190156
group_4870,0.0022371364653243847
group_4871,0.0022371364653243847
group_4872,0.0022371364653243847
group_4873,0.0022371364653243847
group_4874,0.0022371364653243847
group_4875,0.0022371364653243847
group_4876,0.0022371364653243847
group_4877,0.0022371364653243847
group_4878,0.0022371364653243847
group_4879,0.0022371364653243847
group_488,0.020134228187919462
group_4880,0.0022371364653243847
group_4881,0.0022371364653243847
group_4882,0.0022371364653243847
group_4883,0.0022371364653243847
group_4884,0.0022371364653243847
group_4885,0.0022371364653243847
group_4886,0.0022371364653243847
group_4887,0.0022371364653243847
group_4888,0.0022371364653243847
group_4889,0.0022371364653243847
group_489,0.0022371364653243847
group_4890,0.0022371364653243847
group_4891,0.0022371364653243847
group_4892,0.0022371364653243847
group_4893,0.0022371364653243847
group_4894,0.0022371364653243847
group_4895,0.0022371364653243847
group_4896,0.0022371364653243847
group_4897,0.0022371364653243847
group_4898,0.0022371364653243847
group_4899,0.0022371364653243847
group_49,0.013422818791946308
group_490,0.0022371364653243847
group_4900,0.0022371364653243847
group_4901,0.0022371364653243847
group_4902,0.0022371364653243847
group_4903,0.0022371364653243847
group_4904,0.0022371364653243847
group_4905,0.0022371364653243847
group_4906,0.0022371364653243847
group_4907,0.0022371364653243847
group_4908,0.0022371364653243847
group_4909,0.0022371364653243847
group_491,0.024608501118568233
group_4910,0.0022371364653243847
group_4911,0.0022371364653243847
group_4912,0.0022371364653243847
group_4913,0.0022371364653243847
group_4914,0.0022371364653243847
group_4915,0.0022371364653243847
group_4916,0.0022371364653243847
group_4917,0.0022371364653243847
group_4918,0.0022371364653243847
group_4919,0.0022371364653243847
group_492,0.174496644295302
group_4920,0.0022371364653243847
group_4921,0.0022371364653243847
group_4922,0.0022371364653243847
group_4923,0.0022371364653243847
group_4924,0.0022371364653243847
group_4925,0.0022371364653243847
group_4926,0.0022371364653243847
group_4927,0.0022371364653243847
group_4928,0.0022371364653243847
group_4929,0.0022371364653243847
group_493,0.18344519015659955
group_4930,0.0022371364653243847
group_4931,0.0022371364653243847
group_4932,0.0022371364653243847
group_4933,0.0022371364653243847
group_4934,0.0022371364653243847
group_4935,0.0022371364653243847
group_4936,0.0022371364653243847
group_4937,0.0022371364653243847
group_4938,0.0022371364653243847
group_4939,0.0022371364653243847
group_494,0.042505592841163314
group_4940,0.0022371364653243847
group_4941,0.0022371364653243847
group_4942,0.0022371364653243847
group_4943,0.0022371364653243847
group_4944,0.0022371364653243847
group_4945,0.0022371364653243847
group_4946,0.0022371364653243847
group_4947,0.0022371364653243847
group_4948,0.0022371364653243847
group_4949,0.0022371364653243847
group_495,0.0447427293064877
group_4950,0.0022371364653243847
group_4951,0.0022371364653243847
group_4952,0.0022371364653243847
group_4953,0.0022371364653243847
group_4954,0.0022371364653243847
group_4955,0.0022371364653243847
group_4956,0.0022371364653243847
group_4957,0.0022371364653243847
group_4958,0.0022371364653243847
group_4959,0.0022371364653243847
group_496,0.042505592841163314
group_4960,0.0022371364653243847
group_4961,0.0022371364653243847
group_4962,0.0022371364653243847
group_4963,0.0022371364653243847
group_4964,0.0022371364653243847
group_4965,0.0022371364653243847
group_4966,0.0022371364653243847
group_4967,0.0022371364653243847
group_4968,0.0022371364653243847
group_4969,0.0022371364653243847
group_497,0.02237136465324385
group_4970,0.0022371364653243847
group_4971,0.0022371364653243847
group_4972,0.0022371364653243847
group_4973,0.0022371364653243847
group_4974,0.0022371364653243847
group_4975,0.0044742729306487695
group_4976,0.0044742729306487695
group_4977,0.0022371364653243847
group_4978,0.0022371364653243847
group_4979,0.0022371364653243847
group_498,0.011185682326621925
group_4980,0.0022371364653243847
group_4981,0.006711409395973154
group_4982,0.0044742729306487695
group_4983,0.006711409395973154
group_4984,0.006711409395973154
group_4985,0.0022371364653243847
group_4986,0.0022371364653243847
group_4987,0.0022371364653243847
group_4988,0.0022371364653243847
group_4989,0.0022371364653243847
group_499,0.035794183445190156
group_4990,0.0022371364653243847
group_4991,0.0022371364653243847
group_4992,0.0022371364653243847
group_4993,0.0022371364653243847
group_4994,0.0022371364653243847
group_4995,0.0022371364653243847
group_4996,0.0022371364653243847
group_4997,0.0022371364653243847
group_4998,0.0022371364653243847
group_4999,0.0022371364653243847
group_5,0.035794183445190156
group_50,0.011185682326621925
group_500,0.03355704697986577
group_5000,0.0022371364653243847
group_5001,0.0022371364653243847
group_5002,0.0022371364653243847
group_5003,0.0022371364653243847
group_5004,0.0022371364653243847
group_5005,0.0022371364653243847
group_5006,0.0022371364653243847
group_5007,0.0022371364653243847
group_5008,0.0022371364653243847
group_5009,0.0022371364653243847
group_501,0.25727069351230425
group_5010,0.0022371364653243847
group_5011,0.0022371364653243847
group_5012,0.0022371364653243847
group_5013,0.0022371364653243847
group_5014,0.0022371364653243847
group_5015,0.0022371364653243847
group_5016,0.0022371364653243847
group_5017,0.0022371364653243847
group_5018,0.0022371364653243847
group_5019,0.0022371364653243847
group_502,0.3087248322147651
group_5020,0.0022371364653243847
group_5021,0.0022371364653243847
group_5022,0.0022371364653243847
group_5023,0.0022371364653243847
group_5024,0.0022371364653243847
group_5025,0.0022371364653243847
group_5026,0.0022371364653243847
group_5027,0.0022371364653243847
group_5028,0.0022371364653243847
group_5029,0.0022371364653243847
group_503,0.5503355704697986
group_5030,0.0022371364653243847
group_5031,0.0022371364653243847
group_5032,0.0022371364653243847
group_5033,0.0022371364653243847
group_5034,0.0022371364653243847
group_5035,0.0022371364653243847
group_5036,0.0022371364653243847
group_5037,0.0022371364653243847
group_5038,0.0022371364653243847
group_5039,0.0022371364653243847
group_504,0.0022371364653243847
group_5040,0.0022371364653243847
group_5041,0.0022371364653243847
group_5042,0.0022371364653243847
group_5043,0.0022371364653243847
group_5044,0.0022371364653243847
group_5045,0.0022371364653243847
group_5046,0.0022371364653243847
group_5047,0.0022371364653243847
group_5048,0.0022371364653243847
group_5049,0.0022371364653243847
group_505,0.27069351230425054
group_5050,0.0022371364653243847
group_5051,0.0022371364653243847
group_5052,0.0022371364653243847
group_5053,0.0022371364653243847
group_5054,0.0022371364653243847
group_5055,0.0022371364653243847
group_5056,0.0022371364653243847
group_5057,0.0022371364653243847
group_5058,0.0022371364653243847
group_5059,0.0022371364653243847
group_506,0.4429530201342282
group_5060,0.024608501118568233
group_5061,0.0022371364653243847
group_5062,0.0022371364653243847
group_5063,0.0022371364653243847
group_5064,0.0022371364653243847
group_5065,0.0022371364653243847
group_5066,0.0022371364653243847
group_5067,0.0022371364653243847
group_5068,0.0022371364653243847
group_5069,0.0022371364653243847
group_507,0.008948545861297539
group_5070,0.006711409395973154
group_5071,0.006711409395973154
group_5072,0.0022371364653243847
group_5073,0.0022371364653243847
group_5074,0.0022371364653243847
group_5075,0.0022371364653243847
group_5076,0.0022371364653243847
group_5077,0.0022371364653243847
group_5078,0.0022371364653243847
group_5079,0.0022371364653243847
group_508,0.0022371364653243847
group_5080,0.0022371364653243847
group_5081,0.0022371364653243847
group_5082,0.0022371364653243847
group_5083,0.0022371364653243847
group_5084,0.0022371364653243847
group_5085,0.0022371364653243847
group_5086,0.0022371364653243847
group_5087,0.0022371364653243847
group_5088,0.0022371364653243847
group_5089,0.0022371364653243847
group_509,0.06935123042505593
group_5090,0.0022371364653243847
group_5091,0.0022371364653243847
group_5092,0.0022371364653243847
group_5093,0.0022371364653243847
group_5094,0.0022371364653243847
group_5095,0.0022371364653243847
group_5096,0.0022371364653243847
group_5097,0.0022371364653243847
group_5098,0.0022371364653243847
group_5099,0.0022371364653243847
group_51,0.013422818791946308
group_510,0.0022371364653243847
group_5100,0.0044742729306487695
group_5101,0.0044742729306487695
group_5102,0.020134228187919462
group_5103,0.024608501118568233
group_5104,0.0044742729306487695
group_5105,0.020134228187919462
group_5106,0.020134228187919462
group_5107,0.024608501118568233
group_511,0.013422818791946308
group_512,0.0022371364653243847
group_513,0.017897091722595078
group_514,0.12080536912751678
group_515,0.14988814317673377
group_516,0.0044742729306487695
group_517,0.12751677852348994
group_518,0.0022371364653243847
group_519,0.0022371364653243847
group_52,0.013422818791946308
group_520,0.015659955257270694
group_521,0.0022371364653243847
group_522,0.10738255033557047
group_523,0.0022371364653243847
group_524,0.026845637583892617
group_525,0.0022371364653243847
group_526,0.015659955257270694
group_527,0.0044742729306487695
group_528,0.024608501118568233
group_529,0.035794183445190156
group_53,0.0022371364653243847
group_530,0.12527964205816555
group_531,0.0022371364653243847
group_532,0.29082774049217003
group_533,0.18344519015659955
group_534,0.0044742729306487695
group_535,0.006711409395973154
group_536,0.0022371364653243847
group_537,0.008948545861297539
group_538,0.06487695749440715
group_539,0.015659955257270694
group_54,0.0022371364653243847
group_540,0.006711409395973154
group_541,0.19239373601789708
group_542,0.0022371364653243847
group_543,0.0447427293064877
group_544,0.0022371364653243847
group_545,0.03355704697986577
group_546,0.10961968680089486
group_547,0.0022371364653243847
group_548,0.08053691275167785
group_549,0.017897091722595078
group_55,0.0044742729306487695
group_550,0.5369127516778524
group_551,0.07829977628635347
group_552,0.0022371364653243847
group_553,0.0022371364653243847
group_554,0.0044742729306487695
group_555,0.11409395973154363
group_556,0.04697986577181208
group_557,0.08277404921700224
group_558,0.29082774049217003
group_559,0.026845637583892617
group_56,0.0044742729306487695
group_560,0.1476510067114094
group_561,0.024608501118568233
group_562,0.024608501118568233
group_563,0.006711409395973154
group_564,0.06263982102908278
group_565,0.0044742729306487695
group_566,0.2841163310961969
group_567,0.017897091722595078
group_568,0.0022371364653243847
group_569,0.5458612975391499
group_57,0.006711409395973154
group_570,0.0022371364653243847
group_571,0.015659955257270694
group_572,0.5413870246085011
group_573,0.0044742729306487695
group_574,0.006711409395973154
group_575,0.0022371364653243847
group_576,0.09619686800894854
group_577,0.13870246085011187
group_578,0.006711409395973154
group_579,0.015659955257270694
group_58,0.0447427293064877
group_580,0.0022371364653243847
group_581,0.03355704697986577
group_582,0.0022371364653243847
group_583,0.0022371364653243847
group_584,0.03355704697986577
group_585,0.006711409395973154
group_586,0.087248322147651
group_587,0.040268456375838924
group_588,0.0022371364653243847
group_589,0.16778523489932887
group_59,0.0022371364653243847
group_590,0.0022371364653243847
group_591,0.02237136465324385
group_592,0.0022371364653243847
group_593,0.0022371364653243847
group_594,0.03131991051454139
group_595,0.0044742729306487695
group_596,0.013422818791946308
group_597,0.0022371364653243847
group_598,0.10067114093959731
group_599,0.08501118568232663
group_6,0.0022371364653243847
group_60,0.11185682326621924
group_600,0.11185682326621924
group_601,0.0022371364653243847
group_602,0.035794183445190156
group_603,0.0022371364653243847
group_604,0.029082774049217
group_605,0.013422818791946308
group_606,0.0022371364653243847
group_607,0.12527964205816555
group_608,0.035794183445190156
group_609,0.040268456375838924
group_61,0.035794183445190156
group_610,0.017897091722595078
group_611,0.035794183445190156
group_612,0.006711409395973154
group_613,0.042505592841163314
group_614,0.035794183445190156
group_615,0.006711409395973154
group_616,0.011185682326621925
group_617,0.017897091722595078
group_618,0.035794183445190156
group_619,0.035794183445190156
group_62,0.020134228187919462
group_620,0.0738255033557047
group_621,0.03131991051454139
group_622,0.0044742729306487695
group_623,0.0044742729306487695
group_624,0.05145413870246085
group_625,0.015659955257270694
group_626,0.0022371364653243847
group_627,0.1185682326621924
group_628,0.0044742729306487695
group_629,0.015659955257270694
group_63,0.0044742729306487695
group_630,0.015659955257270694
group_631,0.029082774049217
group_632,0.026845637583892617
group_633,0.03803131991051454
group_634,0.042505592841163314
group_635,0.03355704697986577
group_636,0.02237136465324385
group_637,0.03355704697986577
group_638,0.0022371364653243847
group_639,0.0022371364653243847
group_64,0.0022371364653243847
group_640,0.042505592841163314
group_641,0.042505592841163314
group_642,0.1342281879194631
group_643,0.042505592841163314
group_644,0.0022371364653243847
group_645,0.03355704697986577
group_646,0.006711409395973154
group_647,0.011185682326621925
group_648,0.006711409395973154
group_649,0.024608501118568233
group_65,0.013422818791946308
group_650,0.008948545861297539
group_651,0.0044742729306487695
group_652,0.0022371364653243847
group_653,0.0022371364653243847
group_654,0.03355704697986577
group_655,0.08277404921700224
group_656,0.0022371364653243847
group_657,0.008948545861297539
group_658,0.2930648769574944
group_659,0.0022371364653243847
group_66,0.0022371364653243847
group_660,0.15883668903803133
group_661,0.035794183445190156
group_662,0.026845637583892617
group_663,0.024608501118568233
group_664,0.03803131991051454
group_665,0.011185682326621925
group_666,0.015659955257270694
group_667,0.040268456375838924
group_668,0.006711409395973154
group_669,0.0022371364653243847
group_67,0.008948545861297539
group_670,0.0022371364653243847
group_671,0.0044742729306487695
group_672,0.0022371364653243847
group_673,0.0022371364653243847
group_674,0.0044742729306487695
group_675,0.0022371364653243847
group_676,0.0022371364653243847
group_677,0.013422818791946308
group_678,0.006711409395973154
group_679,0.006711409395973154
group_68,0.017897091722595078
group_680,0.087248322147651
group_681,0.013422818791946308
group_682,0.03131991051454139
group_683,0.02237136465324385
group_684,0.03803131991051454
group_685,0.008948545861297539
group_686,0.0022371364653243847
group_687,0.0022371364653243847
group_688,0.013422818791946308
group_689,0.0022371364653243847
group_69,0.006711409395973154
group_690,0.03355704697986577
group_691,0.024608501118568233
group_692,0.006711409395973154
group_693,0.006711409395973154
group_694,0.015659955257270694
group_695,0.03803131991051454
group_696,0.0044742729306487695
group_697,0.006711409395973154
group_698,0.0022371364653243847
group_699,0.013422818791946308
group_7,0.013422818791946308
group_70,0.0022371364653243847
group_700,0.03355704697986577
group_701,0.0022371364653243847
group_702,0.011185682326621925
group_703,0.48769574944071586
group_704,0.0022371364653243847
group_705,0.006711409395973154
group_706,0.008948545861297539
group_707,0.0022371364653243847
group_708,0.03355704697986577
group_709,0.0022371364653243847
group_71,0.10961968680089486
group_710,0.0022371364653243847
group_711,0.10067114093959731
group_712,0.0022371364653243847
group_713,0.0044742729306487695
group_714,0.33109619686800895
group_715,0.0044742729306487695
group_716,0.0022371364653243847
group_717,0.006711409395973154
group_718,0.024608501118568233
group_719,0.049217002237136466
group_72,0.07606263982102908
group_720,0.008948545861297539
group_721,0.06711409395973154
group_722,0.09395973154362416
group_723,0.12527964205816555
group_724,0.02237136465324385
group_725,0.053691275167785234
group_726,0.0044742729306487695
group_727,0.013422818791946308
group_728,0.03803131991051454
group_729,0.015659955257270694
group_73,0.0022371364653243847
group_730,0.013422818791946308
group_731,0.008948545861297539
group_732,0.03355704697986577
group_733,0.035794183445190156
group_734,0.0022371364653243847
group_735,0.29082774049217003
group_736,0.07158836689038031
group_737,0.011185682326621925
group_738,0.013422818791946308
group_739,0.0044742729306487695
group_74,0.0022371364653243847
group_740,0.07829977628635347
group_741,0.0044742729306487695
group_742,0.0044742729306487695
group_743,0.10514541387024609
group_744,0.006711409395973154
group_745,0.087248322147651
group_746,0.0022371364653243847
group_747,0.40939597315436244
group_748,0.020134228187919462
group_749,0.0044742729306487695
group_75,0.013422818791946308
group_750,0.2058165548098434
group_751,0.0022371364653243847
group_752,0.008948545861297539
group_753,0.020134228187919462
group_754,0.035794183445190156
group_755,0.02237136465324385
group_756,0.087248322147651
group_757,0.006711409395973154
group_758,0.17002237136465326
group_759,0.0044742729306487695
group_76,0.0022371364653243847
group_760,0.03355704697986577
group_761,0.0022371364653243847
group_762,0.013422818791946308
group_763,0.011185682326621925
group_764,0.15436241610738255
group_765,0.12527964205816555
group_766,0.0022371364653243847
group_767,0.024608501118568233
group_768,0.020134228187919462
group_769,0.020134228187919462
group_77,0.0022371364653243847
group_770,0.015659955257270694
group_771,0.024608501118568233
group_772,0.035794183445190156
group_773,0.006711409395973154
group_774,0.0044742729306487695
group_775,0.27740492170022374
group_776,0.013422818791946308
group_777,0.024608501118568233
group_778,0.011185682326621925
group_779,0.026845637583892617
group_78,0.0022371364653243847
group_780,0.27740492170022374
group_781,0.09172259507829977
group_782,0.011185682326621925
group_783,0.0044742729306487695
group_784,0.0022371364653243847
group_785,0.3870246085011186
group_786,0.5324384787472036
group_787,0.0022371364653243847
group_788,0.11409395973154363
group_789,0.087248322147651
group_79,0.015659955257270694
group_790,0.2348993288590604
group_791,0.0022371364653243847
group_792,0.02237136465324385
group_793,0.07829977628635347
group_794,0.12304250559284116
group_795,0.006711409395973154
group_796,0.09843400447427293
group_797,0.0022371364653243847
group_798,0.03355704697986577
group_799,0.0022371364653243847
group_8,0.015659955257270694
group_80,0.011185682326621925
group_800,0.0044742729306487695
group_801,0.0044742729306487695
group_802,0.024608501118568233
group_803,0.15212527964205816
group_804,0.011185682326621925
group_805,0.10961968680089486
group_806,0.087248322147651
group_807,0.05145413870246085
group_808,0.11185682326621924
group_809,0.011185682326621925
group_81,0.006711409395973154
group_810,0.008948545861297539
group_811,0.0022371364653243847
group_812,0.22595078299776286
group_813,0.03355704697986577
group_814,0.006711409395973154
group_815,0.035794183445190156
group_816,0.020134228187919462
group_817,0.006711409395973154
group_818,0.0022371364653243847
group_819,0.03355704697986577
group_82,0.0022371364653243847
group_820,0.0022371364653243847
group_821,0.006711409395973154
group_822,0.47874720357941836
group_823,0.008948545861297539
group_824,0.25727069351230425
group_825,0.0022371364653243847
group_826,0.006711409395973154
group_827,0.03355704697986577
group_828,0.024608501118568233
group_829,0.087248322147651
group_83,0.0022371364653243847
group_830,0.2348993288590604
group_831,0.25727069351230425
group_832,0.3512304250559284
group_833,0.006711409395973154
group_834,0.006711409395973154
group_835,0.087248322147651
group_836,0.006711409395973154
group_837,0.006711409395973154
group_838,0.006711409395973154
group_839,0.0022371364653243847
group_84,0.013422818791946308
group_840,0.087248322147651
group_841,0.006711409395973154
group_842,0.0022371364653243847
group_843,0.006711409395973154
group_844,0.087248322147651
group_845,0.087248322147651
group_846,0.087248322147651
group_847,0.087248322147651
group_848,0.12080536912751678
group_849,0.006711409395973154
group_85,0.0044742729306487695
group_850,0.015659955257270694
group_851,0.0022371364653243847
group_852,0.008948545861297539
group_853,0.0022371364653243847
group_854,0.008948545861297539
group_855,0.0022371364653243847
group_856,0.06040268456375839
group_857,0.03803131991051454
group_858,0.017897091722595078
group_859,0.14988814317673377
group_86,0.0022371364653243847
group_860,0.24608501118568232
group_861,0.18120805369127516
group_862,0.087248322147651
group_863,0.0447427293064877
group_864,0.05592841163310962
group_865,0.0022371364653243847
group_866,0.0044742729306487695
group_867,0.0044742729306487695
group_868,0.06711409395973154
group_869,0.2058165548098434
group_87,0.0044742729306487695
group_870,0.017897091722595078
group_871,0.017897091722595078
group_872,0.0044742729306487695
group_873,0.0044742729306487695
group_874,0.058165548098434
group_875,0.19910514541387025
group_876,0.0022371364653243847
group_877,0.0022371364653243847
group_878,0.03803131991051454
group_879,0.0044742729306487695
group_88,0.0022371364653243847
group_880,0.0044742729306487695
group_881,0.0044742729306487695
group_882,0.02237136465324385
group_883,0.0022371364653243847
group_884,0.0022371364653243847
group_885,0.042505592841163314
group_886,0.0022371364653243847
group_887,0.026845637583892617
group_888,0.06040268456375839
group_889,0.049217002237136466
group_89,0.0022371364653243847
group_890,0.024608501118568233
group_891,0.006711409395973154
group_892,0.008948545861297539
group_893,0.2058165548098434
group_894,0.10514541387024609
group_895,0.011185682326621925
group_896,0.12080536912751678
group_897,0.0044742729306487695
group_898,0.02237136465324385
group_899,0.006711409395973154
group_9,0.0022371364653243847
group_90,0.2058165548098434
group_900,0.03803131991051454
group_901,0.040268456375838924
group_902,0.013422818791946308
group_903,0.008948545861297539
group_904,0.0044742729306487695
group_905,0.040268456375838924
group_906,0.0044742729306487695
group_907,0.020134228187919462
group_908,0.087248322147651
group_909,0.0044742729306487695
group_91,0.0894854586129754
group_910,0.013422818791946308
group_911,0.06711409395973154
group_912,0.0044742729306487695
group_913,0.006711409395973154
group_914,0.013422818791946308
group_915,0.11409395973154363
group_916,0.013422818791946308
group_917,0.006711409395973154
group_918,0.008948545861297539
group_919,0.011185682326621925
group_92,0.013422818791946308
group_920,0.06935123042505593
group_921,0.0022371364653243847
group_922,0.12080536912751678
group_923,0.02237136465324385
group_924,0.0022371364653243847
group_925,0.024608501118568233
group_926,0.006711409395973154
group_927,0.09843400447427293
group_928,0.053691275167785234
group_929,0.12527964205816555
group_93,0.06487695749440715
group_930,0.0022371364653243847
group_931,0.0022371364653243847
group_932,0.006711409395973154
group_933,0.0022371364653243847
group_934,0.011185682326621925
group_935,0.48322147651006714
group_936,0.465324384787472
group_937,0.008948545861297539
group_938,0.0022371364653243847
group_939,0.11409395973154363
group_94,0.0022371364653243847
group_940,0.0022371364653243847
group_941,0.0894854586129754
group_942,0.06263982102908278
group_943,0.1789709172259508
group_944,0.10067114093959731
group_945,0.0022371364653243847
group_946,0.0022371364653243847
group_947,0.035794183445190156
group_948,0.058165548098434
group_949,0.013422818791946308
group_95,0.0022371364653243847
group_950,0.006711409395973154
group_951,0.015659955257270694
group_952,0.26174496644295303
group_953,0.15883668903803133
group_954,0.05592841163310962
group_955,0.058165548098434
group_956,0.03131991051454139
group_957,0.0022371364653243847
group_958,0.013422818791946308
group_959,0.0022371364653243847
group_96,0.011185682326621925
group_960,0.008948545861297539
group_961,0.0044742729306487695
group_962,0.02237136465324385
group_963,0.0022371364653243847
group_964,0.008948545861297539
group_965,0.011185682326621925
group_966,0.042505592841163314
group_967,0.04697986577181208
group_968,0.015659955257270694
group_969,0.0022371364653243847
group_97,0.17225950782997762
group_970,0.05592841163310962
group_971,0.0044742729306487695
group_972,0.011185682326621925
group_973,0.015659955257270694
group_974,0.006711409395973154
group_975,0.013422818791946308
group_976,0.08501118568232663
group_977,0.3713646532438479
group_978,0.05145413870246085
group_979,0.4563758389261745
group_98,0.026845637583892617
group_980,0.03803131991051454
group_981,0.0044742729306487695
group_982,0.05592841163310962
group_983,0.008948545861297539
group_984,0.008948545861297539
group_985,0.008948545861297539
group_986,0.006711409395973154
group_987,0.006711409395973154
group_988,0.026845637583892617
group_989,0.006711409395973154
group_99,0.006711409395973154
group_990,0.08277404921700224
group_991,0.006711409395973154
group_992,0.0044742729306487695
group_993,0.013422818791946308
group_994,0.0022371364653243847
group_995,0.08501118568232663
group_996,0.015659955257270694
group_997,0.0022371364653243847
group_998,0.10738255033557047
group_999,0.006711409395973154
grxA,0.03355704697986577
haeIIIM,0.0022371364653243847
hbp,0.017897091722595078
hcaB,0.015659955257270694
hcp1,0.013422818791946308
hdeA,0.0044742729306487695
hdeB,0.0044742729306487695
hdfR,0.008948545861297539
hemR_1~~~hemR,0.026845637583892617
hemR_1~~~hemR_2~~~hemR,0.3579418344519016
hemR_3,0.006711409395973154
hha,0.3042505592841163
hha_1,0.013422818791946308
hha~~~hha_2,0.011185682326621925
hicB,0.0022371364653243847
higA1,0.011185682326621925
higB1,0.0022371364653243847
higB2,0.024608501118568233
hin,0.02237136465324385
hin_1,0.011185682326621925
hin_1~~~hin~~~pinR,0.06935123042505593
hin_2,0.0022371364653243847
hin_3~~~hin,0.0738255033557047
hin~~~hin_2,0.035794183445190156
hin~~~hin_4,0.029082774049217
hin~~~hin_4~~~hin_2,0.040268456375838924
hipA_2~~~hipA_1~~~hipA,0.013422818791946308
hiuH,0.0022371364653243847
hlyA,0.0022371364653243847
hlyB,0.0022371364653243847
hlyD,0.0022371364653243847
hmuU,0.013422818791946308
hns,0.024608501118568233
hokC,0.0022371364653243847
holE,0.024608501118568233
hph,0.0044742729306487695
hsdR,0.1185682326621924
hsdR_1,0.0022371364653243847
htrE,0.0022371364653243847
hupB,0.006711409395973154
hybF,0.006711409395973154
icsA,0.011185682326621925
idi,0.0044742729306487695
ifcA,0.006711409395973154
imm,0.015659955257270694
imm_1,0.0022371364653243847
imm_2,0.006711409395973154
insK,0.18568232662192394
intA_1,0.008948545861297539
intA_2,0.008948545861297539
intS,0.0022371364653243847
intS_2~~~intS_1~~~intS,0.006711409395973154
isfD~~~isfD2,0.006711409395973154
iucA~~~iucA_2~~~iucA_1,0.10514541387024609
iucB~~~iucB_1~~~iucB_2,0.10514541387024609
iucC_2~~~iucC~~~iucC_1,0.10961968680089486
iucD,0.1185682326621924
iutA,0.12080536912751678
kdgT,0.03803131991051454
klcA,0.024608501118568233
klcA_1,0.0044742729306487695
klcA_1~~~klcA,0.27740492170022374
klcA_1~~~klcA~~~klcA_2,0.09619686800894854
klcA_2,0.0044742729306487695
klcA_2~~~klcA~~~klcA_1,0.015659955257270694
klcA_3,0.0022371364653243847
klcA~~~klcA_2,0.43847874720357943
klcB,0.015659955257270694
korB,0.015659955257270694
lacY,0.006711409395973154
lktA,0.03131991051454139
lolC,0.0044742729306487695
lolD,0.3624161073825503
lon,0.0022371364653243847
lpfB,0.0022371364653243847
lsoA,0.020134228187919462
lsoB,0.017897091722595078
ltrA,0.1342281879194631
ltrA~~~ltrA_1,0.020134228187919462
ltrA~~~ltrA_1~~~ltrA_2,0.3042505592841163
ltxB,0.03131991051454139
ltxD~~~hlyD,0.03131991051454139
lysA,0.008948545861297539
lysN,0.0022371364653243847
macA,0.10067114093959731
macB,0.09843400447427293
manC1,0.0022371364653243847
marA_1,0.0022371364653243847
mazE,0.0022371364653243847
mazF,0.0022371364653243847
mbeA,0.0022371364653243847
mbeA_3,0.0022371364653243847
mbeA~~~mbeA_1,0.116331096196868
mbeA~~~mbeA_1~~~mbeA_2,0.08053691275167785
mbeA~~~mbeA_2,0.029082774049217
mbeC,0.03803131991051454
mbeC_2,0.0022371364653243847
mbeC~~~mbeC_1,0.13646532438478748
mbeC~~~mbeC_2,0.029082774049217
mcbA,0.06263982102908278
mcbB,0.06263982102908278
mcbC,0.06263982102908278
mcbD,0.06263982102908278
mccF,0.008948545861297539
mcjA,0.015659955257270694
mcjD,0.017897091722595078
mcpQ~~~aer,0.03803131991051454
mcpU,0.0044742729306487695
mcr11,0.011185682326621925
mdtH,0.013422818791946308
mdtL~~~bcr~~~cmlA1,0.011185682326621925
menH,0.0022371364653243847
mepM,0.008948545861297539
merA_1,0.0044742729306487695
merA_1~~~merA~~~merA_2,0.12304250559284116
merC,0.12304250559284116
merP,0.12304250559284116
merR,0.12527964205816555
merR1,0.0022371364653243847
merT,0.12080536912751678
metG,0.035794183445190156
mleN,0.008948545861297539
mlrA,0.0022371364653243847
mltC,0.0022371364653243847
mmr~~~emrE,0.19463087248322147
mmuM,0.116331096196868
mntB_1~~~mntB_3,0.08277404921700224
mntB_2,0.08501118568232663
mntB_3,0.0022371364653243847
mntB_3~~~mntB~~~mntB_1,0.09619686800894854
mpa,0.026845637583892617
mprA,0.0022371364653243847
mshA,0.0022371364653243847
nanC,0.0022371364653243847
nanE,0.02237136465324385
nanM_1,0.0022371364653243847
nanM_2,0.0022371364653243847
nanM_3,0.0022371364653243847
nanS,0.0022371364653243847
nemA,0.008948545861297539
nemR,0.008948545861297539
neo,0.006711409395973154
neo_3,0.0022371364653243847
neo_4,0.0022371364653243847
ngcG,0.03803131991051454
noc,0.0022371364653243847
noc_1,0.006711409395973154
noc_1~~~noc~~~noc_2,0.2751677852348993
noc_2,0.0022371364653243847
noc~~~noc_1~~~noc_2,0.3400447427293065
noc~~~noc_2,0.03803131991051454
norR,0.0044742729306487695
nqrC~~~nqrC_1~~~nqrC_2,0.35570469798657717
nrdA,0.035794183445190156
nrdB,0.035794183445190156
ntdA,0.017897091722595078
ntdB,0.02237136465324385
ntdC,0.08277404921700224
nucH,0.0022371364653243847
nucH~~~yhcR~~~yhcR_2,0.0447427293064877
ompA_1,0.0022371364653243847
ompA_2,0.0022371364653243847
ompC,0.015659955257270694
ompP~~~ompT_1~~~ompT_2,0.029082774049217
ompT,0.11409395973154363
ompT_2,0.006711409395973154
ompX,0.0022371364653243847
opgE,0.006711409395973154
oqxB3,0.0044742729306487695
pagN,0.0022371364653243847
pal,0.013422818791946308
panD,0.0022371364653243847
papA,0.0044742729306487695
papA_1,0.03131991051454139
papA~~~papA_1~~~papA_2,0.03131991051454139
papB,0.40939597315436244
papC,0.0022371364653243847
papC_1,0.008948545861297539
papC_1~~~papC,0.015659955257270694
papC_2,0.006711409395973154
papC~~~papC_1~~~papC_2,0.020134228187919462
papD_2~~~papD,0.026845637583892617
papD_2~~~papD_1,0.02237136465324385
papD~~~sfmC,0.013422818791946308
papE,0.024608501118568233
papF,0.011185682326621925
papH_1,0.029082774049217
papH_1~~~papH_2,0.03131991051454139
papH_3,0.006711409395973154
papK,0.03131991051454139
parA,0.006711409395973154
parM,0.006711409395973154
parM_1~~~parM_2,0.116331096196868
parM_1~~~parM_2~~~parM,0.013422818791946308
parM~~~parM_1,0.024608501118568233
patB,0.008948545861297539
pcoC,0.006711409395973154
pcoE,0.006711409395973154
pdeG,0.0022371364653243847
pdeH,0.0022371364653243847
pdeL,0.0022371364653243847
pdg,0.0022371364653243847
pemI_1,0.0022371364653243847
pemI_1~~~pemI,0.33109619686800895
pemK_1,0.0022371364653243847
pemK_1~~~pemK,0.05592841163310962
pemK~~~pemK_1,0.33557046979865773
pfeA_1~~~pfeA_2~~~fepA~~~pfeA~~~btuB,0.14317673378076062
pflA,0.0022371364653243847
pgaB,0.0022371364653243847
pgrR,0.0022371364653243847
pgtB,0.006711409395973154
pgtC,0.006711409395973154
pgtP,0.006711409395973154
pheA2,0.029082774049217
phoP~~~walR,0.008948545861297539
pic,0.0022371364653243847
pifC~~~pifC_1~~~pifC_2,0.024608501118568233
pinR,0.05145413870246085
pir,0.006711409395973154
pld,0.03355704697986577
pld_1,0.0044742729306487695
pndA,0.08277404921700224
pndA_1~~~pndA,0.25727069351230425
polC,0.0022371364653243847
pphA,0.049217002237136466
pphA_1,0.0022371364653243847
proP,0.006711409395973154
proQ,0.011185682326621925
prpB,0.0022371364653243847
prsE,0.015659955257270694
prsF,0.026845637583892617
prtR,0.0022371364653243847
psiB,0.0044742729306487695
psiB_1~~~psiB,0.06935123042505593
psiB_2~~~psiB,0.2505592841163311
psiB~~~psiB_2~~~psiB_3~~~psiB_1,0.3624161073825503
pspA_2~~~pspA_1~~~pspA,0.006711409395973154
pspB,0.006711409395973154
pspC,0.006711409395973154
pspD,0.006711409395973154
pspF,0.006711409395973154
ptlE,0.0044742729306487695
ptlH,0.0044742729306487695
ptsG,0.02237136465324385
purR~~~rafR,0.006711409395973154
pvuIIM,0.013422818791946308
qmcA,0.024608501118568233
rafA_5~~~rafA_4~~~rafA_3~~~rafA_2~~~rafA_1~~~rafA,0.006711409395973154
rafB_2~~~rafB_1~~~rafB,0.006711409395973154
rapA,0.0022371364653243847
rarD,0.0022371364653243847
rbbA,0.0022371364653243847
rbsK,0.029082774049217
rbsR,0.0022371364653243847
rcbA,0.024608501118568233
rcsC,0.0044742729306487695
rdgC,0.040268456375838924
rdmC_1,0.0022371364653243847
rdmC~~~rutD,0.011185682326621925
recA,0.035794183445190156
recD2,0.0022371364653243847
relB,0.008948545861297539
relE,0.008948545861297539
relE2,0.10738255033557047
relE_1,0.0022371364653243847
rep,0.006711409395973154
repA,0.087248322147651
repA_1,0.024608501118568233
repA_2~~~repA_1~~~repA,0.024608501118568233
repA_2~~~repA~~~repA_1,0.10067114093959731
repB,0.6152125279642058
repB_1,0.0022371364653243847
repB_2,0.024608501118568233
repE,0.006711409395973154
repE_1,0.006711409395973154
repE_2,0.020134228187919462
repE_2~~~repE,0.06935123042505593
repE~~~repE_1~~~repE_2,0.25279642058165547
repE~~~repE_2~~~repE_1,0.026845637583892617
resA_2,0.3288590604026846
resA_2~~~resA_1,0.3624161073825503
rfaH,0.087248322147651
rfaH_1,0.0022371364653243847
rhaR,0.0022371364653243847
rhlE,0.0022371364653243847
rhmR,0.03803131991051454
rhsC~~~rhsA,0.013422818791946308
rhsD,0.017897091722595078
rhtB,0.0022371364653243847
rihB,0.0022371364653243847
rlhA,0.0044742729306487695
rmtC,0.0022371364653243847
rnhA,0.0022371364653243847
rob,0.011185682326621925
rocC,0.116331096196868
rop,0.04697986577181208
rop_1,0.011185682326621925
rop_1~~~rop~~~rop_3,0.03803131991051454
rop_2,0.0044742729306487695
rop~~~rop_1,0.024608501118568233
rop~~~rop_2~~~rop_1,0.116331096196868
rpoS,0.07606263982102908
rrrD,0.0022371364653243847
rutB,0.006711409395973154
sacA,0.0022371364653243847
sapB,0.0022371364653243847
sasA,0.008948545861297539
sat_2~~~sat~~~sat_1,0.011185682326621925
sbmA,0.0022371364653243847
scrK,0.0022371364653243847
sctC,0.024608501118568233
sefA,0.0022371364653243847
sepA,0.0044742729306487695
sepA_1,0.0044742729306487695
sepA_2,0.0044742729306487695
sfaA,0.008948545861297539
sfaH,0.0044742729306487695
sfaS,0.0022371364653243847
sfmD,0.013422818791946308
shlB,0.0022371364653243847
sigL_1,0.0022371364653243847
silE_1,0.006711409395973154
silE_2~~~silE,0.011185682326621925
silP,0.011185682326621925
smc,0.020134228187919462
smc_2,0.035794183445190156
smf1,0.0022371364653243847
soj,0.006711409395973154
sopB,0.40492170022371365
srp54,0.19015659955257272
srpC,0.1610738255033557
ssb,0.0044742729306487695
ssbA,0.0022371364653243847
ssb_1,0.0022371364653243847
ssb_1~~~ssb_2,0.042505592841163314
ssb_2,0.0022371364653243847
ssb_2~~~ssb,0.035794183445190156
ssb_2~~~ssb_1~~~ssb,0.08277404921700224
ssb_2~~~ssb~~~ssb_1,0.18568232662192394
ssb~~~ssb_1,0.10514541387024609
ssb~~~ssb_2~~~ssb_1~~~ssb_4,0.3378076062639821
stbB,0.11409395973154363
stiP,0.013422818791946308
stpA_1,0.0022371364653243847
stpA~~~stpA_2,0.03355704697986577
symE,0.0022371364653243847
tap,0.020134228187919462
tcpE,0.087248322147651
tdeA,0.09843400447427293
tdh,0.0022371364653243847
tetA,0.08277404921700224
tetA_1~~~tetA~~~tetA_2,0.14541387024608501
tetA~~~tetA_1,0.020134228187919462
tetC,0.07158836689038031
tetD,0.0447427293064877
tetD_1,0.0022371364653243847
tetD_2,0.0022371364653243847
tetR,0.015659955257270694
tetR~~~tetR_1~~~tetR_2,0.13870246085011187
tetX2_1,0.0022371364653243847
tfaE,0.015659955257270694
tfaE_2,0.0022371364653243847
thyA,0.0022371364653243847
thyA2,0.035794183445190156
tibC,0.011185682326621925
tmrB,0.12751677852348994
tnpA,0.08053691275167785
tnpR,0.0044742729306487695
tnpR_1,0.011185682326621925
tnpR_2,0.10961968680089486
tnpR~~~tnpR_1,0.19686800894854586
tnsA,0.0044742729306487695
tnsB,0.0022371364653243847
tnsC,0.0044742729306487695
tnsE,0.0022371364653243847
topA,0.0022371364653243847
topB,0.0044742729306487695
topB_1,0.0022371364653243847
topB~~~topB_1~~~topB_2,0.06935123042505593
topB~~~topB_2,0.013422818791946308
torI,0.0022371364653243847
toxN,0.0022371364653243847
tpd,0.35570469798657717
traA,0.0044742729306487695
traA_1~~~traA~~~traA_2,0.09172259507829977
traA_2,0.008948545861297539
traA~~~traA_1,0.47651006711409394
traB,0.0022371364653243847
traC,0.0044742729306487695
traC_1,0.0022371364653243847
traC_2,0.008948545861297539
traC_2~~~traC_3~~~traC_1~~~traC_4~~~traC,0.015659955257270694
traC_7,0.0022371364653243847
traC_8,0.0022371364653243847
traC_9,0.0022371364653243847
traC~~~traC_2~~~traC_1~~~traC_5,0.5570469798657718
traD,0.0044742729306487695
traD_1~~~traD_2~~~traD,0.087248322147651
traD_2,0.008948545861297539
traD_2~~~traD~~~traD_1~~~traD_4~~~traD_3,0.5391498881431768
traD~~~traD_2,0.03355704697986577
traG,0.024608501118568233
traI,0.0044742729306487695
traI_1,0.015659955257270694
traI_1~~~traI_2~~~traI_9~~~traI_8~~~traI_7~~~traI_6~~~traI_5~~~traI_4~~~traI_3~~~traI,0.07606263982102908
traI_2~~~traI_1,0.008948545861297539
traI~~~traI_1~~~traI_10~~~traI_11~~~traI_12~~~traI_13~~~traI_2~~~traI_14,0.5659955257270693
traJ,0.31767337807606266
traJ_2,0.174496644295302
traJ~~~traJ_1,0.015659955257270694
traL,0.015659955257270694
traM,0.0022371364653243847
traM_1,0.015659955257270694
traM_1~~~traM_2~~~traM~~~traM_3,0.06487695749440715
traM_1~~~traM~~~traM_2,0.3579418344519016
traM_2~~~traM,0.18120805369127516
traM_2~~~traM_1,0.008948545861297539
traN,0.0044742729306487695
traN_2,0.008948545861297539
traN_4,0.0022371364653243847
traN_5,0.0022371364653243847
traN~~~traN_1~~~traN_2,0.3221476510067114
traN~~~traN_3~~~traN_2~~~traN_1,0.2371364653243848
traQ,0.43400447427293065
traQ_2~~~traQ,0.14317673378076062
traR,0.015659955257270694
traR_1,0.0022371364653243847
traR_2,0.008948545861297539
traS,0.020134228187919462
traV,0.31767337807606266
traV_2,0.008948545861297539
traV_2~~~traV,0.2505592841163311
traY,0.3131991051454139
traY_2,0.1767337807606264
traY~~~traY_1,0.020134228187919462
trfA,0.0022371364653243847
trfB,0.015659955257270694
trpF,0.006711409395973154
tsh,0.0022371364653243847
ttgH,0.0044742729306487695
ttrR,0.0022371364653243847
ttrS,0.0022371364653243847
tus,0.006711409395973154
ugpA,0.03803131991051454
ugpB,0.03803131991051454
ugpC,0.11409395973154363
ulaA,0.03355704697986577
ulaB,0.03355704697986577
ulaC,0.03355704697986577
umuC,0.0022371364653243847
umuC_1,0.011185682326621925
umuC_1~~~dinB~~~umuC_2~~~umuC,0.19910514541387025
umuC_2~~~umuC~~~umuC_1,0.006711409395973154
umuC~~~umuC_1,0.03355704697986577
umuC~~~umuC_2~~~umuC_1,0.3959731543624161
umuD,0.03355704697986577
umuD_2,0.0022371364653243847
umuD_3~~~umuD~~~umuD_1~~~umuD_2,0.06935123042505593
uvrA,0.0022371364653243847
uvrD~~~yjcD,0.013422818791946308
vapB,0.16331096196868009
vapC,0.08277404921700224
vapC_1~~~vapC_2~~~vapC,0.10961968680089486
vapC_1~~~vapC_3~~~vapC,0.03131991051454139
vapC_2,0.017897091722595078
vapC~~~vapC_2~~~vapC_1~~~vapC_3,0.15659955257270694
vapD,0.0022371364653243847
vgrG1,0.006711409395973154
virB,0.013422818791946308
virB1,0.024608501118568233
virB4,0.024608501118568233
virB4_1,0.011185682326621925
virB4_2,0.013422818791946308
virB4_3,0.035794183445190156
virB4~~~virB4_1,0.035794183445190156
virB5,0.03131991051454139
virB6,0.0022371364653243847
virB8,0.024608501118568233
virB9,0.0044742729306487695
virB9_1,0.03131991051454139
virB9_2,0.0022371364653243847
virB9_2~~~virB9,0.035794183445190156
virB9~~~virB9_3,0.035794183445190156
virD4,0.035794183445190156
virF,0.0022371364653243847
wapA,0.0044742729306487695
wecB,0.0022371364653243847
wecC,0.0022371364653243847
wecD,0.0044742729306487695
xerC,0.024608501118568233
xerC_1,0.0022371364653243847
xerC_1~~~xerC~~~xerC_3~~~xerC_4,0.14988814317673377
xerC_2,0.0044742729306487695
xerC_2~~~xerC_1~~~xerC_3~~~xerD~~~xerC,0.27069351230425054
xerC_2~~~xerC_1~~~xerC_4~~~xerC,0.02237136465324385
xerC_2~~~xerC_1~~~xerC_4~~~xerD,0.2348993288590604
xerC_3,0.0022371364653243847
xerC_3~~~xerC_1~~~xerC,0.006711409395973154
xerC_3~~~xerC_2,0.1185682326621924
xerC_4,0.0022371364653243847
xerC_4~~~xerC_1~~~xerC_2~~~xerC,0.026845637583892617
xerC_6~~~xerC_5~~~xerD~~~xerC,0.026845637583892617
xerC~~~xerD~~~xerC_2~~~xerC_1~~~xerC_3,0.6174496644295302
xerD,0.013422818791946308
xerD~~~xerC_2~~~xerC_4~~~xerC~~~xerC_5~~~xerC_3~~~xerC_1,0.2751677852348993
xni,0.035794183445190156
yabJ,0.03803131991051454
yadA,0.024608501118568233
yadV,0.0022371364653243847
yahB_1,0.006711409395973154
yahB_2,0.006711409395973154
ybaQ,0.006711409395973154
ybbH,0.02237136465324385
ybbJ,0.024608501118568233
ybdM,0.0022371364653243847
ycaC,0.0022371364653243847
ycaD,0.0022371364653243847
yceD_1,0.013422818791946308
yceD_2,0.013422818791946308
yceD_2~~~yceD_3,0.013422818791946308
yceD_4,0.013422818791946308
yciC,0.006711409395973154
ycjY,0.0044742729306487695
ydeO,0.0044742729306487695
ydeO_2,0.0022371364653243847
ydfJ,0.0022371364653243847
ydiV,0.0022371364653243847
ydiV~~~pdeH,0.011185682326621925
yedK,0.0022371364653243847
yedY1,0.008948545861297539
yedZ1,0.006711409395973154
yeeR,0.0044742729306487695
yeeW,0.0044742729306487695
yfbR,0.0022371364653243847
yfdE,0.0044742729306487695
yfdH,0.0022371364653243847
ygdR,0.0022371364653243847
yggR,0.087248322147651
ygiW,0.0044742729306487695
yhcR,0.024608501118568233
yhcR~~~nucH,0.10067114093959731
yhcR~~~yhcR_2,0.348993288590604
yhdJ,0.0044742729306487695
yhdJ_1~~~yhdJ,0.10067114093959731
yhdJ_2,0.10738255033557047
yhdJ_2~~~yhdJ~~~yhdJ_1,0.21029082774049218
yhdJ~~~yhdJ_2,0.23937360178970918
yhhJ,0.0022371364653243847
yhiM,0.0022371364653243847
yihN,0.008948545861297539
yjcD,0.006711409395973154
yjiE,0.006711409395973154
yjiK,0.006711409395973154
yjjJ,0.0022371364653243847
yknY,0.0044742729306487695
ylpA,0.0044742729306487695
ylpA_2,0.008948545861297539
ylpA_2~~~ylpA,0.4429530201342282
ymoA,0.05592841163310962
yncE,0.3131991051454139
yngG,0.0044742729306487695
yokD,0.09619686800894854
yqeG,0.0022371364653243847
yqiJ,0.08053691275167785
yqiK,0.08277404921700224
yqjE,0.026845637583892617
yqjZ,0.040268456375838924
yraJ,0.0022371364653243847
yraJ_1,0.0022371364653243847
yraJ~~~yraJ_1,0.0044742729306487695
yvaM,0.0022371364653243847
znuC,0.06263982102908278
