sample_folder,phenotype,plasmid_id,primary_cluster_id,num_contigs,circularity,rep_type,predicted_mobility,relaxase_type,mpf_type,orit_type,IS_count
rUTI_ERR4556426,rUTI,rUTI_ERR4556426:AA337,AA337,8,,"IncFIA,IncFIC,IncFIB,rep_cluster_2131",conjugative,MOBF,MPF_F,MOBF,2
rUTI_ERR4556426,rUTI,rUTI_ERR4556426:AB230,AB230,5,,IncX1,conjugative,MOBP,MPF_T,-,1
UTI_GCA_029125075,UTI,UTI_GCA_029125075.1.fna:AA337,AA337,3,,"IncFIA,IncFII",conjugative,MOBF,MPF_F,MOBF,1
UTI_GCA_029125075,UTI,UTI_GCA_029125075.1.fna:AA172,AA172,3,,IncFIB,non-mobilizable,-,-,-,2
UTI_GCA_029125075,UTI,UTI_GCA_029125075.1.fna:AA977,AA977,1,,Col156,mobilizable,MOBQ,-,-,0
UTI_GCA_029125075,UTI,UTI_GCA_029125075.1.fna:AA579,AA579,1,,rep_cluster_1778,mobilizable,MOBQ,-,"MOBQ,MOBQ",0
UTI_GCA_020085255,UTI,UTI_GCA_020085255.1.fna:AA282,AA282,5,,"IncFIA,rep_cluster_2131",conjugative,MOBP,MPF_I,MOBP,1
UTI_GCA_020085255,UTI,UTI_GCA_020085255.1.fna:AA352,AA352,8,,"IncFIB,rep_cluster_2131",non-mobilizable,-,-,-,2
UTI_GCA_020085255,UTI,UTI_GCA_020085255.1.fna:AA476,AA476,1,,-,non-mobilizable,-,-,-,0
UTI_GCA_020085255,UTI,UTI_GCA_020085255.1.fna:AA977,AA977,1,,"Col156,rep_cluster_2131",mobilizable,MOBQ,-,-,0
UTI_GCA_020085255,UTI,UTI_GCA_020085255.1.fna:AC748,AC748,1,,Col(BS512),non-mobilizable,-,-,-,0
UTI_GCA_029112195,UTI,UTI_GCA_029112195.1.fna:AA735,AA735,9,,"IncFIA,IncFII",conjugative,MOBF,MPF_F,MOBF,6
UTI_GCA_029112195,UTI,UTI_GCA_029112195.1.fna:AB230,AB230,1,,IncX1,conjugative,MOBP,MPF_T,-,0
UTI_GCA_029112195,UTI,UTI_GCA_029112195.1.fna:AA977,AA977,1,,Col156,mobilizable,MOBQ,-,-,0
UTI_GCA_029112195,UTI,UTI_GCA_029112195.1.fna:AA579,AA579,1,,rep_cluster_1778,mobilizable,MOBQ,-,"MOBQ,MOBQ",0
UTI_GCA_029112195,UTI,UTI_GCA_029112195.1.fna:AA104,AA104,1,,rep_cluster_2335,mobilizable,-,-,MOBP,0
UTI_GCA_029112195,UTI,UTI_GCA_029112195.1.fna:AB241,AB241,1,,ColpVC,mobilizable,-,-,MOBP,0
UTI_GCA_029112195,UTI,UTI_GCA_029112195.1.fna:AC044,AC044,1,,-,non-mobilizable,-,-,-,0
rUTI_ERR14226122,rUTI,rUTI_ERR14226122:AA179,AA179,3,,"IncFIC,rep_cluster_2244",conjugative,MOBF,MPF_F,MOBF,0
rUTI_ERR14226122,rUTI,rUTI_ERR14226122:AA176,AA176,4,,IncFIB,mobilizable,MOBP,-,-,1
rUTI_ERR14226122,rUTI,rUTI_ERR14226122:AA163,AA163,1,,-,mobilizable,MOBP,-,MOBP,0
rUTI_ERR14226122,rUTI,rUTI_ERR14226122:AB685,AB685,1,,Col(MG828),mobilizable,-,-,"MOBP,MOB_unknown",0
rUTI_ERR14226069,rUTI,rUTI_ERR14226069:AA474,AA474,6,,IncI-gamma/K1,conjugative,MOBP,MPF_I,MOBP,3
rUTI_ERR14226069,rUTI,rUTI_ERR14226069:AA314,AA314,3,,-,conjugative,MOBF,MPF_F,MOBF,0
rUTI_ERR14226069,rUTI,rUTI_ERR14226069:AA321,AA321,4,,"IncFIA,IncFIC,IncFIB",non-mobilizable,-,-,-,0
rUTI_ERR14226069,rUTI,rUTI_ERR14226069:AA177,AA177,2,,-,non-mobilizable,-,-,-,0
rUTI_ERR14226069,rUTI,rUTI_ERR14226069:AC411,AC411,2,,-,non-mobilizable,-,-,-,2
rUTI_ERR14226069,rUTI,rUTI_ERR14226069:AC510,AC510,1,,"ColRNAI_rep_cluster_1857,rep_cluster_2350",mobilizable,MOBP,-,MOBP,0
rUTI_ERR14226069,rUTI,rUTI_ERR14226069:AB235,AB235,1,,ColpVC,non-mobilizable,-,-,-,0
rUTI_GCA_030707855,rUTI,rUTI_GCA_030707855.1.fna:AA324,AA324,1,,"IncFIA,IncFIA,IncFIB,IncFIC,rep_cluster_2131",conjugative,"MOBF,MOBP",MPF_F,MOBF,9
UTI_GCA_004101045,UTI,UTI_GCA_004101045.1.fna:AA171,AA171,18,,"IncFIA,IncFIA,IncFIB,rep_cluster_2131",conjugative,MOBF,MPF_F,MOBF,3
UTI_GCA_004101045,UTI,UTI_GCA_004101045.1.fna:AA579,AA579,1,,rep_cluster_1778,mobilizable,MOBQ,-,"MOBQ,MOBQ",0
UTI_GCA_000779675,UTI,UTI_GCA_000779675.1.fna:AA304,AA304,3,,"IncFIB,IncFIC,rep_cluster_2244",conjugative,MOBF,MPF_F,MOBF,2
UTI_GCA_000779675,UTI,UTI_GCA_000779675.1.fna:AA474,AA474,5,,IncI-gamma/K1,conjugative,MOBP,MPF_I,MOBP,0
UTI_GCA_000779675,UTI,UTI_GCA_000779675.1.fna:AD672,AD672,1,,-,non-mobilizable,-,-,-,0
UTI_GCA_029119005,UTI,UTI_GCA_029119005.1.fna:AA336,AA336,2,,IncFIA,conjugative,MOBF,MPF_F,MOBF,1
UTI_GCA_029119005,UTI,UTI_GCA_029119005.1.fna:AA977,AA977,1,,Col156,mobilizable,MOBQ,-,-,0
UTI_GCA_037082015,UTI,UTI_GCA_037082015.1.fna:AA337,AA337,1,,"IncFIA,IncFIB,IncQ1",conjugative,MOBF,MPF_F,MOBF,5
UTI_GCA_037082015,UTI,UTI_GCA_037082015.1.fna:AC509,AC509,1,,rep_cluster_2350,mobilizable,MOBP,-,MOBP,0
UTI_GCA_037082015,UTI,UTI_GCA_037082015.1.fna:AA977,AA977,1,,rep_cluster_2131,mobilizable,MOBQ,-,-,0
UTI_GCA_000778545,UTI,UTI_GCA_000778545.1.fna:AD448,AD448,1,,-,non-mobilizable,-,-,-,1
UTI_GCA_000778545,UTI,UTI_GCA_000778545.1.fna:AA376,AA376,7,,IncY,non-mobilizable,-,-,-,5
UTI_GCA_000778545,UTI,UTI_GCA_000778545.1.fna:AD312,AD312,3,,-,non-mobilizable,-,-,-,1
UTI_GCA_000778545,UTI,UTI_GCA_000778545.1.fna:AF242,AF242,3,,-,non-mobilizable,-,-,-,0
UTI_GCA_003856995,UTI,UTI_GCA_003856995.1.fna:AA738,AA738,2,,"IncHI2A,rep_cluster_1088,IncI-gamma/K1",conjugative,"MOBH,MOBP",MPF_I,"MOBH,MOBP",6
UTI_GCA_003856995,UTI,UTI_GCA_003856995.1.fna:AA178,AA178,2,,"IncFIA,IncFIB,IncFIC,rep_cluster_2244,rep_cluster_2313",conjugative,"MOBF,MOBF,MOBF,MOBP",MPF_F,"MOBF,MOBF",9
UTI_GCA_003856995,UTI,UTI_GCA_003856995.1.fna:AA378,AA378,1,,IncHI1B,non-mobilizable,-,-,-,0
UTI_GCA_017869465,UTI,UTI_GCA_017869465.1.fna:AA738,AA738,2,,"IncFIA,IncFIB,IncFIC,IncQ1,IncHI2A,IncN,rep_cluster_1088",conjugative,"MOBF,MOBH",MPF_F,"MOBH,MOBF",11
UTI_GCA_017869465,UTI,UTI_GCA_017869465.1.fna:AC431,AC431,1,,rep_cluster_2350,mobilizable,-,-,"MOBP,MOB_unknown",0
rUTI_ERR14226167,rUTI,rUTI_ERR14226167:AA321,AA321,2,,"IncFIA,IncFIC",conjugative,MOBF,MPF_F,-,0
rUTI_ERR14226167,rUTI,rUTI_ERR14226167:AB440,AB440,1,,rep_cluster_2350,mobilizable,MOBP,-,MOBP,0
rUTI_ERR14226167,rUTI,rUTI_ERR14226167:AG799,AG799,2,,IncFIB,non-mobilizable,-,-,-,0
UTI_GCA_029125385,UTI,UTI_GCA_029125385.1.fna:AA171,AA171,8,,"IncFIA,IncFIB,IncFII",conjugative,MOBF,MPF_F,MOBF,3
UTI_GCA_029125385,UTI,UTI_GCA_029125385.1.fna:AA977,AA977,1,,Col156,mobilizable,MOBQ,-,-,0
UTI_GCA_029125385,UTI,UTI_GCA_029125385.1.fna:AA579,AA579,1,,rep_cluster_1778,mobilizable,MOBQ,-,"MOBQ,MOBQ",0
rUTI_ERR14226093,rUTI,rUTI_ERR14226093:AA378,AA378,1,,IncY,non-mobilizable,-,-,-,0
rUTI_ERR14226093,rUTI,rUTI_ERR14226093:AA977,AA977,1,,rep_cluster_2131,mobilizable,MOBQ,-,-,0
UTI_GCA_020085855,UTI,UTI_GCA_020085855.1.fna:AA352,AA352,13,,"IncFIB,IncFII",non-mobilizable,-,-,-,1
UTI_GCA_020085855,UTI,UTI_GCA_020085855.1.fna:novel_5516a94a777318c3433a21a661cc92e4,novel_5516a94a777318c3433a21a661cc92e4,2,,-,mobilizable,MOBP,-,-,1
UTI_GCA_020085855,UTI,UTI_GCA_020085855.1.fna:AA579,AA579,1,,rep_cluster_1778,mobilizable,"MOBQ,MOBQ",-,"MOBQ,MOBQ",0
UTI_GCA_020085855,UTI,UTI_GCA_020085855.1.fna:AC748,AC748,1,,Col(BS512),non-mobilizable,-,-,-,0
UTI_GCA_000778035,UTI,UTI_GCA_000778035.1.fna:AA337,AA337,10,,"IncFIA,IncFIB,rep_cluster_2131",conjugative,MOBF,MPF_F,MOBF,4
UTI_GCA_000778035,UTI,UTI_GCA_000778035.1.fna:AA147,AA147,1,,rep_cluster_2401,mobilizable,MOBP,-,-,0
UTI_GCA_029120135,UTI,UTI_GCA_029120135.1.fna:AA474,AA474,4,,IncI1/B/O,conjugative,MOBP,MPF_I,MOBP,3
UTI_GCA_029120135,UTI,UTI_GCA_029120135.1.fna:AD158,AD158,5,,rep_cluster_1760,conjugative,MOBF,MPF_T,-,0
UTI_GCA_029120135,UTI,UTI_GCA_029120135.1.fna:AA171,AA171,6,,"IncFIA,IncFII,IncFIB",conjugative,MOBF,MPF_F,-,0
UTI_GCA_029120135,UTI,UTI_GCA_029120135.1.fna:AA172,AA172,2,,IncFIA,non-mobilizable,-,-,-,1
UTI_GCA_029120135,UTI,UTI_GCA_029120135.1.fna:AA977,AA977,1,,Col156,mobilizable,MOBQ,-,-,0
UTI_GCA_000780615,UTI,UTI_GCA_000780615.1.fna:AA735,AA735,7,,"IncFIA,IncFIC,IncFII",conjugative,MOBF,MPF_F,MOBF,0
UTI_GCA_000780615,UTI,UTI_GCA_000780615.1.fna:AA619,AA619,2,,IncX4,conjugative,MOBP,MPF_T,-,0
UTI_GCA_000780615,UTI,UTI_GCA_000780615.1.fna:AA579,AA579,1,,rep_cluster_1778,mobilizable,MOBQ,-,"MOBQ,MOBQ",0
UTI_GCA_000780095,UTI,UTI_GCA_000780095.1.fna:AA337,AA337,6,,"IncFIA,IncFIB,rep_cluster_2131",conjugative,MOBF,MPF_F,MOBF,3
UTI_GCA_000780095,UTI,UTI_GCA_000780095.1.fna:AE638,AE638,2,,-,non-mobilizable,-,-,-,1
rUTI_ERR14226057,rUTI,rUTI_ERR14226057:AA552,AA552,2,,-,conjugative,MOBF,MPF_T,MOBF,2
rUTI_ERR14226057,rUTI,rUTI_ERR14226057:AB229,AB229,1,,IncX1,conjugative,MOBP,MPF_T,MOBP,0
rUTI_ERR14226057,rUTI,rUTI_ERR14226057:AC148,AC148,2,,rep_cluster_827,conjugative,MOBP,MPF_T,-,0
rUTI_ERR14226057,rUTI,rUTI_ERR14226057:AA977,AA977,1,,Col156,mobilizable,MOBQ,-,-,0
rUTI_ERR14226057,rUTI,rUTI_ERR14226057:AA579,AA579,1,,rep_cluster_1778,mobilizable,MOBQ,-,"MOBQ,MOBQ",0
rUTI_ERR14226057,rUTI,rUTI_ERR14226057:AC748,AC748,1,,Col(BS512),non-mobilizable,-,-,-,0
rUTI_ERR14226073,rUTI,rUTI_ERR14226073:AA977,AA977,1,,rep_cluster_2131,mobilizable,MOBQ,-,-,0
rUTI_ERR14226129,rUTI,rUTI_ERR14226129:AA282,AA282,1,,IncI1/B/O,conjugative,MOBP,MPF_I,MOBP,0
rUTI_ERR14226129,rUTI,rUTI_ERR14226129:AA337,AA337,10,,"IncFIA,IncFIC,IncFIB,rep_cluster_2131",conjugative,MOBF,MPF_F,MOBF,2
rUTI_ERR14226129,rUTI,rUTI_ERR14226129:AA941,AA941,1,,ColRNAI_rep_cluster_1857,mobilizable,MOBC,-,-,1
rUTI_ERR14226129,rUTI,rUTI_ERR14226129:novel_b0174bacca4dbc6df060fb82cac590e1,novel_b0174bacca4dbc6df060fb82cac590e1,1,,rep_cluster_1451,mobilizable,MOBQ,-,-,0
rUTI_ERR14226129,rUTI,rUTI_ERR14226129:AB688,AB688,1,,Col(MG828),non-mobilizable,-,-,-,0
UTI_GCA_002855655,UTI,UTI_GCA_002855655.1.fna:AA747,AA747,1,,rep_cluster_488,non-mobilizable,-,-,-,0
UTI_GCA_002855655,UTI,UTI_GCA_002855655.1.fna:AA002,AA002,5,,IncL/M,conjugative,MOBP,MPF_I,-,0
UTI_GCA_019508785,UTI,UTI_GCA_019508785.1.fna:AA176,AA176,10,,"IncFIB,IncFIC,rep_cluster_2244",conjugative,"MOBF,MOBP",MPF_F,MOBF,3
UTI_GCA_019508785,UTI,UTI_GCA_019508785.1.fna:AA903,AA903,2,,-,non-mobilizable,-,-,-,1
UTI_GCA_019508785,UTI,UTI_GCA_019508785.1.fna:AB239,AB239,1,,-,mobilizable,-,-,"MOBF,MOBP",0
UTI_GCA_000780875,UTI,UTI_GCA_000780875.1.fna:AA337,AA337,5,,"IncFIA,IncFIB,IncFIC,rep_cluster_2131",conjugative,"MOBF,MOBP",MPF_F,MOBF,4
rUTI_GCA_030707995,rUTI,rUTI_GCA_030707995.1.fna:AA324,AA324,1,,"IncFIA,IncFIA,IncFIB,IncFIC,rep_cluster_2131",conjugative,"MOBF,MOBP",MPF_F,MOBF,7
rUTI_GCA_030707995,rUTI,rUTI_GCA_030707995.1.fna:AA474,AA474,1,,IncI1/B/O,conjugative,MOBP,MPF_I,MOBP,0
rUTI_GCA_030707995,rUTI,rUTI_GCA_030707995.1.fna:AC741,AC741,1,,rep_cluster_435,mobilizable,MOBP,-,-,0
UTI_GCA_029117025,UTI,UTI_GCA_029117025.1.fna:AA172,AA172,7,,"IncFIA,IncFIA,IncFIB",mobilizable,"MOBF,MOBF",-,-,2
UTI_GCA_029117025,UTI,UTI_GCA_029117025.1.fna:AA977,AA977,1,,Col156,mobilizable,MOBQ,-,-,0
rUTI_ERR14226236,rUTI,rUTI_ERR14226236:AA314,AA314,1,,"IncFIA,IncFIC",conjugative,MOBF,MPF_F,MOBF,0
rUTI_ERR14226236,rUTI,rUTI_ERR14226236:AA321,AA321,4,,IncFIB,non-mobilizable,-,-,-,0
rUTI_ERR14226236,rUTI,rUTI_ERR14226236:AC510,AC510,1,,rep_cluster_2350,mobilizable,MOBP,-,MOBP,0
rUTI_GCA_034642855,rUTI,rUTI_GCA_034642855.1.fna:AA171,AA171,1,,"IncFIA,IncFIB,IncFII",conjugative,"MOBF,MOBP",MPF_F,MOBF,4
UTI_GCA_041251595,UTI,UTI_GCA_041251595.1.fna:AA738,AA738,1,,"IncHI2A,rep_cluster_1088",conjugative,MOBH,MPF_F,MOBH,14
UTI_GCA_041251595,UTI,UTI_GCA_041251595.1.fna:AA176,AA176,1,,"IncFIB,IncFIC,rep_cluster_2244",conjugative,MOBF,MPF_F,MOBF,6
UTI_GCA_041251595,UTI,UTI_GCA_041251595.1.fna:AA378,AA378,1,,IncHI1B,non-mobilizable,-,-,-,0
rUTI_GCA_013372325,rUTI,rUTI_GCA_013372325.1.fna:AA171,AA171,1,,"IncFIA,IncFIA,IncFIB,IncFII,rep_cluster_2131",conjugative,"MOBF,MOBP",MPF_F,MOBF,5
rUTI_GCA_013372325,rUTI,rUTI_GCA_013372325.1.fna:AA474,AA474,1,,IncI1/B/O,conjugative,MOBP,MPF_I,MOBP,0
rUTI_GCA_013372325,rUTI,rUTI_GCA_013372325.1.fna:AA977,AA977,1,,Col156,mobilizable,MOBQ,-,-,0
rUTI_ERR14226116,rUTI,rUTI_ERR14226116:AA176,AA176,11,,"IncFIA,IncFIB,IncQ1",conjugative,MOBF,MPF_F,-,5
rUTI_ERR14226116,rUTI,rUTI_ERR14226116:AD158,AD158,2,,IncN,conjugative,MOBF,MPF_T,-,0
rUTI_ERR14226116,rUTI,rUTI_ERR14226116:AA159,AA159,1,,rep_cluster_2350,mobilizable,"MOBP,MOBP",-,MOBP,0
UTI_GCA_000779955,UTI,UTI_GCA_000779955.1.fna:AA749,AA749,3,,IncFIB,non-mobilizable,-,-,-,2
UTI_GCA_000779955,UTI,UTI_GCA_000779955.1.fna:AA887,AA887,8,,IncY,conjugative,MOBC,MPF_T,-,4
UTI_GCA_000779955,UTI,UTI_GCA_000779955.1.fna:AA374,AA374,4,,IncHI1B,non-mobilizable,-,-,-,1
UTI_GCA_000779955,UTI,UTI_GCA_000779955.1.fna:AA587,AA587,1,,-,non-mobilizable,-,-,-,1
UTI_GCA_000779955,UTI,UTI_GCA_000779955.1.fna:novel_8a9098d0ecd1293cb86dc0ff3c3ec59c,novel_8a9098d0ecd1293cb86dc0ff3c3ec59c,1,,IncFIB,non-mobilizable,-,-,-,0
UTI_GCA_029120395,UTI,UTI_GCA_029120395.1.fna:AA352,AA352,8,,"IncFIB,IncFII,IncQ1,rep_cluster_2131",non-mobilizable,-,-,-,3
UTI_GCA_030988915,UTI,UTI_GCA_030988915.1.fna:AA171,AA171,1,,"IncFIB,IncFII,rep_cluster_2131",mobilizable,MOBP,-,-,3
UTI_GCA_030988915,UTI,UTI_GCA_030988915.1.fna:AC748,AC748,1,,Col(BS512),non-mobilizable,-,-,-,0
UTI_GCA_004101155,UTI,UTI_GCA_004101155.1.fna:AA334,AA334,3,,IncFIA,conjugative,MOBF,MPF_F,MOBF,0
UTI_GCA_004101155,UTI,UTI_GCA_004101155.1.fna:AA174,AA174,3,,IncFII,non-mobilizable,-,-,-,1
UTI_GCA_004101155,UTI,UTI_GCA_004101155.1.fna:AA579,AA579,1,,rep_cluster_1778,mobilizable,MOBQ,-,"MOBQ,MOBQ",0
UTI_GCA_004101155,UTI,UTI_GCA_004101155.1.fna:AC748,AC748,1,,Col(BS512),non-mobilizable,-,-,-,0
rUTI_ERR14226065,rUTI,rUTI_ERR14226065:AC512,AC512,4,,IncFIB,non-mobilizable,-,-,-,1
rUTI_ERR14226065,rUTI,rUTI_ERR14226065:AA336,AA336,22,,IncQ1,mobilizable,-,MPF_F,"MOBF,MOBF",1
rUTI_ERR14226065,rUTI,rUTI_ERR14226065:AA352,AA352,2,,rep_cluster_2131,non-mobilizable,-,-,-,0
rUTI_GCA_011751375,rUTI,rUTI_GCA_011751375.1.fna:AA297,AA297,1,,"IncFIA,IncFIB,IncFIC,rep_cluster_2131",conjugative,"MOBF,MOBP",MPF_F,MOBF,7
rUTI_ERR4556424,rUTI,rUTI_ERR4556424:AA176,AA176,10,,"IncFIB,rep_cluster_2244",conjugative,MOBF,MPF_F,MOBF,4
rUTI_ERR4556424,rUTI,rUTI_ERR4556424:AA282,AA282,4,,IncK2/Z,conjugative,MOBP,MPF_I,MOBP,0
rUTI_ERR4556424,rUTI,rUTI_ERR4556424:AA161,AA161,1,,rep_cluster_2350,mobilizable,"MOBP,MOBP",-,MOBP,0
rUTI_ERR4556424,rUTI,rUTI_ERR4556424:AA974,AA974,1,,rep_cluster_2361,mobilizable,MOBQ,-,-,0
UTI_GCA_013402855,UTI,UTI_GCA_013402855.1.fna:AA474,AA474,1,,IncI-gamma/K1,conjugative,MOBP,MPF_I,MOBP,1
UTI_GCA_013402855,UTI,UTI_GCA_013402855.1.fna:AA282,AA282,1,,IncK2/Z,conjugative,MOBP,MPF_I,MOBP,0
UTI_GCA_000779995,UTI,UTI_GCA_000779995.1.fna:AA337,AA337,5,,"IncFIA,IncFIB,rep_cluster_2131",conjugative,MOBF,MPF_F,MOBF,4
UTI_GCA_029115025,UTI,UTI_GCA_029115025.1.fna:AA147,AA147,1,,rep_cluster_2401,mobilizable,MOBP,-,MOBP,0
UTI_GCA_029115025,UTI,UTI_GCA_029115025.1.fna:AA977,AA977,1,,Col156,mobilizable,MOBQ,-,-,0
UTI_GCA_029115025,UTI,UTI_GCA_029115025.1.fna:AA579,AA579,1,,rep_cluster_1778,mobilizable,MOBQ,-,"MOBQ,MOBQ",0
UTI_GCA_029115025,UTI,UTI_GCA_029115025.1.fna:AC748,AC748,1,,Col(BS512),non-mobilizable,-,-,-,0
UTI_GCA_029115025,UTI,UTI_GCA_029115025.1.fna:AB685,AB685,1,,Col(MG828),mobilizable,-,-,"MOBP,MOB_unknown",0
rUTI_GCA_011751355,rUTI,rUTI_GCA_011751355.1.fna:AB691,AB691,1,,-,non-mobilizable,-,-,-,0
rUTI_GCA_011751355,rUTI,rUTI_GCA_011751355.1.fna:AA163,AA163,1,,-,mobilizable,MOBP,-,MOBP,0
rUTI_GCA_011751355,rUTI,rUTI_GCA_011751355.1.fna:AB685,AB685,1,,Col(MG828),mobilizable,-,-,"MOBP,MOB_unknown",0
UTI_GCA_020085175,UTI,UTI_GCA_020085175.1.fna:AA337,AA337,11,,"IncFIA,IncFIC,IncFIB,rep_cluster_2131",conjugative,MOBF,MPF_F,MOBF,3
UTI_GCA_000780995,UTI,UTI_GCA_000780995.1.fna:AA314,AA314,5,,"IncFIA,IncFIB",conjugative,MOBF,MPF_F,MOBF,0
UTI_GCA_000776815,UTI,UTI_GCA_000776815.1.fna:AA321,AA321,4,,"IncFIA,IncFIB",conjugative,MOBF,MPF_F,MOBF,0
UTI_GCA_000776815,UTI,UTI_GCA_000776815.1.fna:AD672,AD672,1,,-,non-mobilizable,-,-,-,0
rUTI_GCA_030707955,rUTI,rUTI_GCA_030707955.1.fna:AA171,AA171,1,,"IncFIA,IncFIB,IncFII,IncFII,rep_cluster_2131",conjugative,"MOBF,MOBP",MPF_F,MOBF,8
UTI_GCA_000777695,UTI,UTI_GCA_000777695.1.fna:AA337,AA337,20,,"IncFIA,IncFIB,rep_cluster_2131",conjugative,MOBF,MPF_F,MOBF,5
UTI_GCA_016092455,UTI,UTI_GCA_016092455.1.fna:AA747,AA747,1,,rep_cluster_488,non-mobilizable,-,-,-,0
UTI_GCA_016092455,UTI,UTI_GCA_016092455.1.fna:AA176,AA176,6,,"IncFIB,rep_cluster_2244",conjugative,MOBF,MPF_F,MOBF,2
UTI_GCA_016092455,UTI,UTI_GCA_016092455.1.fna:AB685,AB685,1,,Col(MG828),mobilizable,-,-,"MOBP,MOB_unknown",0
UTI_GCA_029120495,UTI,UTI_GCA_029120495.1.fna:AA352,AA352,8,,"IncFIB,IncFII,IncQ1,rep_cluster_2131",non-mobilizable,-,-,-,3
UTI_GCA_000776055,UTI,UTI_GCA_000776055.1.fna:AA337,AA337,6,,IncFIB,mobilizable,-,MPF_F,MOBF,2
UTI_GCA_000776055,UTI,UTI_GCA_000776055.1.fna:AE638,AE638,1,,IncFIA,conjugative,MOBF,MPF_Unknown,-,1
rUTI_ERR14226077,rUTI,rUTI_ERR14226077:AA337,AA337,13,,IncFIB,mobilizable,-,MPF_F,"MOBF,MOBF",4
rUTI_ERR14226182,rUTI,rUTI_ERR14226182:AA176,AA176,8,,IncFIB,conjugative,MOBF,MPF_F,-,3
rUTI_ERR14226182,rUTI,rUTI_ERR14226182:AA474,AA474,4,,IncI-gamma/K1,non-mobilizable,-,-,-,1
rUTI_ERR14226182,rUTI,rUTI_ERR14226182:AA476,AA476,1,,-,non-mobilizable,-,-,-,0
UTI_GCA_029118425,UTI,UTI_GCA_029118425.1.fna:AA336,AA336,5,,IncFIA,conjugative,MOBF,MPF_F,MOBF,2
UTI_GCA_029118425,UTI,UTI_GCA_029118425.1.fna:AA172,AA172,2,,"IncFIA,IncFIB",non-mobilizable,-,-,-,1
UTI_GCA_029118425,UTI,UTI_GCA_029118425.1.fna:AA977,AA977,1,,Col156,mobilizable,MOBQ,-,-,0
UTI_GCA_029118425,UTI,UTI_GCA_029118425.1.fna:AA579,AA579,1,,rep_cluster_1778,mobilizable,MOBQ,-,"MOBQ,MOBQ",0
UTI_GCA_029118425,UTI,UTI_GCA_029118425.1.fna:AB687,AB687,1,,Col(MG828),non-mobilizable,-,-,-,0
UTI_GCA_000779475,UTI,UTI_GCA_000779475.1.fna:AA304,AA304,2,,"IncFIB,IncFII,IncFII,IncI1",conjugative,MOBF,MPF_F,-,0
UTI_GCA_000779475,UTI,UTI_GCA_000779475.1.fna:AA372,AA372,1,,IncI2,conjugative,"MOBP,MOBP",MPF_T,-,0
UTI_GCA_000779475,UTI,UTI_GCA_000779475.1.fna:AF232,AF232,2,,-,non-mobilizable,-,-,-,0
UTI_GCA_029115995,UTI,UTI_GCA_029115995.1.fna:AA372,AA372,2,,IncI2,conjugative,MOBP,MPF_T,-,1
UTI_GCA_000780895,UTI,UTI_GCA_000780895.1.fna:AC206,AC206,1,,"IncFII,IncFII",conjugative,MOBF,MPF_F,-,0
UTI_GCA_000780895,UTI,UTI_GCA_000780895.1.fna:AD306,AD306,1,,IncFII,non-mobilizable,-,MPF_T,-,0
rUTI_ERR14226149,rUTI,rUTI_ERR14226149:AA282,AA282,10,,IncK2/Z,conjugative,MOBP,MPF_I,MOBP,2
rUTI_ERR14226149,rUTI,rUTI_ERR14226149:AA336,AA336,26,,IncFIC,conjugative,MOBF,MPF_F,MOBF,0
UTI_GCA_023024425,UTI,UTI_GCA_023024425.1.fna:AA738,AA738,2,,"IncFIA,IncFIB,IncFIC,IncHI2A,rep_cluster_1088",conjugative,"MOBF,MOBH",MPF_F,"MOBH,MOBF",6
UTI_GCA_023024425,UTI,UTI_GCA_023024425.1.fna:AA378,AA378,1,,IncHI1B,non-mobilizable,-,-,-,0
UTI_GCA_023024425,UTI,UTI_GCA_023024425.1.fna:AA627,AA627,1,,IncC,mobilizable,-,MPF_F,MOBH,0
UTI_GCA_023024425,UTI,UTI_GCA_023024425.1.fna:AA159,AA159,1,,rep_cluster_2350,mobilizable,MOBP,-,MOBP,0
UTI_GCA_023024425,UTI,UTI_GCA_023024425.1.fna:AA537,AA537,1,,ColRNAI_rep_cluster_1987,mobilizable,MOBP,-,MOB_unknown,0
UTI_GCA_023024425,UTI,UTI_GCA_023024425.1.fna:AA163,AA163,1,,-,mobilizable,"MOBP,MOBP",-,MOBP,0
UTI_GCA_029082075,UTI,UTI_GCA_029082075.1.fna:AC621,AC621,2,,-,non-mobilizable,-,-,-,0
UTI_GCA_029082075,UTI,UTI_GCA_029082075.1.fna:AA977,AA977,1,,Col156,mobilizable,MOBQ,-,-,0
UTI_GCA_029082075,UTI,UTI_GCA_029082075.1.fna:AA579,AA579,1,,rep_cluster_1778,mobilizable,MOBQ,-,"MOBQ,MOBQ",0
UTI_GCA_029082075,UTI,UTI_GCA_029082075.1.fna:AC748,AC748,1,,Col(BS512),non-mobilizable,-,-,-,0
UTI_GCA_000776675,UTI,UTI_GCA_000776675.1.fna:AB688,AB688,1,,-,non-mobilizable,-,-,-,0
UTI_GCA_019508905,UTI,UTI_GCA_019508905.1.fna:AA171,AA171,14,,"IncFIA,IncFII,rep_cluster_2131",conjugative,"MOBF,MOBF",MPF_F,MOBF,4
UTI_GCA_019508905,UTI,UTI_GCA_019508905.1.fna:AA735,AA735,3,,"IncFIB,IncFII",non-mobilizable,-,-,-,0
rUTI_ERR4556466,rUTI,rUTI_ERR4556466:AA304,AA304,1,,"IncFIA,IncFIA,IncFIB,IncFIC",conjugative,MOBF,MPF_F,MOBF,0
UTI_GCA_000779915,UTI,UTI_GCA_000779915.1.fna:AD672,AD672,2,,-,non-mobilizable,-,-,-,0
rUTI_ERR14226114,rUTI,rUTI_ERR14226114:AD158,AD158,2,,IncN,conjugative,MOBF,MPF_T,-,0
rUTI_ERR14226114,rUTI,rUTI_ERR14226114:AA979,AA979,1,,rep_cluster_2131,mobilizable,MOBQ,-,-,0
rUTI_ERR14226114,rUTI,rUTI_ERR14226114:AB075,AB075,1,,ColRNAI_rep_cluster_1987,mobilizable,MOBP,-,MOB_unknown,0
rUTI_ERR14226141,rUTI,rUTI_ERR14226141:AG659,AG659,1,,-,non-mobilizable,-,-,-,1
rUTI_ERR14226141,rUTI,rUTI_ERR14226141:AA903,AA903,4,,-,non-mobilizable,-,-,-,0
rUTI_ERR14226098,rUTI,rUTI_ERR14226098:AA171,AA171,2,,"IncFIA,IncFII",conjugative,MOBF,MPF_F,MOBF,1
rUTI_ERR14226098,rUTI,rUTI_ERR14226098:AA619,AA619,1,,IncX4,conjugative,MOBP,MPF_T,-,0
rUTI_ERR14226098,rUTI,rUTI_ERR14226098:AA174,AA174,2,,IncFIB,non-mobilizable,-,-,-,0
rUTI_ERR14226098,rUTI,rUTI_ERR14226098:AD306,AD306,2,,IncFII,non-mobilizable,-,MPF_T,-,0
rUTI_ERR14226098,rUTI,rUTI_ERR14226098:AA147,AA147,1,,rep_cluster_2401,mobilizable,MOBP,-,MOBP,0
rUTI_ERR14226098,rUTI,rUTI_ERR14226098:AA977,AA977,1,,Col156,mobilizable,MOBQ,-,-,0
rUTI_GCA_013372385,rUTI,rUTI_GCA_013372385.1.fna:AA153,AA153,1,,rep_cluster_2370,mobilizable,MOBP,-,MOBP,0
UTI_GCA_020086245,UTI,UTI_GCA_020086245.1.fna:AA352,AA352,14,,"IncFIB,IncFII,IncQ1,rep_cluster_2131,rep_cluster_2131",non-mobilizable,-,-,-,3
UTI_GCA_020086245,UTI,UTI_GCA_020086245.1.fna:AC082,AC082,2,,"Col156,rep_cluster_2131",mobilizable,MOBQ,-,-,0
UTI_GCA_020086245,UTI,UTI_GCA_020086245.1.fna:AA579,AA579,1,,rep_cluster_1778,mobilizable,MOBQ,-,"MOBQ,MOBQ",0
UTI_GCA_020086245,UTI,UTI_GCA_020086245.1.fna:AC748,AC748,1,,Col(BS512),non-mobilizable,-,-,-,0
UTI_GCA_013402895,UTI,UTI_GCA_013402895.1.fna:AA324,AA324,2,,"IncFIA,IncFIA,IncFIA,IncFIB",conjugative,MOBF,MPF_F,"MOBF,MOBP",5
UTI_GCA_013402895,UTI,UTI_GCA_013402895.1.fna:AA976,AA976,1,,Col156,mobilizable,MOBQ,-,-,0
UTI_GCA_029082625,UTI,UTI_GCA_029082625.1.fna:AA282,AA282,6,,IncI1/B/O,conjugative,MOBP,MPF_I,MOBP,0
UTI_GCA_029082625,UTI,UTI_GCA_029082625.1.fna:AA352,AA352,5,,"IncFIB,IncFII",non-mobilizable,-,-,-,2
UTI_GCA_029082625,UTI,UTI_GCA_029082625.1.fna:AC044,AC044,2,,-,non-mobilizable,-,-,-,0
UTI_GCA_029082625,UTI,UTI_GCA_029082625.1.fna:AA159,AA159,1,,rep_cluster_2350,mobilizable,MOBP,-,MOBP,0
UTI_GCA_029082625,UTI,UTI_GCA_029082625.1.fna:AA977,AA977,1,,rep_cluster_2131,mobilizable,MOBQ,-,-,0
UTI_GCA_029082625,UTI,UTI_GCA_029082625.1.fna:AA579,AA579,1,,rep_cluster_1778,mobilizable,MOBQ,-,"MOBQ,MOBQ",0
UTI_GCA_029082625,UTI,UTI_GCA_029082625.1.fna:AC748,AC748,1,,Col(BS512),non-mobilizable,-,-,-,0
UTI_GCA_029082625,UTI,UTI_GCA_029082625.1.fna:AB241,AB241,1,,ColpVC,mobilizable,-,-,MOBP,0
rUTI_ERR14226222,rUTI,rUTI_ERR14226222:AA282,AA282,2,,IncK2/Z,conjugative,MOBP,MPF_I,MOBP,1
rUTI_ERR14226222,rUTI,rUTI_ERR14226222:AA178,AA178,21,,"IncFIB,IncFIC,rep_cluster_2244,rep_cluster_2313",conjugative,MOBF,MPF_F,MOBF,5
rUTI_ERR14226222,rUTI,rUTI_ERR14226222:AA474,AA474,6,,IncI-gamma/K1,conjugative,MOBP,MPF_I,MOBP,0
rUTI_ERR14226222,rUTI,rUTI_ERR14226222:AB685,AB685,1,,Col(MG828),mobilizable,-,-,"MOBP,MOB_unknown",0
rUTI_GCA_011751285,rUTI,rUTI_GCA_011751285.1.fna:AA176,AA176,1,,IncFIB,conjugative,MOBF,MPF_F,MOBF,3
rUTI_ERR14226224,rUTI,rUTI_ERR14226224:AA282,AA282,5,,IncK2/Z,conjugative,MOBP,MPF_I,"MOBP,MOB_unknown",1
rUTI_ERR14226224,rUTI,rUTI_ERR14226224:AA667,AA667,1,,-,non-mobilizable,-,-,-,0
rUTI_ERR14226224,rUTI,rUTI_ERR14226224:AA671,AA671,1,,-,non-mobilizable,-,-,-,0
rUTI_ERR14226176,rUTI,rUTI_ERR14226176:AA352,AA352,7,,"IncFIB,IncFII,rep_cluster_2131",non-mobilizable,-,-,-,1
rUTI_ERR14226176,rUTI,rUTI_ERR14226176:AA171,AA171,6,,"IncFIA,IncFII,rep_cluster_2370",conjugative,MOBF,MPF_F,"MOBF,MOB_unknown",2
rUTI_ERR14226176,rUTI,rUTI_ERR14226176:AA102,AA102,1,,rep_cluster_2335,mobilizable,-,-,MOB_unknown,0
rUTI_ERR14226176,rUTI,rUTI_ERR14226176:AC748,AC748,1,,-,non-mobilizable,-,-,-,0
rUTI_ERR14226176,rUTI,rUTI_ERR14226176:AB685,AB685,1,,Col(MG828),mobilizable,-,-,MOB_unknown,0
UTI_GCA_000776565,UTI,UTI_GCA_000776565.1.fna:AA337,AA337,9,,"IncFIA,IncFIC,IncFIB,rep_cluster_2131,rep_cluster_2344",conjugative,MOBF,MPF_F,MOBF,4
UTI_GCA_000776565,UTI,UTI_GCA_000776565.1.fna:AA977,AA977,1,,-,mobilizable,MOBQ,-,-,0
UTI_GCA_029080785,UTI,UTI_GCA_029080785.1.fna:AA941,AA941,1,,ColRNAI_rep_cluster_1857,mobilizable,MOBC,-,-,0
rUTI_ERR14226104,rUTI,rUTI_ERR14226104:AA738,AA738,10,,"IncHI2A,rep_cluster_1088",conjugative,MOBH,MPF_F,MOBH,1
rUTI_ERR14226104,rUTI,rUTI_ERR14226104:AA176,AA176,11,,"IncFIB,IncFIC,rep_cluster_2244",conjugative,"MOBF,MOBP",MPF_F,MOBF,5
rUTI_ERR14226104,rUTI,rUTI_ERR14226104:AC977,AC977,1,,rep_cluster_2175,conjugative,MOBP,MPF_T,-,0
rUTI_ERR14226104,rUTI,rUTI_ERR14226104:AD451,AD451,1,,-,conjugative,MOBC,MPF_T,-,0
rUTI_ERR14226104,rUTI,rUTI_ERR14226104:AA576,AA576,1,,rep_cluster_2150,mobilizable,MOBQ,-,"MOBQ,MOBQ",0
rUTI_ERR14226104,rUTI,rUTI_ERR14226104:AA147,AA147,1,,rep_cluster_2401,mobilizable,MOBP,-,MOBP,0
rUTI_ERR14226104,rUTI,rUTI_ERR14226104:AA979,AA979,1,,Col156,mobilizable,MOBQ,-,-,0
rUTI_ERR14226104,rUTI,rUTI_ERR14226104:AB685,AB685,1,,Col(MG828),mobilizable,-,-,MOB_unknown,0
UTI_GCA_000778015,UTI,UTI_GCA_000778015.1.fna:AA352,AA352,9,,"IncFIB,IncFII,IncQ1,rep_cluster_2131",non-mobilizable,-,-,-,3
UTI_GCA_000778015,UTI,UTI_GCA_000778015.1.fna:AA941,AA941,5,,-,non-mobilizable,-,-,-,0
UTI_GCA_000778015,UTI,UTI_GCA_000778015.1.fna:AA579,AA579,1,,-,mobilizable,MOBQ,-,"MOBQ,MOBQ",0
UTI_GCA_000780775,UTI,UTI_GCA_000780775.1.fna:AA337,AA337,3,,"IncFIA,IncFIB",conjugative,MOBF,MPF_F,MOBF,3
UTI_GCA_000780775,UTI,UTI_GCA_000780775.1.fna:AA903,AA903,4,,-,non-mobilizable,-,-,-,1
UTI_GCA_017903455,UTI,UTI_GCA_017903455.1.fna:AA738,AA738,2,,"IncFIA,IncHI2A,rep_cluster_1088",conjugative,"MOBF,MOBH",MPF_F,"MOBH,MOBF",4
UTI_GCA_017903455,UTI,UTI_GCA_017903455.1.fna:AA375,AA375,1,,IncFIB,mobilizable,MOBH,-,-,2
UTI_GCA_017903455,UTI,UTI_GCA_017903455.1.fna:AC315,AC315,1,,IncY,mobilizable,MOBC,-,-,2
UTI_GCA_000778355,UTI,UTI_GCA_000778355.1.fna:AA337,AA337,5,,"IncFIA,IncFIC,IncFIB,rep_cluster_2131",conjugative,MOBF,MPF_F,MOBF,3
UTI_GCA_029113885,UTI,UTI_GCA_029113885.1.fna:AA747,AA747,1,,rep_cluster_488,non-mobilizable,-,-,-,0
UTI_GCA_029113885,UTI,UTI_GCA_029113885.1.fna:AC621,AC621,2,,-,non-mobilizable,-,-,-,0
UTI_GCA_029113885,UTI,UTI_GCA_029113885.1.fna:AA161,AA161,1,,rep_cluster_2350,mobilizable,MOBP,-,MOBP,0
rUTI_ERR4556465,rUTI,rUTI_ERR4556465:AA282,AA282,7,,IncK2/Z,conjugative,MOBP,MPF_I,MOBP,1
rUTI_ERR4556465,rUTI,rUTI_ERR4556465:AB714,AB714,1,,-,non-mobilizable,-,-,-,0
rUTI_GCA_027474265,rUTI,rUTI_GCA_027474265.1.fna:AA337,AA337,1,,"IncFIA,IncFIB,IncFIC,rep_cluster_2131",conjugative,"MOBF,MOBP",MPF_F,MOBF,4
rUTI_GCA_027474265,rUTI,rUTI_GCA_027474265.1.fna:AA147,AA147,1,,rep_cluster_2401,mobilizable,MOBP,-,MOBP,0
UTI_GCA_029109835,UTI,UTI_GCA_029109835.1.fna:AA337,AA337,7,,"IncFIA,IncFIB,rep_cluster_2131",conjugative,MOBF,MPF_F,MOBF,4
UTI_GCA_029109835,UTI,UTI_GCA_029109835.1.fna:AA474,AA474,3,,IncI1/B/O,conjugative,MOBP,MPF_I,MOBP,0
UTI_GCA_029109835,UTI,UTI_GCA_029109835.1.fna:AA977,AA977,1,,Col156,mobilizable,MOBQ,-,-,0
UTI_GCA_029109835,UTI,UTI_GCA_029109835.1.fna:AA579,AA579,1,,rep_cluster_1778,mobilizable,MOBQ,-,"MOBQ,MOBQ",0
UTI_GCA_000780735,UTI,UTI_GCA_000780735.1.fna:AA337,AA337,4,,"IncFIA,IncFIB,rep_cluster_2131",conjugative,MOBF,MPF_F,MOBF,2
UTI_GCA_000780735,UTI,UTI_GCA_000780735.1.fna:AE638,AE638,1,,-,non-mobilizable,-,-,-,0
UTI_GCA_029119255,UTI,UTI_GCA_029119255.1.fna:AA977,AA977,1,,rep_cluster_2131,mobilizable,MOBQ,-,-,0
rUTI_ERR14226118,rUTI,rUTI_ERR14226118:AA176,AA176,10,,"IncFIA,IncFIB,IncQ1",conjugative,MOBF,MPF_F,-,5
rUTI_ERR14226118,rUTI,rUTI_ERR14226118:AD158,AD158,2,,IncN,conjugative,MOBF,MPF_T,-,0
rUTI_ERR14226118,rUTI,rUTI_ERR14226118:AA159,AA159,1,,rep_cluster_2350,mobilizable,MOBP,-,MOBP,0
rUTI_ERR14226173,rUTI,rUTI_ERR14226173:AA324,AA324,8,,-,conjugative,MOBF,MPF_F,-,1
rUTI_ERR14226173,rUTI,rUTI_ERR14226173:AA173,AA173,10,,"IncFIA,IncFIB,rep_cluster_2131",non-mobilizable,-,-,-,1
UTI_GCA_000781295,UTI,UTI_GCA_000781295.1.fna:AA312,AA312,3,,"IncFIA,IncFIA",conjugative,MOBF,MPF_F,-,2
UTI_GCA_000781295,UTI,UTI_GCA_000781295.1.fna:AE638,AE638,1,,-,non-mobilizable,-,-,-,0
UTI_GCA_000781295,UTI,UTI_GCA_000781295.1.fna:AA979,AA979,1,,Col156,mobilizable,MOBQ,-,-,0
UTI_GCA_019509385,UTI,UTI_GCA_019509385.1.fna:AA473,AA473,1,,IncI-gamma/K1,conjugative,MOBP,MPF_I,MOBP,0
UTI_GCA_019509385,UTI,UTI_GCA_019509385.1.fna:AC977,AC977,1,,rep_cluster_2175,conjugative,MOBP,MPF_T,-,0
UTI_GCA_019509385,UTI,UTI_GCA_019509385.1.fna:AB189,AB189,4,,IncR,non-mobilizable,-,-,-,0
UTI_GCA_019509385,UTI,UTI_GCA_019509385.1.fna:AA118,AA118,2,,-,non-mobilizable,-,-,-,1
UTI_GCA_020085735,UTI,UTI_GCA_020085735.1.fna:AA352,AA352,12,,"IncFIB,IncFII,IncQ1,rep_cluster_2131",non-mobilizable,-,-,-,2
UTI_GCA_020085735,UTI,UTI_GCA_020085735.1.fna:AA941,AA941,3,,-,non-mobilizable,-,-,-,0
UTI_GCA_020085735,UTI,UTI_GCA_020085735.1.fna:AA903,AA903,1,,-,non-mobilizable,-,-,-,1
UTI_GCA_020085735,UTI,UTI_GCA_020085735.1.fna:AA579,AA579,1,,rep_cluster_1778,mobilizable,MOBQ,-,"MOBQ,MOBQ",0
UTI_GCA_020085735,UTI,UTI_GCA_020085735.1.fna:AC748,AC748,1,,Col(BS512),non-mobilizable,-,-,-,0
UTI_GCA_019509565,UTI,UTI_GCA_019509565.1.fna:AA337,AA337,10,,"IncFIA,IncFIB,rep_cluster_2131",conjugative,MOBF,MPF_F,MOBF,4
rUTI_ERR14226245,rUTI,rUTI_ERR14226245:AA282,AA282,1,,IncK2/Z,conjugative,MOBP,MPF_I,MOBP,0
rUTI_ERR14226245,rUTI,rUTI_ERR14226245:AA337,AA337,6,,"IncFIA,IncFIB,rep_cluster_2131",conjugative,MOBF,MPF_F,MOBF,2
UTI_GCA_029113945,UTI,UTI_GCA_029113945.1.fna:AA747,AA747,1,,IncFIB,non-mobilizable,-,-,-,0
UTI_GCA_029113945,UTI,UTI_GCA_029113945.1.fna:AA320,AA320,7,,"IncFIA,IncFIB,IncFIC",conjugative,MOBF,MPF_F,MOBF,2
UTI_GCA_029113945,UTI,UTI_GCA_029113945.1.fna:AD448,AD448,1,,-,non-mobilizable,-,-,-,1
UTI_GCA_029113945,UTI,UTI_GCA_029113945.1.fna:AF242,AF242,4,,-,non-mobilizable,-,-,-,0
UTI_GCA_029080905,UTI,UTI_GCA_029080905.1.fna:AA474,AA474,2,,IncI-gamma/K1,conjugative,MOBP,MPF_I,MOBP,1
UTI_GCA_029080905,UTI,UTI_GCA_029080905.1.fna:AC621,AC621,2,,-,non-mobilizable,-,-,-,0
UTI_GCA_029080905,UTI,UTI_GCA_029080905.1.fna:AA977,AA977,1,,Col156,mobilizable,MOBQ,-,-,0
UTI_GCA_029080905,UTI,UTI_GCA_029080905.1.fna:AA579,AA579,1,,rep_cluster_1778,mobilizable,MOBQ,-,"MOBQ,MOBQ",0
UTI_GCA_029080905,UTI,UTI_GCA_029080905.1.fna:AC748,AC748,1,,Col(BS512),non-mobilizable,-,-,-,0
UTI_GCA_029109865,UTI,UTI_GCA_029109865.1.fna:AA474,AA474,3,,IncI1/B/O,conjugative,MOBP,MPF_I,MOBP,0
UTI_GCA_029109865,UTI,UTI_GCA_029109865.1.fna:AA337,AA337,5,,"Col156,rep_cluster_2131,IncFIA,IncFIB",conjugative,"MOBF,MOBQ",MPF_F,MOBF,4
UTI_GCA_000776655,UTI,UTI_GCA_000776655.1.fna:AA337,AA337,6,,"IncFIA,IncFIB,rep_cluster_2131",conjugative,MOBF,MPF_F,MOBF,3
UTI_GCA_000776655,UTI,UTI_GCA_000776655.1.fna:AB688,AB688,1,,-,non-mobilizable,-,-,-,0
UTI_GCA_030991405,UTI,UTI_GCA_030991405.1.fna:AA171,AA171,1,,"IncFIB,IncFII,rep_cluster_2131",mobilizable,MOBP,-,-,3
UTI_GCA_030991405,UTI,UTI_GCA_030991405.1.fna:AB446,AB446,1,,rep_cluster_2350,mobilizable,"MOBP,MOBP",-,MOBP,0
UTI_GCA_030991405,UTI,UTI_GCA_030991405.1.fna:AA977,AA977,1,,Col156,mobilizable,MOBQ,-,-,0
UTI_GCA_030991405,UTI,UTI_GCA_030991405.1.fna:AA579,AA579,1,,rep_cluster_1778,mobilizable,MOBQ,-,"MOBQ,MOBQ",0
UTI_GCA_030991405,UTI,UTI_GCA_030991405.1.fna:AC748,AC748,1,,Col(BS512),non-mobilizable,-,-,-,0
UTI_GCA_030991405,UTI,UTI_GCA_030991405.1.fna:AB238,AB238,1,,ColpVC,mobilizable,-,-,MOBP,0
UTI_GCA_000777025,UTI,UTI_GCA_000777025.1.fna:AA282,AA282,5,,IncI1/B/O,conjugative,MOBP,MPF_I,MOBP,1
UTI_GCA_000777025,UTI,UTI_GCA_000777025.1.fna:AA337,AA337,19,,"IncFIB,IncFIC,rep_cluster_2232",conjugative,MOBF,MPF_F,MOBF,4
UTI_GCA_000777025,UTI,UTI_GCA_000777025.1.fna:AA977,AA977,1,,"Col156,rep_cluster_2131",mobilizable,MOBQ,-,-,0
UTI_GCA_000777025,UTI,UTI_GCA_000777025.1.fna:AB688,AB688,1,,-,non-mobilizable,-,-,-,0
rUTI_GCA_026968085,rUTI,rUTI_GCA_026968085.1.fna:AA179,AA179,1,,"IncFIB,IncFIC,rep_cluster_2244",conjugative,MOBF,MPF_F,MOBF,2
rUTI_ERR14226163,rUTI,rUTI_ERR14226163:AA476,AA476,1,,-,non-mobilizable,-,-,-,0
rUTI_ERR14226163,rUTI,rUTI_ERR14226163:AB695,AB695,1,,ColpVC,non-mobilizable,-,-,-,0
rUTI_ERR14226230,rUTI,rUTI_ERR14226230:AA337,AA337,12,,"IncFIA,IncFIB,rep_cluster_2131",conjugative,MOBF,MPF_F,MOBF,5
rUTI_ERR14226230,rUTI,rUTI_ERR14226230:AC120,AC120,2,,IncQ1,non-mobilizable,-,-,-,0
UTI_GCA_029125265,UTI,UTI_GCA_029125265.1.fna:AA747,AA747,1,,rep_cluster_488,non-mobilizable,-,-,-,0
UTI_GCA_029125265,UTI,UTI_GCA_029125265.1.fna:AA282,AA282,2,,IncI1/B/O,conjugative,MOBP,MPF_I,MOBP,0
UTI_GCA_029125265,UTI,UTI_GCA_029125265.1.fna:AA552,AA552,2,,IncN,conjugative,MOBF,MPF_T,MOBF,0
UTI_GCA_029125265,UTI,UTI_GCA_029125265.1.fna:AA977,AA977,1,,Col156,mobilizable,MOBQ,-,-,0
UTI_GCA_020085615,UTI,UTI_GCA_020085615.1.fna:AA171,AA171,14,,"IncFIB,IncFII,rep_cluster_2131",non-mobilizable,-,-,-,1
UTI_GCA_020085615,UTI,UTI_GCA_020085615.1.fna:AC748,AC748,1,,Col(BS512),non-mobilizable,-,-,-,0
UTI_GCA_020085615,UTI,UTI_GCA_020085615.1.fna:AB238,AB238,1,,ColpVC,non-mobilizable,-,-,-,0
rUTI_GCA_013372425,rUTI,rUTI_GCA_013372425.1.fna:AA172,AA172,1,,"IncFIA,IncFIB,IncFII,IncFII,IncQ1",conjugative,"MOBF,MOBP",MPF_F,MOBF,4
rUTI_GCA_013372425,rUTI,rUTI_GCA_013372425.1.fna:AB685,AB685,1,,Col(MG828),mobilizable,-,-,"MOBP,MOB_unknown",0
UTI_GCA_029115885,UTI,UTI_GCA_029115885.1.fna:AA378,AA378,4,,IncY,non-mobilizable,-,-,-,0
UTI_GCA_029115885,UTI,UTI_GCA_029115885.1.fna:AA147,AA147,1,,rep_cluster_2401,mobilizable,MOBP,-,MOBP,0
UTI_GCA_029115885,UTI,UTI_GCA_029115885.1.fna:AB446,AB446,1,,rep_cluster_2350,mobilizable,MOBP,-,MOBP,0
UTI_GCA_029115885,UTI,UTI_GCA_029115885.1.fna:AA977,AA977,1,,Col156,mobilizable,MOBQ,-,-,0
UTI_GCA_029115885,UTI,UTI_GCA_029115885.1.fna:AC748,AC748,1,,Col(BS512),non-mobilizable,-,-,-,0
UTI_GCA_005508805,UTI,UTI_GCA_005508805.1.fna:AA282,AA282,1,,IncI1/B/O,conjugative,MOBP,MPF_I,MOBP,1
rUTI_ERR14226145,rUTI,rUTI_ERR14226145:AA282,AA282,2,,IncK2/Z,conjugative,MOBP,MPF_I,MOBP,1
rUTI_ERR14226145,rUTI,rUTI_ERR14226145:AA337,AA337,10,,"IncFIA,IncFIC,IncFIB,rep_cluster_2131",conjugative,MOBF,MPF_F,MOBF,2
UTI_GCA_029112505,UTI,UTI_GCA_029112505.1.fna:AC305,AC305,1,,IncX1,conjugative,MOBP,MPF_T,-,1
rUTI_GCA_011751325,rUTI,rUTI_GCA_011751325.1.fna:AA179,AA179,1,,"IncFIB,IncFIC,IncFII",conjugative,"MOBF,MOBP",MPF_F,-,6
rUTI_GCA_011751325,rUTI,rUTI_GCA_011751325.1.fna:AA282,AA282,1,,IncK2/Z,conjugative,MOBP,MPF_I,MOBP,0
rUTI_GCA_011751325,rUTI,rUTI_GCA_011751325.1.fna:AA147,AA147,1,,rep_cluster_2401,mobilizable,MOBP,-,MOBP,0
rUTI_GCA_011751325,rUTI,rUTI_GCA_011751325.1.fna:AA579,AA579,1,,rep_cluster_1778,mobilizable,MOBQ,-,"MOBQ,MOBQ",0
UTI_GCA_029122665,UTI,UTI_GCA_029122665.1.fna:AB709,AB709,1,,-,conjugative,MOBP,MPF_T,-,0
UTI_GCA_029122665,UTI,UTI_GCA_029122665.1.fna:AA352,AA352,8,,"IncFIB,IncFII,rep_cluster_2131",non-mobilizable,-,-,-,2
UTI_GCA_029122665,UTI,UTI_GCA_029122665.1.fna:AC249,AC249,2,,-,non-mobilizable,-,-,-,0
UTI_GCA_029122665,UTI,UTI_GCA_029122665.1.fna:AA977,AA977,1,,Col156,mobilizable,MOBQ,-,-,0
UTI_GCA_029122665,UTI,UTI_GCA_029122665.1.fna:AC748,AC748,1,,Col(BS512),non-mobilizable,-,-,-,0
UTI_GCA_029122665,UTI,UTI_GCA_029122665.1.fna:AA163,AA163,1,,-,mobilizable,MOBP,-,MOBP,0
UTI_GCA_029122665,UTI,UTI_GCA_029122665.1.fna:AA670,AA670,1,,rep_cluster_2350,mobilizable,MOBF,-,MOB_unknown,0
rUTI_GCA_027474275,rUTI,rUTI_GCA_027474275.1.fna:AA337,AA337,1,,"IncFIA,IncFIB,IncFIC,rep_cluster_2131",conjugative,"MOBF,MOBP",MPF_F,MOBF,5
UTI_GCA_000779635,UTI,UTI_GCA_000779635.1.fna:AA337,AA337,4,,"IncFIA,IncFIB,rep_cluster_2131",conjugative,MOBF,MPF_F,MOBF,5
UTI_GCA_000777285,UTI,UTI_GCA_000777285.1.fna:AF232,AF232,2,,-,non-mobilizable,-,-,-,0
rUTI_ERR14226144,rUTI,rUTI_ERR14226144:AA282,AA282,2,,IncK2/Z,conjugative,MOBP,MPF_I,MOBP,1
rUTI_ERR14226144,rUTI,rUTI_ERR14226144:AA337,AA337,7,,"IncFIA,IncFIB,rep_cluster_2131",conjugative,MOBF,MPF_F,MOBF,3
UTI_GCA_022758865,UTI,UTI_GCA_022758865.1.fna:AE638,AE638,1,,-,non-mobilizable,-,-,-,0
UTI_GCA_022758865,UTI,UTI_GCA_022758865.1.fna:AB042,AB042,1,,rep_cluster_2335,mobilizable,-,-,MOBP,0
rUTI_ERR14226188,rUTI,rUTI_ERR14226188:AA474,AA474,3,,IncI1/B/O,conjugative,MOBP,MPF_I,MOBP,0
rUTI_ERR14226188,rUTI,rUTI_ERR14226188:AA336,AA336,2,,"IncFIA,IncFIC",conjugative,MOBF,MPF_F,-,0
rUTI_ERR14226188,rUTI,rUTI_ERR14226188:AC977,AC977,1,,rep_cluster_2175,conjugative,MOBP,MPF_T,-,0
rUTI_ERR14226188,rUTI,rUTI_ERR14226188:AC509,AC509,1,,rep_cluster_2350,mobilizable,-,-,MOBP,0
rUTI_ERR14226188,rUTI,rUTI_ERR14226188:AC291,AC291,3,,-,non-mobilizable,-,-,-,1
rUTI_ERR14226188,rUTI,rUTI_ERR14226188:AA147,AA147,1,,rep_cluster_2401,mobilizable,-,-,MOBP,0
rUTI_ERR14226188,rUTI,rUTI_ERR14226188:AA579,AA579,1,,rep_cluster_1778,mobilizable,MOBQ,-,"MOBQ,MOBQ",0
rUTI_ERR14226109,rUTI,rUTI_ERR14226109:AA314,AA314,2,,"IncFIA,IncFII",conjugative,MOBF,MPF_F,MOBF,0
rUTI_ERR14226109,rUTI,rUTI_ERR14226109:AB233,AB233,1,,IncX1,conjugative,MOBP,MPF_T,-,0
rUTI_ERR14226068,rUTI,rUTI_ERR14226068:AA178,AA178,6,,"IncFIA,IncFIC,IncFIB",conjugative,MOBF,MPF_F,MOBF,1
rUTI_ERR14226068,rUTI,rUTI_ERR14226068:AA474,AA474,6,,IncI-gamma/K1,conjugative,MOBP,MPF_I,MOBP,3
rUTI_ERR14226068,rUTI,rUTI_ERR14226068:AC411,AC411,4,,-,non-mobilizable,-,-,-,2
rUTI_ERR14226068,rUTI,rUTI_ERR14226068:AC510,AC510,1,,rep_cluster_2350,mobilizable,MOBP,-,MOBP,0
rUTI_ERR14226154,rUTI,rUTI_ERR14226154:AA321,AA321,1,,"IncFIA,IncFIB,IncFIC",conjugative,MOBF,MPF_F,-,2
UTI_GCA_004100965,UTI,UTI_GCA_004100965.1.fna:AA171,AA171,14,,"IncFIA,IncFIA,IncFIB,rep_cluster_2131",conjugative,MOBF,MPF_F,MOBF,3
UTI_GCA_004100965,UTI,UTI_GCA_004100965.1.fna:AA977,AA977,1,,Col156,mobilizable,MOBQ,-,-,0
UTI_GCA_004100965,UTI,UTI_GCA_004100965.1.fna:AA579,AA579,1,,rep_cluster_1778,mobilizable,MOBQ,-,"MOBQ,MOBQ",0
rUTI_ERR14226115,rUTI,rUTI_ERR14226115:AA175,AA175,12,,"IncFIA,IncFIB",conjugative,MOBF,MPF_F,MOBF,2
rUTI_ERR14226115,rUTI,rUTI_ERR14226115:AD158,AD158,4,,IncN,conjugative,MOBF,MPF_T,-,1
rUTI_ERR14226115,rUTI,rUTI_ERR14226115:AD451,AD451,2,,-,conjugative,MOBC,MPF_T,-,0
rUTI_ERR14226115,rUTI,rUTI_ERR14226115:AC411,AC411,1,,-,non-mobilizable,-,-,-,0
rUTI_ERR14226115,rUTI,rUTI_ERR14226115:AA552,AA552,1,,-,non-mobilizable,-,-,-,0
rUTI_ERR14226115,rUTI,rUTI_ERR14226115:AB235,AB235,1,,ColpVC,non-mobilizable,-,-,-,0
rUTI_GCA_034643695,rUTI,rUTI_GCA_034643695.1.fna:AA324,AA324,1,,"IncFIA,IncFIB,IncFIC,IncQ1",conjugative,MOBF,MPF_F,MOBF,7
rUTI_GCA_034644455,rUTI,rUTI_GCA_034644455.1.fna:AA324,AA324,1,,"Col156,IncFIA,IncFIA,IncFIB",conjugative,"MOBF,MOBP",MPF_F,MOBF,4
UTI_GCA_029111125,UTI,UTI_GCA_029111125.1.fna:AA174,AA174,4,,"IncFIB,IncFII",non-mobilizable,-,-,-,0
UTI_GCA_029111125,UTI,UTI_GCA_029111125.1.fna:AA977,AA977,1,,rep_cluster_2131,mobilizable,MOBQ,-,-,0
UTI_GCA_029111125,UTI,UTI_GCA_029111125.1.fna:AB685,AB685,1,,Col(MG828),mobilizable,-,-,"MOBP,MOB_unknown",0
rUTI_GCA_030707915,rUTI,rUTI_GCA_030707915.1.fna:AA324,AA324,1,,"IncFIA,IncFIA,IncFIB,IncFIC",conjugative,MOBF,MPF_F,MOBF,3
UTI_GCA_029118055,UTI,UTI_GCA_029118055.1.fna:AA977,AA977,1,,Col156,mobilizable,MOBQ,-,-,0
UTI_GCA_029118055,UTI,UTI_GCA_029118055.1.fna:AC748,AC748,1,,Col(BS512),non-mobilizable,-,-,-,0
rUTI_GCA_030707895,rUTI,rUTI_GCA_030707895.1.fna:AA172,AA172,1,,"IncFIA,IncFIB,IncFII,IncFII",conjugative,MOBF,MPF_F,MOBF,3
rUTI_GCA_030707895,rUTI,rUTI_GCA_030707895.1.fna:AA474,AA474,1,,IncI1/B/O,conjugative,MOBP,MPF_I,MOBP,2
rUTI_GCA_030707895,rUTI,rUTI_GCA_030707895.1.fna:AD451,AD451,1,,-,conjugative,MOBC,MPF_T,-,0
rUTI_GCA_030707895,rUTI,rUTI_GCA_030707895.1.fna:AA579,AA579,1,,rep_cluster_1778,mobilizable,"MOBQ,MOBQ",-,"MOBQ,MOBQ",0
rUTI_GCA_030707895,rUTI,rUTI_GCA_030707895.1.fna:AB685,AB685,1,,Col(MG828),mobilizable,-,-,MOB_unknown,0
rUTI_ERR14226214,rUTI,rUTI_ERR14226214:AA337,AA337,9,,"IncFIA,IncFIB,rep_cluster_2131",conjugative,"MOBF,MOBF",MPF_F,MOBF,3
rUTI_ERR14226214,rUTI,rUTI_ERR14226214:AC510,AC510,1,,rep_cluster_2350,mobilizable,MOBP,-,MOBP,0
rUTI_ERR14226214,rUTI,rUTI_ERR14226214:AC411,AC411,7,,IncQ1,non-mobilizable,-,-,-,0
rUTI_ERR14226214,rUTI,rUTI_ERR14226214:AA977,AA977,1,,"Col156,rep_cluster_2361",mobilizable,MOBQ,-,-,0
rUTI_ERR14226214,rUTI,rUTI_ERR14226214:AB235,AB235,1,,ColpVC,non-mobilizable,-,-,-,0
rUTI_ERR14226214,rUTI,rUTI_ERR14226214:AB685,AB685,1,,Col(MG828),mobilizable,-,-,MOB_unknown,0
rUTI_ERR14226214,rUTI,rUTI_ERR14226214:AA579,AA579,2,,"rep_cluster_1778,rep_cluster_1778",non-mobilizable,-,-,-,0
rUTI_ERR14226172,rUTI,rUTI_ERR14226172:AA337,AA337,7,,"IncFIA,IncFIB,rep_cluster_2131",conjugative,MOBF,MPF_F,MOBF,2
rUTI_ERR14226172,rUTI,rUTI_ERR14226172:AB230,AB230,6,,IncX1,conjugative,MOBP,MPF_T,-,0
rUTI_ERR14226058,rUTI,rUTI_ERR14226058:AA337,AA337,8,,"IncFIA,IncFIC,IncFIB,rep_cluster_2131",conjugative,MOBF,MPF_F,MOBF,2
UTI_GCA_029118795,UTI,UTI_GCA_029118795.1.fna:AA336,AA336,2,,IncFIA,conjugative,MOBF,MPF_F,MOBF,1
UTI_GCA_029118795,UTI,UTI_GCA_029118795.1.fna:AA977,AA977,1,,Col156,mobilizable,MOBQ,-,-,0
rUTI_ERR14226200,rUTI,rUTI_ERR14226200:AA179,AA179,2,,"IncFIC,rep_cluster_2244",conjugative,MOBF,MPF_F,-,1
rUTI_ERR14226200,rUTI,rUTI_ERR14226200:AB233,AB233,1,,IncX1,conjugative,MOBP,MPF_T,-,0
rUTI_ERR14226200,rUTI,rUTI_ERR14226200:AA552,AA552,3,,IncN,conjugative,MOBF,MPF_T,MOBF,0
rUTI_ERR14226200,rUTI,rUTI_ERR14226200:AA176,AA176,5,,IncFIB,mobilizable,MOBP,-,-,2
rUTI_ERR14226200,rUTI,rUTI_ERR14226200:AC509,AC509,1,,rep_cluster_2350,mobilizable,MOBP,-,MOBP,0
rUTI_ERR14226200,rUTI,rUTI_ERR14226200:AF232,AF232,2,,-,non-mobilizable,-,-,-,0
rUTI_ERR14226200,rUTI,rUTI_ERR14226200:AB685,AB685,1,,Col(MG828),mobilizable,-,-,MOB_unknown,0
UTI_GCA_036422055,UTI,UTI_GCA_036422055.1.fna:AA315,AA315,2,,"IncFIA,IncFIA,IncFIC",conjugative,"MOBF,MOBF,MOBF",MPF_F,MOBF,0
UTI_GCA_036422055,UTI,UTI_GCA_036422055.1.fna:novel_61794a1619912e8c9e534d277969458a,novel_61794a1619912e8c9e534d277969458a,1,,"IncFIA,IncFIC",non-mobilizable,-,-,-,2
UTI_GCA_036422055,UTI,UTI_GCA_036422055.1.fna:AF135,AF135,1,,-,non-mobilizable,-,-,-,2
rUTI_ERR14226159,rUTI,rUTI_ERR14226159:AA336,AA336,6,,"IncFIA,IncFIC,IncFIA,IncFII",conjugative,MOBF,MPF_F,MOBF,2
rUTI_ERR14226159,rUTI,rUTI_ERR14226159:AA372,AA372,2,,IncI2,conjugative,MOBP,MPF_T,-,1
rUTI_ERR14226159,rUTI,rUTI_ERR14226159:novel_737cd5e545f128ba11a9ed009d46cb1c,novel_737cd5e545f128ba11a9ed009d46cb1c,3,,-,conjugative,MOBP,MPF_I,MOBP,0
rUTI_ERR14226159,rUTI,rUTI_ERR14226159:AA161,AA161,1,,rep_cluster_2350,mobilizable,MOBP,-,MOBP,0
rUTI_ERR14226159,rUTI,rUTI_ERR14226159:AA977,AA977,1,,rep_cluster_2131,mobilizable,MOBQ,-,-,0
rUTI_ERR14226159,rUTI,rUTI_ERR14226159:AB685,AB685,1,,Col(MG828),mobilizable,-,-,MOB_unknown,0
rUTI_ERR14226083,rUTI,rUTI_ERR14226083:AA979,AA979,1,,Col156,mobilizable,MOBQ,-,-,0
rUTI_ERR14226083,rUTI,rUTI_ERR14226083:AA579,AA579,1,,rep_cluster_1778,mobilizable,MOBQ,-,"MOBQ,MOBQ",0
rUTI_ERR14226078,rUTI,rUTI_ERR14226078:AC621,AC621,2,,-,non-mobilizable,-,-,-,1
rUTI_ERR14226078,rUTI,rUTI_ERR14226078:AE638,AE638,1,,-,non-mobilizable,-,-,-,0
rUTI_ERR14226078,rUTI,rUTI_ERR14226078:AA297,AA297,4,,IncFIB,non-mobilizable,-,-,-,0
rUTI_ERR14226078,rUTI,rUTI_ERR14226078:AA336,AA336,13,,IncFIA,mobilizable,-,MPF_Unknown,MOBF,0
rUTI_ERR14226078,rUTI,rUTI_ERR14226078:AA161,AA161,1,,rep_cluster_2350,mobilizable,"MOBP,MOBP",-,MOBP,0
rUTI_GCA_019443685,rUTI,rUTI_GCA_019443685.1.fna:AA352,AA352,1,,"IncFIB,IncFII,IncQ1,rep_cluster_2131",mobilizable,MOBP,-,-,5
rUTI_GCA_019443685,rUTI,rUTI_GCA_019443685.1.fna:AA147,AA147,1,,rep_cluster_2401,mobilizable,MOBP,-,MOBP,0
rUTI_GCA_019443685,rUTI,rUTI_GCA_019443685.1.fna:AA579,AA579,1,,rep_cluster_1778,mobilizable,MOBQ,-,"MOBQ,MOBQ",0
rUTI_GCA_019443685,rUTI,rUTI_GCA_019443685.1.fna:AC748,AC748,1,,Col(BS512),non-mobilizable,-,-,-,0
UTI_GCA_000776235,UTI,UTI_GCA_000776235.1.fna:AB688,AB688,1,,-,non-mobilizable,-,-,-,0
rUTI_ERR14226081,rUTI,rUTI_ERR14226081:AA979,AA979,1,,Col156,mobilizable,MOBQ,-,-,0
rUTI_ERR14226081,rUTI,rUTI_ERR14226081:AA579,AA579,1,,rep_cluster_1778,mobilizable,MOBQ,-,"MOBQ,MOBQ",0
UTI_GCA_029122985,UTI,UTI_GCA_029122985.1.fna:AC621,AC621,1,,-,non-mobilizable,-,-,-,0
UTI_GCA_029122985,UTI,UTI_GCA_029122985.1.fna:AA352,AA352,6,,"IncFIB,IncFII,rep_cluster_2131",non-mobilizable,-,-,-,3
UTI_GCA_029122985,UTI,UTI_GCA_029122985.1.fna:AA147,AA147,1,,rep_cluster_2401,mobilizable,MOBP,-,MOBP,0
UTI_GCA_029122985,UTI,UTI_GCA_029122985.1.fna:AB446,AB446,1,,rep_cluster_2350,mobilizable,MOBP,-,MOBP,0
UTI_GCA_029122985,UTI,UTI_GCA_029122985.1.fna:AC748,AC748,1,,Col(BS512),non-mobilizable,-,-,-,0
UTI_GCA_029120015,UTI,UTI_GCA_029120015.1.fna:AA474,AA474,6,,"IncFIA,IncFII,IncI1/B/O",conjugative,MOBP,MPF_I,MOBP,2
UTI_GCA_029120015,UTI,UTI_GCA_029120015.1.fna:AD158,AD158,4,,rep_cluster_1760,conjugative,MOBF,MPF_T,-,0
UTI_GCA_029120015,UTI,UTI_GCA_029120015.1.fna:AA171,AA171,4,,IncFIB,conjugative,MOBF,MPF_F,-,0
UTI_GCA_029120015,UTI,UTI_GCA_029120015.1.fna:AA172,AA172,2,,IncFIA,non-mobilizable,-,-,-,1
UTI_GCA_029120015,UTI,UTI_GCA_029120015.1.fna:AA977,AA977,1,,Col156,mobilizable,MOBQ,-,-,0
rUTI_ERR4556449,rUTI,rUTI_ERR4556449:AA336,AA336,3,,"IncFIA,IncFIC",conjugative,MOBF,MPF_F,MOBF,0
UTI_GCA_041254635,UTI,UTI_GCA_041254635.1.fna:AA860,AA860,1,,IncC,conjugative,"MOBH,MOBH",MPF_F,MOBH,0
UTI_GCA_041254635,UTI,UTI_GCA_041254635.1.fna:AA735,AA735,3,,"IncFIA,IncFIC,IncFII,IncFIA,IncFII",conjugative,"MOBF,MOBF,MOBF",MPF_F,"MOBF,MOBF",6
UTI_GCA_029113525,UTI,UTI_GCA_029113525.1.fna:AA474,AA474,1,,IncI-gamma/K1,conjugative,MOBP,MPF_I,MOBP,1
rUTI_ERR14226074,rUTI,rUTI_ERR14226074:AA177,AA177,2,,IncFIB,conjugative,MOBF,MPF_F,-,2
rUTI_ERR14226074,rUTI,rUTI_ERR14226074:AF232,AF232,1,,-,non-mobilizable,-,-,-,0
rUTI_ERR14226085,rUTI,rUTI_ERR14226085:AA474,AA474,9,,IncI1/B/O,conjugative,MOBP,MPF_I,MOBP,4
rUTI_ERR14226085,rUTI,rUTI_ERR14226085:AA337,AA337,9,,"IncFIA,IncFIC,IncFIB,rep_cluster_2131",conjugative,MOBF,MPF_F,MOBF,2
UTI_GCA_029118655,UTI,UTI_GCA_029118655.1.fna:AA336,AA336,5,,IncFIA,conjugative,MOBF,MPF_F,MOBF,2
UTI_GCA_029118655,UTI,UTI_GCA_029118655.1.fna:AA172,AA172,3,,"IncFIA,IncFIB",non-mobilizable,-,-,-,1
UTI_GCA_029118655,UTI,UTI_GCA_029118655.1.fna:AA977,AA977,1,,Col156,mobilizable,MOBQ,-,-,0
UTI_GCA_029118655,UTI,UTI_GCA_029118655.1.fna:AA579,AA579,1,,rep_cluster_1778,mobilizable,MOBQ,-,"MOBQ,MOBQ",0
UTI_GCA_029118655,UTI,UTI_GCA_029118655.1.fna:AB687,AB687,1,,Col(MG828),non-mobilizable,-,-,-,0
UTI_GCA_029117115,UTI,UTI_GCA_029117115.1.fna:AA171,AA171,6,,"IncFIA,IncFIA,IncFIB",conjugative,MOBF,MPF_Unknown,-,2
UTI_GCA_029117115,UTI,UTI_GCA_029117115.1.fna:AB158,AB158,4,,-,non-mobilizable,-,-,-,1
UTI_GCA_029117115,UTI,UTI_GCA_029117115.1.fna:AA977,AA977,1,,Col156,mobilizable,MOBQ,-,-,0
rUTI_ERR14226239,rUTI,rUTI_ERR14226239:AA316,AA316,1,,IncFIA,conjugative,MOBF,MPF_F,MOBF,0
rUTI_ERR14226239,rUTI,rUTI_ERR14226239:AA161,AA161,1,,rep_cluster_2350,mobilizable,MOBP,-,MOBP,0
UTI_GCA_029119885,UTI,UTI_GCA_029119885.1.fna:AC748,AC748,1,,-,non-mobilizable,-,-,-,0
UTI_GCA_029080695,UTI,UTI_GCA_029080695.1.fna:AA474,AA474,1,,IncI-gamma/K1,conjugative,MOBP,MPF_I,MOBP,1
UTI_GCA_029114735,UTI,UTI_GCA_029114735.1.fna:AD448,AD448,1,,-,non-mobilizable,-,-,-,1
UTI_GCA_049219625,UTI,UTI_GCA_049219625.1.fna:AA474,AA474,1,,IncI1/B/O,conjugative,MOBP,MPF_I,MOBP,0
UTI_GCA_049219625,UTI,UTI_GCA_049219625.1.fna:AB228,AB228,2,,IncX1,conjugative,MOBP,MPF_T,-,0
UTI_GCA_049219625,UTI,UTI_GCA_049219625.1.fna:AA974,AA974,1,,Col156,mobilizable,MOBQ,-,-,0
rUTI_GCA_026968105,rUTI,rUTI_GCA_026968105.1.fna:AA337,AA337,1,,"IncFIA,IncFIB,IncFIC,rep_cluster_2131",conjugative,"MOBF,MOBP",MPF_F,MOBF,4
UTI_GCA_000780845,UTI,UTI_GCA_000780845.1.fna:AA336,AA336,1,,IncFIA,conjugative,MOBF,MPF_F,MOBF,1
rUTI_ERR14226155,rUTI,rUTI_ERR14226155:AB005,AB005,1,,rep_cluster_1704,non-mobilizable,-,-,-,0
UTI_GCA_019884625,UTI,UTI_GCA_019884625.1.fna:AA170,AA170,2,,"IncFIA,IncFIB,IncFIC,IncFII,IncFIA,IncFIC",conjugative,"MOBF,MOBF,MOBF,MOBF,MOBF,MOBF,MOBF,MOBF,MOBF",MPF_F,MOBP,4
rUTI_GCA_034643255,rUTI,rUTI_GCA_034643255.1.fna:AA667,AA667,1,,rep_cluster_2350,mobilizable,MOBF,-,MOB_unknown,1
rUTI_ERR14226179,rUTI,rUTI_ERR14226179:AA297,AA297,11,,"IncFIA,IncFIC,IncFIB,rep_cluster_2131",conjugative,MOBF,MPF_F,MOBF,1
rUTI_ERR14226179,rUTI,rUTI_ERR14226179:AA336,AA336,4,,IncFIA,non-mobilizable,-,-,-,1
rUTI_GCA_034642955,rUTI,rUTI_GCA_034642955.1.fna:AA320,AA320,1,,"IncFIB,IncFII,IncI-gamma/K1",conjugative,MOBF,MPF_F,MOBF,2
UTI_GCA_000781455,UTI,UTI_GCA_000781455.1.fna:AA378,AA378,1,,IncY,non-mobilizable,-,-,-,0
UTI_GCA_049748155,UTI,UTI_GCA_049748155.1.fna:AA379,AA379,2,,IncY,non-mobilizable,-,-,-,0
UTI_GCA_049748155,UTI,UTI_GCA_049748155.1.fna:AC315,AC315,4,,-,non-mobilizable,-,-,-,4
rUTI_ERR14226055,rUTI,rUTI_ERR14226055:AC512,AC512,2,,IncFIB,non-mobilizable,-,-,-,1
rUTI_ERR14226055,rUTI,rUTI_ERR14226055:AA336,AA336,4,,-,conjugative,MOBF,MPF_F,MOBF,0
rUTI_ERR14226055,rUTI,rUTI_ERR14226055:AE638,AE638,1,,IncFIA,non-mobilizable,-,-,-,0
UTI_GCA_000776745,UTI,UTI_GCA_000776745.1.fna:AA378,AA378,3,,IncHI1B,non-mobilizable,-,-,-,0
UTI_GCA_000776745,UTI,UTI_GCA_000776745.1.fna:AC302,AC302,5,,-,non-mobilizable,-,-,-,3
UTI_GCA_000776745,UTI,UTI_GCA_000776745.1.fna:AB044,AB044,1,,-,non-mobilizable,-,-,-,0
UTI_GCA_029122705,UTI,UTI_GCA_029122705.1.fna:AA971,AA971,1,,rep_cluster_2141,mobilizable,MOBQ,-,-,0
UTI_GCA_029122705,UTI,UTI_GCA_029122705.1.fna:AA147,AA147,1,,rep_cluster_2401,mobilizable,MOBP,-,MOBP,0
UTI_GCA_029122705,UTI,UTI_GCA_029122705.1.fna:AA977,AA977,1,,rep_cluster_2131,mobilizable,MOBQ,-,-,0
UTI_GCA_029122705,UTI,UTI_GCA_029122705.1.fna:AC748,AC748,1,,Col(BS512),non-mobilizable,-,-,-,0
rUTI_ERR14226137,rUTI,rUTI_ERR14226137:AA337,AA337,9,,"IncFIA,IncFIB,rep_cluster_2131",conjugative,MOBF,MPF_F,MOBF,2
UTI_GCA_016092465,UTI,UTI_GCA_016092465.1.fna:AA176,AA176,11,,"IncFIA,IncFIB,IncQ1",conjugative,MOBF,MPF_F,MOBF,4
UTI_GCA_000780155,UTI,UTI_GCA_000780155.1.fna:AA337,AA337,5,,"IncFIA,IncFIB,rep_cluster_2131",conjugative,MOBF,MPF_F,MOBF,2
UTI_GCA_000780155,UTI,UTI_GCA_000780155.1.fna:AA903,AA903,1,,-,non-mobilizable,-,-,-,0
UTI_GCA_000780155,UTI,UTI_GCA_000780155.1.fna:AG131,AG131,1,,Col(IMGS31),mobilizable,MOBV,-,-,0
UTI_GCA_000779715,UTI,UTI_GCA_000779715.1.fna:AE638,AE638,1,,-,non-mobilizable,-,-,-,0
rUTI_ERR14226128,rUTI,rUTI_ERR14226128:AA474,AA474,2,,IncI-gamma/K1,conjugative,MOBP,MPF_I,MOBP,0
rUTI_ERR14226128,rUTI,rUTI_ERR14226128:AC977,AC977,1,,rep_cluster_2175,conjugative,MOBP,MPF_T,-,0
rUTI_ERR14226128,rUTI,rUTI_ERR14226128:AD448,AD448,1,,-,non-mobilizable,-,-,-,1
rUTI_ERR4556435,rUTI,rUTI_ERR4556435:AA279,AA279,1,,IncK2/Z,conjugative,MOBP,MPF_I,MOBP,0
rUTI_ERR4556435,rUTI,rUTI_ERR4556435:AA300,AA300,1,,IncFIA,conjugative,MOBF,MPF_F,MOBF,0
rUTI_ERR4556435,rUTI,rUTI_ERR4556435:AE615,AE615,1,,-,non-mobilizable,-,-,-,0
rUTI_ERR4556435,rUTI,rUTI_ERR4556435:AH240,AH240,1,,-,non-mobilizable,-,-,-,0
rUTI_ERR4556435,rUTI,rUTI_ERR4556435:AB689,AB689,1,,-,mobilizable,-,-,MOBP,0
rUTI_ERR14226184,rUTI,rUTI_ERR14226184:AA337,AA337,7,,"IncFIA,IncFIC,IncFIB,rep_cluster_2131",conjugative,MOBF,MPF_F,MOBF,2
rUTI_ERR14226184,rUTI,rUTI_ERR14226184:AA282,AA282,3,,IncK2/Z,conjugative,MOBP,MPF_I,MOBP,0
rUTI_ERR14226184,rUTI,rUTI_ERR14226184:AE928,AE928,2,,"IncFIA,IncFII",conjugative,MOBF,MPF_F,-,0
rUTI_ERR14226184,rUTI,rUTI_ERR14226184:AA161,AA161,1,,rep_cluster_2350,mobilizable,"MOBP,MOBP",-,MOBP,0
rUTI_ERR14226184,rUTI,rUTI_ERR14226184:AA971,AA971,1,,rep_cluster_2141,mobilizable,MOBQ,-,-,0
rUTI_ERR14226184,rUTI,rUTI_ERR14226184:AA977,AA977,1,,rep_cluster_2150,mobilizable,MOBQ,-,-,0
rUTI_ERR14226184,rUTI,rUTI_ERR14226184:AA579,AA579,1,,rep_cluster_1778,mobilizable,"MOBQ,MOBQ",-,"MOBQ,MOBQ",0
rUTI_ERR14226184,rUTI,rUTI_ERR14226184:AB685,AB685,1,,Col(MG828),mobilizable,-,-,MOB_unknown,0
UTI_GCA_029118925,UTI,UTI_GCA_029118925.1.fna:AA336,AA336,2,,IncFIA,conjugative,MOBF,MPF_F,MOBF,1
UTI_GCA_029118925,UTI,UTI_GCA_029118925.1.fna:AA977,AA977,1,,Col156,mobilizable,MOBQ,-,-,0
UTI_GCA_029117105,UTI,UTI_GCA_029117105.1.fna:AA171,AA171,9,,"IncFIA,IncFIA,IncFIB",mobilizable,"MOBF,MOBF",-,-,2
UTI_GCA_029117105,UTI,UTI_GCA_029117105.1.fna:AA977,AA977,1,,Col156,mobilizable,MOBQ,-,-,0
rUTI_ERR14226231,rUTI,rUTI_ERR14226231:AA321,AA321,4,,"IncFIA,IncFIB",conjugative,MOBF,MPF_F,MOBF,0
rUTI_ERR14226231,rUTI,rUTI_ERR14226231:AC510,AC510,1,,rep_cluster_2350,mobilizable,MOBP,-,MOBP,0
rUTI_ERR14226088,rUTI,rUTI_ERR14226088:AA372,AA372,1,,IncI2,conjugative,MOBP,MPF_T,-,0
rUTI_ERR14226088,rUTI,rUTI_ERR14226088:AD672,AD672,1,,-,non-mobilizable,-,-,-,0
UTI_GCA_049748455,UTI,UTI_GCA_049748455.1.fna:AA184,AA184,2,,"IncFIA,IncFII",mobilizable,MOBF,-,-,2
UTI_GCA_049748455,UTI,UTI_GCA_049748455.1.fna:AB685,AB685,1,,Col(MG828),mobilizable,-,-,"MOBP,MOB_unknown",0
UTI_GCA_020086185,UTI,UTI_GCA_020086185.1.fna:AC621,AC621,1,,-,non-mobilizable,-,-,-,0
UTI_GCA_020086185,UTI,UTI_GCA_020086185.1.fna:AA352,AA352,9,,"IncFIB,IncFII,rep_cluster_2131",non-mobilizable,-,-,-,2
UTI_GCA_020086185,UTI,UTI_GCA_020086185.1.fna:AC249,AC249,2,,-,non-mobilizable,-,-,-,0
UTI_GCA_020086185,UTI,UTI_GCA_020086185.1.fna:AA977,AA977,1,,Col156,mobilizable,MOBQ,-,-,0
UTI_GCA_020086185,UTI,UTI_GCA_020086185.1.fna:AA669,AA669,1,,"rep_cluster_2350,rep_cluster_2370",mobilizable,MOBF,-,MOB_unknown,0
UTI_GCA_020086185,UTI,UTI_GCA_020086185.1.fna:AC748,AC748,1,,Col(BS512),non-mobilizable,-,-,-,0
UTI_GCA_000780015,UTI,UTI_GCA_000780015.1.fna:AA171,AA171,7,,"IncFIA,IncFIA,IncFIB",conjugative,MOBF,MPF_F,MOBF,1
UTI_GCA_000780015,UTI,UTI_GCA_000780015.1.fna:AA172,AA172,2,,-,non-mobilizable,-,-,-,0
UTI_GCA_000780015,UTI,UTI_GCA_000780015.1.fna:AA579,AA579,1,,rep_cluster_1778,mobilizable,MOBQ,-,"MOBQ,MOBQ",0
UTI_GCA_000780015,UTI,UTI_GCA_000780015.1.fna:AA977,AA977,1,,Col156,mobilizable,MOBQ,-,-,0
rUTI_ERR14226062,rUTI,rUTI_ERR14226062:AA378,AA378,2,,IncHI1B,non-mobilizable,-,-,-,0
rUTI_ERR14226062,rUTI,rUTI_ERR14226062:AA337,AA337,7,,"IncFIA,IncFIC,IncFIB,rep_cluster_2131",conjugative,MOBF,MPF_F,MOBF,3
rUTI_ERR14226181,rUTI,rUTI_ERR14226181:AA176,AA176,9,,"IncFIA,IncFIC,IncFIB",conjugative,MOBF,MPF_F,-,4
rUTI_ERR14226181,rUTI,rUTI_ERR14226181:AA474,AA474,2,,IncI-gamma/K1,non-mobilizable,-,-,-,1
rUTI_GCA_030707975,rUTI,rUTI_GCA_030707975.1.fna:AA171,AA171,1,,"IncFIA,IncFIB,IncFII,rep_cluster_2131",conjugative,"MOBF,MOBP",MPF_F,MOBF,4
rUTI_GCA_030707975,rUTI,rUTI_GCA_030707975.1.fna:AA747,AA747,1,,rep_cluster_488,non-mobilizable,-,-,-,0
rUTI_GCA_030707975,rUTI,rUTI_GCA_030707975.1.fna:AA579,AA579,1,,rep_cluster_1778,mobilizable,MOBQ,-,"MOBQ,MOBQ",0
rUTI_ERR14226071,rUTI,rUTI_ERR14226071:AA178,AA178,9,,"IncFIA,IncFIC,IncFIB",conjugative,MOBF,MPF_F,MOBF,3
rUTI_ERR14226071,rUTI,rUTI_ERR14226071:AA473,AA473,3,,IncI-gamma/K1,non-mobilizable,-,-,-,2
rUTI_ERR14226071,rUTI,rUTI_ERR14226071:AC510,AC510,1,,rep_cluster_2350,mobilizable,MOBP,-,MOBP,0
rUTI_ERR14226071,rUTI,rUTI_ERR14226071:AA476,AA476,1,,-,non-mobilizable,-,-,-,0
UTI_GCA_029080255,UTI,UTI_GCA_029080255.1.fna:AA977,AA977,1,,Col156,mobilizable,MOBQ,-,-,0
UTI_GCA_029080255,UTI,UTI_GCA_029080255.1.fna:AA579,AA579,1,,rep_cluster_1778,mobilizable,MOBQ,-,"MOBQ,MOBQ",0
UTI_GCA_041257715,UTI,UTI_GCA_041257715.1.fna:AA174,AA174,1,,"IncFIB,IncFII,IncQ1",non-mobilizable,-,-,-,4
UTI_GCA_041257715,UTI,UTI_GCA_041257715.1.fna:AA552,AA552,1,,IncN,conjugative,MOBF,MPF_T,MOBF,6
UTI_GCA_041257715,UTI,UTI_GCA_041257715.1.fna:AA619,AA619,1,,IncX4,conjugative,MOBP,MPF_T,-,0
UTI_GCA_041257715,UTI,UTI_GCA_041257715.1.fna:AA576,AA576,1,,rep_cluster_2134,mobilizable,MOBQ,-,"MOBQ,MOBQ",0
UTI_GCA_000776965,UTI,UTI_GCA_000776965.1.fna:AA297,AA297,9,,"IncFIA,IncFIB,rep_cluster_2131",conjugative,MOBF,MPF_F,MOBF,2
rUTI_GCA_004141955,rUTI,rUTI_GCA_004141955.1.fna:AA171,AA171,1,,"IncFIA,IncFIA,IncFIB,IncFII,rep_cluster_2131",conjugative,"MOBF,MOBP",MPF_F,MOBF,6
rUTI_GCA_004141955,rUTI,rUTI_GCA_004141955.1.fna:AA474,AA474,1,,IncI1/B/O,conjugative,MOBP,MPF_I,MOBP,1
rUTI_GCA_004141955,rUTI,rUTI_GCA_004141955.1.fna:AA336,AA336,1,,IncFIA,conjugative,MOBF,MPF_F,MOBF,0
rUTI_GCA_004141955,rUTI,rUTI_GCA_004141955.1.fna:AB160,AB160,1,,IncN,conjugative,MOBF,MPF_T,MOBF,1
rUTI_GCA_004141955,rUTI,rUTI_GCA_004141955.1.fna:AA579,AA579,1,,rep_cluster_1778,mobilizable,MOBQ,-,"MOBQ,MOBQ",0
rUTI_GCA_004141955,rUTI,rUTI_GCA_004141955.1.fna:AA147,AA147,1,,rep_cluster_2401,mobilizable,MOBP,-,MOBP,0
rUTI_GCA_004141955,rUTI,rUTI_GCA_004141955.1.fna:AB446,AB446,1,,rep_cluster_2350,mobilizable,"MOBP,MOBP",-,MOBP,0
rUTI_GCA_004141955,rUTI,rUTI_GCA_004141955.1.fna:AB687,AB687,1,,-,non-mobilizable,-,-,-,0
UTI_GCA_029119975,UTI,UTI_GCA_029119975.1.fna:AA474,AA474,4,,IncI1/B/O,conjugative,MOBP,MPF_I,MOBP,3
UTI_GCA_029119975,UTI,UTI_GCA_029119975.1.fna:AD158,AD158,4,,rep_cluster_1760,conjugative,MOBF,MPF_T,-,0
UTI_GCA_029119975,UTI,UTI_GCA_029119975.1.fna:AA171,AA171,5,,"IncFIA,IncFII,IncFIB",conjugative,MOBF,MPF_F,-,0
UTI_GCA_029119975,UTI,UTI_GCA_029119975.1.fna:AG659,AG659,2,,-,non-mobilizable,-,-,-,1
UTI_GCA_029119975,UTI,UTI_GCA_029119975.1.fna:AB158,AB158,2,,-,non-mobilizable,-,-,-,0
UTI_GCA_029119975,UTI,UTI_GCA_029119975.1.fna:AA172,AA172,2,,IncFIA,non-mobilizable,-,-,-,1
UTI_GCA_029119975,UTI,UTI_GCA_029119975.1.fna:AA977,AA977,1,,Col156,mobilizable,MOBQ,-,-,0
rUTI_ERR14226207,rUTI,rUTI_ERR14226207:AA176,AA176,7,,"IncFIA,IncFIB",conjugative,MOBF,MPF_F,-,2
rUTI_ERR14226207,rUTI,rUTI_ERR14226207:AA579,AA579,1,,rep_cluster_1778,mobilizable,MOBQ,-,"MOBQ,MOBQ",0
UTI_GCA_020085635,UTI,UTI_GCA_020085635.1.fna:AA171,AA171,17,,"Col156,IncFIB,IncFII,rep_cluster_2131",non-mobilizable,-,-,-,2
UTI_GCA_020085635,UTI,UTI_GCA_020085635.1.fna:AA977,AA977,1,,-,mobilizable,MOBQ,-,-,0
rUTI_GCA_011751215,rUTI,rUTI_GCA_011751215.1.fna:AA176,AA176,1,,"IncFIA,IncFIB,IncFIC",conjugative,MOBF,MPF_F,MOBF,5
rUTI_GCA_011751215,rUTI,rUTI_GCA_011751215.1.fna:AB072,AB072,1,,"rep_cluster_2358,rep_cluster_2373",non-mobilizable,-,-,-,0
rUTI_GCA_011751215,rUTI,rUTI_GCA_011751215.1.fna:AD466,AD466,1,,-,mobilizable,MOBV,-,-,0
rUTI_ERR14226153,rUTI,rUTI_ERR14226153:AA282,AA282,1,,IncI1/B/O,conjugative,MOBP,MPF_I,MOBP,1
rUTI_ERR14226153,rUTI,rUTI_ERR14226153:AC510,AC510,1,,rep_cluster_2350,mobilizable,"MOBP,MOBP",-,MOBP,0
rUTI_ERR14226153,rUTI,rUTI_ERR14226153:AA579,AA579,1,,rep_cluster_1778,mobilizable,MOBQ,-,"MOBQ,MOBQ",0
UTI_GCA_000776395,UTI,UTI_GCA_000776395.1.fna:AA282,AA282,6,,IncK2/Z,conjugative,MOBP,MPF_I,MOBP,0
UTI_GCA_000776395,UTI,UTI_GCA_000776395.1.fna:AA171,AA171,15,,"IncFIA,IncFIA,IncFIB",conjugative,MOBF,MPF_F,MOBF,4
UTI_GCA_000785325,UTI,UTI_GCA_000785325.1.fna:AA176,AA176,11,,"IncFIB,IncFIC,rep_cluster_2244,IncQ1",conjugative,"MOBF,MOBP",MPF_F,MOBF,5
UTI_GCA_000785325,UTI,UTI_GCA_000785325.1.fna:AF232,AF232,2,,-,non-mobilizable,-,-,-,0
UTI_GCA_029111085,UTI,UTI_GCA_029111085.1.fna:AA977,AA977,1,,rep_cluster_2131,mobilizable,MOBQ,-,-,0
UTI_GCA_029111085,UTI,UTI_GCA_029111085.1.fna:AA579,AA579,1,,rep_cluster_1778,mobilizable,MOBQ,-,"MOBQ,MOBQ",0
UTI_GCA_029111085,UTI,UTI_GCA_029111085.1.fna:AB042,AB042,1,,rep_cluster_2335,mobilizable,-,-,MOBP,0
UTI_GCA_029111085,UTI,UTI_GCA_029111085.1.fna:AC748,AC748,1,,Col(BS512),non-mobilizable,-,-,-,0
UTI_GCA_029111085,UTI,UTI_GCA_029111085.1.fna:AB688,AB688,1,,Col(MG828),non-mobilizable,-,-,-,0
UTI_GCA_029120925,UTI,UTI_GCA_029120925.1.fna:AA337,AA337,5,,"IncFIA,IncFIA,IncFIB,IncFIC",conjugative,MOBF,MPF_F,MOBF,2
UTI_GCA_029120925,UTI,UTI_GCA_029120925.1.fna:AA977,AA977,1,,Col156,mobilizable,MOBQ,-,-,0
UTI_GCA_029120925,UTI,UTI_GCA_029120925.1.fna:AB685,AB685,1,,Col(MG828),mobilizable,-,-,"MOBP,MOB_unknown",0
UTI_GCA_029120925,UTI,UTI_GCA_029120925.1.fna:AB687,AB687,1,,Col(MG828),non-mobilizable,-,-,-,0
rUTI_ERR14226215,rUTI,rUTI_ERR14226215:AA667,AA667,1,,"rep_cluster_2350,rep_cluster_2370",mobilizable,MOBF,-,MOB_unknown,1
rUTI_ERR14226215,rUTI,rUTI_ERR14226215:AB688,AB688,1,,-,non-mobilizable,-,-,-,0
rUTI_ERR14226229,rUTI,rUTI_ERR14226229:AA337,AA337,13,,"IncFIA,IncFIB,rep_cluster_2131",conjugative,MOBF,MPF_F,MOBF,5
rUTI_ERR14226229,rUTI,rUTI_ERR14226229:AC120,AC120,2,,IncQ1,non-mobilizable,-,-,-,0
rUTI_ERR14226192,rUTI,rUTI_ERR14226192:AA337,AA337,7,,IncFIA,conjugative,MOBF,MPF_F,MOBF,0
rUTI_ERR14226192,rUTI,rUTI_ERR14226192:AC512,AC512,2,,IncFIB,non-mobilizable,-,-,-,2
rUTI_ERR14226192,rUTI,rUTI_ERR14226192:AC082,AC082,6,,IncQ1,non-mobilizable,-,-,-,4
UTI_GCA_000779055,UTI,UTI_GCA_000779055.1.fna:AA337,AA337,1,,"IncFIA,IncFIB,IncFIC",conjugative,MOBF,MPF_F,MOBF,4
UTI_GCA_000779055,UTI,UTI_GCA_000779055.1.fna:AA352,AA352,1,,rep_cluster_2131,non-mobilizable,-,-,-,0
rUTI_ERR14226105,rUTI,rUTI_ERR14226105:AA179,AA179,7,,"IncFIB,IncFIC,IncFII",conjugative,"MOBF,MOBP",MPF_F,-,4
rUTI_ERR14226105,rUTI,rUTI_ERR14226105:AF267,AF267,1,,IncI1/B/O,non-mobilizable,-,-,-,0
rUTI_ERR14226105,rUTI,rUTI_ERR14226105:AA476,AA476,1,,-,non-mobilizable,-,-,-,0
rUTI_ERR14226086,rUTI,rUTI_ERR14226086:AD158,AD158,1,,IncN,conjugative,MOBF,MPF_T,-,0
rUTI_ERR14226086,rUTI,rUTI_ERR14226086:AF232,AF232,1,,-,non-mobilizable,-,-,-,0
rUTI_ERR14226086,rUTI,rUTI_ERR14226086:AB235,AB235,1,,ColpVC,non-mobilizable,-,-,-,0
rUTI_ERR14226223,rUTI,rUTI_ERR14226223:AE638,AE638,1,,-,non-mobilizable,-,-,-,0
rUTI_ERR14226223,rUTI,rUTI_ERR14226223:AC510,AC510,1,,"rep_cluster_2350,rep_cluster_2358",mobilizable,MOBP,-,MOBP,0
rUTI_ERR14226096,rUTI,rUTI_ERR14226096:AB002,AB002,2,,rep_cluster_1704,non-mobilizable,-,-,-,0
rUTI_ERR14226096,rUTI,rUTI_ERR14226096:AA172,AA172,5,,"IncFIA,IncFIB,IncFII",conjugative,"MOBF,MOBF",MPF_F,MOBF,2
rUTI_ERR14226096,rUTI,rUTI_ERR14226096:AA163,AA163,1,,-,mobilizable,MOBP,-,MOBP,0
rUTI_GCA_030708055,rUTI,rUTI_GCA_030708055.1.fna:AA170,AA170,1,,"IncFIA,IncFIB,IncFII",conjugative,"MOBF,MOBP",MPF_F,-,1
rUTI_GCA_030708055,rUTI,rUTI_GCA_030708055.1.fna:AA162,AA162,1,,rep_cluster_2350,mobilizable,MOBP,-,MOBP,0
rUTI_GCA_030708055,rUTI,rUTI_GCA_030708055.1.fna:AA578,AA578,1,,rep_cluster_1778,mobilizable,MOBQ,-,"MOBQ,MOBQ",0
UTI_GCA_029080945,UTI,UTI_GCA_029080945.1.fna:AA977,AA977,1,,Col156,mobilizable,MOBQ,-,-,0
UTI_GCA_029080945,UTI,UTI_GCA_029080945.1.fna:AA579,AA579,1,,rep_cluster_1778,mobilizable,MOBQ,-,"MOBQ,MOBQ",0
UTI_GCA_029080945,UTI,UTI_GCA_029080945.1.fna:AC748,AC748,1,,Col(BS512),non-mobilizable,-,-,-,0
rUTI_ERR14226131,rUTI,rUTI_ERR14226131:AA378,AA378,1,,IncHI1B,non-mobilizable,-,-,-,0
UTI_GCA_000781315,UTI,UTI_GCA_000781315.1.fna:AA336,AA336,7,,"IncFIA,rep_cluster_2232",conjugative,MOBF,MPF_F,MOBF,4
UTI_GCA_000781315,UTI,UTI_GCA_000781315.1.fna:AA352,AA352,2,,rep_cluster_2131,non-mobilizable,-,-,-,0
UTI_GCA_000781315,UTI,UTI_GCA_000781315.1.fna:AC512,AC512,5,,IncFIB,non-mobilizable,-,-,-,1
UTI_GCA_029121045,UTI,UTI_GCA_029121045.1.fna:AA337,AA337,5,,"IncFIA,IncFIA,IncFIB",conjugative,MOBF,MPF_F,MOBF,2
UTI_GCA_029121045,UTI,UTI_GCA_029121045.1.fna:AA977,AA977,1,,Col156,mobilizable,MOBQ,-,-,0
UTI_GCA_029121045,UTI,UTI_GCA_029121045.1.fna:AB685,AB685,1,,Col(MG828),mobilizable,-,-,"MOBP,MOB_unknown",0
rUTI_ERR14226056,rUTI,rUTI_ERR14226056:AA332,AA332,2,,"IncFIA,IncFIC",conjugative,MOBF,MPF_F,MOBP,0
rUTI_ERR14226056,rUTI,rUTI_ERR14226056:AA351,AA351,12,,"IncFIB,rep_cluster_2131,rep_cluster_2313",non-mobilizable,-,-,-,6
rUTI_ERR14226056,rUTI,rUTI_ERR14226056:AA142,AA142,1,,rep_cluster_2350,mobilizable,"MOBP,MOBP",-,MOBP,0
rUTI_ERR14226056,rUTI,rUTI_ERR14226056:AA977,AA977,1,,Col156,mobilizable,MOBQ,-,-,0
rUTI_ERR14226056,rUTI,rUTI_ERR14226056:AA163,AA163,1,,-,mobilizable,MOBP,-,MOBP,0
rUTI_ERR14226056,rUTI,rUTI_ERR14226056:AB041,AB041,1,,ColRNAI_rep_cluster_1987,mobilizable,-,-,MOB_unknown,0
rUTI_ERR14226160,rUTI,rUTI_ERR14226160:AA372,AA372,2,,IncI2,conjugative,MOBP,MPF_T,-,1
rUTI_ERR14226160,rUTI,rUTI_ERR14226160:AA336,AA336,7,,IncFIA,conjugative,MOBF,MPF_F,-,0
rUTI_ERR14226160,rUTI,rUTI_ERR14226160:novel_080e2672505df42177d0f1340dc56c9e,novel_080e2672505df42177d0f1340dc56c9e,3,,-,mobilizable,MOBF,-,-,0
rUTI_ERR14226160,rUTI,rUTI_ERR14226160:novel_7e69296aec738c98ec484b41ec16fa26,novel_7e69296aec738c98ec484b41ec16fa26,3,,-,conjugative,MOBP,MPF_I,MOBP,0
rUTI_ERR14226160,rUTI,rUTI_ERR14226160:AA161,AA161,1,,rep_cluster_2350,mobilizable,MOBP,-,MOBP,0
rUTI_ERR14226160,rUTI,rUTI_ERR14226160:AA977,AA977,1,,rep_cluster_2131,mobilizable,MOBQ,-,-,0
rUTI_ERR14226160,rUTI,rUTI_ERR14226160:AB685,AB685,1,,Col(MG828),mobilizable,-,-,MOB_unknown,0
UTI_GCA_000779895,UTI,UTI_GCA_000779895.1.fna:AA735,AA735,19,,IncFII,mobilizable,-,MPF_F,MOBF,7
UTI_GCA_029118945,UTI,UTI_GCA_029118945.1.fna:AA352,AA352,8,,"IncFIB,IncFII,IncQ1,rep_cluster_2131",non-mobilizable,-,-,-,3
UTI_GCA_029118945,UTI,UTI_GCA_029118945.1.fna:AA977,AA977,1,,rep_cluster_2131,mobilizable,MOBQ,-,-,0
UTI_GCA_029118945,UTI,UTI_GCA_029118945.1.fna:AA579,AA579,1,,rep_cluster_1778,mobilizable,MOBQ,-,"MOBQ,MOBQ",0
UTI_GCA_029118945,UTI,UTI_GCA_029118945.1.fna:AC748,AC748,1,,Col(BS512),non-mobilizable,-,-,-,0
UTI_GCA_000780115,UTI,UTI_GCA_000780115.1.fna:AA297,AA297,4,,"IncFIA,IncFIB,IncFIC,rep_cluster_2131",conjugative,MOBF,MPF_F,MOBF,1
UTI_GCA_020085295,UTI,UTI_GCA_020085295.1.fna:AE638,AE638,1,,-,non-mobilizable,-,-,-,0
UTI_GCA_020085295,UTI,UTI_GCA_020085295.1.fna:AA162,AA162,1,,rep_cluster_2350,mobilizable,"MOBP,MOBP",-,MOBP,0
UTI_GCA_020086405,UTI,UTI_GCA_020086405.1.fna:AA352,AA352,8,,"IncFIB,IncFII,rep_cluster_2131",non-mobilizable,-,-,-,2
UTI_GCA_020086405,UTI,UTI_GCA_020086405.1.fna:AE540,AE540,1,,rep_cluster_2370,non-mobilizable,-,-,-,0
UTI_GCA_020086405,UTI,UTI_GCA_020086405.1.fna:AA579,AA579,1,,rep_cluster_1778,mobilizable,MOBQ,-,"MOBQ,MOBQ",0
UTI_GCA_020086405,UTI,UTI_GCA_020086405.1.fna:AC748,AC748,1,,Col(BS512),non-mobilizable,-,-,-,0
rUTI_ERR4556439,rUTI,rUTI_ERR4556439:AA282,AA282,5,,IncI-gamma/K1,conjugative,MOBP,MPF_I,-,1
rUTI_ERR4556439,rUTI,rUTI_ERR4556439:AA474,AA474,6,,IncI1/B/O,conjugative,MOBP,MPF_I,-,1
rUTI_ERR4556439,rUTI,rUTI_ERR4556439:AA619,AA619,1,,IncX4,conjugative,MOBP,MPF_T,-,0
UTI_GCA_029118315,UTI,UTI_GCA_029118315.1.fna:AA336,AA336,5,,IncFIA,conjugative,MOBF,MPF_F,MOBF,2
UTI_GCA_029118315,UTI,UTI_GCA_029118315.1.fna:AA172,AA172,3,,"IncFIA,IncFIB",non-mobilizable,-,-,-,1
UTI_GCA_029118315,UTI,UTI_GCA_029118315.1.fna:AA977,AA977,1,,Col156,mobilizable,MOBQ,-,-,0
UTI_GCA_029118315,UTI,UTI_GCA_029118315.1.fna:AA579,AA579,1,,"rep_cluster_1778,rep_cluster_1778",mobilizable,MOBQ,-,"MOBQ,MOBQ",0
UTI_GCA_029118315,UTI,UTI_GCA_029118315.1.fna:AB687,AB687,1,,Col(MG828),non-mobilizable,-,-,-,0
rUTI_GCA_004135165,rUTI,rUTI_GCA_004135165.1.fna:AA171,AA171,1,,"IncFIA,IncFIA,IncFIB,IncFII,rep_cluster_2131",conjugative,"MOBF,MOBP",MPF_F,MOBF,6
rUTI_GCA_004135165,rUTI,rUTI_GCA_004135165.1.fna:AA336,AA336,1,,IncFIA,conjugative,MOBF,MPF_F,MOBF,0
rUTI_GCA_004135165,rUTI,rUTI_GCA_004135165.1.fna:AA579,AA579,1,,rep_cluster_1778,mobilizable,MOBQ,-,"MOBQ,MOBQ",0
rUTI_GCA_004135165,rUTI,rUTI_GCA_004135165.1.fna:AA147,AA147,1,,rep_cluster_2401,mobilizable,MOBP,-,MOBP,0
rUTI_GCA_004135165,rUTI,rUTI_GCA_004135165.1.fna:AB446,AB446,1,,rep_cluster_2350,mobilizable,"MOBP,MOBP",-,MOBP,0
rUTI_GCA_004135165,rUTI,rUTI_GCA_004135165.1.fna:AB687,AB687,1,,-,non-mobilizable,-,-,-,0
rUTI_ERR14226113,rUTI,rUTI_ERR14226113:AA319,AA319,5,,IncFIA,conjugative,MOBF,MPF_F,-,1
rUTI_ERR14226113,rUTI,rUTI_ERR14226113:AA175,AA175,6,,"IncFIB,IncR",non-mobilizable,-,-,-,2
rUTI_ERR14226113,rUTI,rUTI_ERR14226113:AD451,AD451,2,,-,conjugative,MOBC,MPF_T,-,0
rUTI_ERR14226113,rUTI,rUTI_ERR14226113:AA552,AA552,1,,-,non-mobilizable,-,-,-,0
rUTI_ERR14226113,rUTI,rUTI_ERR14226113:AC411,AC411,3,,-,non-mobilizable,-,-,-,0
rUTI_ERR14226113,rUTI,rUTI_ERR14226113:AE638,AE638,6,,-,non-mobilizable,-,-,-,0
rUTI_ERR14226113,rUTI,rUTI_ERR14226113:AB235,AB235,1,,ColpVC,non-mobilizable,-,-,-,0
rUTI_GCA_017352055,rUTI,rUTI_GCA_017352055.1.fna:AB718,AB718,1,,IncX1,non-mobilizable,-,-,-,1
rUTI_GCA_017352055,rUTI,rUTI_GCA_017352055.1.fna:AD306,AD306,1,,IncFII,non-mobilizable,-,MPF_T,-,0
UTI_GCA_029120865,UTI,UTI_GCA_029120865.1.fna:AA171,AA171,6,,"IncFIA,IncFIB,IncFIA,IncFII",conjugative,MOBF,MPF_F,MOBF,4
UTI_GCA_029120865,UTI,UTI_GCA_029120865.1.fna:AB446,AB446,1,,rep_cluster_2350,mobilizable,MOBP,-,MOBP,0
UTI_GCA_029120865,UTI,UTI_GCA_029120865.1.fna:AA977,AA977,1,,Col156,mobilizable,MOBQ,-,-,0
UTI_GCA_029120865,UTI,UTI_GCA_029120865.1.fna:AC748,AC748,1,,Col(BS512),non-mobilizable,-,-,-,0
UTI_GCA_029120865,UTI,UTI_GCA_029120865.1.fna:AB235,AB235,1,,ColpVC,non-mobilizable,-,-,-,0
UTI_GCA_000778235,UTI,UTI_GCA_000778235.1.fna:AE638,AE638,1,,-,non-mobilizable,-,-,-,0
rUTI_GCA_004135915,rUTI,rUTI_GCA_004135915.1.fna:AA171,AA171,1,,"IncFIA,IncFIA,IncFIB,IncFII,rep_cluster_2131",conjugative,"MOBF,MOBP",MPF_F,MOBF,6
rUTI_GCA_004135915,rUTI,rUTI_GCA_004135915.1.fna:AA336,AA336,1,,"IncFIA,IncFIC",conjugative,MOBF,MPF_F,MOBF,0
rUTI_GCA_004135915,rUTI,rUTI_GCA_004135915.1.fna:AA579,AA579,1,,rep_cluster_1778,mobilizable,MOBQ,-,"MOBQ,MOBQ",0
rUTI_GCA_004135915,rUTI,rUTI_GCA_004135915.1.fna:AA147,AA147,1,,rep_cluster_2401,mobilizable,MOBP,-,MOBP,0
rUTI_GCA_004135915,rUTI,rUTI_GCA_004135915.1.fna:AB446,AB446,1,,rep_cluster_2350,mobilizable,"MOBP,MOBP",-,MOBP,0
rUTI_GCA_004135915,rUTI,rUTI_GCA_004135915.1.fna:AB687,AB687,1,,-,non-mobilizable,-,-,-,0
UTI_GCA_029119935,UTI,UTI_GCA_029119935.1.fna:AA474,AA474,7,,"IncFIA,IncFII,IncI1/B/O",conjugative,MOBP,MPF_I,MOBP,2
UTI_GCA_029119935,UTI,UTI_GCA_029119935.1.fna:AD158,AD158,4,,rep_cluster_1760,conjugative,MOBF,MPF_T,-,0
UTI_GCA_029119935,UTI,UTI_GCA_029119935.1.fna:AA171,AA171,3,,IncFIB,conjugative,MOBF,MPF_F,-,0
UTI_GCA_029119935,UTI,UTI_GCA_029119935.1.fna:AA172,AA172,3,,IncFIA,non-mobilizable,-,-,-,2
UTI_GCA_029119935,UTI,UTI_GCA_029119935.1.fna:AA977,AA977,1,,Col156,mobilizable,MOBQ,-,-,0
UTI_GCA_029125125,UTI,UTI_GCA_029125125.1.fna:AA747,AA747,2,,rep_cluster_488,non-mobilizable,-,-,-,1
UTI_GCA_029125125,UTI,UTI_GCA_029125125.1.fna:AA282,AA282,2,,IncI1/B/O,conjugative,MOBP,MPF_I,MOBP,0
UTI_GCA_029125125,UTI,UTI_GCA_029125125.1.fna:AA552,AA552,2,,IncN,conjugative,MOBF,MPF_T,MOBF,0
UTI_GCA_029125125,UTI,UTI_GCA_029125125.1.fna:AA977,AA977,1,,Col156,mobilizable,MOBQ,-,-,0
rUTI_GCA_030708035,rUTI,rUTI_GCA_030708035.1.fna:AA324,AA324,1,,"IncFIA,IncFIA,IncFIB,IncFIC,rep_cluster_2131",conjugative,"MOBF,MOBP",MPF_F,MOBF,6
rUTI_GCA_030708035,rUTI,rUTI_GCA_030708035.1.fna:AA474,AA474,2,,IncI1/B/O,conjugative,MOBP,MPF_I,MOBP,0
UTI_GCA_000780315,UTI,UTI_GCA_000780315.1.fna:AA747,AA747,1,,rep_cluster_488,non-mobilizable,-,-,-,0
UTI_GCA_000780315,UTI,UTI_GCA_000780315.1.fna:AA314,AA314,1,,IncFIA,conjugative,MOBF,MPF_F,MOBF,1
UTI_GCA_029117995,UTI,UTI_GCA_029117995.1.fna:AA977,AA977,1,,Col156,mobilizable,MOBQ,-,-,0
UTI_GCA_029117995,UTI,UTI_GCA_029117995.1.fna:AC748,AC748,1,,Col(BS512),non-mobilizable,-,-,-,0
UTI_GCA_029114525,UTI,UTI_GCA_029114525.1.fna:AA619,AA619,1,,IncX4,conjugative,MOBP,MPF_T,-,0
UTI_GCA_029114525,UTI,UTI_GCA_029114525.1.fna:AA735,AA735,9,,"IncFIA,IncFII",mobilizable,"MOBF,MOBF",-,-,3
UTI_GCA_029114525,UTI,UTI_GCA_029114525.1.fna:AA147,AA147,1,,rep_cluster_2401,mobilizable,MOBP,-,MOBP,0
UTI_GCA_029114525,UTI,UTI_GCA_029114525.1.fna:AA977,AA977,1,,Col156,mobilizable,MOBQ,-,-,0
UTI_GCA_029114525,UTI,UTI_GCA_029114525.1.fna:AB685,AB685,1,,Col(MG828),mobilizable,-,-,"MOBP,MOB_unknown",0
UTI_GCA_029120005,UTI,UTI_GCA_029120005.1.fna:AA474,AA474,4,,IncI1/B/O,conjugative,MOBP,MPF_I,MOBP,3
UTI_GCA_029120005,UTI,UTI_GCA_029120005.1.fna:AD158,AD158,4,,rep_cluster_1760,conjugative,MOBF,MPF_T,-,0
UTI_GCA_029120005,UTI,UTI_GCA_029120005.1.fna:AA171,AA171,6,,"IncFIA,IncFIB",conjugative,MOBF,MPF_F,-,0
UTI_GCA_029120005,UTI,UTI_GCA_029120005.1.fna:AA172,AA172,2,,IncFIA,non-mobilizable,-,-,-,1
UTI_GCA_029120005,UTI,UTI_GCA_029120005.1.fna:AA977,AA977,1,,Col156,mobilizable,MOBQ,-,-,0
UTI_GCA_000781195,UTI,UTI_GCA_000781195.1.fna:AA320,AA320,2,,"IncFIA,IncFIB",conjugative,MOBF,MPF_F,MOBF,1
UTI_GCA_000781195,UTI,UTI_GCA_000781195.1.fna:AB440,AB440,1,,rep_cluster_2350,mobilizable,MOBP,-,MOBP,0
rUTI_ERR14226059,rUTI,rUTI_ERR14226059:AA302,AA302,1,,"IncFIA,IncFIB",conjugative,MOBF,MPF_F,-,1
rUTI_ERR14226059,rUTI,rUTI_ERR14226059:AA673,AA673,1,,rep_cluster_2350,mobilizable,MOBF,-,MOB_unknown,0
rUTI_ERR14226164,rUTI,rUTI_ERR14226164:AA304,AA304,2,,"IncFIA,IncFIA,IncFIB",conjugative,MOBF,MPF_F,MOBF,0
rUTI_ERR14226132,rUTI,rUTI_ERR14226132:AA378,AA378,1,,IncHI1B,non-mobilizable,-,-,-,0
UTI_GCA_016092415,UTI,UTI_GCA_016092415.1.fna:AA171,AA171,8,,"IncFIA,IncFIA,IncFII,IncFIB",conjugative,MOBF,MPF_F,MOBF,3
UTI_GCA_016092415,UTI,UTI_GCA_016092415.1.fna:AA352,AA352,1,,-,non-mobilizable,-,-,-,0
rUTI_ERR14226197,rUTI,rUTI_ERR14226197:AA337,AA337,6,,"IncFIA,IncFIB,rep_cluster_2131",conjugative,MOBF,MPF_F,MOBF,3
UTI_GCA_016092535,UTI,UTI_GCA_016092535.1.fna:AA903,AA903,4,,-,non-mobilizable,-,-,-,1
rUTI_ERR14226185,rUTI,rUTI_ERR14226185:AA282,AA282,4,,IncK2/Z,conjugative,MOBP,MPF_I,MOBP,1
rUTI_ERR14226185,rUTI,rUTI_ERR14226185:AA337,AA337,9,,"IncFIA,IncFIC,IncFIB,rep_cluster_2131",conjugative,MOBF,MPF_F,MOBF,2
rUTI_ERR14226185,rUTI,rUTI_ERR14226185:AE928,AE928,1,,"IncFIA,IncFII",conjugative,MOBF,MPF_F,-,0
rUTI_ERR14226185,rUTI,rUTI_ERR14226185:AA161,AA161,1,,rep_cluster_2350,mobilizable,MOBP,-,MOBP,0
rUTI_ERR14226185,rUTI,rUTI_ERR14226185:AA971,AA971,1,,rep_cluster_2141,mobilizable,MOBQ,-,-,0
rUTI_ERR14226185,rUTI,rUTI_ERR14226185:AA977,AA977,1,,rep_cluster_2150,mobilizable,MOBQ,-,-,0
rUTI_ERR14226185,rUTI,rUTI_ERR14226185:AA579,AA579,1,,rep_cluster_1778,mobilizable,MOBQ,-,"MOBQ,MOBQ",0
rUTI_ERR14226185,rUTI,rUTI_ERR14226185:AB685,AB685,1,,Col(MG828),mobilizable,-,-,MOB_unknown,0
UTI_GCA_037081985,UTI,UTI_GCA_037081985.1.fna:AA324,AA324,1,,"IncFIA,IncFIA,IncFIB,IncFIC,rep_cluster_2131",conjugative,MOBF,MPF_F,MOBF,8
UTI_GCA_037081985,UTI,UTI_GCA_037081985.1.fna:AA551,AA551,1,,IncN,conjugative,MOBF,MPF_T,MOBF,3
UTI_GCA_000778955,UTI,UTI_GCA_000778955.1.fna:AE638,AE638,1,,-,non-mobilizable,-,-,-,0
UTI_GCA_000778935,UTI,UTI_GCA_000778935.1.fna:AA352,AA352,8,,"IncFIB,IncFII,rep_cluster_2131,rep_cluster_2131",mobilizable,MOBQ,-,-,2
UTI_GCA_000778935,UTI,UTI_GCA_000778935.1.fna:AB158,AB158,2,,-,non-mobilizable,-,-,-,0
UTI_GCA_000778935,UTI,UTI_GCA_000778935.1.fna:AA579,AA579,2,,"rep_cluster_1778,rep_cluster_1778",mobilizable,MOBQ,-,"MOBQ,MOBQ",0
UTI_GCA_000778935,UTI,UTI_GCA_000778935.1.fna:AC748,AC748,1,,Col(BS512),non-mobilizable,-,-,-,0
UTI_GCA_000780815,UTI,UTI_GCA_000780815.1.fna:AA171,AA171,16,,"IncFIA,IncFIA,IncFIB,rep_cluster_2131",conjugative,MOBF,MPF_F,MOBF,2
rUTI_GCA_027474285,rUTI,rUTI_GCA_027474285.1.fna:AA337,AA337,1,,"IncFIA,IncFIB,IncFIC,rep_cluster_2131",conjugative,"MOBF,MOBP",MPF_F,MOBF,6
UTI_GCA_030991425,UTI,UTI_GCA_030991425.1.fna:AA352,AA352,1,,"IncFIB,IncFII,rep_cluster_2131",mobilizable,MOBP,-,-,12
UTI_GCA_030991425,UTI,UTI_GCA_030991425.1.fna:AA579,AA579,1,,rep_cluster_1778,mobilizable,MOBQ,-,"MOBQ,MOBQ",0
UTI_GCA_030991425,UTI,UTI_GCA_030991425.1.fna:AC748,AC748,1,,Col(BS512),non-mobilizable,-,-,-,0
UTI_GCA_049748475,UTI,UTI_GCA_049748475.1.fna:AC288,AC288,1,,-,non-mobilizable,-,-,-,0
UTI_GCA_020085485,UTI,UTI_GCA_020085485.1.fna:AA352,AA352,13,,"IncFIB,IncFII,rep_cluster_2131",non-mobilizable,-,-,-,2
UTI_GCA_020085485,UTI,UTI_GCA_020085485.1.fna:AA941,AA941,3,,-,non-mobilizable,-,-,-,0
UTI_GCA_020085485,UTI,UTI_GCA_020085485.1.fna:AC748,AC748,1,,Col(BS512),non-mobilizable,-,-,-,0
UTI_GCA_020085875,UTI,UTI_GCA_020085875.1.fna:AA171,AA171,19,,"IncFIB,IncFII,rep_cluster_2131",non-mobilizable,-,-,-,3
UTI_GCA_020085875,UTI,UTI_GCA_020085875.1.fna:AC748,AC748,1,,Col(BS512),non-mobilizable,-,-,-,0
UTI_GCA_020085875,UTI,UTI_GCA_020085875.1.fna:AB238,AB238,1,,-,non-mobilizable,-,-,-,0
UTI_GCA_000777535,UTI,UTI_GCA_000777535.1.fna:novel_cd6256eb7866aa30506af06756ef91b5,novel_cd6256eb7866aa30506af06756ef91b5,2,,-,conjugative,MOBF,MPF_T,MOBF,0
rUTI_ERR14226162,rUTI,rUTI_ERR14226162:AA337,AA337,10,,"IncFIB,rep_cluster_2131",conjugative,MOBF,MPF_F,MOBF,1
rUTI_ERR14226162,rUTI,rUTI_ERR14226162:novel_192877f1cf69d35967e111c330ecb2cf,novel_192877f1cf69d35967e111c330ecb2cf,4,,-,conjugative,MOBP,MPF_I,MOBP,1
rUTI_ERR14226162,rUTI,rUTI_ERR14226162:AA977,AA977,1,,rep_cluster_2131,mobilizable,MOBQ,-,-,0
rUTI_ERR14226162,rUTI,rUTI_ERR14226162:AB685,AB685,1,,Col(MG828),mobilizable,-,-,"MOBP,MOB_unknown",0
rUTI_ERR14226126,rUTI,rUTI_ERR14226126:AA971,AA971,1,,rep_cluster_2141,mobilizable,MOBQ,-,-,0
rUTI_ERR14226126,rUTI,rUTI_ERR14226126:AA579,AA579,1,,rep_cluster_1778,mobilizable,MOBQ,-,"MOBQ,MOBQ",0
rUTI_ERR14226126,rUTI,rUTI_ERR14226126:AB242,AB242,1,,Col(MP18),mobilizable,-,-,"MOBP,MOB_unknown",0
rUTI_ERR14226126,rUTI,rUTI_ERR14226126:AB690,AB690,2,,Col(MG828),non-mobilizable,-,-,-,0
rUTI_ERR14226126,rUTI,rUTI_ERR14226126:AB685,AB685,1,,Col(MG828),mobilizable,-,-,"MOBP,MOB_unknown",0
UTI_GCA_000778315,UTI,UTI_GCA_000778315.1.fna:AA378,AA378,3,,IncHI1B,non-mobilizable,-,-,-,1
UTI_GCA_000778315,UTI,UTI_GCA_000778315.1.fna:AD312,AD312,1,,-,non-mobilizable,-,-,-,0
UTI_GCA_000780415,UTI,UTI_GCA_000780415.1.fna:AA372,AA372,1,,IncI2,conjugative,MOBP,MPF_T,-,0
UTI_GCA_000780415,UTI,UTI_GCA_000780415.1.fna:AA903,AA903,2,,-,non-mobilizable,-,-,-,2
UTI_GCA_004101165,UTI,UTI_GCA_004101165.1.fna:AA474,AA474,6,,"IncFIA,IncFII,IncI1/B/O",conjugative,"MOBF,MOBP",MPF_F,"MOBF,MOBP",4
UTI_GCA_004101165,UTI,UTI_GCA_004101165.1.fna:AA171,AA171,3,,"IncFIA,IncFIB",non-mobilizable,-,-,-,1
UTI_GCA_004101165,UTI,UTI_GCA_004101165.1.fna:AA352,AA352,7,,rep_cluster_2131,non-mobilizable,-,-,-,1
UTI_GCA_004101165,UTI,UTI_GCA_004101165.1.fna:AA977,AA977,1,,Col156,mobilizable,MOBQ,-,-,0
UTI_GCA_004101165,UTI,UTI_GCA_004101165.1.fna:AA579,AA579,1,,"rep_cluster_1778,rep_cluster_1778",mobilizable,MOBQ,-,"MOBQ,MOBQ",0
UTI_GCA_004101165,UTI,UTI_GCA_004101165.1.fna:AC748,AC748,2,,Col(BS512),non-mobilizable,-,-,-,0
rUTI_ERR14226220,rUTI,rUTI_ERR14226220:AA667,AA667,1,,rep_cluster_2350,mobilizable,MOBF,-,MOB_unknown,2
rUTI_ERR14226220,rUTI,rUTI_ERR14226220:AB688,AB688,1,,Col(MG828),non-mobilizable,-,-,-,0
UTI_GCA_037100245,UTI,UTI_GCA_037100245.1.fna:AA170,AA170,1,,"IncFIA,IncFIA,IncFIC",conjugative,MOBF,MPF_F,MOBF,3
UTI_GCA_037100245,UTI,UTI_GCA_037100245.1.fna:AC026,AC026,1,,IncI-gamma/K1,conjugative,MOBP,MPF_I,MOBP,0
UTI_GCA_037100245,UTI,UTI_GCA_037100245.1.fna:AC305,AC305,1,,IncX1,conjugative,MOBP,MPF_T,-,3
UTI_GCA_000780235,UTI,UTI_GCA_000780235.1.fna:AA337,AA337,6,,"IncFIA,IncFIB,IncFIC,rep_cluster_2131",conjugative,MOBF,MPF_F,MOBF,2
UTI_GCA_000780235,UTI,UTI_GCA_000780235.1.fna:AE638,AE638,2,,-,non-mobilizable,-,-,-,1
UTI_GCA_000780235,UTI,UTI_GCA_000780235.1.fna:AE322,AE322,6,,-,non-mobilizable,-,-,-,0
UTI_GCA_000780235,UTI,UTI_GCA_000780235.1.fna:AA903,AA903,1,,-,non-mobilizable,-,-,-,0
UTI_GCA_000779255,UTI,UTI_GCA_000779255.1.fna:AA474,AA474,4,,IncI1/B/O,conjugative,MOBP,MPF_I,MOBP,0
UTI_GCA_000779255,UTI,UTI_GCA_000779255.1.fna:AA619,AA619,2,,IncX4,conjugative,MOBP,MPF_T,-,2
UTI_GCA_000779255,UTI,UTI_GCA_000779255.1.fna:AA337,AA337,11,,"IncFIA,IncFIC,IncFIB,rep_cluster_2131",conjugative,MOBF,MPF_F,MOBF,7
UTI_GCA_000779255,UTI,UTI_GCA_000779255.1.fna:AE638,AE638,2,,-,non-mobilizable,-,-,-,1
rUTI_ERR14226168,rUTI,rUTI_ERR14226168:AA324,AA324,15,,"IncFIA,IncFIA,IncFIC,IncFIB,rep_cluster_2131",conjugative,MOBF,MPF_F,-,2
rUTI_GCA_011751245,rUTI,rUTI_GCA_011751245.1.fna:AA747,AA747,1,,rep_cluster_488,non-mobilizable,-,-,-,1
UTI_GCA_000778395,UTI,UTI_GCA_000778395.1.fna:AA337,AA337,9,,IncFIB,mobilizable,-,MPF_F,MOBF,4
UTI_GCA_000778395,UTI,UTI_GCA_000778395.1.fna:AE638,AE638,1,,IncFIA,conjugative,MOBF,MPF_Unknown,-,0
UTI_GCA_000778395,UTI,UTI_GCA_000778395.1.fna:AB595,AB595,1,,rep_cluster_2335,mobilizable,-,-,MOBP,0
UTI_GCA_020085795,UTI,UTI_GCA_020085795.1.fna:AA171,AA171,14,,"IncFIB,IncFII,rep_cluster_2131",non-mobilizable,-,-,-,3
UTI_GCA_020085795,UTI,UTI_GCA_020085795.1.fna:AB595,AB595,2,,rep_cluster_2335,mobilizable,-,-,MOBP,0
UTI_GCA_020085795,UTI,UTI_GCA_020085795.1.fna:AA579,AA579,1,,rep_cluster_1778,mobilizable,MOBQ,-,"MOBQ,MOBQ",0
UTI_GCA_020085795,UTI,UTI_GCA_020085795.1.fna:AC748,AC748,1,,Col(BS512),non-mobilizable,-,-,-,0
UTI_GCA_020085795,UTI,UTI_GCA_020085795.1.fna:AB238,AB238,1,,ColpVC,mobilizable,-,-,MOBP,0
UTI_GCA_020085795,UTI,UTI_GCA_020085795.1.fna:AB685,AB685,1,,Col(MG828),mobilizable,-,-,"MOBP,MOB_unknown",0
rUTI_ERR4556422,rUTI,rUTI_ERR4556422:AA279,AA279,1,,IncK2/Z,conjugative,MOBP,MPF_I,MOBP,1
rUTI_ERR4556422,rUTI,rUTI_ERR4556422:AA979,AA979,1,,Col156,mobilizable,MOBQ,-,-,0
UTI_GCA_004101205,UTI,UTI_GCA_004101205.1.fna:AE928,AE928,2,,IncFIA,conjugative,"MOBF,MOBF",MPF_F,-,1
UTI_GCA_004101205,UTI,UTI_GCA_004101205.1.fna:AA552,AA552,3,,IncN,conjugative,MOBF,MPF_T,MOBF,2
UTI_GCA_004101205,UTI,UTI_GCA_004101205.1.fna:AA171,AA171,16,,"IncFIA,IncFIA,IncFIB,rep_cluster_2131",conjugative,MOBF,MPF_F,MOBF,2
UTI_GCA_004101205,UTI,UTI_GCA_004101205.1.fna:AA971,AA971,1,,rep_cluster_2141,mobilizable,MOBQ,-,-,0
UTI_GCA_004101205,UTI,UTI_GCA_004101205.1.fna:AB446,AB446,1,,rep_cluster_2350,mobilizable,MOBP,-,MOBP,0
UTI_GCA_004101205,UTI,UTI_GCA_004101205.1.fna:AA977,AA977,1,,Col156,mobilizable,MOBQ,-,-,0
UTI_GCA_004101205,UTI,UTI_GCA_004101205.1.fna:AA579,AA579,3,,"rep_cluster_1778,rep_cluster_1778",mobilizable,MOBQ,-,-,0
rUTI_ERR14226233,rUTI,rUTI_ERR14226233:AA302,AA302,1,,"IncFIA,IncFIB,IncFIC",conjugative,MOBF,MPF_F,MOBF,0
rUTI_ERR14226233,rUTI,rUTI_ERR14226233:AA747,AA747,3,,rep_cluster_488,non-mobilizable,-,-,-,0
rUTI_ERR14226233,rUTI,rUTI_ERR14226233:AF232,AF232,2,,-,non-mobilizable,-,-,-,0
rUTI_GCA_021496405,rUTI,rUTI_GCA_021496405.1.fna:AA338,AA338,1,,"IncFIA,IncFIC",conjugative,MOBF,MPF_F,MOBP,0
rUTI_ERR14226165,rUTI,rUTI_ERR14226165:AA337,AA337,5,,"IncFIA,IncFIB,IncFIC,rep_cluster_2131",conjugative,MOBF,MPF_F,MOBF,2
UTI_GCA_029118025,UTI,UTI_GCA_029118025.1.fna:AA977,AA977,1,,Col156,mobilizable,MOBQ,-,-,0
UTI_GCA_029118025,UTI,UTI_GCA_029118025.1.fna:AC748,AC748,1,,Col(BS512),non-mobilizable,-,-,-,0
rUTI_ERR14226190,rUTI,rUTI_ERR14226190:AA903,AA903,4,,-,non-mobilizable,-,-,-,0
rUTI_ERR14226225,rUTI,rUTI_ERR14226225:AA282,AA282,2,,IncFIA,conjugative,"MOBP,MOBP",MPF_I,MOBP,3
rUTI_ERR14226225,rUTI,rUTI_ERR14226225:AA297,AA297,12,,"IncFIA,IncFIC,IncFIB,rep_cluster_2131",conjugative,MOBF,MPF_F,-,3
rUTI_ERR14226225,rUTI,rUTI_ERR14226225:AA977,AA977,1,,rep_cluster_2131,mobilizable,MOBQ,-,-,0
UTI_GCA_049748375,UTI,UTI_GCA_049748375.1.fna:AA474,AA474,5,,IncI-gamma/K1,conjugative,MOBP,MPF_I,MOBP,3
UTI_GCA_049748375,UTI,UTI_GCA_049748375.1.fna:AA338,AA338,3,,IncFIA,conjugative,MOBF,MPF_F,MOBP,0
UTI_GCA_049748375,UTI,UTI_GCA_049748375.1.fna:AD158,AD158,2,,IncN,conjugative,MOBF,MPF_T,-,0
rUTI_ERR14226201,rUTI,rUTI_ERR14226201:AA336,AA336,2,,"IncFIA,IncFIC",conjugative,MOBF,MPF_F,-,1
rUTI_ERR14226201,rUTI,rUTI_ERR14226201:AA102,AA102,1,,rep_cluster_2335,mobilizable,-,-,MOB_unknown,0
UTI_GCA_030988725,UTI,UTI_GCA_030988725.1.fna:AA352,AA352,1,,"IncFIB,IncFII",mobilizable,MOBP,-,-,2
UTI_GCA_030988725,UTI,UTI_GCA_030988725.1.fna:AA579,AA579,1,,rep_cluster_1778,mobilizable,MOBQ,-,"MOBQ,MOBQ",0
UTI_GCA_030988725,UTI,UTI_GCA_030988725.1.fna:AC748,AC748,1,,Col(BS512),non-mobilizable,-,-,-,0
UTI_GCA_029118805,UTI,UTI_GCA_029118805.1.fna:AA336,AA336,2,,IncFIA,conjugative,MOBF,MPF_F,MOBF,1
UTI_GCA_029118805,UTI,UTI_GCA_029118805.1.fna:AA977,AA977,1,,Col156,mobilizable,MOBQ,-,-,0
rUTI_ERR14226130,rUTI,rUTI_ERR14226130:AA474,AA474,5,,IncI-gamma/K1,conjugative,MOBP,MPF_I,MOBP,0
rUTI_ERR14226130,rUTI,rUTI_ERR14226130:AC977,AC977,1,,rep_cluster_2175,conjugative,MOBP,MPF_T,-,0
rUTI_ERR14226130,rUTI,rUTI_ERR14226130:AD448,AD448,1,,-,non-mobilizable,-,-,-,1
rUTI_ERR14226111,rUTI,rUTI_ERR14226111:AA626,AA626,3,,IncC,conjugative,"MOBH,MOBH",MPF_F,MOBH,1
rUTI_ERR14226111,rUTI,rUTI_ERR14226111:AA474,AA474,2,,IncI-gamma/K1,conjugative,MOBP,MPF_I,MOBP,3
UTI_GCA_000781075,UTI,UTI_GCA_000781075.1.fna:AF232,AF232,1,,-,non-mobilizable,-,-,-,0
UTI_GCA_000781075,UTI,UTI_GCA_000781075.1.fna:AD486,AD486,1,,rep_cluster_2350,mobilizable,-,-,"MOBF,MOBP,MOB_unknown",0
rUTI_ERR14226208,rUTI,rUTI_ERR14226208:AA378,AA378,2,,IncY,non-mobilizable,-,-,-,2
rUTI_ERR14226208,rUTI,rUTI_ERR14226208:AA735,AA735,5,,"IncFIA,IncFIC,IncFII",mobilizable,MOBF,-,-,4
rUTI_ERR14226208,rUTI,rUTI_ERR14226208:AA142,AA142,1,,ColRNAI_rep_cluster_1857,mobilizable,"MOBP,MOBP",-,MOBP,0
rUTI_ERR14226208,rUTI,rUTI_ERR14226208:AC509,AC509,1,,ColRNAI_rep_cluster_1857,mobilizable,MOBP,-,MOBP,0
rUTI_ERR14226208,rUTI,rUTI_ERR14226208:AA977,AA977,1,,Col156,mobilizable,MOBQ,-,-,0
rUTI_ERR14226208,rUTI,rUTI_ERR14226208:AB687,AB687,1,,Col(MG828),mobilizable,-,-,MOB_unknown,0
rUTI_ERR14226191,rUTI,rUTI_ERR14226191:AE638,AE638,2,,-,non-mobilizable,-,-,-,0
rUTI_ERR14226191,rUTI,rUTI_ERR14226191:AA977,AA977,1,,Col156,mobilizable,MOBQ,-,-,0
rUTI_ERR14226191,rUTI,rUTI_ERR14226191:AB235,AB235,1,,ColpVC,non-mobilizable,-,-,-,0
rUTI_ERR14226191,rUTI,rUTI_ERR14226191:AA579,AA579,2,,"rep_cluster_1778,rep_cluster_1778",non-mobilizable,-,-,-,0
rUTI_ERR14226152,rUTI,rUTI_ERR14226152:AA337,AA337,7,,"IncFIA,IncFIB,rep_cluster_2131",conjugative,MOBF,MPF_F,MOBF,4
rUTI_ERR14226152,rUTI,rUTI_ERR14226152:AA521,AA521,1,,-,mobilizable,MOBP,-,MOBP,0
UTI_GCA_029120105,UTI,UTI_GCA_029120105.1.fna:AA474,AA474,6,,"IncFIA,IncI1/B/O",conjugative,MOBP,MPF_I,MOBP,2
UTI_GCA_029120105,UTI,UTI_GCA_029120105.1.fna:AD158,AD158,4,,rep_cluster_1760,conjugative,MOBF,MPF_T,-,0
UTI_GCA_029120105,UTI,UTI_GCA_029120105.1.fna:AA171,AA171,4,,IncFIB,conjugative,MOBF,MPF_F,-,0
UTI_GCA_029120105,UTI,UTI_GCA_029120105.1.fna:AA172,AA172,2,,IncFIA,non-mobilizable,-,-,-,1
UTI_GCA_029120105,UTI,UTI_GCA_029120105.1.fna:AA977,AA977,1,,Col156,mobilizable,MOBQ,-,-,0
UTI_GCA_000780755,UTI,UTI_GCA_000780755.1.fna:AA337,AA337,6,,"IncFIA,IncFIB,rep_cluster_2131",conjugative,"MOBF,MOBP",MPF_F,MOBF,5
rUTI_ERR14226147,rUTI,rUTI_ERR14226147:AC621,AC621,3,,-,non-mobilizable,-,-,-,2
rUTI_ERR14226147,rUTI,rUTI_ERR14226147:AA174,AA174,11,,"IncFIA,IncFII,IncFIB,IncFII",conjugative,MOBF,MPF_F,MOBF,2
rUTI_ERR14226147,rUTI,rUTI_ERR14226147:AA142,AA142,1,,rep_cluster_2350,mobilizable,"MOBP,MOBP",-,MOBP,0
rUTI_ERR14226147,rUTI,rUTI_ERR14226147:AD168,AD168,1,,rep_cluster_2335,mobilizable,-,-,MOBP,0
rUTI_ERR14226147,rUTI,rUTI_ERR14226147:AA977,AA977,1,,rep_cluster_2131,mobilizable,MOBQ,-,-,0
rUTI_ERR14226147,rUTI,rUTI_ERR14226147:AA579,AA579,2,,"rep_cluster_1778,rep_cluster_1778",non-mobilizable,-,-,-,0
rUTI_ERR14226147,rUTI,rUTI_ERR14226147:AC748,AC748,1,,Col(BS512),non-mobilizable,-,-,-,0
rUTI_ERR14226147,rUTI,rUTI_ERR14226147:AB688,AB688,1,,Col(MG828),non-mobilizable,-,-,-,0
rUTI_ERR14226147,rUTI,rUTI_ERR14226147:AB686,AB686,1,,Col(MG828),mobilizable,-,-,MOBP,0
rUTI_ERR14226112,rUTI,rUTI_ERR14226112:AA979,AA979,1,,rep_cluster_2131,mobilizable,MOBQ,-,-,0
rUTI_ERR14226112,rUTI,rUTI_ERR14226112:AB075,AB075,1,,ColRNAI_rep_cluster_1987,mobilizable,MOBP,-,MOB_unknown,0
rUTI_ERR4556428,rUTI,rUTI_ERR4556428:AA336,AA336,1,,IncFIA,conjugative,MOBF,MPF_F,MOBF,0
UTI_GCA_029080445,UTI,UTI_GCA_029080445.1.fna:AA337,AA337,3,,"IncFIA,IncFIC",conjugative,"MOBF,MOBP",MPF_F,MOBF,1
UTI_GCA_029080445,UTI,UTI_GCA_029080445.1.fna:AA171,AA171,6,,IncFIB,non-mobilizable,-,-,-,2
UTI_GCA_029080445,UTI,UTI_GCA_029080445.1.fna:AA977,AA977,1,,Col156,mobilizable,MOBQ,-,-,0
UTI_GCA_029080445,UTI,UTI_GCA_029080445.1.fna:AA579,AA579,1,,rep_cluster_1778,mobilizable,MOBQ,-,"MOBQ,MOBQ",0
UTI_GCA_015693455,UTI,UTI_GCA_015693455.1.fna:AA321,AA321,8,,"IncFIA,IncFIC,IncFIB",conjugative,MOBF,MPF_F,-,0
UTI_GCA_015693455,UTI,UTI_GCA_015693455.1.fna:AA474,AA474,2,,IncI-gamma/K1,conjugative,MOBP,MPF_I,MOBP,0
UTI_GCA_015693455,UTI,UTI_GCA_015693455.1.fna:AC314,AC314,1,,-,non-mobilizable,-,-,-,0
UTI_GCA_015693455,UTI,UTI_GCA_015693455.1.fna:AB440,AB440,1,,rep_cluster_2350,mobilizable,"MOBP,MOBP",-,MOBP,0
UTI_GCA_015693455,UTI,UTI_GCA_015693455.1.fna:AA979,AA979,1,,"Col156,rep_cluster_2131",mobilizable,MOBQ,-,-,0
UTI_GCA_015693455,UTI,UTI_GCA_015693455.1.fna:AA579,AA579,1,,rep_cluster_1778,mobilizable,MOBQ,-,"MOBQ,MOBQ",0
UTI_GCA_015693455,UTI,UTI_GCA_015693455.1.fna:AB687,AB687,1,,Col(MG828),mobilizable,-,-,MOBP,0
UTI_GCA_029118045,UTI,UTI_GCA_029118045.1.fna:AA977,AA977,1,,Col156,mobilizable,MOBQ,-,-,0
UTI_GCA_029118045,UTI,UTI_GCA_029118045.1.fna:AC748,AC748,1,,Col(BS512),non-mobilizable,-,-,-,0
rUTI_GCA_017352075,rUTI,rUTI_GCA_017352075.1.fna:AA176,AA176,1,,"IncFIA,IncFIB,IncFIC,IncQ1",conjugative,MOBF,MPF_F,MOBF,6
rUTI_GCA_017352075,rUTI,rUTI_GCA_017352075.1.fna:AA474,AA474,1,,IncI-gamma/K1,conjugative,MOBP,MPF_I,MOBP,0
rUTI_ERR14226133,rUTI,rUTI_ERR14226133:AD479,AD479,1,,rep_cluster_2335,mobilizable,-,-,"MOBF,MOBF,MOB_unknown",0
rUTI_ERR14226133,rUTI,rUTI_ERR14226133:AC509,AC509,1,,ColRNAI_rep_cluster_1857,mobilizable,MOBP,-,MOBP,0
rUTI_ERR14226133,rUTI,rUTI_ERR14226133:AA671,AA671,1,,rep_cluster_2392,mobilizable,MOBF,-,MOB_unknown,0
UTI_GCA_000779875,UTI,UTI_GCA_000779875.1.fna:AA171,AA171,5,,"IncFIA,IncFIA,IncFIB",conjugative,MOBF,MPF_F,MOBF,1
UTI_GCA_000779875,UTI,UTI_GCA_000779875.1.fna:AA977,AA977,1,,-,mobilizable,MOBQ,-,-,0
UTI_GCA_000778685,UTI,UTI_GCA_000778685.1.fna:AA334,AA334,8,,IncFIA,conjugative,MOBF,MPF_F,MOBF,4
UTI_GCA_033843365,UTI,UTI_GCA_033843365.1.fna:AA324,AA324,1,,"IncFIA,IncFIA,IncFIA,IncFIB,IncFIC,rep_cluster_2232",non-mobilizable,-,-,-,1
UTI_GCA_033843365,UTI,UTI_GCA_033843365.1.fna:AD092,AD092,1,,-,non-mobilizable,-,-,-,0
UTI_GCA_029120065,UTI,UTI_GCA_029120065.1.fna:AA474,AA474,6,,"IncFIA,IncFII,IncI1/B/O",conjugative,MOBP,MPF_I,MOBP,2
UTI_GCA_029120065,UTI,UTI_GCA_029120065.1.fna:AD158,AD158,3,,rep_cluster_1760,conjugative,MOBF,MPF_T,-,0
UTI_GCA_029120065,UTI,UTI_GCA_029120065.1.fna:AA171,AA171,4,,IncFIB,conjugative,MOBF,MPF_F,-,0
UTI_GCA_029120065,UTI,UTI_GCA_029120065.1.fna:AA172,AA172,2,,IncFIA,non-mobilizable,-,-,-,1
UTI_GCA_029120065,UTI,UTI_GCA_029120065.1.fna:AA977,AA977,1,,Col156,mobilizable,MOBQ,-,-,0
UTI_GCA_029118085,UTI,UTI_GCA_029118085.1.fna:AA977,AA977,1,,Col156,mobilizable,MOBQ,-,-,0
UTI_GCA_029118085,UTI,UTI_GCA_029118085.1.fna:AC748,AC748,1,,Col(BS512),non-mobilizable,-,-,-,0
rUTI_GCA_030707875,rUTI,rUTI_GCA_030707875.1.fna:AA324,AA324,1,,"IncFIA,IncFIA,IncFIB,IncFIC",conjugative,MOBF,MPF_F,MOBF,6
rUTI_ERR14226070,rUTI,rUTI_ERR14226070:AA337,AA337,11,,"IncFIA,IncFIB,rep_cluster_2131",conjugative,MOBF,MPF_F,MOBF,4
UTI_GCA_029120385,UTI,UTI_GCA_029120385.1.fna:AA352,AA352,9,,"IncFIB,IncFII,IncQ1,rep_cluster_2131",non-mobilizable,-,-,-,3
rUTI_ERR14226151,rUTI,rUTI_ERR14226151:AA176,AA176,5,,"IncFIB,IncFIC,rep_cluster_2244",conjugative,"MOBF,MOBP",MPF_F,-,2
rUTI_ERR14226151,rUTI,rUTI_ERR14226151:AB440,AB440,1,,-,mobilizable,MOBP,-,MOBP,0
rUTI_ERR14226151,rUTI,rUTI_ERR14226151:AC509,AC509,1,,-,mobilizable,MOBP,-,MOBP,0
rUTI_ERR14226151,rUTI,rUTI_ERR14226151:AC748,AC748,1,,-,non-mobilizable,-,-,-,0
rUTI_ERR14226151,rUTI,rUTI_ERR14226151:AB685,AB685,1,,Col(MG828),mobilizable,-,-,MOB_unknown,0
rUTI_ERR14226089,rUTI,rUTI_ERR14226089:AA619,AA619,1,,IncX4,conjugative,MOBP,MPF_T,-,0
rUTI_ERR14226089,rUTI,rUTI_ERR14226089:AA316,AA316,8,,IncFIA,conjugative,MOBF,MPF_F,-,4
rUTI_ERR14226089,rUTI,rUTI_ERR14226089:AA175,AA175,8,,-,non-mobilizable,-,-,-,5
rUTI_ERR14226089,rUTI,rUTI_ERR14226089:AG799,AG799,1,,IncFIB,non-mobilizable,-,-,-,0
rUTI_ERR14226089,rUTI,rUTI_ERR14226089:AA974,AA974,1,,Col156,mobilizable,"MOBQ,MOBQ",-,-,0
UTI_GCA_037081975,UTI,UTI_GCA_037081975.1.fna:AA176,AA176,1,,"IncFIA,IncFIB,IncFIC,rep_cluster_2232",conjugative,"MOBF,MOBP",MPF_F,MOBF,4
UTI_GCA_037081975,UTI,UTI_GCA_037081975.1.fna:AA474,AA474,1,,IncI-gamma/K1,conjugative,MOBP,MPF_I,MOBP,4
rUTI_ERR14226211,rUTI,rUTI_ERR14226211:AA282,AA282,1,,IncK2/Z,conjugative,MOBP,MPF_I,MOBP,0
rUTI_GCA_021496445,rUTI,rUTI_GCA_021496445.1.fna:AA171,AA171,1,,"IncFIA,IncFIA,IncFIB,IncFII,rep_cluster_2131",conjugative,"MOBF,MOBP",MPF_F,MOBF,5
rUTI_GCA_021496445,rUTI,rUTI_GCA_021496445.1.fna:AA977,AA977,1,,Col156,mobilizable,MOBQ,-,-,0
rUTI_ERR14226072,rUTI,rUTI_ERR14226072:AA321,AA321,4,,IncFIB,conjugative,MOBF,MPF_F,MOBF,0
rUTI_ERR14226072,rUTI,rUTI_ERR14226072:AB233,AB233,1,,IncX1,conjugative,MOBP,MPF_T,-,0
rUTI_ERR14226072,rUTI,rUTI_ERR14226072:AB440,AB440,1,,rep_cluster_2350,mobilizable,-,-,"MOBF,MOBP,MOB_unknown",0
rUTI_GCA_013372305,rUTI,rUTI_GCA_013372305.1.fna:AA352,AA352,1,,"IncFIB,IncFII,IncQ1",non-mobilizable,-,-,-,4
rUTI_GCA_013372305,rUTI,rUTI_GCA_013372305.1.fna:AA474,AA474,1,,IncI1/B/O,conjugative,MOBP,MPF_I,MOBP,1
rUTI_GCA_013372305,rUTI,rUTI_GCA_013372305.1.fna:AA977,AA977,1,,Col156,mobilizable,MOBQ,-,-,0
rUTI_GCA_013372305,rUTI,rUTI_GCA_013372305.1.fna:AC748,AC748,1,,Col(BS512),non-mobilizable,-,-,-,0
rUTI_ERR14226196,rUTI,rUTI_ERR14226196:AA971,AA971,1,,rep_cluster_2141,mobilizable,MOBQ,-,-,0
rUTI_ERR14226196,rUTI,rUTI_ERR14226196:AA579,AA579,1,,rep_cluster_1778,mobilizable,MOBQ,-,"MOBQ,MOBQ",0
rUTI_ERR14226196,rUTI,rUTI_ERR14226196:AB242,AB242,1,,Col(MP18),mobilizable,-,-,"MOBP,MOB_unknown",0
rUTI_ERR14226196,rUTI,rUTI_ERR14226196:AB690,AB690,1,,Col(MG828),non-mobilizable,-,-,-,0
rUTI_ERR14226196,rUTI,rUTI_ERR14226196:AB685,AB685,1,,Col(MG828),mobilizable,-,-,"MOBP,MOB_unknown",0
rUTI_ERR14226108,rUTI,rUTI_ERR14226108:AA179,AA179,6,,"IncFIB,IncFIC,IncFII",conjugative,"MOBF,MOBP",MPF_F,-,4
rUTI_ERR14226108,rUTI,rUTI_ERR14226108:AA474,AA474,1,,IncI1/B/O,non-mobilizable,-,-,-,0
UTI_GCA_020085595,UTI,UTI_GCA_020085595.1.fna:AA352,AA352,11,,"IncFIB,IncFII,rep_cluster_2131",non-mobilizable,-,-,-,2
UTI_GCA_020085595,UTI,UTI_GCA_020085595.1.fna:AC082,AC082,5,,IncQ1,non-mobilizable,-,-,-,0
UTI_GCA_020085595,UTI,UTI_GCA_020085595.1.fna:AA579,AA579,1,,rep_cluster_1778,mobilizable,MOBQ,-,"MOBQ,MOBQ",0
UTI_GCA_020085595,UTI,UTI_GCA_020085595.1.fna:AC748,AC748,1,,Col(BS512),non-mobilizable,-,-,-,0
UTI_GCA_000781385,UTI,UTI_GCA_000781385.1.fna:AA337,AA337,4,,"IncFIA,IncFIB",conjugative,MOBF,MPF_F,MOBF,3
UTI_GCA_000781385,UTI,UTI_GCA_000781385.1.fna:AC082,AC082,2,,-,non-mobilizable,-,-,-,1
UTI_GCA_000781385,UTI,UTI_GCA_000781385.1.fna:AC509,AC509,1,,-,non-mobilizable,-,-,-,0
UTI_GCA_000781385,UTI,UTI_GCA_000781385.1.fna:AA147,AA147,1,,rep_cluster_2401,non-mobilizable,-,-,-,0
UTI_GCA_000781385,UTI,UTI_GCA_000781385.1.fna:AA162,AA162,2,,-,mobilizable,MOBP,-,-,0
UTI_GCA_000781385,UTI,UTI_GCA_000781385.1.fna:AB446,AB446,1,,-,non-mobilizable,-,-,-,0
UTI_GCA_029082465,UTI,UTI_GCA_029082465.1.fna:AA282,AA282,4,,IncI1/B/O,conjugative,MOBP,MPF_I,MOBP,0
UTI_GCA_029082465,UTI,UTI_GCA_029082465.1.fna:AA352,AA352,4,,"IncFIB,IncFII",non-mobilizable,-,-,-,2
UTI_GCA_029082465,UTI,UTI_GCA_029082465.1.fna:AA190,AA190,2,,-,non-mobilizable,-,-,-,0
UTI_GCA_029082465,UTI,UTI_GCA_029082465.1.fna:AB158,AB158,3,,-,non-mobilizable,-,-,-,0
UTI_GCA_029082465,UTI,UTI_GCA_029082465.1.fna:AA159,AA159,1,,rep_cluster_2350,mobilizable,MOBP,-,MOBP,0
UTI_GCA_029082465,UTI,UTI_GCA_029082465.1.fna:AA977,AA977,1,,rep_cluster_2131,mobilizable,MOBQ,-,-,0
UTI_GCA_029082465,UTI,UTI_GCA_029082465.1.fna:AA579,AA579,1,,rep_cluster_1778,mobilizable,MOBQ,-,"MOBQ,MOBQ",0
UTI_GCA_029082465,UTI,UTI_GCA_029082465.1.fna:AC748,AC748,1,,Col(BS512),non-mobilizable,-,-,-,0
UTI_GCA_029082465,UTI,UTI_GCA_029082465.1.fna:AB241,AB241,1,,ColpVC,mobilizable,-,-,MOBP,0
rUTI_GCA_023376095,rUTI,rUTI_GCA_023376095.1.fna:AA282,AA282,1,,IncK2/Z,conjugative,MOBP,MPF_I,MOBP,3
rUTI_GCA_023376095,rUTI,rUTI_GCA_023376095.1.fna:AA378,AA378,1,,IncY,non-mobilizable,-,-,-,1
rUTI_GCA_023376095,rUTI,rUTI_GCA_023376095.1.fna:AA336,AA336,1,,"IncFIA,IncFII",conjugative,MOBF,MPF_F,MOBF,0
rUTI_GCA_023376095,rUTI,rUTI_GCA_023376095.1.fna:AA147,AA147,1,,rep_cluster_2401,mobilizable,MOBP,-,MOBP,0
rUTI_GCA_023376095,rUTI,rUTI_GCA_023376095.1.fna:AA161,AA161,1,,rep_cluster_2350,mobilizable,MOBF,-,MOB_unknown,0
UTI_GCA_000779695,UTI,UTI_GCA_000779695.1.fna:AA176,AA176,6,,"IncFIA,IncFIC,IncFIB,IncQ1",conjugative,MOBF,MPF_F,MOBF,2
UTI_GCA_000779695,UTI,UTI_GCA_000779695.1.fna:AC621,AC621,1,,-,non-mobilizable,-,-,-,0
UTI_GCA_000779695,UTI,UTI_GCA_000779695.1.fna:AC509,AC509,1,,-,mobilizable,MOBP,-,-,0
UTI_GCA_000779695,UTI,UTI_GCA_000779695.1.fna:AA977,AA977,1,,rep_cluster_2131,mobilizable,MOBQ,-,-,0
UTI_GCA_000779695,UTI,UTI_GCA_000779695.1.fna:AA662,AA662,1,,"Col(MG828),ColRNAI_rep_cluster_1987",non-mobilizable,-,-,-,0
UTI_GCA_000779695,UTI,UTI_GCA_000779695.1.fna:AA149,AA149,1,,-,mobilizable,MOBF,-,MOB_unknown,0
UTI_GCA_000779695,UTI,UTI_GCA_000779695.1.fna:AB685,AB685,1,,Col(MG828),non-mobilizable,-,-,-,0
UTI_GCA_020085745,UTI,UTI_GCA_020085745.1.fna:AC621,AC621,3,,-,non-mobilizable,-,-,-,0
UTI_GCA_020085745,UTI,UTI_GCA_020085745.1.fna:AA171,AA171,18,,"IncFIB,IncFII,rep_cluster_2131",non-mobilizable,-,-,-,2
UTI_GCA_020085745,UTI,UTI_GCA_020085745.1.fna:AC748,AC748,1,,Col(BS512),non-mobilizable,-,-,-,0
UTI_GCA_020085745,UTI,UTI_GCA_020085745.1.fna:AB238,AB238,1,,ColpVC,mobilizable,-,-,MOBP,0
UTI_GCA_020085745,UTI,UTI_GCA_020085745.1.fna:AB685,AB685,1,,Col(MG828),mobilizable,-,-,"MOBP,MOB_unknown",0
rUTI_ERR4556464,rUTI,rUTI_ERR4556464:AB240,AB240,1,,ColpVC,non-mobilizable,-,-,-,0
UTI_GCA_000781415,UTI,UTI_GCA_000781415.1.fna:AA337,AA337,2,,"IncFIA,IncFIB,IncFIC,rep_cluster_2131",conjugative,MOBF,MPF_F,MOBF,3
UTI_GCA_000781415,UTI,UTI_GCA_000781415.1.fna:AA372,AA372,2,,IncI2,conjugative,MOBP,MPF_T,-,0
UTI_GCA_000781415,UTI,UTI_GCA_000781415.1.fna:AA619,AA619,1,,IncX4,conjugative,MOBP,MPF_T,-,0
UTI_GCA_029119325,UTI,UTI_GCA_029119325.1.fna:AA977,AA977,1,,rep_cluster_2131,mobilizable,MOBQ,-,-,0
rUTI_ERR14226227,rUTI,rUTI_ERR14226227:AA321,AA321,2,,"IncFIA,IncFIB,IncFIC",conjugative,MOBF,MPF_F,-,2
rUTI_ERR14226194,rUTI,rUTI_ERR14226194:AA378,AA378,2,,IncHI1B,non-mobilizable,-,-,-,0
rUTI_ERR14226194,rUTI,rUTI_ERR14226194:AA304,AA304,1,,"IncFIA,IncFIB,IncFIC",conjugative,MOBF,MPF_F,-,1
rUTI_ERR14226194,rUTI,rUTI_ERR14226194:AA283,AA283,6,,IncK2/Z,conjugative,MOBP,MPF_I,MOBP,1
rUTI_ERR14226194,rUTI,rUTI_ERR14226194:AB233,AB233,3,,IncX1,conjugative,MOBP,MPF_T,-,0
rUTI_ERR14226194,rUTI,rUTI_ERR14226194:AA280,AA280,1,,-,non-mobilizable,-,MPF_I,-,1
rUTI_ERR14226194,rUTI,rUTI_ERR14226194:AA476,AA476,1,,-,non-mobilizable,-,-,-,0
UTI_GCA_000776315,UTI,UTI_GCA_000776315.1.fna:AA337,AA337,6,,"IncFIA,IncFIB,IncFIC,rep_cluster_2131",conjugative,MOBF,MPF_F,MOBF,4
UTI_GCA_000776035,UTI,UTI_GCA_000776035.1.fna:AA337,AA337,6,,"IncFIA,IncFIC,IncFIB,rep_cluster_2131",conjugative,MOBF,MPF_F,MOBF,2
UTI_GCA_000776035,UTI,UTI_GCA_000776035.1.fna:AE638,AE638,2,,-,non-mobilizable,-,-,-,1
UTI_GCA_020085275,UTI,UTI_GCA_020085275.1.fna:AA337,AA337,11,,"IncFIA,IncFIB,rep_cluster_2131",conjugative,MOBF,MPF_F,MOBF,4
UTI_GCA_020085275,UTI,UTI_GCA_020085275.1.fna:AB230,AB230,6,,IncX1,conjugative,MOBP,MPF_T,-,1
UTI_GCA_020085275,UTI,UTI_GCA_020085275.1.fna:AB440,AB440,1,,rep_cluster_2350,mobilizable,MOBP,-,MOBP,0
rUTI_ERR14226079,rUTI,rUTI_ERR14226079:AA378,AA378,2,,IncY,non-mobilizable,-,-,-,0
rUTI_ERR14226079,rUTI,rUTI_ERR14226079:AA372,AA372,1,,IncI2,conjugative,MOBP,MPF_T,-,0
UTI_GCA_029118485,UTI,UTI_GCA_029118485.1.fna:AA336,AA336,5,,IncFIA,conjugative,MOBF,MPF_F,MOBF,2
UTI_GCA_029118485,UTI,UTI_GCA_029118485.1.fna:AA172,AA172,2,,"IncFIA,IncFIB",non-mobilizable,-,-,-,1
UTI_GCA_029118485,UTI,UTI_GCA_029118485.1.fna:AA977,AA977,1,,Col156,mobilizable,MOBQ,-,-,0
UTI_GCA_029118485,UTI,UTI_GCA_029118485.1.fna:AA579,AA579,1,,rep_cluster_1778,mobilizable,MOBQ,-,"MOBQ,MOBQ",0
UTI_GCA_029118485,UTI,UTI_GCA_029118485.1.fna:AB687,AB687,1,,Col(MG828),non-mobilizable,-,-,-,0
UTI_GCA_029120815,UTI,UTI_GCA_029120815.1.fna:AA171,AA171,8,,"IncFIA,IncFIA",conjugative,MOBF,MPF_F,MOBF,4
UTI_GCA_029120815,UTI,UTI_GCA_029120815.1.fna:AB446,AB446,1,,rep_cluster_2350,mobilizable,MOBP,-,MOBP,0
UTI_GCA_029120815,UTI,UTI_GCA_029120815.1.fna:AA977,AA977,1,,Col156,mobilizable,MOBQ,-,-,0
UTI_GCA_029120815,UTI,UTI_GCA_029120815.1.fna:AC748,AC748,1,,Col(BS512),non-mobilizable,-,-,-,0
rUTI_ERR14226238,rUTI,rUTI_ERR14226238:AC510,AC510,1,,rep_cluster_2350,mobilizable,MOBP,-,MOBP,0
UTI_GCA_000778565,UTI,UTI_GCA_000778565.1.fna:AA337,AA337,2,,"IncFIA,IncFIB,rep_cluster_2131",conjugative,"MOBF,MOBP",MPF_F,MOBF,4
UTI_GCA_000778565,UTI,UTI_GCA_000778565.1.fna:AB045,AB045,1,,-,non-mobilizable,-,-,-,0
UTI_GCA_000778565,UTI,UTI_GCA_000778565.1.fna:AD464,AD464,1,,-,mobilizable,MOBV,-,-,0
UTI_GCA_029082445,UTI,UTI_GCA_029082445.1.fna:AA282,AA282,4,,IncI1/B/O,conjugative,MOBP,MPF_I,MOBP,0
UTI_GCA_029082445,UTI,UTI_GCA_029082445.1.fna:AA352,AA352,4,,"IncFIB,IncFII",non-mobilizable,-,-,-,2
UTI_GCA_029082445,UTI,UTI_GCA_029082445.1.fna:AA190,AA190,2,,-,non-mobilizable,-,-,-,0
UTI_GCA_029082445,UTI,UTI_GCA_029082445.1.fna:AB158,AB158,3,,-,non-mobilizable,-,-,-,0
UTI_GCA_029082445,UTI,UTI_GCA_029082445.1.fna:AA159,AA159,1,,rep_cluster_2350,mobilizable,MOBP,-,MOBP,0
UTI_GCA_029082445,UTI,UTI_GCA_029082445.1.fna:AA977,AA977,1,,rep_cluster_2131,mobilizable,MOBQ,-,-,0
UTI_GCA_029082445,UTI,UTI_GCA_029082445.1.fna:AA579,AA579,1,,rep_cluster_1778,mobilizable,MOBQ,-,"MOBQ,MOBQ",0
UTI_GCA_029082445,UTI,UTI_GCA_029082445.1.fna:AC748,AC748,1,,Col(BS512),non-mobilizable,-,-,-,0
UTI_GCA_029082445,UTI,UTI_GCA_029082445.1.fna:AB241,AB241,1,,ColpVC,mobilizable,-,-,MOBP,0
rUTI_ERR14226202,rUTI,rUTI_ERR14226202:AA336,AA336,2,,"IncFIA,IncFIC",conjugative,MOBF,MPF_F,-,1
rUTI_ERR14226202,rUTI,rUTI_ERR14226202:AA102,AA102,1,,rep_cluster_2335,mobilizable,-,-,MOB_unknown,0
UTI_GCA_029125105,UTI,UTI_GCA_029125105.1.fna:AA747,AA747,2,,rep_cluster_488,non-mobilizable,-,-,-,1
UTI_GCA_029125105,UTI,UTI_GCA_029125105.1.fna:AA282,AA282,2,,IncI1/B/O,conjugative,MOBP,MPF_I,MOBP,0
UTI_GCA_029125105,UTI,UTI_GCA_029125105.1.fna:AA552,AA552,2,,IncN,conjugative,MOBF,MPF_T,MOBF,0
UTI_GCA_029125105,UTI,UTI_GCA_029125105.1.fna:AA977,AA977,1,,Col156,mobilizable,MOBQ,-,-,0
UTI_GCA_029119725,UTI,UTI_GCA_029119725.1.fna:AA297,AA297,4,,"IncFIA,IncFIB,IncFIC,rep_cluster_2131",conjugative,MOBF,MPF_F,MOBF,3
UTI_GCA_029119725,UTI,UTI_GCA_029119725.1.fna:AA282,AA282,1,,IncK2/Z,conjugative,MOBP,MPF_I,MOBP,0
rUTI_ERR14226157,rUTI,rUTI_ERR14226157:AA372,AA372,2,,IncI2,conjugative,MOBP,MPF_T,-,1
rUTI_ERR14226157,rUTI,rUTI_ERR14226157:AA336,AA336,8,,IncFIA,conjugative,MOBF,MPF_F,-,0
rUTI_ERR14226157,rUTI,rUTI_ERR14226157:novel_7b347da96af30695f360448db8e1e98b,novel_7b347da96af30695f360448db8e1e98b,3,,-,conjugative,"MOBF,MOBP",MPF_I,MOBP,1
rUTI_ERR14226157,rUTI,rUTI_ERR14226157:AA161,AA161,1,,"ColRNAI_rep_cluster_1857,rep_cluster_2350",mobilizable,MOBP,-,MOBP,0
rUTI_ERR14226157,rUTI,rUTI_ERR14226157:AA977,AA977,1,,rep_cluster_2131,mobilizable,MOBQ,-,-,0
rUTI_ERR14226157,rUTI,rUTI_ERR14226157:AB685,AB685,1,,Col(MG828),mobilizable,-,-,MOB_unknown,0
UTI_GCA_029120965,UTI,UTI_GCA_029120965.1.fna:AA337,AA337,5,,"IncFIA,IncFIA,IncFIB",conjugative,MOBF,MPF_F,MOBF,2
UTI_GCA_029120965,UTI,UTI_GCA_029120965.1.fna:AA977,AA977,1,,Col156,mobilizable,MOBQ,-,-,0
UTI_GCA_029120965,UTI,UTI_GCA_029120965.1.fna:AB685,AB685,1,,Col(MG828),mobilizable,-,-,"MOBP,MOB_unknown",0
rUTI_ERR14226097,rUTI,rUTI_ERR14226097:AB002,AB002,1,,rep_cluster_1704,non-mobilizable,-,-,-,0
rUTI_ERR14226097,rUTI,rUTI_ERR14226097:AA172,AA172,5,,"IncFIA,IncFII,IncFIB,IncFII",conjugative,"MOBF,MOBF",MPF_F,MOBF,1
rUTI_ERR14226097,rUTI,rUTI_ERR14226097:AA163,AA163,1,,-,mobilizable,MOBP,-,MOBP,0
rUTI_ERR14226244,rUTI,rUTI_ERR14226244:AA314,AA314,4,,-,conjugative,MOBF,MPF_F,MOBF,0
UTI_GCA_000778275,UTI,UTI_GCA_000778275.1.fna:AB044,AB044,1,,-,non-mobilizable,-,-,-,0
UTI_GCA_029115065,UTI,UTI_GCA_029115065.1.fna:novel_fa62157fd16f2b65cab9911bcf661fbc,novel_fa62157fd16f2b65cab9911bcf661fbc,2,,-,conjugative,MOBF,MPF_T,-,0
rUTI_ERR14226135,rUTI,rUTI_ERR14226135:AA372,AA372,3,,IncI2,conjugative,MOBP,MPF_T,-,1
rUTI_ERR14226135,rUTI,rUTI_ERR14226135:AA282,AA282,5,,IncI1/B/O,conjugative,MOBP,MPF_I,MOBP,2
rUTI_ERR14226135,rUTI,rUTI_ERR14226135:AB229,AB229,1,,IncX1,mobilizable,MOBP,-,-,1
rUTI_ERR14226135,rUTI,rUTI_ERR14226135:AA142,AA142,1,,rep_cluster_2350,mobilizable,"MOBP,MOBP",-,MOBP,0
rUTI_ERR14226135,rUTI,rUTI_ERR14226135:AA102,AA102,1,,rep_cluster_2335,mobilizable,-,-,MOB_unknown,0
rUTI_ERR14226135,rUTI,rUTI_ERR14226135:AA541,AA541,1,,rep_cluster_2370,mobilizable,-,-,MOB_unknown,0
rUTI_ERR14226135,rUTI,rUTI_ERR14226135:AC748,AC748,1,,-,non-mobilizable,-,-,-,0
rUTI_ERR14226135,rUTI,rUTI_ERR14226135:AB685,AB685,1,,Col(MG828),mobilizable,-,-,MOB_unknown,0
rUTI_GCA_013372365,rUTI,rUTI_GCA_013372365.1.fna:AA179,AA179,1,,"IncFIA,IncFIB,IncFIC",conjugative,MOBF,MPF_F,-,3
rUTI_GCA_013372365,rUTI,rUTI_GCA_013372365.1.fna:AD479,AD479,1,,rep_cluster_2335,mobilizable,-,-,"MOBF,MOB_unknown",0
UTI_GCA_000779215,UTI,UTI_GCA_000779215.1.fna:AC302,AC302,4,,-,non-mobilizable,-,-,-,3
UTI_GCA_000779215,UTI,UTI_GCA_000779215.1.fna:AB688,AB688,1,,-,non-mobilizable,-,-,-,0
rUTI_GCA_030708535,rUTI,rUTI_GCA_030708535.1.fna:AA324,AA324,1,,"IncFIA,IncFIA,IncFIB,IncFIC",conjugative,MOBF,MPF_F,MOBF,6
rUTI_GCA_030708535,rUTI,rUTI_GCA_030708535.1.fna:AA552,AA552,1,,IncN,conjugative,MOBF,MPF_T,MOBF,2
rUTI_GCA_030708535,rUTI,rUTI_GCA_030708535.1.fna:AA525,AA525,1,,rep_cluster_2335,mobilizable,MOBP,-,-,0
UTI_GCA_020085775,UTI,UTI_GCA_020085775.1.fna:AC978,AC978,1,,rep_cluster_1368,conjugative,MOBP,MPF_T,-,0
UTI_GCA_020085775,UTI,UTI_GCA_020085775.1.fna:AA352,AA352,11,,"IncFIB,IncFII,rep_cluster_2131",non-mobilizable,-,-,-,2
UTI_GCA_020085775,UTI,UTI_GCA_020085775.1.fna:AC120,AC120,4,,IncQ1,non-mobilizable,-,-,-,1
UTI_GCA_020085775,UTI,UTI_GCA_020085775.1.fna:AA579,AA579,1,,rep_cluster_1778,mobilizable,MOBQ,-,"MOBQ,MOBQ",0
UTI_GCA_020085775,UTI,UTI_GCA_020085775.1.fna:AC748,AC748,1,,Col(BS512),non-mobilizable,-,-,-,0
UTI_GCA_020085215,UTI,UTI_GCA_020085215.1.fna:AA337,AA337,9,,"IncFIA,IncFIC,IncFIB",conjugative,MOBF,MPF_F,MOBF,2
UTI_GCA_020085215,UTI,UTI_GCA_020085215.1.fna:AA977,AA977,1,,rep_cluster_2131,mobilizable,MOBQ,-,-,0
UTI_GCA_020085215,UTI,UTI_GCA_020085215.1.fna:AA579,AA579,1,,rep_cluster_1778,mobilizable,MOBQ,-,"MOBQ,MOBQ",0
rUTI_GCA_004193755,rUTI,rUTI_GCA_004193755.1.fna:AA474,AA474,1,,IncI1/B/O,conjugative,MOBP,MPF_I,MOBP,1
rUTI_GCA_004193755,rUTI,rUTI_GCA_004193755.1.fna:AA336,AA336,1,,"IncFIA,IncFIC",conjugative,MOBF,MPF_F,MOBF,0
rUTI_GCA_004193755,rUTI,rUTI_GCA_004193755.1.fna:AA579,AA579,1,,rep_cluster_1778,mobilizable,MOBQ,-,"MOBQ,MOBQ",0
rUTI_GCA_004193755,rUTI,rUTI_GCA_004193755.1.fna:AA147,AA147,1,,rep_cluster_2401,mobilizable,MOBP,-,MOBP,0
rUTI_GCA_004193755,rUTI,rUTI_GCA_004193755.1.fna:AB446,AB446,1,,rep_cluster_2350,mobilizable,"MOBP,MOBP",-,MOBP,0
rUTI_GCA_004193755,rUTI,rUTI_GCA_004193755.1.fna:AB687,AB687,1,,-,non-mobilizable,-,-,-,0
UTI_GCA_000778475,UTI,UTI_GCA_000778475.1.fna:novel_053e1c7d8988c0fda9d1f7bb0730d44f,novel_053e1c7d8988c0fda9d1f7bb0730d44f,6,,IncN,non-mobilizable,-,-,-,1
UTI_GCA_000778475,UTI,UTI_GCA_000778475.1.fna:AA552,AA552,1,,-,conjugative,MOBF,MPF_T,MOBF,0
UTI_GCA_000778475,UTI,UTI_GCA_000778475.1.fna:AA171,AA171,10,,"IncFIA,IncFIA,IncFII,IncFIB",conjugative,MOBF,MPF_F,MOBF,1
UTI_GCA_000778475,UTI,UTI_GCA_000778475.1.fna:AA977,AA977,1,,"Col156,rep_cluster_2131",mobilizable,MOBQ,-,-,0
rUTI_ERR4556462,rUTI,rUTI_ERR4556462:AA474,AA474,3,,IncI-gamma/K1,conjugative,MOBP,MPF_I,MOBP,1
rUTI_ERR14226084,rUTI,rUTI_ERR14226084:AA474,AA474,4,,IncI1/B/O,conjugative,MOBP,MPF_I,MOBP,0
rUTI_ERR14226084,rUTI,rUTI_ERR14226084:AA337,AA337,10,,"IncFIA,IncFIB,rep_cluster_2131",conjugative,MOBF,MPF_F,MOBF,4
rUTI_ERR14226143,rUTI,rUTI_ERR14226143:AA282,AA282,2,,IncK2/Z,conjugative,MOBP,MPF_I,MOBP,1
rUTI_ERR14226143,rUTI,rUTI_ERR14226143:AA337,AA337,9,,"IncFIA,IncFIC,IncFIB,rep_cluster_2131",conjugative,MOBF,MPF_F,MOBF,2
rUTI_ERR14226187,rUTI,rUTI_ERR14226187:AE928,AE928,2,,IncFIA,conjugative,MOBF,MPF_F,-,1
rUTI_ERR14226187,rUTI,rUTI_ERR14226187:AB233,AB233,1,,"IncX1,IncX3",conjugative,MOBP,MPF_T,MOBP,1
rUTI_ERR14226187,rUTI,rUTI_ERR14226187:AA336,AA336,9,,-,conjugative,MOBF,MPF_F,MOBF,1
rUTI_ERR14226187,rUTI,rUTI_ERR14226187:AF232,AF232,2,,-,non-mobilizable,-,-,-,0
UTI_GCA_020085695,UTI,UTI_GCA_020085695.1.fna:AA352,AA352,12,,"IncFIB,IncFII,IncQ1,rep_cluster_2131",mobilizable,MOBP,-,-,3
UTI_GCA_020085695,UTI,UTI_GCA_020085695.1.fna:AF098,AF098,1,,-,non-mobilizable,-,-,-,0
UTI_GCA_020085695,UTI,UTI_GCA_020085695.1.fna:AA579,AA579,1,,rep_cluster_1778,mobilizable,MOBQ,-,"MOBQ,MOBQ",0
UTI_GCA_020085695,UTI,UTI_GCA_020085695.1.fna:AC748,AC748,1,,Col(BS512),non-mobilizable,-,-,-,0
UTI_GCA_018390445,UTI,UTI_GCA_018390445.1.fna:AA282,AA282,2,,IncK2/Z,conjugative,MOBP,MPF_I,MOBP,1
UTI_GCA_018390445,UTI,UTI_GCA_018390445.1.fna:AC510,AC510,1,,rep_cluster_2350,mobilizable,MOBP,-,MOBP,0
rUTI_ERR14226209,rUTI,rUTI_ERR14226209:AA378,AA378,4,,IncY,non-mobilizable,-,-,-,2
rUTI_ERR14226209,rUTI,rUTI_ERR14226209:AB161,AB161,1,,IncN,conjugative,MOBF,MPF_T,MOBF,0
rUTI_ERR14226209,rUTI,rUTI_ERR14226209:AA735,AA735,3,,"IncFIA,IncFIC",mobilizable,MOBF,-,-,1
rUTI_ERR14226209,rUTI,rUTI_ERR14226209:AA172,AA172,3,,IncFII,non-mobilizable,-,-,-,0
rUTI_ERR14226209,rUTI,rUTI_ERR14226209:AA142,AA142,1,,rep_cluster_2350,mobilizable,"MOBP,MOBP",-,MOBP,0
rUTI_ERR14226209,rUTI,rUTI_ERR14226209:AA977,AA977,1,,Col156,mobilizable,MOBQ,-,-,0
rUTI_ERR14226209,rUTI,rUTI_ERR14226209:AB687,AB687,1,,Col(MG828),mobilizable,-,-,MOB_unknown,0
rUTI_ERR14226205,rUTI,rUTI_ERR14226205:AA747,AA747,1,,rep_cluster_488,non-mobilizable,-,-,-,0
rUTI_ERR14226205,rUTI,rUTI_ERR14226205:AA282,AA282,2,,IncI1/B/O,conjugative,MOBP,MPF_I,MOBP,1
rUTI_ERR14226205,rUTI,rUTI_ERR14226205:AA337,AA337,15,,"IncFIA,IncFIC,IncFIB,rep_cluster_2131",conjugative,MOBF,MPF_F,MOBF,6
rUTI_ERR14226205,rUTI,rUTI_ERR14226205:AA161,AA161,1,,rep_cluster_2350,mobilizable,"MOBP,MOBP",-,MOBP,0
rUTI_ERR14226205,rUTI,rUTI_ERR14226205:AA147,AA147,1,,rep_cluster_2401,mobilizable,MOBP,-,MOBP,0
rUTI_ERR14226205,rUTI,rUTI_ERR14226205:AA977,AA977,1,,rep_cluster_2150,mobilizable,MOBQ,-,-,0
rUTI_ERR14226205,rUTI,rUTI_ERR14226205:AC511,AC511,1,,"rep_cluster_2350,rep_cluster_2370",mobilizable,MOBF,-,MOB_unknown,0
rUTI_ERR14226205,rUTI,rUTI_ERR14226205:AA971,AA971,1,,rep_cluster_2131,mobilizable,MOBQ,-,-,0
rUTI_ERR14226205,rUTI,rUTI_ERR14226205:AA579,AA579,1,,rep_cluster_1778,mobilizable,MOBQ,-,"MOBQ,MOBQ",0
rUTI_ERR14226205,rUTI,rUTI_ERR14226205:AB238,AB238,1,,ColpVC,mobilizable,-,-,"MOBP,MOB_unknown",0
rUTI_ERR14226205,rUTI,rUTI_ERR14226205:AB685,AB685,1,,Col(MG828),mobilizable,-,-,"MOBP,MOB_unknown",0
rUTI_ERR14226205,rUTI,rUTI_ERR14226205:AB686,AB686,1,,-,mobilizable,-,-,MOBP,0
rUTI_ERR14226076,rUTI,rUTI_ERR14226076:AA337,AA337,11,,IncFIB,mobilizable,-,MPF_F,"MOBF,MOBF",4
rUTI_ERR14226076,rUTI,rUTI_ERR14226076:AA516,AA516,1,,rep_cluster_2358,mobilizable,MOBP,-,-,0
rUTI_ERR14226217,rUTI,rUTI_ERR14226217:AA667,AA667,1,,rep_cluster_2350,mobilizable,MOBF,-,MOB_unknown,1
rUTI_ERR14226217,rUTI,rUTI_ERR14226217:AB688,AB688,1,,Col(MG828),non-mobilizable,-,-,-,0
UTI_GCA_000777945,UTI,UTI_GCA_000777945.1.fna:AA171,AA171,9,,"IncFIA,IncFIA,IncFIB",conjugative,"MOBF,MOBP",MPF_F,MOBF,1
UTI_GCA_029082695,UTI,UTI_GCA_029082695.1.fna:AA811,AA811,2,,IncR,non-mobilizable,-,MPF_F,-,1
UTI_GCA_029082695,UTI,UTI_GCA_029082695.1.fna:AD448,AD448,1,,-,non-mobilizable,-,-,-,0
UTI_GCA_029082695,UTI,UTI_GCA_029082695.1.fna:AB193,AB193,4,,-,non-mobilizable,-,-,-,3
UTI_GCA_029082695,UTI,UTI_GCA_029082695.1.fna:AB050,AB050,1,,ColRNAI_rep_cluster_1987,mobilizable,MOBP,-,MOB_unknown,0
rUTI_ERR14226140,rUTI,rUTI_ERR14226140:AG659,AG659,2,,-,non-mobilizable,-,-,-,1
UTI_GCA_000781435,UTI,UTI_GCA_000781435.1.fna:AC621,AC621,2,,-,non-mobilizable,-,-,-,0
UTI_GCA_000781435,UTI,UTI_GCA_000781435.1.fna:AF232,AF232,1,,-,non-mobilizable,-,-,-,0
rUTI_ERR14226060,rUTI,rUTI_ERR14226060:AA174,AA174,13,,"IncFIA,IncFIB,IncFII",non-mobilizable,-,-,-,4
rUTI_ERR14226060,rUTI,rUTI_ERR14226060:AA171,AA171,2,,-,conjugative,MOBF,MPF_F,-,0
rUTI_ERR14226060,rUTI,rUTI_ERR14226060:AC082,AC082,2,,-,non-mobilizable,-,-,-,0
rUTI_ERR14226094,rUTI,rUTI_ERR14226094:AA336,AA336,1,,"IncFIA,IncFIC",conjugative,MOBF,MPF_F,MOBP,0
rUTI_ERR14226094,rUTI,rUTI_ERR14226094:AA474,AA474,2,,IncI-gamma/K1,non-mobilizable,-,-,-,0
rUTI_ERR14226094,rUTI,rUTI_ERR14226094:AD158,AD158,2,,IncN,conjugative,MOBF,MPF_T,-,1
rUTI_ERR14226094,rUTI,rUTI_ERR14226094:AA977,AA977,1,,Col156,mobilizable,MOBQ,-,-,0
rUTI_ERR14226094,rUTI,rUTI_ERR14226094:AB683,AB683,1,,-,non-mobilizable,-,MPF_T,-,0
UTI_GCA_029120975,UTI,UTI_GCA_029120975.1.fna:AA337,AA337,5,,"IncFIA,IncFIA,IncFIC,IncFIB",conjugative,MOBF,MPF_F,MOBF,2
UTI_GCA_029120975,UTI,UTI_GCA_029120975.1.fna:AA977,AA977,1,,Col156,mobilizable,MOBQ,-,-,0
UTI_GCA_029120975,UTI,UTI_GCA_029120975.1.fna:AB685,AB685,1,,Col(MG828),mobilizable,-,-,"MOBP,MOB_unknown",0
UTI_GCA_029120975,UTI,UTI_GCA_029120975.1.fna:AB687,AB687,1,,Col(MG828),non-mobilizable,-,-,-,0
UTI_GCA_029116805,UTI,UTI_GCA_029116805.1.fna:AA171,AA171,10,,"IncFIA,IncFIA,IncFII,IncFIB",conjugative,MOBF,MPF_Unknown,-,3
UTI_GCA_029116805,UTI,UTI_GCA_029116805.1.fna:AA977,AA977,1,,Col156,mobilizable,MOBQ,-,-,0
UTI_GCA_000776065,UTI,UTI_GCA_000776065.1.fna:AA336,AA336,3,,IncFIA,conjugative,MOBF,MPF_F,MOBF,1
UTI_GCA_000776065,UTI,UTI_GCA_000776065.1.fna:novel_2fd0473c034081fd0fb4b85f88ba4fe5,novel_2fd0473c034081fd0fb4b85f88ba4fe5,4,,IncFIB,non-mobilizable,-,-,-,1
rUTI_ERR14226183,rUTI,rUTI_ERR14226183:AA336,AA336,4,,IncFIB,conjugative,MOBF,MPF_F,MOBF,0
rUTI_ERR14226183,rUTI,rUTI_ERR14226183:AA297,AA297,1,,-,non-mobilizable,-,-,-,1
rUTI_ERR14226183,rUTI,rUTI_ERR14226183:AA352,AA352,2,,rep_cluster_2131,non-mobilizable,-,-,-,0
rUTI_ERR14226183,rUTI,rUTI_ERR14226183:AC044,AC044,2,,IncFIA,non-mobilizable,-,-,-,1
UTI_GCA_000776115,UTI,UTI_GCA_000776115.1.fna:AA321,AA321,3,,"IncFIA,IncFIC,IncFIB",conjugative,MOBF,MPF_F,-,0
UTI_GCA_000776115,UTI,UTI_GCA_000776115.1.fna:AA177,AA177,1,,-,non-mobilizable,-,-,-,0
UTI_GCA_000776115,UTI,UTI_GCA_000776115.1.fna:AB688,AB688,1,,-,non-mobilizable,-,-,-,0
UTI_GCA_000777355,UTI,UTI_GCA_000777355.1.fna:AF232,AF232,3,,-,non-mobilizable,-,-,-,0
rUTI_ERR14226166,rUTI,rUTI_ERR14226166:AA324,AA324,11,,"IncFIA,IncFIA,IncFIB",conjugative,MOBF,MPF_F,MOBF,1
rUTI_ERR14226166,rUTI,rUTI_ERR14226166:AA352,AA352,4,,rep_cluster_2131,non-mobilizable,-,-,-,2
UTI_GCA_000776375,UTI,UTI_GCA_000776375.1.fna:AA176,AA176,11,,"IncFIB,rep_cluster_2244",conjugative,"MOBF,MOBF",MPF_F,MOBF,2
UTI_GCA_020086225,UTI,UTI_GCA_020086225.1.fna:AA352,AA352,12,,"Col156,IncFIB,IncFII,IncQ1,rep_cluster_2131",non-mobilizable,-,-,-,2
UTI_GCA_020086225,UTI,UTI_GCA_020086225.1.fna:AF098,AF098,2,,-,non-mobilizable,-,-,-,0
UTI_GCA_020086225,UTI,UTI_GCA_020086225.1.fna:AA979,AA979,1,,"Col156,rep_cluster_2131",mobilizable,MOBQ,-,-,0
UTI_GCA_020086225,UTI,UTI_GCA_020086225.1.fna:AA579,AA579,1,,-,mobilizable,MOBQ,-,"MOBQ,MOBQ",0
UTI_GCA_020086225,UTI,UTI_GCA_020086225.1.fna:AC748,AC748,1,,Col(BS512),non-mobilizable,-,-,-,0
UTI_GCA_020085575,UTI,UTI_GCA_020085575.1.fna:AA171,AA171,16,,"IncFIB,IncFII,rep_cluster_2131",non-mobilizable,-,-,-,2
UTI_GCA_020085575,UTI,UTI_GCA_020085575.1.fna:AC748,AC748,1,,Col(BS512),non-mobilizable,-,-,-,0
UTI_GCA_020085575,UTI,UTI_GCA_020085575.1.fna:AB238,AB238,1,,ColpVC,mobilizable,-,-,MOBP,0
UTI_GCA_049748595,UTI,UTI_GCA_049748595.1.fna:AD672,AD672,1,,-,non-mobilizable,-,-,-,0
UTI_GCA_029113915,UTI,UTI_GCA_029113915.1.fna:AA747,AA747,2,,rep_cluster_488,non-mobilizable,-,-,-,0
UTI_GCA_029113915,UTI,UTI_GCA_029113915.1.fna:AC621,AC621,2,,-,non-mobilizable,-,-,-,0
UTI_GCA_029113915,UTI,UTI_GCA_029113915.1.fna:AA161,AA161,1,,rep_cluster_2350,mobilizable,MOBP,-,MOBP,0
rUTI_ERR14226234,rUTI,rUTI_ERR14226234:AC510,AC510,1,,rep_cluster_2350,mobilizable,MOBP,-,MOBP,0
UTI_GCA_029082055,UTI,UTI_GCA_029082055.1.fna:AA977,AA977,1,,Col156,mobilizable,MOBQ,-,-,0
UTI_GCA_029082055,UTI,UTI_GCA_029082055.1.fna:AA579,AA579,1,,rep_cluster_1778,mobilizable,MOBQ,-,"MOBQ,MOBQ",0
UTI_GCA_029082055,UTI,UTI_GCA_029082055.1.fna:AC748,AC748,1,,Col(BS512),non-mobilizable,-,-,-,0
UTI_GCA_000778375,UTI,UTI_GCA_000778375.1.fna:AA352,AA352,4,,IncFIB,non-mobilizable,-,-,-,1
UTI_GCA_000778375,UTI,UTI_GCA_000778375.1.fna:AE638,AE638,1,,"IncFIA,IncFIC",conjugative,MOBF,MPF_Unknown,-,0
UTI_GCA_000778375,UTI,UTI_GCA_000778375.1.fna:AA336,AA336,4,,-,mobilizable,-,MPF_F,MOBF,5
rUTI_ERR14226106,rUTI,rUTI_ERR14226106:AA314,AA314,2,,"IncFIA,IncFII",conjugative,MOBF,MPF_F,MOBF,0
rUTI_ERR14226106,rUTI,rUTI_ERR14226106:AB233,AB233,1,,IncX1,conjugative,MOBP,MPF_T,-,0
UTI_GCA_029120565,UTI,UTI_GCA_029120565.1.fna:AA352,AA352,8,,"IncFIB,IncFII,IncQ1,rep_cluster_2131",non-mobilizable,-,-,-,3
rUTI_ERR14226134,rUTI,rUTI_ERR14226134:AC509,AC509,1,,ColRNAI_rep_cluster_1857,mobilizable,MOBP,-,MOBP,0
rUTI_ERR14226134,rUTI,rUTI_ERR14226134:AD479,AD479,1,,rep_cluster_2335,mobilizable,-,-,MOB_unknown,0
rUTI_ERR14226134,rUTI,rUTI_ERR14226134:AA671,AA671,1,,rep_cluster_2392,mobilizable,MOBF,-,MOB_unknown,0
UTI_GCA_030988825,UTI,UTI_GCA_030988825.1.fna:AA352,AA352,1,,"IncFIB,IncFII,rep_cluster_2131",mobilizable,MOBP,-,-,2
UTI_GCA_030988825,UTI,UTI_GCA_030988825.1.fna:AC203,AC203,1,,"IncFIC,IncFII",conjugative,MOBF,MPF_F,MOBF,0
UTI_GCA_030988825,UTI,UTI_GCA_030988825.1.fna:AA579,AA579,1,,rep_cluster_1778,mobilizable,MOBQ,-,"MOBQ,MOBQ",0
UTI_GCA_030988825,UTI,UTI_GCA_030988825.1.fna:AC748,AC748,1,,Col(BS512),non-mobilizable,-,-,-,0
rUTI_ERR14226124,rUTI,rUTI_ERR14226124:AA336,AA336,1,,IncFIA,conjugative,MOBF,MPF_F,MOBP,0
rUTI_GCA_011751425,rUTI,rUTI_GCA_011751425.1.fna:AB442,AB442,1,,rep_cluster_2350,mobilizable,MOBP,-,MOBP,0
UTI_GCA_029120455,UTI,UTI_GCA_029120455.1.fna:AA352,AA352,8,,"IncFIB,IncFII,IncQ1,rep_cluster_2131",non-mobilizable,-,-,-,3
rUTI_ERR14226082,rUTI,rUTI_ERR14226082:AA979,AA979,1,,Col156,mobilizable,MOBQ,-,-,0
rUTI_ERR14226082,rUTI,rUTI_ERR14226082:AA579,AA579,1,,rep_cluster_1778,mobilizable,MOBQ,-,"MOBQ,MOBQ",0
rUTI_ERR4556436,rUTI,rUTI_ERR4556436:AA832,AA832,3,,-,non-mobilizable,-,-,-,0
rUTI_ERR14226216,rUTI,rUTI_ERR14226216:AA667,AA667,1,,rep_cluster_2350,mobilizable,MOBF,-,MOB_unknown,1
rUTI_ERR14226216,rUTI,rUTI_ERR14226216:AB688,AB688,1,,Col(MG828),non-mobilizable,-,-,-,0
rUTI_ERR14226180,rUTI,rUTI_ERR14226180:AA176,AA176,7,,"IncFIA,IncFIC,IncFIB",conjugative,MOBF,MPF_F,MOBF,4
rUTI_ERR14226180,rUTI,rUTI_ERR14226180:AA474,AA474,5,,IncI-gamma/K1,conjugative,MOBP,MPF_I,MOBP,1
rUTI_ERR14226180,rUTI,rUTI_ERR14226180:AB235,AB235,1,,ColpVC,non-mobilizable,-,-,-,0
UTI_GCA_000779515,UTI,UTI_GCA_000779515.1.fna:AB442,AB442,1,,rep_cluster_2350,mobilizable,MOBP,-,MOBP,0
UTI_GCA_029117905,UTI,UTI_GCA_029117905.1.fna:AA977,AA977,1,,Col156,mobilizable,MOBQ,-,-,0
UTI_GCA_029117905,UTI,UTI_GCA_029117905.1.fna:AC748,AC748,1,,Col(BS512),non-mobilizable,-,-,-,0
rUTI_ERR14226235,rUTI,rUTI_ERR14226235:AC510,AC510,1,,"rep_cluster_2350,rep_cluster_2370",mobilizable,MOBP,-,MOBP,0
rUTI_GCA_011751345,rUTI,rUTI_GCA_011751345.1.fna:AA747,AA747,1,,rep_cluster_488,non-mobilizable,-,-,-,0
rUTI_GCA_011751345,rUTI,rUTI_GCA_011751345.1.fna:AA474,AA474,1,,IncK2/Z,conjugative,MOBP,MPF_I,MOBP,0
rUTI_GCA_011751405,rUTI,rUTI_GCA_011751405.1.fna:AA336,AA336,1,,"IncFIA,IncFIC",conjugative,MOBF,MPF_F,MOBF,3
rUTI_GCA_011751405,rUTI,rUTI_GCA_011751405.1.fna:AA976,AA976,1,,Col156,mobilizable,MOBQ,-,-,0
rUTI_GCA_011751405,rUTI,rUTI_GCA_011751405.1.fna:AA579,AA579,2,,"rep_cluster_1778,rep_cluster_1778",mobilizable,MOBQ,-,"MOBQ,MOBQ,MOBQ,MOBQ",0
rUTI_GCA_011751405,rUTI,rUTI_GCA_011751405.1.fna:AB688,AB688,1,,Col(MG828),non-mobilizable,-,-,-,0
rUTI_ERR14226213,rUTI,rUTI_ERR14226213:AA378,AA378,2,,IncHI1B,non-mobilizable,-,-,-,0
rUTI_ERR14226213,rUTI,rUTI_ERR14226213:AA971,AA971,1,,rep_cluster_2141,mobilizable,MOBQ,-,-,0
rUTI_ERR14226213,rUTI,rUTI_ERR14226213:AC748,AC748,1,,Col(BS512),non-mobilizable,-,-,-,0
rUTI_GCA_019443605,rUTI,rUTI_GCA_019443605.1.fna:AA352,AA352,1,,"IncFIB,IncFII,rep_cluster_2131",mobilizable,MOBP,-,-,4
rUTI_GCA_019443605,rUTI,rUTI_GCA_019443605.1.fna:AA474,AA474,1,,IncI1/B/O,conjugative,MOBP,MPF_I,MOBP,0
rUTI_GCA_019443605,rUTI,rUTI_GCA_019443605.1.fna:AA147,AA147,1,,rep_cluster_2401,mobilizable,MOBP,-,MOBP,0
rUTI_GCA_019443605,rUTI,rUTI_GCA_019443605.1.fna:AC748,AC748,1,,Col(BS512),non-mobilizable,-,-,-,0
rUTI_GCA_019443605,rUTI,rUTI_GCA_019443605.1.fna:AB688,AB688,1,,Col(MG828),non-mobilizable,-,-,-,0
rUTI_ERR14226232,rUTI,rUTI_ERR14226232:AA179,AA179,7,,"IncFIB,IncFIC,IncFII",conjugative,"MOBF,MOBP",MPF_F,-,4
rUTI_ERR14226232,rUTI,rUTI_ERR14226232:AB229,AB229,1,,IncX1,mobilizable,MOBP,-,-,1
rUTI_ERR14226232,rUTI,rUTI_ERR14226232:AA102,AA102,1,,rep_cluster_2335,mobilizable,-,-,MOB_unknown,0
rUTI_ERR14226232,rUTI,rUTI_ERR14226232:AA541,AA541,1,,rep_cluster_2370,mobilizable,-,-,MOB_unknown,0
rUTI_GCA_013372405,rUTI,rUTI_GCA_013372405.1.fna:AA337,AA337,1,,"IncFIA,IncFIB,IncFIC,rep_cluster_2131",conjugative,"MOBF,MOBP",MPF_F,MOBF,6
rUTI_GCA_013372405,rUTI,rUTI_GCA_013372405.1.fna:AA579,AA579,1,,rep_cluster_1778,mobilizable,MOBQ,-,"MOBQ,MOBQ",0
rUTI_GCA_013372405,rUTI,rUTI_GCA_013372405.1.fna:AB685,AB685,1,,Col(MG828),mobilizable,-,-,"MOBP,MOB_unknown",0
rUTI_ERR14226063,rUTI,rUTI_ERR14226063:AC512,AC512,4,,IncFIB,non-mobilizable,-,-,-,1
rUTI_ERR14226063,rUTI,rUTI_ERR14226063:AA336,AA336,24,,IncQ1,mobilizable,-,MPF_F,MOBF,1
rUTI_ERR14226063,rUTI,rUTI_ERR14226063:AA352,AA352,2,,rep_cluster_2131,non-mobilizable,-,-,-,0
rUTI_GCA_011751305,rUTI,rUTI_GCA_011751305.1.fna:AA337,AA337,1,,"IncFIA,IncFIB,IncFIC,rep_cluster_2131",conjugative,"MOBF,MOBP",MPF_F,MOBF,5
rUTI_GCA_011751305,rUTI,rUTI_GCA_011751305.1.fna:AA976,AA976,1,,Col156,mobilizable,MOBQ,-,-,0
rUTI_GCA_011751305,rUTI,rUTI_GCA_011751305.1.fna:AA579,AA579,2,,"rep_cluster_1778,rep_cluster_1778",mobilizable,MOBQ,-,"MOBQ,MOBQ,MOBQ,MOBQ",0
rUTI_GCA_011751305,rUTI,rUTI_GCA_011751305.1.fna:AB688,AB688,1,,Col(MG828),non-mobilizable,-,-,-,0
UTI_GCA_000780915,UTI,UTI_GCA_000780915.1.fna:AA619,AA619,1,,IncX4,conjugative,MOBP,MPF_T,-,0
UTI_GCA_000776635,UTI,UTI_GCA_000776635.1.fna:AD672,AD672,1,,-,non-mobilizable,-,-,-,0
UTI_GCA_000778725,UTI,UTI_GCA_000778725.1.fna:AA474,AA474,4,,IncI1/B/O,conjugative,MOBP,MPF_I,MOBP,0
UTI_GCA_000778725,UTI,UTI_GCA_000778725.1.fna:AA304,AA304,3,,"IncFIC,rep_cluster_2244",conjugative,"MOBF,MOBF",MPF_F,MOBF,0
UTI_GCA_000778725,UTI,UTI_GCA_000778725.1.fna:AA321,AA321,3,,IncFIB,non-mobilizable,-,-,-,1
UTI_GCA_000778725,UTI,UTI_GCA_000778725.1.fna:AA979,AA979,1,,Col156,mobilizable,MOBQ,-,-,0
UTI_GCA_000778725,UTI,UTI_GCA_000778725.1.fna:AA579,AA579,1,,rep_cluster_1778,mobilizable,MOBQ,-,"MOBQ,MOBQ",0
UTI_GCA_029118345,UTI,UTI_GCA_029118345.1.fna:AA336,AA336,5,,IncFIA,conjugative,MOBF,MPF_F,MOBF,2
UTI_GCA_029118345,UTI,UTI_GCA_029118345.1.fna:AA172,AA172,2,,"IncFIA,IncFIB",non-mobilizable,-,-,-,1
UTI_GCA_029118345,UTI,UTI_GCA_029118345.1.fna:AA977,AA977,1,,Col156,mobilizable,MOBQ,-,-,0
UTI_GCA_029118345,UTI,UTI_GCA_029118345.1.fna:AA579,AA579,1,,rep_cluster_1778,mobilizable,MOBQ,-,"MOBQ,MOBQ",0
UTI_GCA_029118345,UTI,UTI_GCA_029118345.1.fna:AB687,AB687,1,,Col(MG828),non-mobilizable,-,-,-,0
rUTI_GCA_030708015,rUTI,rUTI_GCA_030708015.1.fna:AA324,AA324,1,,"IncFIA,IncFIA,IncFIB,IncFIC",conjugative,MOBF,MPF_F,MOBF,7
UTI_GCA_020085675,UTI,UTI_GCA_020085675.1.fna:AA171,AA171,15,,"IncFIB,IncFII,rep_cluster_2131",non-mobilizable,-,-,-,3
UTI_GCA_020085675,UTI,UTI_GCA_020085675.1.fna:AA579,AA579,1,,rep_cluster_1778,mobilizable,MOBQ,-,"MOBQ,MOBQ",0
UTI_GCA_020085675,UTI,UTI_GCA_020085675.1.fna:AB685,AB685,1,,Col(MG828),mobilizable,-,-,"MOBP,MOB_unknown",0
UTI_GCA_029121105,UTI,UTI_GCA_029121105.1.fna:AA171,AA171,5,,"IncFIA,IncFIA,IncFIC,IncFIB",conjugative,MOBF,MPF_F,MOBF,3
UTI_GCA_029121105,UTI,UTI_GCA_029121105.1.fna:AA977,AA977,1,,Col156,mobilizable,MOBQ,-,-,0
UTI_GCA_029121105,UTI,UTI_GCA_029121105.1.fna:AB685,AB685,1,,Col(MG828),mobilizable,-,-,"MOBP,MOB_unknown",0
rUTI_GCA_017352035,rUTI,rUTI_GCA_017352035.1.fna:AA735,AA735,1,,"IncFIB,IncFII,IncQ1",conjugative,"MOBF,MOBF",MPF_T,-,1
rUTI_GCA_027474255,rUTI,rUTI_GCA_027474255.1.fna:AA337,AA337,1,,"IncFIA,IncFIB,IncFIC,rep_cluster_2131",conjugative,MOBF,MPF_F,MOBF,6
rUTI_GCA_027474255,rUTI,rUTI_GCA_027474255.1.fna:AA979,AA979,1,,Col156,mobilizable,MOBQ,-,-,0
rUTI_ERR14226161,rUTI,rUTI_ERR14226161:AA336,AA336,5,,"IncFIA,IncFIA,IncFII",conjugative,MOBF,MPF_F,-,2
rUTI_ERR14226161,rUTI,rUTI_ERR14226161:AA372,AA372,2,,IncI2,conjugative,MOBP,MPF_T,-,1
rUTI_ERR14226161,rUTI,rUTI_ERR14226161:novel_50e3378a38e361547ebe63d4deb89097,novel_50e3378a38e361547ebe63d4deb89097,3,,-,conjugative,MOBP,MPF_I,MOBP,0
rUTI_ERR14226161,rUTI,rUTI_ERR14226161:AA161,AA161,1,,rep_cluster_2350,mobilizable,"MOBP,MOBP",-,MOBP,0
rUTI_ERR14226161,rUTI,rUTI_ERR14226161:AA977,AA977,1,,rep_cluster_2131,mobilizable,MOBQ,-,-,0
rUTI_ERR14226161,rUTI,rUTI_ERR14226161:AB685,AB685,1,,Col(MG828),mobilizable,-,-,MOB_unknown,0
rUTI_ERR14226064,rUTI,rUTI_ERR14226064:AC512,AC512,4,,IncFIB,non-mobilizable,-,-,-,1
rUTI_ERR14226064,rUTI,rUTI_ERR14226064:AA352,AA352,2,,rep_cluster_2131,non-mobilizable,-,-,-,0
rUTI_ERR14226064,rUTI,rUTI_ERR14226064:AA336,AA336,20,,IncQ1,mobilizable,-,MPF_F,MOBF,1
rUTI_ERR14226177,rUTI,rUTI_ERR14226177:AA297,AA297,5,,"IncFIA,IncFIB,rep_cluster_2131",conjugative,MOBF,MPF_F,MOBF,1
UTI_GCA_000780655,UTI,UTI_GCA_000780655.1.fna:AC977,AC977,2,,rep_cluster_2175,conjugative,MOBP,MPF_T,-,0
UTI_GCA_000780655,UTI,UTI_GCA_000780655.1.fna:AA174,AA174,17,,"IncFIB,IncFII,IncQ1",conjugative,"MOBF,MOBF",MPF_T,-,1
UTI_GCA_000780655,UTI,UTI_GCA_000780655.1.fna:AD451,AD451,2,,-,conjugative,MOBC,MPF_T,-,0
UTI_GCA_000780655,UTI,UTI_GCA_000780655.1.fna:AA579,AA579,1,,rep_cluster_1778,mobilizable,MOBQ,-,"MOBQ,MOBQ",0
rUTI_ERR14226219,rUTI,rUTI_ERR14226219:AA667,AA667,1,,rep_cluster_2350,mobilizable,MOBF,-,MOB_unknown,1
rUTI_ERR14226219,rUTI,rUTI_ERR14226219:AB688,AB688,1,,Col(MG828),non-mobilizable,-,-,-,0
UTI_GCA_029125145,UTI,UTI_GCA_029125145.1.fna:AA747,AA747,2,,rep_cluster_488,non-mobilizable,-,-,-,1
UTI_GCA_029125145,UTI,UTI_GCA_029125145.1.fna:AA282,AA282,2,,IncI1/B/O,conjugative,MOBP,MPF_I,MOBP,0
UTI_GCA_029125145,UTI,UTI_GCA_029125145.1.fna:AA552,AA552,2,,IncN,conjugative,MOBF,MPF_T,MOBF,0
UTI_GCA_029125145,UTI,UTI_GCA_029125145.1.fna:AA977,AA977,1,,Col156,mobilizable,MOBQ,-,-,0
rUTI_ERR14226218,rUTI,rUTI_ERR14226218:AA667,AA667,1,,rep_cluster_2350,mobilizable,MOBF,-,MOB_unknown,1
rUTI_ERR14226218,rUTI,rUTI_ERR14226218:AB688,AB688,1,,-,non-mobilizable,-,-,-,0
rUTI_ERR14226237,rUTI,rUTI_ERR14226237:AC510,AC510,1,,"rep_cluster_2350,rep_cluster_2358",mobilizable,MOBP,-,MOBP,0
UTI_GCA_029082765,UTI,UTI_GCA_029082765.1.fna:AA337,AA337,2,,"IncFIA,IncFIC,IncFIB",conjugative,MOBF,MPF_F,MOBF,2
UTI_GCA_029082765,UTI,UTI_GCA_029082765.1.fna:AA147,AA147,1,,rep_cluster_2401,mobilizable,MOBP,-,MOBP,0
UTI_GCA_020085235,UTI,UTI_GCA_020085235.1.fna:AA336,AA336,7,,-,conjugative,"MOBF,MOBF",MPF_F,MOBP,0
UTI_GCA_020085235,UTI,UTI_GCA_020085235.1.fna:AA352,AA352,5,,"IncFIB,rep_cluster_2131",non-mobilizable,-,-,-,1
UTI_GCA_020085235,UTI,UTI_GCA_020085235.1.fna:AB446,AB446,1,,rep_cluster_2350,mobilizable,MOBP,-,MOBP,0
UTI_GCA_020085235,UTI,UTI_GCA_020085235.1.fna:AA579,AA579,1,,rep_cluster_1778,mobilizable,MOBQ,-,"MOBQ,MOBQ",0
UTI_GCA_020085235,UTI,UTI_GCA_020085235.1.fna:AA903,AA903,1,,-,non-mobilizable,-,-,-,1
UTI_GCA_020085235,UTI,UTI_GCA_020085235.1.fna:AC748,AC748,1,,Col(BS512),non-mobilizable,-,-,-,0
UTI_GCA_029111265,UTI,UTI_GCA_029111265.1.fna:AG799,AG799,3,,IncFIB,non-mobilizable,-,-,-,0
UTI_GCA_029111265,UTI,UTI_GCA_029111265.1.fna:AA977,AA977,1,,rep_cluster_2131,mobilizable,MOBQ,-,-,0
UTI_GCA_029111265,UTI,UTI_GCA_029111265.1.fna:AB685,AB685,1,,Col(MG828),mobilizable,-,-,"MOBP,MOB_unknown",0
rUTI_ERR14226195,rUTI,rUTI_ERR14226195:AA337,AA337,9,,"IncFIA,IncFIB,rep_cluster_2131",conjugative,MOBF,MPF_F,MOBF,3
rUTI_ERR14226195,rUTI,rUTI_ERR14226195:AD306,AD306,1,,IncFII,non-mobilizable,-,MPF_T,-,0
rUTI_ERR14226195,rUTI,rUTI_ERR14226195:AC082,AC082,2,,-,non-mobilizable,-,-,-,1
rUTI_ERR14226195,rUTI,rUTI_ERR14226195:AA977,AA977,1,,Col156,mobilizable,MOBQ,-,-,0
rUTI_ERR14226195,rUTI,rUTI_ERR14226195:AB042,AB042,1,,rep_cluster_2335,mobilizable,-,-,MOBP,0
rUTI_ERR14226158,rUTI,rUTI_ERR14226158:AA337,AA337,9,,"IncFIB,rep_cluster_2131",conjugative,MOBF,MPF_F,MOBF,1
rUTI_ERR14226158,rUTI,rUTI_ERR14226158:novel_4bdf353095ec54c78962d9a76a235ab7,novel_4bdf353095ec54c78962d9a76a235ab7,3,,-,conjugative,MOBP,MPF_I,MOBP,0
rUTI_ERR14226158,rUTI,rUTI_ERR14226158:AA977,AA977,1,,rep_cluster_2131,mobilizable,MOBQ,-,-,0
rUTI_ERR14226158,rUTI,rUTI_ERR14226158:AB685,AB685,1,,Col(MG828),mobilizable,-,-,"MOBP,MOB_unknown",0
rUTI_ERR14226103,rUTI,rUTI_ERR14226103:AA734,AA734,6,,"IncFIA,IncFIB",conjugative,MOBF,MPF_F,MOBF,4
rUTI_ERR14226103,rUTI,rUTI_ERR14226103:AB595,AB595,2,,-,non-mobilizable,-,-,-,0
rUTI_ERR14226103,rUTI,rUTI_ERR14226103:AB044,AB044,1,,-,non-mobilizable,-,-,-,0
rUTI_ERR14226110,rUTI,rUTI_ERR14226110:AA474,AA474,8,,IncI1/B/O,conjugative,MOBP,MPF_I,MOBP,2
rUTI_ERR14226110,rUTI,rUTI_ERR14226110:AA324,AA324,4,,"IncFIA,IncFIA,IncFIB,IncFIA,IncFIC",conjugative,MOBF,MPF_F,MOBF,1
rUTI_ERR14226110,rUTI,rUTI_ERR14226110:AA735,AA735,8,,-,non-mobilizable,-,-,-,1
rUTI_ERR14226110,rUTI,rUTI_ERR14226110:AA352,AA352,2,,rep_cluster_2131,non-mobilizable,-,-,-,0
rUTI_ERR14226110,rUTI,rUTI_ERR14226110:AA976,AA976,1,,Col156,mobilizable,MOBQ,-,-,0
rUTI_ERR14226110,rUTI,rUTI_ERR14226110:AA142,AA142,1,,rep_cluster_2350,mobilizable,MOBP,-,MOBP,0
rUTI_ERR14226110,rUTI,rUTI_ERR14226110:AA147,AA147,1,,rep_cluster_2401,non-mobilizable,-,-,-,0
rUTI_ERR14226110,rUTI,rUTI_ERR14226110:AA579,AA579,1,,rep_cluster_1778,mobilizable,MOBQ,-,"MOBQ,MOBQ",0
rUTI_ERR14226110,rUTI,rUTI_ERR14226110:AB446,AB446,1,,rep_cluster_2350,non-mobilizable,-,-,-,0
rUTI_ERR14226110,rUTI,rUTI_ERR14226110:AB242,AB242,1,,Col(MP18),mobilizable,-,-,MOBP,0
rUTI_ERR14226110,rUTI,rUTI_ERR14226110:AB685,AB685,1,,Col(MG828),mobilizable,-,-,MOB_unknown,0
rUTI_ERR14226099,rUTI,rUTI_ERR14226099:AA336,AA336,1,,"IncFIA,IncFII",conjugative,MOBF,MPF_F,MOBP,1
rUTI_ERR14226099,rUTI,rUTI_ERR14226099:AA619,AA619,1,,IncX4,conjugative,MOBP,MPF_T,-,0
rUTI_ERR14226099,rUTI,rUTI_ERR14226099:AA162,AA162,1,,"ColRNAI_rep_cluster_1857,rep_cluster_2350,rep_cluster_2350",mobilizable,MOBP,-,"MOBF,MOBP,MOBP,MOB_unknown",0
rUTI_ERR14226099,rUTI,rUTI_ERR14226099:AA579,AA579,1,,rep_cluster_1778,mobilizable,"MOBQ,MOBQ",-,"MOBQ,MOBQ",0
rUTI_ERR14226099,rUTI,rUTI_ERR14226099:AF232,AF232,2,,-,non-mobilizable,-,-,-,0
rUTI_GCA_034642615,rUTI,rUTI_GCA_034642615.1.fna:AA171,AA171,1,,"IncFIA,IncFIB,IncFII,IncFII,rep_cluster_2131",conjugative,"MOBF,MOBF,MOBP",MPF_F,MOBF,8
UTI_GCA_029120125,UTI,UTI_GCA_029120125.1.fna:AA474,AA474,4,,IncI1/B/O,conjugative,MOBP,MPF_I,MOBP,3
UTI_GCA_029120125,UTI,UTI_GCA_029120125.1.fna:AD158,AD158,4,,rep_cluster_1760,conjugative,MOBF,MPF_T,-,0
UTI_GCA_029120125,UTI,UTI_GCA_029120125.1.fna:AA171,AA171,5,,"IncFIA,IncFII,IncFIB",conjugative,MOBF,MPF_F,-,0
UTI_GCA_029120125,UTI,UTI_GCA_029120125.1.fna:AB158,AB158,3,,-,non-mobilizable,-,-,-,0
UTI_GCA_029120125,UTI,UTI_GCA_029120125.1.fna:AA172,AA172,2,,IncFIA,non-mobilizable,-,-,-,1
UTI_GCA_029120125,UTI,UTI_GCA_029120125.1.fna:AA977,AA977,1,,Col156,mobilizable,MOBQ,-,-,0
rUTI_GCA_034644215,rUTI,rUTI_GCA_034644215.1.fna:AA282,AA282,1,,IncK2/Z,conjugative,MOBP,MPF_I,MOBP,1
rUTI_GCA_034644215,rUTI,rUTI_GCA_034644215.1.fna:AA352,AA352,1,,"IncFIB,IncFII,IncQ1",non-mobilizable,-,-,-,2
UTI_GCA_029080245,UTI,UTI_GCA_029080245.1.fna:AA977,AA977,1,,Col156,mobilizable,MOBQ,-,-,0
UTI_GCA_029080245,UTI,UTI_GCA_029080245.1.fna:AA579,AA579,1,,rep_cluster_1778,mobilizable,MOBQ,-,"MOBQ,MOBQ",0
rUTI_ERR14226107,rUTI,rUTI_ERR14226107:AA337,AA337,10,,"IncFIA,IncFIC,IncFIB,rep_cluster_2131",conjugative,MOBF,MPF_F,MOBF,5
rUTI_ERR14226107,rUTI,rUTI_ERR14226107:AA579,AA579,1,,rep_cluster_1778,mobilizable,MOBQ,-,"MOBQ,MOBQ",0
rUTI_ERR14226107,rUTI,rUTI_ERR14226107:AB685,AB685,1,,Col(MG828),mobilizable,-,-,"MOBP,MOB_unknown",0
UTI_GCA_000780695,UTI,UTI_GCA_000780695.1.fna:AA282,AA282,2,,IncK2/Z,conjugative,MOBP,MPF_I,MOBP,0
UTI_GCA_000780695,UTI,UTI_GCA_000780695.1.fna:AA176,AA176,8,,"IncFIB,IncFIC,rep_cluster_2244",conjugative,MOBF,MPF_F,MOBF,3
UTI_GCA_000780695,UTI,UTI_GCA_000780695.1.fna:AA147,AA147,1,,rep_cluster_2401,mobilizable,MOBP,-,MOBP,0
UTI_GCA_000780695,UTI,UTI_GCA_000780695.1.fna:AA977,AA977,1,,rep_cluster_2131,mobilizable,MOBQ,-,-,0
rUTI_ERR14226169,rUTI,rUTI_ERR14226169:AA171,AA171,8,,"IncFIA,IncFII,IncFIB,IncFII,rep_cluster_2131",conjugative,MOBF,MPF_F,MOBF,2
UTI_GCA_000779425,UTI,UTI_GCA_000779425.1.fna:AB230,AB230,2,,IncX1,conjugative,MOBP,MPF_T,MOBP,1
UTI_GCA_000779425,UTI,UTI_GCA_000779425.1.fna:AG640,AG640,1,,rep_cluster_1778,mobilizable,MOBQ,-,-,0
UTI_GCA_029120885,UTI,UTI_GCA_029120885.1.fna:AA171,AA171,7,,"IncFIA,IncFIA,IncFIB",conjugative,MOBF,MPF_F,MOBF,4
UTI_GCA_029120885,UTI,UTI_GCA_029120885.1.fna:AB446,AB446,1,,rep_cluster_2350,mobilizable,"MOBP,MOBP",-,MOBP,0
UTI_GCA_029120885,UTI,UTI_GCA_029120885.1.fna:AA977,AA977,1,,Col156,mobilizable,MOBQ,-,-,0
UTI_GCA_029120885,UTI,UTI_GCA_029120885.1.fna:AC748,AC748,1,,Col(BS512),non-mobilizable,-,-,-,0
rUTI_ERR14226198,rUTI,rUTI_ERR14226198:AA179,AA179,2,,"IncFIC,rep_cluster_2244",conjugative,MOBF,MPF_F,-,1
rUTI_ERR14226198,rUTI,rUTI_ERR14226198:AB233,AB233,1,,IncX1,conjugative,MOBP,MPF_T,-,0
rUTI_ERR14226198,rUTI,rUTI_ERR14226198:AA552,AA552,2,,IncN,conjugative,MOBF,MPF_T,MOBF,0
rUTI_ERR14226198,rUTI,rUTI_ERR14226198:AA176,AA176,3,,IncFIB,mobilizable,MOBP,-,-,1
rUTI_ERR14226198,rUTI,rUTI_ERR14226198:AC509,AC509,1,,rep_cluster_2350,mobilizable,"MOBP,MOBP",-,MOBP,0
rUTI_ERR14226198,rUTI,rUTI_ERR14226198:AF232,AF232,2,,-,non-mobilizable,-,-,-,0
rUTI_ERR14226198,rUTI,rUTI_ERR14226198:AB685,AB685,1,,Col(MG828),mobilizable,-,-,MOB_unknown,0
UTI_GCA_000776715,UTI,UTI_GCA_000776715.1.fna:AA337,AA337,4,,"IncFIA,IncFIB,rep_cluster_2131",conjugative,MOBF,MPF_F,MOBF,3
UTI_GCA_000776715,UTI,UTI_GCA_000776715.1.fna:AE638,AE638,4,,-,non-mobilizable,-,-,-,2
rUTI_ERR14226127,rUTI,rUTI_ERR14226127:AA474,AA474,9,,"IncI-gamma/K1,IncQ1",conjugative,MOBP,MPF_I,MOBP,1
rUTI_ERR14226127,rUTI,rUTI_ERR14226127:AC510,AC510,1,,rep_cluster_2350,mobilizable,"MOBP,MOBP",-,MOBP,0
rUTI_GCA_030707935,rUTI,rUTI_GCA_030707935.1.fna:AA747,AA747,1,,rep_cluster_488,non-mobilizable,-,-,-,1
rUTI_GCA_030707935,rUTI,rUTI_GCA_030707935.1.fna:AA735,AA735,1,,"IncFIA,IncFIC,IncFII",mobilizable,"MOBF,MOBF",-,-,1
rUTI_GCA_030707935,rUTI,rUTI_GCA_030707935.1.fna:AA579,AA579,2,,"rep_cluster_1778,rep_cluster_1778",mobilizable,MOBQ,-,"MOBQ,MOBQ,MOBQ,MOBQ",0
rUTI_GCA_030707935,rUTI,rUTI_GCA_030707935.1.fna:AA163,AA163,1,,-,mobilizable,MOBP,-,MOBP,0
rUTI_GCA_030707935,rUTI,rUTI_GCA_030707935.1.fna:AB688,AB688,1,,Col(MG828),non-mobilizable,-,-,-,0
rUTI_ERR14226171,rUTI,rUTI_ERR14226171:AA337,AA337,8,,"IncFIA,IncFIC,IncFIB,rep_cluster_2131",conjugative,MOBF,MPF_F,MOBF,2
rUTI_ERR14226171,rUTI,rUTI_ERR14226171:AB230,AB230,6,,IncX1,conjugative,MOBP,MPF_T,-,0
UTI_GCA_000781355,UTI,UTI_GCA_000781355.1.fna:AA336,AA336,1,,IncFIA,conjugative,MOBF,MPF_F,MOBF,1
UTI_GCA_029119965,UTI,UTI_GCA_029119965.1.fna:AA474,AA474,4,,IncI1/B/O,conjugative,MOBP,MPF_I,MOBP,3
UTI_GCA_029119965,UTI,UTI_GCA_029119965.1.fna:AD158,AD158,4,,rep_cluster_1760,conjugative,MOBF,MPF_T,-,0
UTI_GCA_029119965,UTI,UTI_GCA_029119965.1.fna:AA171,AA171,5,,"IncFIA,IncFIB",conjugative,MOBF,MPF_F,-,0
UTI_GCA_029119965,UTI,UTI_GCA_029119965.1.fna:AB158,AB158,3,,-,non-mobilizable,-,-,-,0
UTI_GCA_029119965,UTI,UTI_GCA_029119965.1.fna:AA172,AA172,2,,IncFIA,non-mobilizable,-,-,-,1
UTI_GCA_029119965,UTI,UTI_GCA_029119965.1.fna:AA977,AA977,1,,Col156,mobilizable,MOBQ,-,-,0
UTI_GCA_000781215,UTI,UTI_GCA_000781215.1.fna:AA474,AA474,5,,IncI-gamma/K1,conjugative,MOBP,MPF_I,MOBP,0
UTI_GCA_000781215,UTI,UTI_GCA_000781215.1.fna:AA315,AA315,2,,"IncFIA,IncFIC",conjugative,MOBF,MPF_F,MOBF,0
rUTI_ERR14226175,rUTI,rUTI_ERR14226175:AA352,AA352,3,,"IncFIB,rep_cluster_2131,IncFII,IncQ1",mobilizable,MOBP,-,-,2
rUTI_ERR14226175,rUTI,rUTI_ERR14226175:AA159,AA159,1,,rep_cluster_2350,mobilizable,"MOBP,MOBP",-,MOBP,0
rUTI_ERR14226175,rUTI,rUTI_ERR14226175:AA971,AA971,1,,rep_cluster_2141,mobilizable,MOBQ,-,-,0
rUTI_ERR14226175,rUTI,rUTI_ERR14226175:AA977,AA977,1,,rep_cluster_2131,mobilizable,MOBQ,-,-,0
rUTI_ERR14226175,rUTI,rUTI_ERR14226175:novel_6057af35811c5c93e9f8599fe864747f,novel_6057af35811c5c93e9f8599fe864747f,1,,ColRNAI_rep_cluster_1987,mobilizable,-,-,MOB_unknown,0
rUTI_ERR14226175,rUTI,rUTI_ERR14226175:AC748,AC748,1,,Col(BS512),non-mobilizable,-,-,-,0
rUTI_ERR14226121,rUTI,rUTI_ERR14226121:AA179,AA179,5,,"IncFIB,IncFIC,rep_cluster_2244",conjugative,MOBF,MPF_F,MOBF,0
rUTI_ERR14226121,rUTI,rUTI_ERR14226121:AA887,AA887,4,,-,non-mobilizable,-,-,-,1
rUTI_ERR14226121,rUTI,rUTI_ERR14226121:AA163,AA163,1,,-,mobilizable,MOBP,-,MOBP,0
rUTI_ERR14226121,rUTI,rUTI_ERR14226121:AB957,AB957,6,,-,non-mobilizable,-,-,-,1
rUTI_ERR14226121,rUTI,rUTI_ERR14226121:AB685,AB685,1,,Col(MG828),mobilizable,-,-,"MOBP,MOB_unknown",0
